order_id,customer_id,order_date,amount,category,channel,status
5153,2698,2024-11-09,472.13,Sports,Google Search,Completed
5154,4151,2022-10-21,243.56,Beauty,Email,Completed
5156,4479,2023-07-21,186.72,Apparel,SMS,Completed
5159,1554,2023-02-15,1109.18,Home & Kitchen,Google Search,Completed
5160,2468,2022-12-27,309.73,Home & Kitchen,Organic,Completed
5161,4227,2022-05-16,205.76,Home & Kitchen,SMS,Completed
5162,2652,2023-08-07,141.83,Home & Kitchen,Paid Social,Completed
5163,4308,2024-04-12,185.37,Apparel,Organic,Completed
5164,3864,2024-08-01,848.24,Home & Kitchen,Google Search,Completed
5166,2707,2023-06-19,175.1,Electronics,Email,Completed
5168,1462,2022-12-14,441.9,Electronics,Organic,Completed
5169,5298,2022-07-24,389.0,Apparel,Email,Completed
5170,2206,2022-01-18,721.54,Sports,SMS,Completed
5171,5567,2024-01-25,447.49,Beauty,SMS,Completed
5172,4604,2024-09-23,220.46,Beauty,SMS,Completed
5174,2943,2023-02-04,699.67,Beauty,Organic,Completed
5175,2211,2023-01-03,272.18,Sports,Organic,Completed
5178,4437,2023-12-22,308.7,Beauty,Email,Completed
5179,5245,2024-05-31,265.84,Beauty,Google Search,Completed
5180,5926,2023-01-05,231.63,Electronics,Email,Completed
5182,5478,2024-04-28,116.8,Apparel,Google Search,Completed
5184,2345,2024-10-23,447.88,Home & Kitchen,Google Search,Completed
5186,5826,2022-10-23,431.22,Apparel,SMS,Completed
5187,2045,2023-07-01,541.46,Home & Kitchen,SMS,Completed
5189,4595,2024-08-10,154.59,Home & Kitchen,SMS,Completed
5191,3316,2022-04-16,574.89,Apparel,Organic,Completed
5192,3063,2023-10-16,386.52,Sports,Google Search,Completed
5194,4041,2024-07-27,86.62,Electronics,Google Search,Completed
5195,2331,2024-03-22,57.35,Home & Kitchen,Paid Social,Completed
5196,3920,2023-11-22,192.68,Beauty,Paid Social,Completed
5198,4089,2023-01-19,75.47,Apparel,SMS,Completed
5199,3332,2022-12-05,261.14,Apparel,Google Search,Completed
5200,4667,2024-11-26,72.74,Apparel,Email,Completed
5202,4019,2023-09-11,141.38,Apparel,Email,Completed
5203,2246,2024-01-17,1040.11,Sports,Paid Social,Completed
5204,5591,2024-07-23,128.83,Home & Kitchen,Paid Social,Completed
5205,3562,2024-04-17,79.66,Electronics,SMS,Completed
5206,1456,2022-05-23,158.26,Home & Kitchen,Organic,Completed
5208,4532,2024-08-11,200.43,Home & Kitchen,SMS,Completed
5209,1242,2022-10-06,143.38,Sports,Organic,Completed
5211,4577,2022-12-30,337.02,Sports,Google Search,Completed
5212,4710,2024-07-29,238.59,Home & Kitchen,Email,Completed
5214,2681,2023-06-16,387.99,Beauty,Google Search,Completed
5215,4927,2023-04-07,1434.96,Sports,Email,Completed
5216,4919,2024-04-11,340.4,Apparel,Google Search,Completed
5219,5868,2023-11-11,260.88,Electronics,SMS,Completed
5221,2368,2024-03-22,36.1,Apparel,Organic,Completed
5222,2090,2023-05-07,136.46,Sports,Google Search,Completed
5223,2685,2022-01-18,173.02,Beauty,SMS,Completed
5225,5232,2024-06-14,205.32,Electronics,SMS,Completed
5228,2269,2023-09-20,88.38,Home & Kitchen,Email,Completed
5229,3512,2023-02-03,123.17,Home & Kitchen,Organic,Completed
5230,2680,2022-05-12,146.97,Apparel,Email,Completed
5231,4434,2024-04-19,513.55,Apparel,Paid Social,Completed
5233,4805,2023-05-14,251.19,Apparel,Google Search,Completed
5234,5783,2022-02-17,145.06,Apparel,SMS,Completed
5235,3376,2024-08-25,27.82,Home & Kitchen,SMS,Completed
5237,3140,2022-02-06,251.99,Sports,SMS,Completed
5239,2726,2024-10-19,589.51,Home & Kitchen,Email,Completed
5240,3218,2024-11-14,357.66,Beauty,Email,Completed
5241,2908,2022-05-21,140.88,Sports,SMS,Completed
5242,2856,2023-01-13,418.68,Sports,SMS,Completed
5244,2933,2022-03-04,304.15,Home & Kitchen,Paid Social,Completed
5245,5253,2024-11-18,536.5,Sports,Paid Social,Completed
5246,2894,2022-10-12,386.04,Electronics,SMS,Completed
5247,4130,2022-01-09,152.34,Beauty,Google Search,Completed
5248,2963,2023-09-03,463.21,Electronics,Email,Completed
5250,1368,2022-04-02,96.86,Apparel,Email,Completed
5252,1884,2024-04-09,56.83,Electronics,Google Search,Completed
5253,5691,2022-07-12,564.94,Electronics,Google Search,Completed
5260,4535,2022-06-14,99.39,Beauty,Organic,Completed
5261,3489,2022-04-12,361.21,Apparel,Organic,Completed
5262,2709,2024-12-25,227.47,Beauty,Google Search,Completed
5263,5784,2023-10-12,164.71,Home & Kitchen,SMS,Completed
5264,1957,2024-08-29,261.17,Beauty,Organic,Completed
5265,3154,2022-08-25,495.56,Apparel,SMS,Completed
5266,2161,2022-08-10,177.88,Beauty,Paid Social,Completed
5267,4379,2024-09-07,1471.55,Electronics,Organic,Completed
5268,1121,2022-04-21,427.2,Sports,Organic,Completed
5269,5501,2024-12-26,311.85,Apparel,Organic,Completed
5270,1291,2024-04-12,259.78,Home & Kitchen,SMS,Completed
5272,3768,2024-02-17,316.4,Apparel,SMS,Completed
5273,5459,2022-11-16,222.3,Home & Kitchen,Email,Completed
5278,2361,2024-07-02,207.62,Sports,Google Search,Completed
5281,2747,2022-08-23,390.97,Sports,Paid Social,Completed
5282,3513,2023-07-31,407.7,Home & Kitchen,Paid Social,Completed
5283,5332,2024-04-16,160.25,Sports,Google Search,Completed
5284,3538,2023-08-07,255.68,Apparel,SMS,Completed
5285,4018,2023-08-01,265.11,Beauty,Google Search,Completed
5286,2555,2022-08-27,317.4,Apparel,SMS,Completed
5287,2089,2024-09-09,562.88,Apparel,Google Search,Completed
5290,5836,2024-09-25,520.36,Electronics,Google Search,Completed
5291,4696,2022-11-10,115.07,Beauty,Paid Social,Completed
5293,2906,2024-06-28,312.76,Electronics,Google Search,Completed
5294,5416,2024-03-21,148.09,Home & Kitchen,SMS,Completed
5295,4748,2022-06-20,833.35,Apparel,Paid Social,Completed
5297,5649,2024-08-02,537.17,Sports,Google Search,Completed
5298,5985,2024-08-04,251.87,Apparel,Organic,Completed
5299,4983,2024-10-06,66.04,Beauty,Paid Social,Completed
5300,5282,2022-11-03,221.87,Beauty,SMS,Completed
5301,1213,2022-12-03,420.12,Home & Kitchen,Paid Social,Completed
5303,6000,2023-06-01,116.46,Beauty,SMS,Completed
5304,4750,2022-01-02,396.58,Beauty,Organic,Completed
5305,4996,2022-05-09,197.79,Apparel,Paid Social,Completed
5308,1942,2022-04-22,787.11,Home & Kitchen,Google Search,Completed
5309,5995,2024-01-06,863.47,Home & Kitchen,Google Search,Completed
5310,5722,2024-05-24,173.23,Apparel,Email,Completed
5311,3039,2023-05-26,138.74,Home & Kitchen,Organic,Completed
5312,1981,2024-01-01,1664.23,Home & Kitchen,Email,Completed
5314,2628,2024-04-09,127.52,Electronics,Email,Completed
5316,2946,2024-09-19,250.67,Home & Kitchen,SMS,Completed
5318,5891,2022-02-07,1552.21,Apparel,Email,Completed
5320,1228,2023-04-19,430.28,Electronics,Organic,Completed
5321,5905,2024-12-28,171.25,Electronics,Paid Social,Completed
5322,3130,2022-06-30,89.42,Sports,Email,Completed
5324,4708,2024-02-25,55.03,Electronics,Google Search,Completed
5325,4554,2024-03-08,1869.9,Sports,Paid Social,Completed
5326,5589,2022-11-16,564.67,Apparel,Organic,Completed
5329,1854,2024-09-26,265.95,Home & Kitchen,SMS,Completed
5333,2260,2023-10-22,253.56,Home & Kitchen,Email,Completed
5336,1940,2022-07-28,65.69,Electronics,SMS,Completed
5337,3745,2023-11-17,129.07,Sports,Organic,Completed
5338,4827,2023-09-26,94.12,Sports,SMS,Completed
5339,4792,2022-05-24,149.73,Home & Kitchen,Organic,Completed
5341,4544,2023-08-29,148.83,Sports,Paid Social,Completed
5342,1142,2023-05-24,143.09,Home & Kitchen,SMS,Completed
5344,1049,2023-10-04,410.67,Apparel,Paid Social,Completed
5346,3979,2022-11-08,1087.21,Home & Kitchen,Google Search,Completed
5348,1995,2022-07-26,210.0,Home & Kitchen,Google Search,Completed
5350,2906,2024-07-17,94.17,Apparel,Organic,Completed
5351,4453,2022-06-14,196.37,Beauty,Email,Completed
5352,1044,2024-06-01,134.82,Beauty,Organic,Completed
5353,1884,2023-01-07,124.95,Beauty,Google Search,Completed
5354,5054,2022-04-11,111.97,Apparel,Organic,Completed
5355,5708,2024-12-21,481.84,Sports,Paid Social,Completed
5358,3479,2024-08-12,101.14,Beauty,Organic,Completed
5359,2400,2023-08-23,835.81,Electronics,Email,Completed
5361,4602,2024-06-11,87.42,Home & Kitchen,Paid Social,Completed
5362,3201,2022-04-29,287.7,Electronics,Paid Social,Completed
5363,5185,2024-12-01,237.65,Home & Kitchen,Organic,Completed
5365,3246,2023-10-10,113.4,Sports,Google Search,Completed
5367,1113,2022-03-28,236.61,Beauty,Google Search,Completed
5370,4796,2023-05-15,460.51,Electronics,Paid Social,Completed
5373,2039,2022-08-07,796.63,Apparel,SMS,Completed
5374,3135,2022-08-07,216.14,Sports,Email,Completed
5375,4560,2023-04-16,271.38,Home & Kitchen,Paid Social,Completed
5376,1344,2024-03-10,326.67,Apparel,Organic,Completed
5378,5265,2022-06-11,440.93,Electronics,Organic,Completed
5380,5385,2023-09-29,74.68,Home & Kitchen,SMS,Completed
5382,3615,2022-04-09,318.08,Apparel,SMS,Completed
5383,4291,2023-07-28,122.01,Apparel,Google Search,Completed
5384,4282,2022-09-17,356.17,Apparel,Google Search,Completed
5386,5888,2023-03-05,227.97,Sports,Paid Social,Completed
5387,2887,2023-05-12,136.81,Sports,SMS,Completed
5388,1999,2022-08-18,361.68,Beauty,Organic,Completed
5390,4141,2024-02-21,375.72,Beauty,Email,Completed
5391,4552,2024-04-15,573.97,Home & Kitchen,Email,Completed
5394,5176,2023-12-22,526.08,Home & Kitchen,Google Search,Completed
5396,4397,2024-10-29,55.21,Electronics,Email,Completed
5399,4017,2024-01-04,389.73,Apparel,Email,Completed
5400,1875,2023-09-09,81.21,Apparel,Paid Social,Completed
5401,4762,2024-04-21,90.97,Apparel,Email,Completed
5404,1910,2022-04-17,691.29,Sports,Paid Social,Completed
5405,3070,2022-03-09,349.08,Apparel,Google Search,Completed
5406,2346,2024-04-09,460.51,Home & Kitchen,Email,Completed
5407,1580,2022-01-10,190.78,Home & Kitchen,Google Search,Completed
5408,3016,2022-06-12,373.65,Apparel,Organic,Completed
5409,4909,2023-08-11,237.71,Electronics,Google Search,Completed
5410,5451,2023-08-07,301.84,Beauty,Paid Social,Completed
5411,3172,2023-03-25,294.43,Apparel,SMS,Completed
5412,2319,2023-10-19,420.33,Electronics,Paid Social,Completed
5413,2921,2022-08-17,118.23,Sports,Paid Social,Completed
5414,1028,2024-06-11,91.43,Electronics,SMS,Completed
5415,2238,2022-09-17,772.92,Beauty,Paid Social,Completed
5416,3381,2023-04-01,576.28,Home & Kitchen,Google Search,Completed
5418,4271,2023-06-21,259.26,Beauty,SMS,Completed
5419,1028,2023-07-03,109.64,Electronics,Paid Social,Completed
5420,1768,2024-09-02,353.93,Beauty,Email,Completed
5421,4151,2022-11-16,117.94,Beauty,Paid Social,Completed
5422,4693,2023-04-05,559.96,Home & Kitchen,Organic,Completed
5423,2220,2022-02-04,89.51,Home & Kitchen,Google Search,Completed
5424,3544,2023-11-08,244.77,Electronics,Organic,Completed
5426,1448,2024-11-01,341.65,Electronics,SMS,Completed
5427,3690,2024-06-19,527.84,Home & Kitchen,SMS,Completed
5432,1293,2022-02-28,54.93,Electronics,SMS,Completed
5433,5464,2024-11-20,569.0,Apparel,Organic,Completed
5434,4439,2024-09-01,109.96,Electronics,Email,Completed
5435,4783,2022-09-29,315.25,Sports,Organic,Completed
5437,1999,2024-01-05,1433.43,Home & Kitchen,Email,Completed
5438,3504,2023-09-16,453.88,Beauty,SMS,Completed
5439,1349,2023-09-12,383.03,Home & Kitchen,SMS,Completed
5446,1987,2024-07-08,659.44,Sports,Google Search,Completed
5450,3023,2022-07-09,317.51,Sports,SMS,Completed
5451,2031,2024-06-27,4358.35,Sports,SMS,Completed
5453,5608,2022-09-15,155.34,Home & Kitchen,Organic,Completed
5458,4837,2024-11-17,214.77,Home & Kitchen,Email,Completed
5460,3387,2022-06-21,109.91,Apparel,Google Search,Completed
5461,2100,2022-07-16,112.93,Beauty,Organic,Completed
5462,5253,2024-02-29,27.07,Beauty,SMS,Completed
5463,5444,2022-07-23,103.32,Sports,Paid Social,Completed
5464,1162,2024-12-13,335.24,Apparel,SMS,Completed
5465,4966,2022-03-08,115.01,Electronics,Google Search,Completed
5469,4144,2022-03-23,149.81,Beauty,Paid Social,Completed
5470,3542,2022-07-27,144.78,Beauty,Google Search,Completed
5471,1435,2022-06-30,696.66,Home & Kitchen,SMS,Completed
5473,4912,2022-02-11,380.64,Apparel,Google Search,Completed
5474,2181,2022-05-01,460.27,Beauty,Email,Completed
5475,4246,2024-05-23,189.35,Apparel,Google Search,Completed
5476,3638,2023-10-02,78.89,Apparel,Paid Social,Completed
5477,5469,2024-07-03,258.61,Beauty,Paid Social,Completed
5480,1674,2022-07-10,490.62,Beauty,SMS,Completed
5481,1991,2023-09-02,244.69,Apparel,Email,Completed
5482,2741,2023-07-19,104.06,Apparel,Organic,Completed
5484,4351,2023-10-26,275.19,Home & Kitchen,Organic,Completed
5485,2092,2022-02-24,219.59,Apparel,Email,Completed
5486,1379,2022-12-07,201.83,Apparel,Email,Completed
5487,2342,2024-11-03,150.47,Beauty,SMS,Completed
5493,4876,2022-08-07,53.18,Apparel,Organic,Completed
5494,5890,2024-12-16,129.65,Home & Kitchen,Paid Social,Completed
5495,2742,2024-09-16,635.42,Sports,SMS,Completed
5496,3085,2023-08-10,428.48,Apparel,Google Search,Completed
5497,5581,2022-02-24,215.18,Beauty,SMS,Completed
5499,2451,2024-10-05,100.16,Beauty,Google Search,Completed
5503,1507,2022-01-08,159.04,Beauty,Paid Social,Completed
5504,5806,2022-01-19,272.97,Electronics,Google Search,Completed
5505,3796,2023-08-21,255.09,Apparel,SMS,Completed
5509,3684,2024-05-16,308.81,Electronics,Google Search,Completed
5510,3454,2023-01-23,183.39,Beauty,Paid Social,Completed
5512,4007,2024-08-29,243.97,Sports,Paid Social,Completed
5513,3465,2023-03-21,167.61,Apparel,Organic,Completed
5514,5072,2023-04-21,132.29,Sports,Organic,Completed
5516,4021,2022-03-29,483.45,Sports,Email,Completed
5520,2226,2023-09-05,468.57,Beauty,Paid Social,Completed
5521,4432,2024-08-29,949.97,Sports,Email,Completed
5522,5045,2022-05-27,72.45,Apparel,Email,Completed
5523,4393,2024-06-08,117.43,Apparel,Organic,Completed
5524,5110,2024-11-12,122.87,Beauty,Email,Completed
5527,3753,2022-05-11,417.05,Beauty,Email,Completed
5528,1763,2022-02-25,733.01,Electronics,Organic,Completed
5529,5714,2022-12-08,333.68,Beauty,Google Search,Completed
5533,3829,2024-09-01,417.31,Apparel,Google Search,Completed
5535,1650,2024-01-01,225.48,Beauty,Organic,Completed
5536,5494,2022-06-26,196.64,Sports,Organic,Completed
5538,5166,2023-05-22,358.81,Beauty,Organic,Completed
5540,3697,2022-05-17,376.47,Electronics,Paid Social,Completed
5541,3317,2024-07-13,231.83,Apparel,Organic,Completed
5543,1632,2023-07-21,141.39,Sports,Paid Social,Completed
5544,4362,2024-03-18,267.27,Electronics,Google Search,Completed
5545,3007,2024-07-07,238.01,Home & Kitchen,Organic,Completed
5546,1508,2023-09-10,207.75,Electronics,Google Search,Completed
5549,2138,2024-08-13,1910.93,Sports,SMS,Completed
5552,2826,2023-02-17,405.7,Sports,Paid Social,Completed
5553,4054,2022-09-29,527.81,Electronics,SMS,Completed
5554,4480,2024-08-19,521.05,Sports,Organic,Completed
5555,2763,2023-12-04,198.26,Sports,SMS,Completed
5557,1866,2024-05-28,130.57,Sports,Paid Social,Completed
5558,5619,2022-12-26,431.94,Sports,Email,Completed
5559,1289,2022-05-20,63.03,Apparel,Paid Social,Completed
5560,3999,2022-12-24,334.97,Beauty,Organic,Completed
5561,3166,2024-10-13,188.1,Electronics,Google Search,Completed
5562,3940,2023-12-18,66.16,Apparel,Organic,Completed
5563,3700,2022-07-04,305.98,Apparel,SMS,Completed
5566,3401,2024-02-09,162.05,Beauty,Organic,Completed
5568,5099,2022-03-27,216.58,Home & Kitchen,Organic,Completed
5569,5376,2022-12-08,122.07,Sports,Email,Completed
5570,3697,2023-07-15,55.12,Beauty,Google Search,Completed
5572,4107,2023-03-14,150.56,Sports,Paid Social,Completed
5573,2248,2022-12-27,218.71,Home & Kitchen,Organic,Completed
5574,5156,2022-04-05,41.81,Sports,SMS,Completed
5577,1863,2024-01-20,47.83,Sports,Organic,Completed
5580,1809,2023-05-30,440.31,Electronics,Email,Completed
5581,2747,2023-05-05,166.81,Beauty,SMS,Completed
5582,2497,2022-07-10,355.52,Sports,Google Search,Completed
5584,4870,2023-05-10,187.16,Electronics,SMS,Completed
5585,4988,2022-11-21,362.14,Home & Kitchen,Email,Completed
5586,5655,2023-12-31,199.48,Beauty,Google Search,Completed
5588,2069,2024-10-11,114.54,Apparel,Email,Completed
5592,3539,2023-02-21,642.6,Beauty,Organic,Completed
5593,1244,2023-10-21,527.92,Electronics,Organic,Completed
5595,4247,2022-09-06,214.86,Electronics,Google Search,Completed
5597,1199,2022-03-14,702.29,Electronics,Google Search,Completed
5599,2509,2022-01-01,163.11,Beauty,Google Search,Completed
5601,1860,2022-12-03,236.69,Sports,SMS,Completed
5602,5610,2022-02-17,230.99,Home & Kitchen,SMS,Completed
5606,1592,2022-06-22,113.38,Sports,Google Search,Completed
5607,1808,2024-08-25,68.88,Electronics,SMS,Completed
5609,3147,2023-03-24,114.04,Apparel,Organic,Completed
5610,4437,2023-12-12,193.41,Electronics,Email,Completed
5611,3439,2023-06-20,490.46,Apparel,Paid Social,Completed
5612,1362,2023-06-21,141.77,Electronics,Google Search,Completed
5613,1715,2023-01-31,477.44,Beauty,Organic,Completed
5614,2165,2024-08-30,514.53,Beauty,Organic,Completed
5615,3044,2023-06-16,226.37,Apparel,Google Search,Completed
5616,2074,2023-09-07,363.41,Sports,SMS,Completed
5618,1366,2023-12-19,183.82,Electronics,Google Search,Completed
5619,3902,2022-09-02,206.58,Beauty,Google Search,Completed
5621,2422,2023-09-24,352.86,Beauty,Organic,Completed
5622,3496,2023-09-14,233.79,Beauty,Email,Completed
5623,5322,2022-07-27,446.86,Sports,Google Search,Completed
5624,1823,2024-12-23,211.5,Sports,Organic,Completed
5627,5533,2024-08-28,147.87,Beauty,Google Search,Completed
5628,4375,2023-05-28,732.17,Beauty,SMS,Completed
5629,5483,2024-08-16,518.11,Apparel,Organic,Completed
5631,3928,2023-07-02,417.8,Apparel,SMS,Completed
5632,2899,2023-09-05,189.58,Electronics,Google Search,Completed
5634,5567,2023-05-19,583.16,Home & Kitchen,Email,Completed
5635,5112,2023-12-23,379.43,Beauty,Paid Social,Completed
5636,1971,2022-06-17,628.91,Apparel,Paid Social,Completed
5637,4897,2024-11-29,385.63,Beauty,Paid Social,Completed
5639,4264,2022-11-24,45.48,Sports,SMS,Completed
5640,2580,2022-07-25,97.02,Electronics,Google Search,Completed
5641,1161,2022-06-20,151.37,Electronics,Paid Social,Completed
5643,4686,2022-10-20,88.25,Apparel,Organic,Completed
5644,4802,2022-07-05,80.67,Home & Kitchen,Google Search,Completed
5646,2046,2022-05-27,188.12,Sports,Google Search,Completed
5647,4851,2024-04-04,259.96,Sports,Organic,Completed
5649,3303,2023-09-12,160.06,Sports,SMS,Completed
5651,5794,2022-07-24,483.89,Electronics,Organic,Completed
5652,5084,2022-09-19,115.43,Apparel,Email,Completed
5653,1941,2024-09-29,605.23,Sports,SMS,Completed
5655,4008,2023-11-13,170.06,Apparel,Paid Social,Completed
5656,2787,2023-10-28,134.91,Home & Kitchen,Email,Completed
5657,2319,2024-09-28,837.41,Beauty,SMS,Completed
5658,3696,2024-01-11,262.76,Electronics,Email,Completed
5659,4018,2024-11-14,207.05,Home & Kitchen,Organic,Completed
5662,3242,2022-02-13,462.42,Beauty,Google Search,Completed
5663,4386,2023-09-23,140.25,Home & Kitchen,Organic,Completed
5664,1506,2024-04-30,246.17,Beauty,Paid Social,Completed
5665,5583,2022-06-12,330.52,Apparel,SMS,Completed
5668,1613,2024-09-05,813.11,Electronics,Google Search,Completed
5670,1674,2024-03-10,207.89,Home & Kitchen,Google Search,Completed
5674,4150,2023-03-18,1101.89,Home & Kitchen,Email,Completed
5676,5644,2024-07-07,273.62,Sports,SMS,Completed
5678,3190,2022-02-12,159.46,Sports,Google Search,Completed
5679,1241,2022-07-01,128.86,Beauty,Paid Social,Completed
5680,4832,2022-12-16,228.36,Electronics,Email,Completed
5682,3850,2023-12-15,183.24,Beauty,Google Search,Completed
5684,4738,2022-03-10,119.62,Sports,Paid Social,Completed
5688,1549,2024-05-16,214.94,Apparel,Organic,Completed
5690,1877,2024-11-30,132.87,Home & Kitchen,Email,Completed
5692,4500,2023-04-07,206.25,Beauty,Paid Social,Completed
5695,4775,2024-04-11,257.87,Beauty,SMS,Completed
5696,5748,2022-05-14,218.19,Electronics,Paid Social,Completed
5698,4808,2024-09-15,330.44,Home & Kitchen,Paid Social,Completed
5699,4502,2022-12-03,2007.12,Home & Kitchen,Paid Social,Completed
5700,1520,2023-01-21,171.59,Sports,Paid Social,Completed
5701,4128,2024-09-30,258.46,Home & Kitchen,Google Search,Completed
5702,3844,2022-12-11,96.79,Apparel,Paid Social,Completed
5703,5724,2022-03-22,164.15,Home & Kitchen,SMS,Completed
5706,2045,2024-06-11,520.03,Electronics,SMS,Completed
5712,2296,2022-05-27,450.77,Home & Kitchen,Email,Completed
5713,5116,2022-07-02,111.74,Apparel,Paid Social,Completed
5714,2581,2024-11-29,137.04,Beauty,Email,Completed
5716,5321,2024-04-28,688.45,Sports,Email,Completed
5717,5603,2023-05-01,198.48,Sports,SMS,Completed
5718,5348,2022-10-09,78.01,Beauty,Organic,Completed
5720,1605,2022-09-04,37.35,Apparel,SMS,Completed
5721,2861,2024-10-05,361.68,Apparel,Organic,Completed
5723,3132,2024-02-04,182.5,Apparel,Paid Social,Completed
5726,3635,2024-05-31,169.75,Beauty,Email,Completed
5728,2429,2023-05-16,222.5,Sports,Google Search,Completed
5731,5133,2022-06-21,249.67,Home & Kitchen,SMS,Completed
5732,5662,2024-10-20,576.69,Beauty,Organic,Completed
5733,2302,2024-02-22,774.43,Sports,Organic,Completed
5734,3568,2024-10-25,355.71,Home & Kitchen,SMS,Completed
5735,2035,2022-06-12,307.06,Apparel,Paid Social,Completed
5736,1838,2023-06-22,71.85,Beauty,Email,Completed
5737,5105,2024-07-30,36.25,Home & Kitchen,SMS,Completed
5741,4330,2022-02-16,432.41,Electronics,SMS,Completed
5742,5147,2022-02-16,208.01,Beauty,SMS,Completed
5744,2542,2023-12-27,146.72,Sports,Organic,Completed
5747,1814,2023-04-06,130.76,Apparel,Google Search,Completed
5750,3982,2022-06-25,329.65,Beauty,Organic,Completed
5751,5667,2024-12-05,288.54,Sports,Email,Completed
5753,1211,2023-11-26,449.57,Sports,Google Search,Completed
5755,3799,2022-12-04,505.88,Sports,Organic,Completed
5756,4727,2023-06-28,115.7,Beauty,Email,Completed
5757,2149,2022-06-02,90.73,Sports,Email,Completed
5758,3006,2022-10-22,240.75,Apparel,Organic,Completed
5759,3945,2024-09-22,416.35,Apparel,SMS,Completed
5760,1160,2024-05-27,459.41,Apparel,Google Search,Completed
5761,3654,2023-03-23,285.35,Beauty,Paid Social,Completed
5764,2843,2024-08-24,263.54,Electronics,Paid Social,Completed
5771,3587,2022-04-09,106.8,Beauty,SMS,Completed
5772,5840,2024-02-24,148.66,Sports,Paid Social,Completed
5773,1764,2022-12-04,235.47,Electronics,Organic,Completed
5776,2968,2024-07-04,139.26,Beauty,Paid Social,Completed
5777,1801,2024-02-28,265.2,Beauty,Paid Social,Completed
5778,2511,2024-06-29,496.8,Sports,Organic,Completed
5779,1887,2022-07-01,734.24,Sports,Paid Social,Completed
5782,4135,2023-04-23,759.22,Electronics,SMS,Completed
5784,1287,2024-06-20,155.62,Apparel,Email,Completed
5785,4171,2023-04-10,187.39,Home & Kitchen,Paid Social,Completed
5788,4022,2022-03-18,536.33,Beauty,SMS,Completed
5789,2571,2024-03-08,319.21,Electronics,Google Search,Completed
5790,5286,2022-11-23,586.8,Apparel,Organic,Completed
5792,3611,2022-10-02,1604.03,Sports,Organic,Completed
5795,2137,2023-02-16,508.41,Beauty,Email,Completed
5797,3025,2022-09-27,577.62,Electronics,Paid Social,Completed
5798,3038,2024-06-07,309.29,Sports,SMS,Completed
5799,2659,2024-07-15,141.55,Beauty,SMS,Completed
5800,1674,2022-01-11,226.35,Sports,Email,Completed
5801,1897,2022-07-29,75.92,Sports,Paid Social,Completed
5806,1354,2023-10-17,148.82,Home & Kitchen,SMS,Completed
5807,3608,2024-05-05,575.85,Home & Kitchen,Organic,Completed
5809,5602,2024-09-04,392.05,Sports,SMS,Completed
5810,2193,2023-03-21,577.82,Sports,Google Search,Completed
5811,3430,2024-02-20,297.9,Beauty,Google Search,Completed
5813,5443,2024-05-30,629.28,Apparel,Email,Completed
5814,5495,2023-06-03,346.56,Apparel,Paid Social,Completed
5818,3484,2024-08-25,344.52,Apparel,Paid Social,Completed
5819,5986,2023-07-11,82.91,Electronics,Email,Completed
5822,4584,2024-01-19,255.5,Electronics,Email,Completed
5823,2350,2024-11-04,207.93,Electronics,SMS,Completed
5825,1364,2022-04-27,524.82,Electronics,Organic,Completed
5826,2851,2024-01-28,231.69,Apparel,Email,Completed
5828,1922,2024-06-13,275.83,Apparel,SMS,Completed
5831,4617,2022-03-15,38.36,Electronics,SMS,Completed
5832,2815,2023-03-30,86.34,Apparel,Organic,Completed
5836,5865,2024-09-17,234.08,Apparel,Paid Social,Completed
5838,1936,2022-12-28,111.75,Apparel,SMS,Completed
5839,2973,2024-09-24,589.59,Beauty,Organic,Completed
5840,4953,2024-03-21,132.12,Apparel,Email,Completed
5841,1232,2024-11-16,588.1,Electronics,Paid Social,Completed
5842,1190,2024-03-16,150.76,Electronics,Google Search,Completed
5844,4836,2023-04-15,79.17,Apparel,Google Search,Completed
5846,4529,2023-03-07,626.64,Sports,Organic,Completed
5847,1164,2023-01-06,614.67,Apparel,Organic,Completed
5848,2685,2024-11-07,197.04,Electronics,Organic,Completed
5850,4344,2022-05-21,33.15,Sports,SMS,Completed
5851,3089,2023-10-25,747.88,Beauty,Paid Social,Completed
5852,2530,2022-06-10,341.91,Beauty,Email,Completed
5853,5407,2023-11-06,277.82,Home & Kitchen,Organic,Completed
5854,1313,2022-10-20,140.55,Home & Kitchen,Paid Social,Completed
5857,2106,2022-03-05,99.69,Electronics,Email,Completed
5858,4237,2022-12-10,483.92,Beauty,Email,Completed
5860,5023,2022-08-24,872.18,Home & Kitchen,SMS,Completed
5861,2243,2023-10-23,375.78,Home & Kitchen,Google Search,Completed
5862,1252,2023-11-19,492.66,Home & Kitchen,Paid Social,Completed
5863,2676,2023-05-26,78.53,Apparel,Email,Completed
5865,3892,2022-03-26,226.08,Beauty,Organic,Completed
5866,1701,2024-10-30,330.54,Sports,Email,Completed
5867,3573,2023-01-07,267.99,Apparel,SMS,Completed
5868,4370,2024-11-16,546.18,Apparel,SMS,Completed
5872,1144,2024-03-12,823.17,Electronics,Organic,Completed
5875,1109,2022-03-03,301.19,Home & Kitchen,Organic,Completed
5876,2936,2022-07-11,286.97,Electronics,Paid Social,Completed
5877,5946,2023-04-13,191.61,Home & Kitchen,Paid Social,Completed
5878,1984,2024-07-27,397.18,Apparel,Organic,Completed
5879,5565,2023-05-03,551.12,Beauty,Paid Social,Completed
5883,1199,2023-12-08,87.0,Beauty,SMS,Completed
5884,5172,2024-09-04,528.42,Electronics,Organic,Completed
5885,2823,2022-12-15,166.05,Beauty,Paid Social,Completed
5888,4173,2022-05-27,286.76,Home & Kitchen,SMS,Completed
5889,2365,2023-10-25,597.13,Home & Kitchen,Paid Social,Completed
5890,1752,2023-10-11,691.67,Apparel,SMS,Completed
5892,5928,2022-08-18,430.26,Electronics,Organic,Completed
5897,5791,2024-01-03,264.96,Home & Kitchen,Email,Completed
5898,2050,2024-03-19,210.32,Sports,Email,Completed
5899,4777,2023-06-07,801.84,Sports,Paid Social,Completed
5900,4157,2022-01-26,278.0,Sports,Paid Social,Completed
5902,4484,2023-10-23,203.35,Electronics,Email,Completed
5903,5526,2023-08-27,253.52,Apparel,Email,Completed
5904,2334,2022-09-10,373.36,Apparel,Email,Completed
5905,1253,2024-11-08,346.3,Beauty,Google Search,Completed
5906,1822,2023-08-28,501.86,Beauty,SMS,Completed
5907,5808,2024-06-29,295.78,Home & Kitchen,Paid Social,Completed
5908,1725,2022-10-24,217.89,Home & Kitchen,Paid Social,Completed
5909,4155,2022-05-25,316.78,Apparel,Google Search,Completed
5910,3382,2022-01-26,294.2,Home & Kitchen,Paid Social,Completed
5911,4273,2024-01-18,138.31,Apparel,Organic,Completed
5913,1129,2022-06-21,112.74,Beauty,Organic,Completed
5914,2068,2023-11-17,90.13,Beauty,Email,Completed
5915,1543,2022-05-16,498.26,Apparel,Organic,Completed
5916,5879,2022-05-07,115.82,Home & Kitchen,Email,Completed
5917,5079,2023-05-20,766.62,Sports,SMS,Completed
5918,4974,2023-07-08,134.7,Apparel,Google Search,Completed
5919,1283,2022-03-31,396.94,Sports,Email,Completed
5923,4419,2022-05-02,114.9,Beauty,Google Search,Completed
5925,1089,2024-06-25,139.04,Apparel,Google Search,Completed
5926,3242,2024-04-29,538.74,Beauty,Email,Completed
5928,1237,2022-12-14,296.75,Beauty,Google Search,Completed
5931,5841,2023-08-01,270.97,Apparel,Organic,Completed
5936,4774,2022-09-24,277.62,Home & Kitchen,Email,Completed
5937,5392,2024-11-15,530.77,Home & Kitchen,Paid Social,Completed
5939,1241,2023-01-20,313.81,Sports,Google Search,Completed
5941,2518,2024-07-14,195.14,Electronics,Email,Completed
5943,3062,2023-03-19,719.64,Home & Kitchen,Organic,Completed
5945,2052,2022-11-11,164.81,Apparel,Google Search,Completed
5946,5164,2024-02-11,155.65,Sports,Google Search,Completed
5947,4944,2022-10-09,401.76,Apparel,Paid Social,Completed
5948,3022,2023-12-20,551.31,Apparel,Paid Social,Completed
5949,2648,2022-10-25,576.05,Apparel,Google Search,Completed
5952,5127,2024-10-22,160.89,Home & Kitchen,Organic,Completed
5954,1963,2022-06-06,305.08,Apparel,Google Search,Completed
5955,1533,2024-12-30,232.22,Home & Kitchen,Email,Completed
5956,3482,2022-03-18,285.47,Home & Kitchen,Google Search,Completed
5958,2072,2024-10-09,317.0,Home & Kitchen,Google Search,Completed
5959,5880,2022-07-01,193.02,Home & Kitchen,Google Search,Completed
5960,3928,2022-04-29,209.24,Home & Kitchen,Google Search,Completed
5962,1178,2024-04-25,107.87,Home & Kitchen,Paid Social,Completed
5963,4881,2023-06-01,524.39,Beauty,Email,Completed
5968,5090,2022-02-06,38.11,Apparel,Organic,Completed
5969,5570,2022-11-06,188.77,Apparel,SMS,Completed
5972,5248,2022-06-30,666.31,Home & Kitchen,SMS,Completed
5977,1549,2023-09-15,1042.75,Apparel,SMS,Completed
5978,5343,2024-10-31,216.94,Electronics,Paid Social,Completed
5979,5216,2023-05-30,320.2,Sports,SMS,Completed
5980,4415,2024-07-16,159.86,Apparel,Paid Social,Completed
5981,3121,2022-12-22,43.86,Beauty,Google Search,Completed
5982,1504,2023-11-19,176.12,Electronics,Google Search,Completed
5984,5808,2024-11-14,227.25,Apparel,SMS,Completed
5985,1460,2024-05-17,68.83,Beauty,Email,Completed
5989,4587,2022-06-10,34.81,Sports,Google Search,Completed
5993,2511,2022-06-10,107.18,Apparel,Paid Social,Completed
5995,5522,2022-03-12,88.46,Electronics,Paid Social,Completed
5997,5370,2024-03-29,208.82,Apparel,Google Search,Completed
5998,2422,2024-09-03,534.74,Apparel,Organic,Completed
5999,4432,2022-11-16,75.14,Home & Kitchen,Paid Social,Completed
6002,3548,2022-07-12,153.8,Apparel,Paid Social,Completed
6003,1197,2022-12-07,132.58,Electronics,Email,Completed
6005,1485,2022-05-06,133.4,Apparel,Organic,Completed
6006,1952,2024-08-11,184.74,Beauty,SMS,Completed
6007,2717,2023-02-23,56.54,Beauty,Paid Social,Completed
6008,2273,2023-11-29,188.8,Home & Kitchen,SMS,Completed
6010,4557,2023-10-22,276.26,Electronics,Google Search,Completed
6012,3966,2024-11-05,210.78,Home & Kitchen,Paid Social,Completed
6014,4687,2023-03-20,61.24,Home & Kitchen,Organic,Completed
6016,4212,2024-05-02,293.92,Apparel,Paid Social,Completed
6018,4196,2024-02-25,278.31,Electronics,Email,Completed
6019,2644,2023-03-28,478.0,Apparel,Google Search,Completed
6020,5481,2024-08-22,313.37,Sports,Email,Completed
6022,4050,2023-06-24,767.54,Electronics,Google Search,Completed
6023,2772,2022-04-24,255.31,Apparel,SMS,Completed
6024,1340,2022-09-16,141.88,Sports,Google Search,Completed
6025,5029,2024-09-18,695.21,Sports,Google Search,Completed
6031,4870,2024-12-11,479.78,Electronics,Paid Social,Completed
6032,1272,2023-03-01,242.82,Home & Kitchen,Organic,Completed
6034,2130,2024-12-22,251.09,Sports,Email,Completed
6036,4202,2023-10-05,241.88,Sports,Google Search,Completed
6037,4445,2022-11-12,931.94,Sports,SMS,Completed
6038,2881,2022-12-18,187.54,Beauty,Organic,Completed
6039,4688,2023-09-22,181.98,Beauty,Email,Completed
6040,1021,2022-03-31,123.08,Home & Kitchen,Email,Completed
6041,5627,2023-03-08,171.17,Apparel,SMS,Completed
6047,4556,2023-11-26,1774.93,Electronics,Email,Completed
6048,4907,2023-11-01,128.11,Beauty,Organic,Completed
6052,4944,2022-04-03,440.8,Home & Kitchen,SMS,Completed
6053,5599,2023-03-15,198.51,Electronics,SMS,Completed
6055,1882,2022-04-11,799.86,Electronics,Google Search,Completed
6056,2508,2024-08-09,120.64,Home & Kitchen,Google Search,Completed
6057,5194,2022-03-30,206.06,Sports,Email,Completed
6058,5489,2023-05-04,255.34,Electronics,Organic,Completed
6059,1634,2022-06-23,401.91,Beauty,SMS,Completed
6060,5722,2024-06-09,346.51,Electronics,SMS,Completed
6061,1204,2023-07-15,153.43,Apparel,Google Search,Completed
6062,2249,2023-09-19,287.99,Electronics,Email,Completed
6065,3146,2023-01-27,128.57,Apparel,SMS,Completed
6066,3600,2023-03-13,503.1,Sports,SMS,Completed
6067,1193,2023-01-14,112.2,Beauty,Organic,Completed
6068,1693,2023-10-19,408.49,Sports,Organic,Completed
6069,3463,2022-01-04,108.48,Beauty,SMS,Completed
6070,1266,2022-04-20,499.93,Apparel,SMS,Completed
6073,3957,2023-04-23,384.8,Sports,Google Search,Completed
6074,3854,2023-03-16,533.51,Electronics,Paid Social,Completed
6075,4629,2022-02-16,154.05,Apparel,Organic,Completed
6076,1278,2024-09-29,522.22,Electronics,Paid Social,Completed
6077,4389,2023-01-13,170.15,Sports,Email,Completed
6078,1934,2022-05-05,1381.28,Sports,SMS,Completed
6079,4482,2023-05-27,92.85,Sports,Organic,Completed
6083,3399,2024-01-16,1797.27,Home & Kitchen,Email,Completed
6084,3005,2022-10-16,307.03,Sports,Organic,Completed
6086,5706,2022-03-10,475.49,Home & Kitchen,Google Search,Completed
6087,5953,2022-07-16,934.48,Home & Kitchen,Email,Completed
6088,3185,2024-12-06,471.23,Home & Kitchen,Paid Social,Completed
6089,5818,2024-09-02,999.73,Home & Kitchen,Paid Social,Completed
6090,5382,2024-06-02,891.04,Home & Kitchen,Google Search,Completed
6091,1789,2024-02-24,165.82,Sports,SMS,Completed
6092,4506,2022-04-08,169.36,Apparel,Google Search,Completed
6097,1609,2024-12-18,372.53,Sports,Paid Social,Completed
6100,1903,2022-12-20,51.11,Apparel,Paid Social,Completed
6102,2688,2022-12-24,192.3,Apparel,Organic,Completed
6103,3183,2024-08-12,370.16,Sports,Paid Social,Completed
6105,2901,2023-04-16,288.03,Beauty,Organic,Completed
6110,1457,2022-07-31,170.24,Sports,Email,Completed
6111,2992,2023-08-20,273.12,Electronics,Email,Completed
6112,3238,2023-06-08,147.75,Beauty,SMS,Completed
6115,5048,2022-04-24,303.77,Apparel,Google Search,Completed
6119,5427,2022-11-05,78.45,Apparel,Email,Completed
6120,3182,2024-03-01,490.05,Beauty,Email,Completed
6122,3556,2022-05-25,112.13,Sports,Email,Completed
6123,1689,2022-11-30,73.69,Sports,Paid Social,Completed
6124,4337,2022-07-15,549.09,Home & Kitchen,Paid Social,Completed
6125,5987,2024-10-23,40.46,Beauty,SMS,Completed
6126,3301,2023-02-26,356.66,Electronics,Google Search,Completed
6127,5878,2022-01-28,273.45,Sports,Google Search,Completed
6128,5168,2023-05-03,407.08,Beauty,Paid Social,Completed
6130,2786,2023-02-10,142.92,Beauty,Paid Social,Completed
6132,5823,2023-11-28,255.17,Electronics,SMS,Completed
6133,4822,2024-12-02,493.76,Electronics,Email,Completed
6134,2525,2023-01-02,236.13,Sports,Organic,Completed
6136,4286,2022-01-12,273.42,Electronics,Google Search,Completed
6138,3192,2022-12-11,968.92,Electronics,Google Search,Completed
6139,2011,2023-07-13,993.55,Beauty,Organic,Completed
6141,3863,2024-10-30,648.34,Electronics,Google Search,Completed
6142,3789,2024-01-05,240.55,Electronics,Paid Social,Completed
6150,3436,2022-04-21,230.18,Electronics,SMS,Completed
6151,1474,2023-03-26,335.57,Sports,Organic,Completed
6152,2873,2023-02-28,182.54,Home & Kitchen,Google Search,Completed
6153,3560,2022-04-25,208.6,Electronics,Google Search,Completed
6155,2295,2023-07-27,175.77,Apparel,SMS,Completed
6158,3233,2022-02-03,353.67,Beauty,Paid Social,Completed
6162,1259,2022-01-28,80.98,Beauty,SMS,Completed
6165,1830,2023-01-05,755.09,Electronics,Organic,Completed
6168,3431,2024-08-16,294.85,Apparel,Google Search,Completed
6170,5059,2022-04-20,93.49,Apparel,Organic,Completed
6172,4658,2023-08-05,174.44,Beauty,SMS,Completed
6173,1972,2023-06-30,473.53,Sports,Paid Social,Completed
6174,3873,2023-05-15,238.03,Home & Kitchen,Organic,Completed
6175,1511,2023-06-28,113.92,Apparel,Email,Completed
6176,4683,2024-06-19,126.26,Beauty,Google Search,Completed
6180,2913,2023-04-20,431.49,Sports,Email,Completed
6182,2082,2022-09-13,85.52,Apparel,SMS,Completed
6183,1815,2023-05-20,419.08,Apparel,Google Search,Completed
6184,3834,2022-01-18,1152.03,Apparel,Email,Completed
6186,5497,2024-10-19,1245.55,Apparel,Organic,Completed
6187,3819,2022-09-10,164.16,Electronics,SMS,Completed
6188,5326,2022-11-08,244.21,Home & Kitchen,Google Search,Completed
6189,3849,2022-07-22,708.79,Home & Kitchen,Google Search,Completed
6190,5820,2023-09-18,66.09,Beauty,Paid Social,Completed
6191,2015,2023-09-15,332.19,Home & Kitchen,Paid Social,Completed
6194,4842,2022-04-17,112.74,Electronics,Organic,Completed
6196,5740,2022-07-12,141.93,Home & Kitchen,SMS,Completed
6197,2937,2022-02-05,224.45,Beauty,Google Search,Completed
6198,1074,2022-07-15,91.67,Electronics,SMS,Completed
6199,3481,2022-11-12,373.71,Apparel,Organic,Completed
6200,5220,2023-07-26,279.99,Electronics,Google Search,Completed
6201,1069,2024-03-23,196.44,Beauty,Google Search,Completed
6203,5262,2022-03-13,347.92,Home & Kitchen,Paid Social,Completed
6204,1754,2022-09-08,803.29,Sports,Paid Social,Completed
6205,4384,2022-03-29,226.5,Electronics,Organic,Completed
6206,1957,2023-02-18,710.13,Sports,Google Search,Completed
6209,2312,2022-07-26,880.71,Beauty,Organic,Completed
6210,2592,2022-03-20,648.63,Home & Kitchen,Email,Completed
6211,4031,2024-03-08,63.03,Sports,Google Search,Completed
6212,2858,2022-10-16,42.45,Beauty,SMS,Completed
6213,4693,2022-06-22,817.7,Home & Kitchen,Email,Completed
6215,1481,2023-08-02,147.94,Beauty,Paid Social,Completed
6220,5168,2022-03-18,181.46,Electronics,Paid Social,Completed
6221,5526,2022-03-20,52.41,Home & Kitchen,Email,Completed
6224,3261,2023-02-18,452.54,Beauty,Organic,Completed
6225,3000,2024-09-12,289.68,Sports,Email,Completed
6226,3806,2022-11-12,464.59,Home & Kitchen,SMS,Completed
6227,5158,2023-01-23,259.75,Apparel,Paid Social,Completed
6228,2623,2024-02-08,62.34,Apparel,Organic,Completed
6229,1677,2022-01-15,100.49,Home & Kitchen,Organic,Completed
6231,4565,2022-09-19,60.66,Electronics,Organic,Completed
6232,3648,2024-04-24,128.65,Home & Kitchen,Email,Completed
6234,2207,2024-06-28,300.02,Apparel,Email,Completed
6235,1506,2022-09-23,208.0,Home & Kitchen,Organic,Completed
6238,2755,2022-03-30,325.77,Sports,SMS,Completed
6240,4191,2024-06-10,279.51,Beauty,Organic,Completed
6241,2302,2022-01-29,110.7,Sports,Paid Social,Completed
6245,3315,2023-11-13,241.61,Beauty,SMS,Completed
6247,5774,2024-07-18,231.33,Electronics,SMS,Completed
6248,5790,2022-05-27,72.43,Electronics,Organic,Completed
6250,4178,2023-10-17,2548.47,Beauty,SMS,Completed
6252,1947,2024-09-28,106.08,Home & Kitchen,SMS,Completed
6254,1591,2023-10-27,95.42,Apparel,Google Search,Completed
6256,2909,2024-09-05,85.32,Electronics,Paid Social,Completed
6257,4328,2024-07-12,427.22,Sports,Email,Completed
6258,4639,2023-12-29,260.29,Beauty,Organic,Completed
6259,5931,2022-05-06,350.25,Beauty,SMS,Completed
6260,4354,2022-05-10,297.85,Beauty,SMS,Completed
6263,1989,2024-11-15,700.59,Beauty,Google Search,Completed
6266,2175,2022-01-11,264.71,Apparel,Organic,Completed
6268,2431,2022-05-18,76.63,Apparel,Organic,Completed
6269,3908,2024-06-08,329.99,Beauty,Email,Completed
6272,3036,2023-10-17,977.81,Electronics,Organic,Completed
6273,3520,2022-01-27,274.66,Home & Kitchen,Google Search,Completed
6274,5547,2024-08-18,311.74,Electronics,Google Search,Completed
6275,3442,2024-11-29,316.84,Electronics,Google Search,Completed
6276,1510,2023-12-28,51.85,Home & Kitchen,SMS,Completed
6277,5898,2023-11-08,73.01,Apparel,Google Search,Completed
6279,1513,2023-01-03,977.0,Sports,Google Search,Completed
6280,1933,2023-09-18,169.03,Beauty,Google Search,Completed
6281,5858,2022-02-08,370.94,Home & Kitchen,Google Search,Completed
6284,4164,2024-01-21,75.39,Home & Kitchen,Organic,Completed
6285,1412,2022-09-05,580.98,Apparel,SMS,Completed
6286,3118,2024-04-20,237.0,Apparel,SMS,Completed
6287,5690,2022-12-30,210.67,Sports,Email,Completed
6290,5750,2024-04-08,70.24,Sports,Organic,Completed
6291,2043,2024-08-26,423.99,Home & Kitchen,Organic,Completed
6292,1862,2023-10-23,65.05,Sports,Paid Social,Completed
6293,1275,2023-03-10,143.21,Apparel,Google Search,Completed
6295,4239,2023-05-27,197.34,Sports,Organic,Completed
6297,1032,2024-07-13,527.21,Apparel,Paid Social,Completed
6298,4086,2024-06-10,315.56,Home & Kitchen,Email,Completed
6301,3146,2024-01-04,718.4,Apparel,Paid Social,Completed
6302,3649,2022-05-27,566.45,Apparel,Paid Social,Completed
6303,2818,2023-06-02,1296.14,Beauty,SMS,Completed
6304,5043,2024-03-17,159.66,Home & Kitchen,Email,Completed
6305,4423,2022-06-06,680.72,Apparel,Google Search,Completed
6306,4967,2024-03-24,75.66,Home & Kitchen,Organic,Completed
6307,3527,2024-04-16,90.3,Home & Kitchen,Google Search,Completed
6311,1581,2022-11-13,352.76,Apparel,Organic,Completed
6313,3326,2022-10-19,377.84,Sports,Google Search,Completed
6314,4375,2023-05-27,356.4,Beauty,Paid Social,Completed
6319,4370,2022-03-18,124.77,Beauty,Paid Social,Completed
6320,3503,2023-06-07,627.63,Apparel,SMS,Completed
6322,1502,2022-03-16,269.16,Apparel,SMS,Completed
6325,2422,2024-04-12,227.51,Beauty,Email,Completed
6328,3831,2022-09-28,166.32,Apparel,Google Search,Completed
6330,4233,2024-10-05,446.86,Sports,Organic,Completed
6331,4887,2023-08-15,200.77,Sports,SMS,Completed
6332,4507,2022-03-08,576.16,Sports,Google Search,Completed
6333,3901,2022-01-29,407.22,Sports,Email,Completed
6334,4537,2022-07-03,152.46,Home & Kitchen,Email,Completed
6336,4597,2024-09-04,364.59,Apparel,Google Search,Completed
6337,1848,2023-01-31,204.26,Apparel,Organic,Completed
6338,2975,2022-02-16,354.83,Apparel,Organic,Completed
6345,1498,2023-01-15,232.97,Beauty,Organic,Completed
6346,5942,2022-12-11,297.38,Sports,Google Search,Completed
6347,5803,2024-11-23,148.82,Sports,Paid Social,Completed
6348,5943,2022-02-06,267.66,Home & Kitchen,Google Search,Completed
6350,1768,2024-05-22,107.68,Home & Kitchen,Organic,Completed
6351,1689,2022-12-02,25.33,Beauty,Email,Completed
6358,1086,2022-03-11,181.35,Electronics,Google Search,Completed
6359,2856,2023-07-28,143.43,Beauty,SMS,Completed
6360,1465,2022-06-18,134.11,Home & Kitchen,Google Search,Completed
6362,2649,2023-11-12,234.27,Home & Kitchen,SMS,Completed
6364,2546,2023-09-05,69.4,Electronics,SMS,Completed
6367,4666,2023-10-19,204.37,Apparel,Paid Social,Completed
6370,1723,2022-06-07,235.03,Apparel,Paid Social,Completed
6372,5685,2024-08-21,78.61,Sports,Google Search,Completed
6375,2094,2023-07-12,176.42,Apparel,SMS,Completed
6379,5530,2022-08-13,212.56,Beauty,Paid Social,Completed
6381,5948,2024-07-12,646.6,Apparel,SMS,Completed
6382,3391,2022-08-24,149.48,Electronics,SMS,Completed
6384,5202,2024-03-02,653.39,Electronics,Google Search,Completed
6385,5466,2022-10-14,792.82,Electronics,Paid Social,Completed
6387,5942,2022-05-09,759.06,Electronics,Email,Completed
6388,5083,2023-04-10,37.81,Sports,Organic,Completed
6392,2276,2024-04-28,1002.12,Apparel,Paid Social,Completed
6394,2066,2023-10-31,371.44,Sports,SMS,Completed
6395,4551,2022-11-04,381.87,Beauty,Google Search,Completed
6396,5127,2023-12-12,216.54,Home & Kitchen,Email,Completed
6398,4488,2023-01-01,99.4,Electronics,SMS,Completed
6399,1810,2022-11-17,157.48,Sports,SMS,Completed
6401,2678,2024-01-21,329.91,Beauty,Paid Social,Completed
6402,1809,2022-07-01,437.58,Home & Kitchen,Google Search,Completed
6403,5139,2024-03-15,520.64,Electronics,Paid Social,Completed
6406,1502,2022-10-23,460.7,Home & Kitchen,SMS,Completed
6407,1131,2024-01-11,84.55,Beauty,Google Search,Completed
6408,3460,2024-05-30,67.43,Sports,Email,Completed
6409,4658,2022-01-08,327.06,Apparel,SMS,Completed
6413,1236,2024-04-10,246.49,Home & Kitchen,Organic,Completed
6414,5677,2023-03-22,164.65,Electronics,Email,Completed
6415,1888,2023-04-07,354.07,Apparel,Organic,Completed
6416,1392,2022-07-11,395.93,Electronics,Organic,Completed
6417,4789,2022-04-18,316.26,Electronics,Paid Social,Completed
6418,1584,2023-07-26,99.46,Apparel,Organic,Completed
6420,1108,2023-05-01,947.09,Home & Kitchen,Organic,Completed
6423,3771,2023-07-24,454.28,Apparel,Paid Social,Completed
6424,4288,2024-11-16,156.38,Home & Kitchen,Organic,Completed
6425,1532,2024-08-18,119.2,Sports,Google Search,Completed
6426,5596,2022-07-19,141.07,Home & Kitchen,Google Search,Completed
6427,4185,2022-02-07,531.64,Beauty,SMS,Completed
6428,1768,2024-04-27,209.95,Apparel,Google Search,Completed
6431,2854,2022-11-19,172.98,Home & Kitchen,Google Search,Completed
6436,5105,2024-12-25,174.48,Beauty,Google Search,Completed
6438,3042,2022-05-06,959.76,Home & Kitchen,SMS,Completed
6439,1505,2022-07-21,203.96,Apparel,Email,Completed
6440,5803,2022-01-26,232.86,Electronics,Organic,Completed
6441,2009,2022-02-09,154.4,Apparel,Organic,Completed
6442,5200,2024-04-25,97.55,Home & Kitchen,Paid Social,Completed
6445,4109,2022-07-10,155.65,Sports,SMS,Completed
6446,5279,2022-03-01,45.2,Electronics,SMS,Completed
6451,2766,2024-09-03,174.63,Home & Kitchen,SMS,Completed
6453,4786,2022-02-09,488.63,Beauty,Google Search,Completed
6454,1865,2023-04-18,109.62,Apparel,Email,Completed
6455,2311,2023-05-01,136.48,Electronics,SMS,Completed
6459,3669,2024-12-18,428.14,Electronics,Organic,Completed
6461,3234,2024-11-25,1802.2,Sports,SMS,Completed
6462,1156,2023-08-17,538.13,Beauty,Google Search,Completed
6464,4777,2022-05-16,559.9,Home & Kitchen,Google Search,Completed
6465,4004,2024-12-27,223.34,Apparel,Organic,Completed
6467,5198,2022-04-25,149.02,Sports,Paid Social,Completed
6468,3504,2024-11-24,120.36,Sports,Paid Social,Completed
6469,3358,2023-11-27,454.52,Apparel,Email,Completed
6470,1598,2023-01-06,140.06,Apparel,Organic,Completed
6472,3060,2023-07-12,189.55,Apparel,SMS,Completed
6473,4000,2022-04-04,103.36,Apparel,Google Search,Completed
6474,4731,2022-03-03,254.89,Electronics,Email,Completed
6475,5900,2024-08-08,161.74,Home & Kitchen,SMS,Completed
6476,4699,2022-06-24,544.07,Sports,SMS,Completed
6477,5045,2024-02-29,556.97,Apparel,SMS,Completed
6478,5238,2024-03-01,241.72,Apparel,Organic,Completed
6480,5741,2022-04-25,207.84,Apparel,Google Search,Completed
6481,4370,2024-02-19,182.11,Electronics,Email,Completed
6485,5409,2023-09-06,410.2,Home & Kitchen,Paid Social,Completed
6486,5020,2024-02-20,781.78,Beauty,Email,Completed
6487,4314,2022-04-06,184.52,Apparel,Email,Completed
6488,1980,2023-09-21,75.61,Beauty,Paid Social,Completed
6489,4924,2024-01-21,270.01,Apparel,SMS,Completed
6490,4916,2022-09-29,606.3,Beauty,Google Search,Completed
6494,2205,2024-02-29,123.18,Apparel,Google Search,Completed
6496,5631,2023-12-27,122.02,Home & Kitchen,Organic,Completed
6497,1784,2024-05-15,334.35,Sports,Email,Completed
6498,4248,2023-05-24,365.06,Apparel,SMS,Completed
6500,5457,2024-10-20,493.45,Beauty,Email,Completed
6503,5594,2022-08-02,271.11,Home & Kitchen,SMS,Completed
6504,3156,2022-06-29,158.44,Beauty,SMS,Completed
6505,1039,2023-05-26,42.31,Beauty,Google Search,Completed
6506,2006,2024-06-25,169.99,Home & Kitchen,Email,Completed
6507,5468,2024-10-02,88.21,Electronics,Paid Social,Completed
6508,1188,2022-03-19,250.16,Beauty,SMS,Completed
6509,3212,2024-04-02,468.59,Home & Kitchen,SMS,Completed
6511,5697,2024-04-25,473.75,Home & Kitchen,Organic,Completed
6512,2999,2023-11-09,74.32,Beauty,Google Search,Completed
6513,5385,2023-09-23,75.29,Electronics,SMS,Completed
6514,2101,2024-12-13,684.32,Sports,Paid Social,Completed
6515,3259,2022-06-19,48.48,Home & Kitchen,SMS,Completed
6517,1839,2023-05-21,210.16,Electronics,Paid Social,Completed
6518,3566,2023-04-24,187.16,Home & Kitchen,Paid Social,Completed
6519,4868,2023-10-27,286.33,Electronics,Organic,Completed
6521,4020,2022-11-30,129.62,Home & Kitchen,SMS,Completed
6522,2229,2022-03-14,177.48,Home & Kitchen,Paid Social,Completed
6528,4428,2023-03-21,268.3,Home & Kitchen,Paid Social,Completed
6531,5686,2023-06-02,425.76,Beauty,Paid Social,Completed
6534,1592,2023-10-22,611.01,Home & Kitchen,Google Search,Completed
6536,3864,2022-10-18,308.69,Sports,Google Search,Completed
6537,3648,2024-09-11,121.61,Home & Kitchen,SMS,Completed
6538,3998,2023-10-14,47.09,Sports,SMS,Completed
6539,5350,2022-07-26,130.86,Apparel,SMS,Completed
6541,2583,2024-06-06,67.74,Beauty,SMS,Completed
6542,3406,2023-08-26,119.92,Sports,Email,Completed
6544,4825,2023-02-17,194.71,Home & Kitchen,Google Search,Completed
6545,5835,2022-12-22,351.77,Beauty,Paid Social,Completed
6547,4126,2022-03-29,81.42,Home & Kitchen,Paid Social,Completed
6548,3547,2022-12-27,108.54,Beauty,SMS,Completed
6549,6000,2024-12-02,572.39,Beauty,SMS,Completed
6550,2558,2023-06-30,193.77,Electronics,SMS,Completed
6552,5729,2024-05-13,138.57,Electronics,Organic,Completed
6553,1493,2023-12-17,443.55,Sports,Paid Social,Completed
6558,4033,2022-09-27,54.56,Sports,Email,Completed
6559,2223,2024-03-10,703.65,Apparel,SMS,Completed
6560,1532,2024-10-29,55.77,Sports,Organic,Completed
6561,5775,2023-02-12,230.98,Beauty,Google Search,Completed
6563,3939,2024-06-18,940.11,Sports,Paid Social,Completed
6565,5855,2022-01-08,277.81,Apparel,Organic,Completed
6568,1660,2022-03-08,661.82,Home & Kitchen,Email,Completed
6569,3588,2022-09-21,386.08,Electronics,Paid Social,Completed
6570,3886,2023-09-11,94.36,Sports,SMS,Completed
6572,5759,2024-04-25,180.77,Home & Kitchen,Paid Social,Completed
6573,4543,2022-03-11,346.45,Beauty,Email,Completed
6576,1317,2022-01-10,195.6,Apparel,Organic,Completed
6578,3462,2024-02-06,337.66,Sports,Paid Social,Completed
6579,5218,2022-01-08,61.21,Beauty,Paid Social,Completed
6581,2579,2022-10-28,279.9,Beauty,Organic,Completed
6584,5936,2023-11-14,231.76,Sports,Paid Social,Completed
6585,5523,2023-11-03,114.04,Sports,SMS,Completed
6587,3805,2022-11-05,374.38,Apparel,Google Search,Completed
6590,3298,2023-05-16,208.87,Home & Kitchen,Google Search,Completed
6593,4039,2022-07-16,591.18,Beauty,SMS,Completed
6594,2558,2022-12-07,449.62,Sports,Email,Completed
6595,1566,2023-10-04,1001.74,Electronics,Organic,Completed
6597,4544,2024-01-25,791.04,Sports,Paid Social,Completed
6598,4359,2023-07-05,130.06,Sports,Organic,Completed
6600,3617,2024-01-19,90.01,Electronics,Paid Social,Completed
6601,5926,2023-08-12,175.72,Sports,Paid Social,Completed
6602,2371,2023-11-26,343.53,Electronics,Google Search,Completed
6603,3337,2024-07-12,740.18,Home & Kitchen,Paid Social,Completed
6604,3108,2023-01-25,53.2,Beauty,Organic,Completed
6607,2429,2022-06-28,89.68,Apparel,Email,Completed
6608,1478,2023-07-03,157.08,Apparel,Organic,Completed
6609,5098,2022-09-30,263.87,Home & Kitchen,Google Search,Completed
6612,2159,2023-05-30,175.84,Electronics,Paid Social,Completed
6616,5040,2022-12-01,211.66,Beauty,Paid Social,Completed
6617,4661,2023-08-27,131.95,Electronics,Paid Social,Completed
6618,5216,2022-07-31,293.05,Beauty,Email,Completed
6619,3889,2023-12-12,489.15,Apparel,Organic,Completed
6620,4813,2022-01-31,129.98,Beauty,Organic,Completed
6621,5118,2022-11-12,163.3,Apparel,Email,Completed
6622,2929,2023-04-28,384.56,Sports,Google Search,Completed
6625,2040,2024-09-23,211.78,Home & Kitchen,Google Search,Completed
6626,2762,2023-01-18,106.32,Home & Kitchen,SMS,Completed
6627,3348,2024-03-29,572.26,Home & Kitchen,Paid Social,Completed
6628,3845,2024-07-01,127.21,Sports,Google Search,Completed
6629,5629,2022-06-02,207.32,Beauty,SMS,Completed
6630,4825,2023-09-08,179.34,Sports,Organic,Completed
6631,2841,2024-10-31,227.93,Beauty,Organic,Completed
6632,5137,2023-05-01,114.34,Home & Kitchen,Organic,Completed
6633,3789,2022-03-26,524.63,Beauty,Email,Completed
6635,2648,2022-01-25,191.79,Sports,SMS,Completed
6637,3781,2023-10-25,186.46,Electronics,Paid Social,Completed
6639,2966,2024-05-29,131.03,Electronics,Paid Social,Completed
6641,1985,2023-01-30,203.92,Electronics,Paid Social,Completed
6642,5382,2022-03-29,408.95,Apparel,SMS,Completed
6643,3012,2023-02-17,836.04,Apparel,Google Search,Completed
6645,2048,2023-11-12,468.83,Beauty,Organic,Completed
6646,1209,2024-08-16,469.36,Apparel,Paid Social,Completed
6647,1193,2022-08-08,316.61,Home & Kitchen,Google Search,Completed
6651,5990,2024-02-18,113.87,Electronics,Paid Social,Completed
6652,3383,2022-07-19,210.28,Apparel,Email,Completed
6654,2928,2024-03-04,185.12,Beauty,Google Search,Completed
6655,5068,2024-10-14,235.59,Beauty,Email,Completed
6658,5521,2023-03-29,881.52,Sports,Organic,Completed
6659,2516,2022-10-08,213.46,Apparel,Email,Completed
6660,4566,2023-08-26,308.32,Home & Kitchen,Paid Social,Completed
6661,1229,2024-05-17,924.76,Electronics,Paid Social,Completed
6662,1643,2022-10-30,461.02,Apparel,Paid Social,Completed
6665,1140,2024-02-02,81.29,Sports,Paid Social,Completed
6666,5608,2024-09-04,304.49,Home & Kitchen,Organic,Completed
6668,3932,2024-12-11,54.95,Beauty,Email,Completed
6669,2433,2023-12-03,555.88,Apparel,Email,Completed
6671,2799,2024-08-29,188.44,Beauty,Paid Social,Completed
6672,4920,2024-04-21,197.52,Sports,SMS,Completed
6674,1669,2024-12-27,152.67,Electronics,Email,Completed
6676,2163,2024-10-10,134.93,Home & Kitchen,Google Search,Completed
6677,2663,2022-11-14,459.64,Sports,Google Search,Completed
6679,5142,2022-04-14,98.21,Electronics,Google Search,Completed
6681,5238,2024-12-29,308.74,Apparel,Google Search,Completed
6682,3727,2022-05-12,631.34,Electronics,Organic,Completed
6683,1537,2023-03-05,176.65,Sports,Google Search,Completed
6684,4235,2023-06-17,160.72,Sports,Paid Social,Completed
6685,5008,2024-07-11,371.95,Sports,Organic,Completed
6690,5135,2024-08-23,199.81,Beauty,Paid Social,Completed
6692,5473,2024-05-17,431.02,Home & Kitchen,SMS,Completed
6694,4292,2024-11-21,126.86,Home & Kitchen,Google Search,Completed
6695,3423,2023-06-25,123.56,Beauty,SMS,Completed
6696,2905,2022-04-27,285.08,Apparel,Google Search,Completed
6697,2798,2024-03-21,250.57,Sports,SMS,Completed
6698,4053,2023-10-24,140.3,Apparel,Google Search,Completed
6699,4971,2022-11-27,349.79,Beauty,SMS,Completed
6700,2478,2022-01-12,288.46,Sports,Organic,Completed
6702,1075,2023-05-25,153.98,Electronics,Paid Social,Completed
6703,5420,2022-02-16,979.85,Electronics,Email,Completed
6705,4718,2022-07-15,71.94,Apparel,Organic,Completed
6707,1824,2023-07-22,537.6,Electronics,Email,Completed
6708,2041,2024-11-16,122.14,Sports,Organic,Completed
6709,3848,2022-02-10,388.83,Apparel,SMS,Completed
6710,1267,2022-03-01,59.71,Beauty,SMS,Completed
6713,5242,2022-02-19,487.07,Beauty,Organic,Completed
6714,5459,2022-11-17,395.54,Beauty,Paid Social,Completed
6716,1391,2023-12-14,246.7,Apparel,SMS,Completed
6718,5238,2023-07-12,224.68,Home & Kitchen,Paid Social,Completed
6721,1103,2022-11-09,238.96,Home & Kitchen,Paid Social,Completed
6722,2838,2024-02-09,297.27,Electronics,SMS,Completed
6724,2511,2024-07-01,41.48,Sports,Paid Social,Completed
6725,4122,2022-02-10,252.18,Electronics,Organic,Completed
6726,5972,2024-08-10,237.15,Home & Kitchen,Organic,Completed
6727,3895,2022-12-31,361.31,Beauty,Google Search,Completed
6729,4497,2024-06-26,57.81,Home & Kitchen,Email,Completed
6732,2844,2022-02-14,377.64,Electronics,Paid Social,Completed
6733,2870,2023-02-24,190.22,Home & Kitchen,Google Search,Completed
6736,2269,2023-10-22,365.28,Electronics,Google Search,Completed
6738,3674,2024-01-10,196.61,Electronics,Paid Social,Completed
6739,5753,2024-12-14,402.02,Apparel,Email,Completed
6741,3455,2022-09-28,563.7,Beauty,Paid Social,Completed
6743,5513,2022-09-21,154.22,Home & Kitchen,Organic,Completed
6744,4423,2023-10-08,486.79,Sports,Google Search,Completed
6745,2994,2024-09-07,76.29,Beauty,Paid Social,Completed
6746,1483,2022-04-21,126.93,Home & Kitchen,Google Search,Completed
6747,4238,2024-11-24,388.64,Sports,Organic,Completed
6749,5311,2022-05-07,97.36,Beauty,Paid Social,Completed
6751,3765,2024-02-28,164.4,Sports,SMS,Completed
6752,5210,2024-03-07,100.38,Electronics,Google Search,Completed
6754,5274,2022-03-24,666.67,Sports,Organic,Completed
6755,1893,2024-08-19,317.95,Electronics,Organic,Completed
6756,5890,2023-12-01,702.88,Sports,SMS,Completed
6759,1113,2022-01-15,118.9,Home & Kitchen,Paid Social,Completed
6760,4422,2022-07-25,511.0,Apparel,Paid Social,Completed
6763,2160,2023-11-07,100.16,Electronics,Organic,Completed
6766,2422,2024-03-09,133.22,Home & Kitchen,Google Search,Completed
6767,1017,2023-07-22,163.12,Sports,Google Search,Completed
6769,3759,2022-03-24,809.37,Sports,Paid Social,Completed
6771,2730,2024-01-21,192.38,Sports,Google Search,Completed
6772,4558,2022-09-03,187.15,Apparel,SMS,Completed
6773,4206,2023-03-29,345.08,Home & Kitchen,SMS,Completed
6774,3962,2023-05-03,38.04,Apparel,Google Search,Completed
6776,5317,2023-12-08,103.86,Sports,Email,Completed
6777,3161,2023-07-22,302.45,Sports,Organic,Completed
6778,4335,2024-03-11,206.47,Sports,Organic,Completed
6779,2711,2024-08-15,264.36,Home & Kitchen,Google Search,Completed
6780,4102,2023-11-23,282.25,Electronics,Email,Completed
6783,3991,2024-01-19,628.32,Sports,SMS,Completed
6788,2799,2024-04-20,389.07,Home & Kitchen,Paid Social,Completed
6789,5211,2022-11-28,293.56,Home & Kitchen,Paid Social,Completed
6790,3791,2024-02-23,1272.77,Home & Kitchen,Organic,Completed
6791,1695,2023-03-25,135.18,Beauty,Google Search,Completed
6792,3277,2023-08-29,752.06,Electronics,Organic,Completed
6793,1166,2024-09-13,241.43,Electronics,SMS,Completed
6794,4930,2024-12-03,230.88,Apparel,SMS,Completed
6795,3373,2022-08-24,121.59,Sports,Email,Completed
6796,4582,2022-01-20,331.12,Sports,Paid Social,Completed
6797,5509,2022-09-06,211.95,Apparel,Paid Social,Completed
6800,3919,2023-10-03,290.23,Home & Kitchen,Email,Completed
6804,1194,2024-04-30,243.53,Electronics,Email,Completed
6806,5628,2022-03-25,493.43,Apparel,SMS,Completed
6808,5019,2023-09-25,277.71,Sports,Organic,Completed
6809,3770,2023-03-09,106.49,Beauty,Email,Completed
6810,5663,2024-02-22,142.61,Beauty,Email,Completed
6811,2582,2023-06-29,497.39,Electronics,Email,Completed
6812,1598,2024-09-17,343.88,Beauty,Email,Completed
6813,5422,2022-06-16,179.34,Sports,Paid Social,Completed
6815,4461,2024-02-25,145.53,Home & Kitchen,Google Search,Completed
6816,3848,2022-07-02,123.62,Electronics,Organic,Completed
6817,1378,2022-08-21,545.69,Apparel,Email,Completed
6818,4930,2024-07-14,718.57,Apparel,Email,Completed
6819,5778,2022-03-07,164.34,Electronics,SMS,Completed
6820,5084,2022-08-22,437.71,Home & Kitchen,Paid Social,Completed
6821,5086,2023-08-19,491.0,Home & Kitchen,Google Search,Completed
6822,1404,2024-12-18,273.37,Sports,SMS,Completed
6824,1242,2023-04-09,151.06,Home & Kitchen,Email,Completed
6825,2162,2023-12-06,276.56,Sports,SMS,Completed
6826,5981,2022-05-03,199.39,Apparel,Google Search,Completed
6827,1952,2023-03-05,571.46,Electronics,Email,Completed
6828,5752,2024-07-24,585.58,Sports,Organic,Completed
6830,2967,2024-02-06,373.49,Beauty,Email,Completed
6831,5265,2022-01-31,340.09,Beauty,Google Search,Completed
6836,2523,2022-03-22,405.52,Beauty,Organic,Completed
6837,2938,2024-04-10,168.84,Apparel,Organic,Completed
6838,5545,2024-09-14,95.41,Sports,SMS,Completed
6839,3025,2022-09-04,1206.36,Home & Kitchen,SMS,Completed
6841,4510,2024-03-18,94.66,Electronics,Paid Social,Completed
6842,3239,2024-05-22,348.75,Home & Kitchen,Email,Completed
6843,2400,2024-04-20,255.54,Home & Kitchen,Paid Social,Completed
6844,4653,2024-09-19,103.48,Apparel,Paid Social,Completed
6845,3403,2024-08-19,277.03,Beauty,Email,Completed
6846,5998,2023-05-10,153.04,Apparel,Paid Social,Completed
6848,2611,2022-10-19,356.67,Sports,Organic,Completed
6850,1464,2024-07-25,406.35,Beauty,SMS,Completed
6852,2228,2024-03-19,483.9,Beauty,Organic,Completed
6854,1814,2022-08-16,253.74,Apparel,Email,Completed
6855,3240,2024-01-17,170.85,Electronics,Email,Completed
6856,2445,2023-08-01,122.49,Sports,Google Search,Completed
6857,3487,2023-09-13,395.13,Apparel,Paid Social,Completed
6858,3705,2022-02-24,369.55,Apparel,Paid Social,Completed
6859,4791,2022-07-30,203.84,Home & Kitchen,SMS,Completed
6861,1135,2024-02-03,252.85,Sports,SMS,Completed
6862,1585,2024-11-10,261.46,Electronics,Organic,Completed
6864,4264,2022-02-17,198.6,Apparel,SMS,Completed
6866,4080,2024-07-13,387.2,Home & Kitchen,Email,Completed
6867,4447,2024-01-13,39.08,Beauty,SMS,Completed
6870,4224,2024-02-19,284.92,Beauty,Paid Social,Completed
6872,1420,2022-04-26,30.9,Electronics,Organic,Completed
6875,3941,2024-11-06,220.17,Home & Kitchen,Email,Completed
6877,3896,2024-07-14,291.04,Electronics,SMS,Completed
6878,1872,2024-11-05,241.08,Beauty,Email,Completed
6880,1618,2022-09-24,247.57,Beauty,Paid Social,Completed
6882,3813,2023-05-17,408.47,Beauty,Email,Completed
6885,1978,2022-01-02,160.22,Beauty,Google Search,Completed
6886,3062,2024-01-14,362.87,Home & Kitchen,Email,Completed
6887,2149,2024-04-28,376.11,Home & Kitchen,SMS,Completed
6890,1897,2023-09-05,205.93,Electronics,SMS,Completed
6893,5630,2024-03-29,1409.81,Electronics,Paid Social,Completed
6894,1548,2024-10-08,74.1,Apparel,Paid Social,Completed
6895,3286,2024-10-22,540.83,Beauty,Email,Completed
6897,1477,2022-09-20,477.0,Home & Kitchen,Google Search,Completed
6898,4408,2023-04-25,257.52,Apparel,Google Search,Completed
6899,2160,2024-10-21,174.32,Apparel,Paid Social,Completed
6900,5158,2022-11-23,167.37,Home & Kitchen,Email,Completed
6901,5831,2024-06-28,526.25,Home & Kitchen,Organic,Completed
6904,4187,2024-05-14,125.97,Apparel,Email,Completed
6905,5008,2024-11-08,221.47,Sports,Organic,Completed
6908,4581,2023-04-06,162.97,Electronics,Google Search,Completed
6910,3842,2022-06-08,170.27,Electronics,Google Search,Completed
6911,2008,2023-07-13,122.37,Sports,Organic,Completed
6912,1586,2024-06-15,563.47,Home & Kitchen,Email,Completed
6913,3888,2023-08-30,201.23,Sports,Organic,Completed
6916,3814,2023-02-15,576.5,Sports,SMS,Completed
6917,4288,2022-02-21,173.25,Electronics,Organic,Completed
6919,4177,2023-11-09,914.91,Home & Kitchen,Organic,Completed
6920,1876,2024-04-23,85.03,Electronics,SMS,Completed
6922,3738,2024-04-26,220.54,Electronics,Paid Social,Completed
6924,4488,2022-09-21,162.18,Home & Kitchen,Email,Completed
6925,1515,2024-12-09,260.09,Beauty,Google Search,Completed
6926,4424,2024-02-27,146.61,Apparel,SMS,Completed
6927,1550,2024-08-21,350.01,Electronics,Organic,Completed
6931,3350,2022-05-23,193.17,Sports,SMS,Completed
6932,2659,2024-09-05,42.43,Home & Kitchen,Google Search,Completed
6933,4498,2023-12-08,69.21,Home & Kitchen,Google Search,Completed
6936,5000,2022-12-13,518.0,Sports,Google Search,Completed
6937,1072,2024-06-29,420.52,Sports,SMS,Completed
6938,4374,2023-12-19,357.46,Home & Kitchen,Organic,Completed
6939,1858,2023-11-04,355.07,Sports,SMS,Completed
6940,3809,2024-10-20,144.95,Home & Kitchen,Paid Social,Completed
6943,4543,2022-03-18,1855.53,Beauty,Organic,Completed
6944,2733,2024-04-15,163.14,Electronics,Organic,Completed
6950,1142,2023-01-24,413.3,Sports,SMS,Completed
6955,3448,2023-09-13,313.97,Apparel,SMS,Completed
6956,5391,2024-07-17,454.76,Apparel,Google Search,Completed
6957,1030,2023-01-03,243.58,Electronics,SMS,Completed
6958,5835,2022-06-13,126.07,Home & Kitchen,SMS,Completed
6960,3731,2023-04-21,223.21,Home & Kitchen,Google Search,Completed
6961,1221,2022-10-07,93.15,Electronics,Paid Social,Completed
6964,3580,2023-07-26,198.92,Sports,Google Search,Completed
6965,5672,2022-02-02,1638.49,Home & Kitchen,Organic,Completed
6966,4988,2023-01-21,113.86,Beauty,Email,Completed
6968,4065,2024-08-20,321.61,Home & Kitchen,Email,Completed
6973,4769,2024-05-25,83.88,Beauty,Paid Social,Completed
6977,3534,2024-02-25,283.04,Beauty,Paid Social,Completed
6979,4534,2022-11-19,362.96,Home & Kitchen,Organic,Completed
6982,4460,2022-10-12,311.33,Beauty,Paid Social,Completed
6984,3557,2024-08-04,181.44,Sports,Google Search,Completed
6985,1414,2024-01-12,155.73,Beauty,Google Search,Completed
6986,5978,2023-05-25,358.47,Home & Kitchen,SMS,Completed
6988,5912,2024-03-13,304.66,Home & Kitchen,Paid Social,Completed
6989,3627,2022-06-20,273.13,Apparel,Google Search,Completed
6990,4544,2022-05-05,47.02,Beauty,Organic,Completed
6991,3630,2022-06-16,394.8,Sports,SMS,Completed
6992,3850,2024-06-28,420.94,Apparel,Email,Completed
6993,5278,2022-01-30,152.01,Apparel,Paid Social,Completed
6994,4814,2022-03-30,422.99,Sports,SMS,Completed
6995,3838,2022-04-19,214.8,Sports,Organic,Completed
6996,4440,2022-10-18,269.35,Home & Kitchen,Organic,Completed
6998,2410,2024-10-14,239.81,Apparel,Email,Completed
6999,2702,2022-08-21,68.28,Beauty,Email,Completed
7000,1836,2022-01-02,193.48,Home & Kitchen,Organic,Completed
7003,4305,2024-12-04,189.17,Beauty,Email,Completed
7004,3868,2023-03-09,184.02,Beauty,SMS,Completed
7006,4065,2022-08-24,271.03,Apparel,Email,Completed
7007,5230,2022-11-28,110.5,Sports,Google Search,Completed
7010,4112,2024-06-15,425.37,Sports,Organic,Completed
7012,5674,2024-03-17,521.14,Sports,Email,Completed
7013,4594,2023-09-11,317.2,Sports,Email,Completed
7014,4410,2024-12-12,716.54,Beauty,Google Search,Completed
7015,4745,2024-01-18,360.05,Home & Kitchen,Email,Completed
7017,4623,2022-10-11,232.99,Beauty,Google Search,Completed
7018,5612,2022-12-14,499.43,Apparel,Organic,Completed
7020,5059,2023-03-04,160.64,Electronics,SMS,Completed
7025,1171,2022-06-12,69.56,Sports,Paid Social,Completed
7027,1462,2022-11-08,104.09,Beauty,Organic,Completed
7028,4459,2024-10-16,80.52,Apparel,Google Search,Completed
7031,1498,2023-07-14,290.89,Home & Kitchen,Organic,Completed
7033,4733,2022-09-29,195.14,Sports,SMS,Completed
7035,4988,2023-11-17,1197.08,Sports,SMS,Completed
7036,4952,2024-05-02,1163.72,Sports,SMS,Completed
7040,3779,2022-10-16,207.24,Apparel,Google Search,Completed
7042,5734,2024-01-10,142.27,Home & Kitchen,Google Search,Completed
7043,2702,2024-11-03,731.77,Sports,Google Search,Completed
7046,3927,2023-04-22,559.16,Beauty,SMS,Completed
7047,5793,2023-04-27,311.86,Apparel,Organic,Completed
7048,3841,2022-03-15,134.81,Apparel,Organic,Completed
7050,3634,2023-12-02,867.7,Electronics,Organic,Completed
7052,3447,2022-06-13,173.25,Sports,Paid Social,Completed
7054,4318,2022-05-13,202.33,Electronics,Organic,Completed
7057,2087,2023-04-01,147.19,Beauty,Organic,Completed
7060,3572,2024-09-30,628.59,Beauty,SMS,Completed
7061,2768,2022-03-25,255.7,Electronics,Google Search,Completed
7064,1075,2024-01-06,130.66,Home & Kitchen,Paid Social,Completed
7066,2384,2023-09-30,649.06,Apparel,Organic,Completed
7069,4598,2022-12-25,182.54,Home & Kitchen,Email,Completed
7070,1983,2022-08-22,71.26,Beauty,Paid Social,Completed
7071,1312,2022-01-12,446.12,Electronics,Email,Completed
7073,5421,2023-02-22,131.0,Home & Kitchen,Google Search,Completed
7074,2554,2024-04-07,186.35,Electronics,SMS,Completed
7080,1454,2024-06-29,194.15,Sports,Email,Completed
7083,5481,2024-01-01,536.77,Apparel,Google Search,Completed
7086,1064,2023-01-10,759.53,Home & Kitchen,SMS,Completed
7087,5321,2022-05-06,260.82,Apparel,Paid Social,Completed
7088,1330,2024-04-16,165.74,Electronics,Google Search,Completed
7089,4227,2022-12-06,97.93,Sports,Paid Social,Completed
7090,4201,2023-06-09,193.81,Sports,SMS,Completed
7094,4360,2024-05-09,118.03,Beauty,Google Search,Completed
7095,1642,2023-03-27,213.71,Apparel,Organic,Completed
7096,4812,2022-03-01,157.07,Sports,Email,Completed
7100,5760,2024-01-11,175.48,Electronics,Google Search,Completed
7102,5129,2023-11-05,194.2,Sports,Email,Completed
7103,1230,2022-10-10,618.84,Sports,Organic,Completed
7105,3622,2023-03-02,244.81,Beauty,Organic,Completed
7109,5911,2024-05-19,199.68,Apparel,Google Search,Completed
7111,4402,2024-09-30,139.75,Apparel,Organic,Completed
7122,1146,2023-06-05,297.22,Electronics,Organic,Completed
7127,5303,2023-05-27,146.89,Home & Kitchen,Paid Social,Completed
7128,2153,2022-08-21,154.76,Electronics,SMS,Completed
7129,1959,2022-07-28,139.76,Beauty,Email,Completed
7130,2676,2023-03-21,1415.53,Electronics,Paid Social,Completed
7133,2521,2024-08-18,340.11,Sports,Google Search,Completed
7136,1561,2023-03-03,402.76,Beauty,Email,Completed
7141,3025,2023-06-06,1268.78,Home & Kitchen,Email,Completed
7143,3906,2024-09-08,123.63,Beauty,Organic,Completed
7144,1806,2022-07-14,443.13,Home & Kitchen,Google Search,Completed
7145,1793,2023-07-30,181.84,Home & Kitchen,SMS,Completed
7146,2926,2022-03-12,249.43,Beauty,Google Search,Completed
7147,4187,2024-08-15,867.04,Home & Kitchen,Organic,Completed
7148,1751,2022-12-31,762.98,Electronics,Google Search,Completed
7149,5044,2023-10-31,510.23,Sports,Email,Completed
7151,1037,2024-08-17,38.29,Home & Kitchen,Paid Social,Completed
7153,1058,2022-08-30,417.98,Apparel,Paid Social,Completed
7155,5131,2022-02-13,618.18,Sports,Paid Social,Completed
7156,2234,2022-07-20,96.3,Electronics,Email,Completed
7158,4913,2024-07-10,380.08,Sports,SMS,Completed
7159,2675,2024-04-12,275.75,Sports,Email,Completed
7160,5660,2023-01-26,67.18,Electronics,SMS,Completed
7161,1922,2022-05-18,1471.83,Sports,Google Search,Completed
7162,4766,2024-06-01,97.06,Apparel,Google Search,Completed
7163,2373,2024-04-20,82.3,Beauty,Google Search,Completed
7167,5778,2024-08-07,126.57,Sports,SMS,Completed
7169,5712,2024-05-19,348.6,Electronics,SMS,Completed
7170,1360,2023-12-27,156.2,Apparel,Google Search,Completed
7171,5323,2023-12-28,667.46,Apparel,Paid Social,Completed
7172,3728,2023-08-23,130.29,Home & Kitchen,Paid Social,Completed
7174,4046,2023-01-07,876.72,Sports,Google Search,Completed
7177,3446,2023-09-24,381.06,Sports,Paid Social,Completed
7178,3515,2024-12-03,146.35,Sports,Google Search,Completed
7179,3665,2023-11-20,405.74,Sports,Paid Social,Completed
7180,4043,2022-05-02,175.12,Electronics,Google Search,Completed
7187,4594,2023-11-17,161.41,Electronics,SMS,Completed
7188,2894,2022-07-23,323.74,Home & Kitchen,Email,Completed
7189,4875,2022-11-02,219.93,Home & Kitchen,Email,Completed
7191,2140,2022-09-22,452.17,Electronics,Paid Social,Completed
7193,5314,2023-04-05,148.85,Sports,SMS,Completed
7194,5506,2022-08-23,500.34,Sports,Google Search,Completed
7195,2974,2022-10-23,243.28,Home & Kitchen,SMS,Completed
7197,2499,2022-10-27,144.28,Electronics,Email,Completed
7201,1730,2022-06-10,210.55,Beauty,Paid Social,Completed
7205,3486,2024-05-04,243.13,Apparel,Email,Completed
7206,1137,2022-06-22,366.11,Apparel,Paid Social,Completed
7207,1592,2022-10-24,184.89,Beauty,SMS,Completed
7208,2038,2023-11-22,291.99,Sports,Email,Completed
7209,5811,2023-06-07,131.52,Electronics,SMS,Completed
7213,4766,2022-10-17,390.31,Sports,SMS,Completed
7214,4191,2022-03-01,381.53,Sports,Email,Completed
7218,1402,2023-05-06,126.47,Beauty,Organic,Completed
7219,4778,2022-08-19,662.61,Beauty,Paid Social,Completed
7220,3905,2024-10-26,502.04,Apparel,Organic,Completed
7221,5430,2022-05-13,74.68,Sports,Email,Completed
7222,5294,2022-08-12,470.77,Electronics,Organic,Completed
7224,1791,2023-08-25,1679.36,Electronics,SMS,Completed
7225,5643,2023-07-24,106.56,Apparel,Google Search,Completed
7226,5504,2024-10-01,84.8,Electronics,SMS,Completed
7227,1634,2022-09-07,553.55,Sports,Email,Completed
7230,3413,2022-06-27,1245.26,Electronics,Google Search,Completed
7234,3157,2024-10-31,1496.45,Beauty,Paid Social,Completed
7236,5718,2023-06-03,394.93,Electronics,SMS,Completed
7237,1380,2022-07-03,110.87,Sports,SMS,Completed
7238,2165,2024-06-02,236.6,Electronics,Email,Completed
7239,3927,2023-08-11,988.0,Beauty,Google Search,Completed
7240,1991,2023-09-20,803.95,Sports,Email,Completed
7242,3852,2022-03-03,506.7,Beauty,Paid Social,Completed
7243,4131,2024-07-11,281.59,Sports,SMS,Completed
7245,3036,2022-01-17,58.91,Apparel,SMS,Completed
7247,2941,2022-03-15,106.38,Sports,Organic,Completed
7250,2694,2022-06-19,40.72,Beauty,SMS,Completed
7251,4136,2024-06-27,322.78,Apparel,SMS,Completed
7256,5448,2024-11-08,124.23,Apparel,SMS,Completed
7257,5268,2023-11-07,78.8,Electronics,Organic,Completed
7259,2106,2022-03-30,179.92,Apparel,SMS,Completed
7261,3015,2023-03-06,314.25,Home & Kitchen,SMS,Completed
7262,3792,2024-08-09,267.25,Home & Kitchen,Organic,Completed
7265,4277,2022-08-19,228.66,Sports,Paid Social,Completed
7266,3482,2022-02-10,116.13,Home & Kitchen,SMS,Completed
7267,3225,2024-01-25,261.12,Apparel,Paid Social,Completed
7269,1591,2023-11-06,205.03,Beauty,Email,Completed
7273,3938,2023-04-25,289.01,Sports,Organic,Completed
7274,5367,2024-10-02,404.84,Home & Kitchen,SMS,Completed
7276,2819,2024-08-25,152.27,Electronics,SMS,Completed
7278,5908,2022-07-24,193.16,Electronics,Organic,Completed
7279,4514,2024-10-07,155.15,Apparel,Email,Completed
7282,1274,2022-02-25,698.59,Electronics,Organic,Completed
7283,4830,2024-04-26,126.85,Apparel,SMS,Completed
7284,2334,2023-07-13,297.64,Electronics,Organic,Completed
7285,1944,2024-12-30,295.37,Apparel,SMS,Completed
7287,4102,2023-09-04,611.09,Sports,SMS,Completed
7288,4909,2024-05-09,372.93,Beauty,Paid Social,Completed
7289,1336,2024-02-19,67.57,Electronics,Email,Completed
7291,4931,2022-02-04,1643.29,Apparel,SMS,Completed
7294,4869,2022-04-21,101.96,Electronics,Organic,Completed
7296,1616,2023-12-18,87.23,Beauty,Paid Social,Completed
7297,4244,2024-07-17,553.59,Apparel,SMS,Completed
7301,1546,2022-12-18,126.79,Electronics,Email,Completed
7305,1982,2024-11-11,315.39,Home & Kitchen,Email,Completed
7306,5232,2024-09-09,168.61,Electronics,Organic,Completed
7307,4101,2024-11-16,155.15,Sports,Paid Social,Completed
7308,2299,2022-08-30,1721.19,Apparel,Google Search,Completed
7309,4056,2023-09-20,657.2,Home & Kitchen,Google Search,Completed
7310,2409,2023-08-29,408.04,Home & Kitchen,Email,Completed
7313,1756,2024-03-13,555.81,Beauty,Google Search,Completed
7314,4803,2023-07-22,163.37,Sports,SMS,Completed
7315,2171,2023-11-07,203.79,Apparel,SMS,Completed
7316,1442,2023-03-24,504.16,Sports,Email,Completed
7317,5123,2024-01-19,69.98,Apparel,Google Search,Completed
7319,3305,2023-10-02,288.22,Sports,SMS,Completed
7320,4558,2023-01-31,438.39,Home & Kitchen,SMS,Completed
7321,3018,2023-01-13,171.67,Beauty,Paid Social,Completed
7323,2861,2022-05-16,288.59,Apparel,Google Search,Completed
7325,1928,2022-10-09,378.68,Home & Kitchen,SMS,Completed
7326,2386,2022-06-27,591.01,Sports,Google Search,Completed
7327,3771,2024-02-24,285.3,Apparel,Paid Social,Completed
7328,2001,2024-01-27,91.3,Home & Kitchen,Paid Social,Completed
7331,1128,2022-12-28,135.98,Sports,Organic,Completed
7333,4980,2022-03-16,289.69,Electronics,Google Search,Completed
7334,3350,2024-12-21,288.44,Sports,Paid Social,Completed
7335,2037,2023-03-28,251.11,Sports,Email,Completed
7337,3398,2022-08-11,847.69,Home & Kitchen,Paid Social,Completed
7338,1713,2023-09-29,189.33,Beauty,Organic,Completed
7339,5738,2023-11-04,519.59,Apparel,Email,Completed
7340,3634,2022-11-15,238.29,Electronics,Email,Completed
7341,1267,2023-04-11,433.73,Apparel,SMS,Completed
7342,5295,2022-06-06,140.24,Sports,Google Search,Completed
7343,3968,2024-10-16,210.53,Home & Kitchen,Google Search,Completed
7348,3265,2023-05-27,267.93,Home & Kitchen,Paid Social,Completed
7349,2280,2023-09-24,103.68,Home & Kitchen,Google Search,Completed
7352,3567,2023-10-23,111.63,Apparel,SMS,Completed
7353,5396,2022-08-01,191.59,Electronics,Paid Social,Completed
7354,5056,2022-07-27,106.65,Beauty,SMS,Completed
7356,3184,2022-04-19,291.79,Sports,Paid Social,Completed
7357,1335,2023-09-21,606.51,Sports,Organic,Completed
7358,2578,2022-01-19,344.94,Electronics,Paid Social,Completed
7359,4498,2024-12-23,291.3,Apparel,SMS,Completed
7361,3760,2022-06-23,58.91,Beauty,Organic,Completed
7362,5757,2023-06-28,97.99,Sports,Email,Completed
7363,4691,2023-02-08,361.73,Sports,Google Search,Completed
7364,2699,2022-03-17,314.24,Sports,Organic,Completed
7365,3309,2024-11-13,101.63,Sports,Google Search,Completed
7369,5014,2024-04-25,300.09,Home & Kitchen,Paid Social,Completed
7371,4330,2022-05-02,136.45,Apparel,SMS,Completed
7374,3677,2023-09-26,248.5,Home & Kitchen,Google Search,Completed
7376,1948,2023-12-03,427.64,Electronics,Google Search,Completed
7377,1773,2023-03-09,652.34,Apparel,Paid Social,Completed
7378,2146,2022-01-28,233.06,Home & Kitchen,Paid Social,Completed
7380,2148,2024-08-17,723.14,Beauty,Google Search,Completed
7382,4302,2024-04-11,124.08,Sports,Paid Social,Completed
7383,2955,2022-01-16,7055.91,Electronics,Organic,Completed
7384,5817,2023-10-03,261.5,Beauty,Paid Social,Completed
7392,4855,2024-12-16,163.97,Home & Kitchen,Organic,Completed
7394,3937,2022-12-04,271.19,Home & Kitchen,SMS,Completed
7395,2807,2024-06-14,189.74,Electronics,Email,Completed
7398,4855,2022-08-28,605.06,Sports,Organic,Completed
7399,5744,2022-02-07,348.87,Apparel,Google Search,Completed
7400,2979,2023-10-28,1016.25,Home & Kitchen,SMS,Completed
7402,3078,2024-10-26,117.49,Apparel,SMS,Completed
7403,4894,2023-12-19,58.24,Apparel,Email,Completed
7404,3456,2022-07-20,173.27,Electronics,Organic,Completed
7406,5665,2022-04-25,407.07,Electronics,Paid Social,Completed
7407,3994,2024-05-19,467.86,Beauty,Organic,Completed
7411,1984,2024-04-05,158.59,Electronics,Email,Completed
7413,3666,2023-11-30,1129.71,Apparel,Paid Social,Completed
7414,5563,2023-07-28,380.34,Home & Kitchen,SMS,Completed
7417,2641,2022-07-31,81.21,Home & Kitchen,Google Search,Completed
7418,5133,2022-07-15,83.97,Electronics,SMS,Completed
7419,4092,2023-11-10,148.78,Sports,Paid Social,Completed
7420,2562,2023-10-26,195.58,Electronics,Google Search,Completed
7421,1766,2022-10-19,243.22,Sports,SMS,Completed
7422,2144,2024-06-19,293.11,Sports,Paid Social,Completed
7427,1745,2022-05-03,346.62,Beauty,SMS,Completed
7430,2475,2024-06-24,378.46,Beauty,Email,Completed
7432,4958,2023-11-13,665.88,Electronics,Google Search,Completed
7434,4391,2022-12-10,199.22,Apparel,Organic,Completed
7436,2583,2023-10-14,525.82,Home & Kitchen,Email,Completed
7440,4200,2023-01-23,133.67,Electronics,Paid Social,Completed
7442,4482,2023-05-04,225.5,Apparel,Email,Completed
7443,5849,2023-09-28,499.28,Beauty,Google Search,Completed
7444,4671,2024-05-27,235.04,Beauty,SMS,Completed
7445,1131,2023-04-30,554.97,Sports,SMS,Completed
7446,4697,2022-07-06,98.93,Apparel,SMS,Completed
7448,2146,2023-12-16,259.92,Sports,Google Search,Completed
7449,4514,2023-02-18,106.72,Sports,Organic,Completed
7450,4244,2023-09-26,169.2,Electronics,SMS,Completed
7451,2586,2022-08-07,212.61,Electronics,Google Search,Completed
7452,3498,2022-12-28,566.95,Apparel,Email,Completed
7453,4121,2022-12-10,450.96,Beauty,Email,Completed
7455,2602,2024-05-09,613.47,Beauty,Organic,Completed
7456,2704,2023-07-09,1341.71,Home & Kitchen,Google Search,Completed
7457,4524,2023-10-13,248.3,Home & Kitchen,SMS,Completed
7458,4728,2022-03-29,676.58,Apparel,Organic,Completed
7461,5620,2022-07-30,195.19,Electronics,Google Search,Completed
7465,2413,2024-03-16,178.43,Apparel,Paid Social,Completed
7466,4247,2022-02-20,252.1,Home & Kitchen,Google Search,Completed
7468,5375,2023-07-17,113.31,Apparel,Paid Social,Completed
7470,4954,2022-09-11,225.43,Electronics,SMS,Completed
7471,4253,2023-05-22,173.06,Beauty,Email,Completed
7472,2491,2023-02-05,881.57,Beauty,SMS,Completed
7473,3048,2022-09-13,481.84,Home & Kitchen,SMS,Completed
7475,1926,2022-07-27,340.17,Home & Kitchen,Paid Social,Completed
7478,1110,2022-11-29,292.37,Home & Kitchen,SMS,Completed
7480,1341,2024-02-12,141.22,Apparel,Organic,Completed
7481,1649,2022-04-04,369.74,Home & Kitchen,Email,Completed
7485,3395,2024-05-27,176.02,Sports,Paid Social,Completed
7488,1721,2023-04-10,535.82,Beauty,Paid Social,Completed
7489,2397,2023-07-21,815.51,Home & Kitchen,SMS,Completed
7490,1529,2022-01-02,55.29,Beauty,Google Search,Completed
7491,2547,2024-12-15,99.78,Sports,Paid Social,Completed
7492,5071,2022-01-31,368.33,Sports,Organic,Completed
7493,5857,2022-05-28,178.41,Sports,Paid Social,Completed
7495,4487,2022-10-22,396.21,Electronics,Paid Social,Completed
7497,4380,2022-10-22,613.19,Beauty,Google Search,Completed
7498,1102,2023-04-25,244.32,Apparel,Paid Social,Completed
7499,1572,2023-01-17,135.03,Beauty,Organic,Completed
7501,1299,2022-10-24,155.59,Electronics,Google Search,Completed
7502,5149,2022-07-10,153.0,Home & Kitchen,Organic,Completed
7503,4002,2024-06-24,309.76,Electronics,Organic,Completed
7504,3441,2024-11-07,189.17,Apparel,SMS,Completed
7506,2390,2022-04-09,291.45,Apparel,Organic,Completed
7509,1405,2024-03-24,78.85,Sports,Email,Completed
7510,5013,2022-12-22,82.07,Beauty,SMS,Completed
7511,1674,2022-12-28,234.82,Beauty,Email,Completed
7517,4967,2022-12-25,1160.71,Beauty,SMS,Completed
7518,3278,2024-01-17,480.61,Apparel,Organic,Completed
7520,2186,2022-07-24,469.77,Apparel,Paid Social,Completed
7521,2414,2024-09-08,898.14,Apparel,SMS,Completed
7522,2839,2023-02-17,334.1,Electronics,Paid Social,Completed
7524,1339,2022-04-03,281.82,Home & Kitchen,Google Search,Completed
7525,3250,2023-09-20,383.9,Beauty,Paid Social,Completed
7527,1328,2024-06-09,40.75,Sports,Email,Completed
7528,2324,2024-07-14,272.34,Apparel,Email,Completed
7530,5215,2023-05-23,251.75,Apparel,Organic,Completed
7531,3187,2022-03-08,778.91,Apparel,Email,Completed
7532,3867,2024-10-26,533.67,Beauty,Organic,Completed
7533,1509,2024-01-16,654.1,Sports,Paid Social,Completed
7534,1488,2022-10-14,573.43,Apparel,Organic,Completed
7535,5978,2022-03-01,188.89,Home & Kitchen,Organic,Completed
7536,1052,2022-01-29,197.59,Home & Kitchen,Organic,Completed
7537,4693,2023-05-23,139.13,Sports,Email,Completed
7538,1032,2022-11-17,450.14,Home & Kitchen,Paid Social,Completed
7543,3869,2022-01-07,259.02,Electronics,Paid Social,Completed
7545,5917,2022-06-02,609.57,Sports,Google Search,Completed
7546,5034,2024-10-18,541.26,Beauty,SMS,Completed
7548,5693,2023-05-10,484.04,Sports,Organic,Completed
7549,5286,2024-12-11,1838.75,Home & Kitchen,Organic,Completed
7550,4930,2024-07-16,285.33,Sports,Organic,Completed
7552,5490,2022-07-08,1250.87,Electronics,Google Search,Completed
7554,5058,2022-04-11,154.01,Beauty,Paid Social,Completed
7555,2550,2022-10-09,453.09,Apparel,Organic,Completed
7556,3901,2022-09-30,271.99,Sports,Organic,Completed
7558,1108,2022-05-30,332.67,Beauty,Email,Completed
7559,1261,2022-04-02,188.31,Electronics,Paid Social,Completed
7564,5415,2023-10-16,108.98,Home & Kitchen,SMS,Completed
7566,2095,2022-12-20,534.93,Beauty,Paid Social,Completed
7567,5412,2022-05-15,654.11,Sports,Organic,Completed
7569,1232,2022-09-21,33.4,Sports,Paid Social,Completed
7572,4427,2022-09-25,1238.52,Electronics,Google Search,Completed
7574,2404,2022-03-31,89.45,Beauty,Paid Social,Completed
7577,3653,2023-09-02,211.52,Sports,Organic,Completed
7578,3125,2024-10-30,364.97,Home & Kitchen,Google Search,Completed
7580,2526,2023-10-22,372.21,Sports,Google Search,Completed
7582,3564,2024-08-31,514.7,Electronics,Organic,Completed
7584,3520,2024-06-15,322.73,Home & Kitchen,Paid Social,Completed
7587,3949,2022-04-09,470.06,Apparel,Paid Social,Completed
7588,5380,2023-12-27,293.92,Home & Kitchen,Google Search,Completed
7589,2797,2023-06-06,85.92,Apparel,Organic,Completed
7593,5123,2024-05-05,927.71,Beauty,SMS,Completed
7596,2886,2022-01-25,117.93,Sports,SMS,Completed
7598,4297,2023-04-16,551.51,Home & Kitchen,Organic,Completed
7600,4538,2024-06-04,110.17,Sports,SMS,Completed
7601,4262,2022-09-04,106.01,Sports,Google Search,Completed
7603,5205,2023-08-31,934.38,Electronics,Organic,Completed
7604,2901,2022-01-18,291.63,Sports,Organic,Completed
7605,1786,2024-06-08,365.64,Beauty,Google Search,Completed
7606,2958,2024-06-04,180.32,Apparel,Google Search,Completed
7607,5668,2022-09-02,217.4,Home & Kitchen,Google Search,Completed
7608,2616,2022-01-08,62.79,Sports,Paid Social,Completed
7610,4083,2023-01-01,273.75,Home & Kitchen,Organic,Completed
7612,2898,2024-05-27,814.93,Sports,Google Search,Completed
7613,2027,2023-07-29,380.45,Sports,Email,Completed
7614,3167,2023-07-26,115.43,Electronics,Organic,Completed
7615,3823,2022-04-16,166.54,Apparel,Paid Social,Completed
7617,4546,2024-06-16,559.24,Electronics,Email,Completed
7620,5144,2022-10-14,234.93,Home & Kitchen,Organic,Completed
7621,2793,2024-04-19,75.31,Home & Kitchen,Email,Completed
7622,3849,2024-07-03,524.56,Electronics,SMS,Completed
7623,5561,2022-08-25,39.0,Home & Kitchen,Paid Social,Completed
7624,5448,2024-02-11,205.74,Beauty,Organic,Completed
7625,3409,2023-04-28,237.62,Beauty,Email,Completed
7628,2493,2022-08-14,57.32,Beauty,Email,Completed
7629,3652,2024-05-10,117.56,Apparel,Paid Social,Completed
7630,2989,2023-03-10,72.21,Home & Kitchen,SMS,Completed
7633,2910,2023-06-02,206.15,Electronics,Organic,Completed
7634,1931,2023-09-23,101.16,Home & Kitchen,Google Search,Completed
7635,4253,2022-01-20,137.55,Apparel,Paid Social,Completed
7636,3805,2023-03-01,445.71,Beauty,SMS,Completed
7640,4398,2023-04-17,595.51,Apparel,Organic,Completed
7642,3963,2023-06-05,147.39,Electronics,Google Search,Completed
7645,1286,2024-06-19,216.89,Home & Kitchen,Paid Social,Completed
7646,4760,2022-01-02,426.84,Beauty,Paid Social,Completed
7648,2543,2022-10-03,148.93,Beauty,SMS,Completed
7649,1068,2022-05-01,691.53,Apparel,Google Search,Completed
7650,1675,2024-02-19,160.56,Electronics,Organic,Completed
7651,2349,2024-04-26,169.0,Apparel,Email,Completed
7652,3040,2022-02-23,54.33,Electronics,Email,Completed
7653,4581,2023-08-13,64.5,Electronics,SMS,Completed
7654,4937,2022-01-29,53.1,Home & Kitchen,Paid Social,Completed
7655,2876,2023-11-25,661.81,Sports,Organic,Completed
7656,2523,2024-07-24,380.77,Beauty,Organic,Completed
7660,5881,2024-06-22,185.54,Home & Kitchen,SMS,Completed
7661,2983,2022-06-06,228.03,Sports,SMS,Completed
7662,3752,2022-05-05,85.09,Beauty,Email,Completed
7663,1991,2023-10-31,501.84,Beauty,Organic,Completed
7664,3806,2022-04-29,100.11,Beauty,Google Search,Completed
7665,3235,2024-06-08,167.7,Home & Kitchen,Paid Social,Completed
7666,4272,2023-05-24,732.04,Apparel,Paid Social,Completed
7667,4841,2022-10-30,289.78,Electronics,Email,Completed
7668,3823,2024-01-12,524.44,Electronics,Google Search,Completed
7670,4812,2023-10-13,568.04,Apparel,SMS,Completed
7672,4098,2023-11-13,46.45,Apparel,Paid Social,Completed
7673,5221,2023-12-07,70.53,Home & Kitchen,Paid Social,Completed
7674,1120,2024-03-06,111.32,Home & Kitchen,SMS,Completed
7676,2343,2022-08-04,112.46,Beauty,Email,Completed
7677,3900,2023-12-12,628.98,Electronics,Organic,Completed
7678,2414,2023-09-16,381.47,Home & Kitchen,SMS,Completed
7682,5814,2024-11-30,71.94,Electronics,Paid Social,Completed
7684,3913,2023-07-26,320.08,Beauty,SMS,Completed
7685,1949,2023-07-23,2358.32,Electronics,Google Search,Completed
7686,4153,2023-06-06,611.04,Home & Kitchen,SMS,Completed
7688,5769,2022-12-21,221.55,Home & Kitchen,Google Search,Completed
7694,4334,2023-05-04,85.62,Electronics,Paid Social,Completed
7696,5646,2023-12-30,386.43,Beauty,Organic,Completed
7697,1606,2022-07-27,441.99,Sports,Organic,Completed
7698,5462,2023-05-07,134.43,Home & Kitchen,Organic,Completed
7700,1946,2022-08-06,665.47,Home & Kitchen,Organic,Completed
7701,2031,2024-07-02,532.08,Apparel,Paid Social,Completed
7702,3182,2023-11-01,281.53,Sports,Organic,Completed
7703,5356,2022-11-14,1951.75,Home & Kitchen,Organic,Completed
7704,5767,2023-06-24,343.92,Home & Kitchen,Google Search,Completed
7705,3249,2022-01-12,239.33,Electronics,Google Search,Completed
7707,4149,2024-09-04,191.61,Beauty,Organic,Completed
7708,2630,2022-11-05,79.41,Beauty,Paid Social,Completed
7709,4157,2022-11-02,137.72,Home & Kitchen,Google Search,Completed
7710,4067,2024-10-17,995.8,Electronics,Organic,Completed
7713,3960,2024-03-16,58.33,Home & Kitchen,Google Search,Completed
7714,1969,2023-06-24,1084.27,Beauty,Google Search,Completed
7715,5668,2022-06-13,450.58,Beauty,Paid Social,Completed
7717,5809,2024-11-18,954.55,Beauty,Organic,Completed
7719,4920,2024-08-24,1822.79,Electronics,Email,Completed
7720,2740,2024-04-13,210.32,Electronics,Email,Completed
7721,4360,2024-07-30,77.49,Apparel,Paid Social,Completed
7722,3740,2023-07-26,136.84,Home & Kitchen,Organic,Completed
7723,4190,2024-06-16,84.75,Sports,SMS,Completed
7724,1010,2024-02-14,540.52,Beauty,Google Search,Completed
7725,1498,2023-09-02,173.33,Home & Kitchen,Email,Completed
7726,5267,2022-05-16,39.44,Sports,Email,Completed
7727,4128,2022-12-05,63.84,Electronics,Organic,Completed
7728,5761,2022-09-11,57.98,Home & Kitchen,Paid Social,Completed
7731,3695,2022-05-30,97.66,Home & Kitchen,Paid Social,Completed
7735,5529,2023-05-29,145.24,Apparel,Email,Completed
7737,1226,2024-09-20,1103.98,Electronics,Email,Completed
7738,4414,2024-08-16,160.99,Sports,Organic,Completed
7741,3949,2024-05-27,424.26,Electronics,SMS,Completed
7742,4235,2024-12-30,621.34,Apparel,SMS,Completed
7745,5793,2024-03-23,431.34,Apparel,Organic,Completed
7746,4607,2023-03-20,176.27,Beauty,Paid Social,Completed
7747,4096,2023-07-02,213.77,Electronics,Paid Social,Completed
7748,5084,2024-02-11,487.76,Beauty,Google Search,Completed
7750,2881,2022-04-20,739.35,Apparel,Email,Completed
7751,4326,2024-10-06,329.42,Sports,Organic,Completed
7753,5511,2022-11-20,329.76,Apparel,Google Search,Completed
7754,5094,2022-01-21,96.19,Sports,Email,Completed
7758,1051,2024-10-26,399.92,Beauty,SMS,Completed
7759,3146,2022-04-06,178.44,Beauty,SMS,Completed
7760,2387,2024-04-27,89.49,Sports,Email,Completed
7761,4314,2022-09-28,141.07,Apparel,Email,Completed
7762,4243,2024-04-19,540.95,Electronics,Email,Completed
7763,1764,2024-10-31,297.61,Sports,Organic,Completed
7764,5525,2023-03-29,71.57,Electronics,Paid Social,Completed
7766,3531,2022-06-08,773.46,Home & Kitchen,SMS,Completed
7767,1867,2022-07-02,217.14,Beauty,Google Search,Completed
7768,2278,2022-08-19,229.65,Home & Kitchen,Email,Completed
7769,5656,2024-06-08,204.21,Apparel,Paid Social,Completed
7771,1295,2022-02-24,421.09,Electronics,SMS,Completed
7772,5608,2022-02-25,161.74,Home & Kitchen,Organic,Completed
7773,4767,2023-01-27,626.14,Apparel,SMS,Completed
7774,3339,2023-09-03,79.78,Electronics,Organic,Completed
7775,1322,2023-05-04,732.43,Beauty,Organic,Completed
7776,2649,2022-11-19,335.89,Apparel,Google Search,Completed
7777,2758,2024-12-14,92.95,Beauty,Paid Social,Completed
7778,3870,2023-04-25,861.21,Home & Kitchen,Organic,Completed
7781,5079,2022-12-04,45.51,Apparel,Google Search,Completed
7782,1127,2023-04-24,131.34,Sports,Email,Completed
7783,1595,2022-03-14,201.3,Apparel,SMS,Completed
7785,1617,2023-11-09,478.61,Apparel,Email,Completed
7788,4045,2023-11-01,149.12,Sports,Paid Social,Completed
7789,4621,2023-05-23,171.18,Electronics,Google Search,Completed
7790,1947,2023-11-20,335.29,Sports,Email,Completed
7792,5136,2023-12-11,483.76,Electronics,Paid Social,Completed
7796,2476,2022-06-24,59.16,Electronics,Google Search,Completed
7797,4563,2023-11-09,379.23,Sports,SMS,Completed
7799,5890,2024-12-05,70.06,Apparel,SMS,Completed
7800,4144,2024-08-03,237.48,Electronics,Email,Completed
7801,5343,2022-12-13,648.71,Apparel,SMS,Completed
7802,4319,2022-06-03,441.86,Electronics,Email,Completed
7804,5128,2023-03-24,305.44,Electronics,Google Search,Completed
7805,3232,2022-07-16,792.99,Apparel,SMS,Completed
7807,3915,2022-10-24,219.04,Beauty,SMS,Completed
7808,4483,2022-06-24,301.98,Electronics,Paid Social,Completed
7809,1985,2023-11-08,494.74,Home & Kitchen,Email,Completed
7812,5028,2024-02-17,243.37,Home & Kitchen,SMS,Completed
7813,1559,2023-06-30,61.39,Electronics,Organic,Completed
7814,5772,2023-05-23,83.09,Electronics,Google Search,Completed
7815,2476,2024-06-10,88.49,Sports,Organic,Completed
7817,2734,2022-12-21,983.11,Home & Kitchen,Google Search,Completed
7819,1724,2024-10-09,241.92,Sports,Google Search,Completed
7820,2307,2024-03-22,304.92,Beauty,Paid Social,Completed
7822,4927,2024-11-23,310.55,Sports,Organic,Completed
7823,5777,2024-05-12,653.68,Beauty,Google Search,Completed
7824,5688,2022-04-23,119.32,Sports,SMS,Completed
7826,1927,2022-05-07,452.38,Electronics,Email,Completed
7830,4662,2024-04-12,50.67,Home & Kitchen,Organic,Completed
7834,1542,2022-09-21,1062.54,Apparel,Google Search,Completed
7835,5792,2022-11-21,78.49,Beauty,Paid Social,Completed
7836,2335,2023-10-10,74.66,Electronics,Organic,Completed
7837,1354,2022-08-13,139.52,Beauty,Organic,Completed
7838,4945,2024-05-15,392.4,Home & Kitchen,Paid Social,Completed
7839,2258,2023-12-30,231.72,Sports,Paid Social,Completed
7841,3975,2024-01-26,81.57,Apparel,Email,Completed
7842,3681,2023-01-31,120.27,Home & Kitchen,Google Search,Completed
7843,4061,2023-10-10,1083.34,Sports,SMS,Completed
7844,5624,2022-08-20,218.77,Sports,Paid Social,Completed
7845,2064,2023-02-26,1266.43,Sports,Google Search,Completed
7846,5020,2023-09-05,457.53,Electronics,Organic,Completed
7848,1101,2023-12-20,399.37,Home & Kitchen,Google Search,Completed
7849,2063,2022-06-05,58.58,Electronics,Google Search,Completed
7850,1128,2022-09-17,667.91,Electronics,Email,Completed
7851,1587,2024-07-01,319.13,Home & Kitchen,Email,Completed
7852,4784,2023-06-10,49.22,Sports,SMS,Completed
7853,5029,2022-05-07,252.24,Apparel,Organic,Completed
7854,3330,2024-11-08,201.52,Home & Kitchen,Organic,Completed
7855,2756,2022-08-27,606.79,Beauty,SMS,Completed
7856,2796,2024-11-17,141.31,Apparel,Google Search,Completed
7859,1962,2024-10-24,44.58,Apparel,Email,Completed
7860,3955,2024-01-04,76.99,Apparel,Paid Social,Completed
7861,3545,2024-04-17,220.73,Home & Kitchen,Google Search,Completed
7862,4036,2024-02-14,181.32,Apparel,Google Search,Completed
7866,4795,2024-07-25,194.24,Apparel,Google Search,Completed
7867,4492,2023-05-04,60.79,Home & Kitchen,Organic,Completed
7869,1437,2022-05-15,39.3,Electronics,Organic,Completed
7870,5333,2024-10-30,320.32,Beauty,Email,Completed
7871,3339,2022-05-07,334.51,Electronics,Google Search,Completed
7872,5891,2023-08-04,653.22,Beauty,Paid Social,Completed
7873,4633,2022-07-31,162.62,Beauty,Organic,Completed
7876,1230,2023-09-04,309.38,Home & Kitchen,Email,Completed
7879,5587,2023-03-21,894.04,Electronics,Organic,Completed
7881,5005,2024-12-03,357.69,Sports,Google Search,Completed
7882,5501,2024-02-15,246.2,Home & Kitchen,Email,Completed
7883,3916,2024-06-02,500.77,Electronics,Google Search,Completed
7885,2297,2024-04-19,74.31,Apparel,Google Search,Completed
7886,3126,2023-09-23,91.31,Sports,SMS,Completed
7888,2075,2024-10-26,177.86,Home & Kitchen,Paid Social,Completed
7889,5871,2022-01-20,212.71,Electronics,Email,Completed
7891,5989,2024-04-30,389.41,Apparel,Google Search,Completed
7892,1993,2022-06-01,70.87,Electronics,SMS,Completed
7893,2026,2024-06-16,368.34,Apparel,Paid Social,Completed
7895,4578,2024-10-25,395.99,Electronics,Organic,Completed
7897,5235,2022-03-17,202.73,Beauty,Email,Completed
7898,5704,2022-05-05,291.86,Apparel,Organic,Completed
7899,3514,2023-12-25,170.27,Home & Kitchen,Paid Social,Completed
7900,2696,2023-03-20,261.89,Home & Kitchen,SMS,Completed
7902,3103,2024-10-04,191.68,Electronics,Paid Social,Completed
7904,2268,2022-03-27,428.28,Beauty,SMS,Completed
7905,1823,2022-01-05,135.61,Sports,Google Search,Completed
7907,2188,2023-01-02,249.15,Electronics,Google Search,Completed
7910,5616,2024-08-25,312.9,Apparel,Google Search,Completed
7911,4275,2022-03-21,154.62,Beauty,Email,Completed
7912,5554,2023-05-09,430.59,Beauty,Google Search,Completed
7913,3771,2024-08-15,83.85,Sports,Google Search,Completed
7914,3214,2022-05-10,336.51,Sports,Google Search,Completed
7916,4661,2022-08-27,229.59,Home & Kitchen,SMS,Completed
7917,1413,2023-02-24,103.68,Electronics,SMS,Completed
7918,1466,2022-10-17,232.31,Apparel,SMS,Completed
7919,1044,2022-04-29,321.02,Beauty,SMS,Completed
7923,3615,2023-06-15,527.67,Home & Kitchen,Email,Completed
7925,4751,2024-01-14,127.01,Home & Kitchen,Email,Completed
7926,5829,2024-02-19,43.39,Home & Kitchen,SMS,Completed
7928,4134,2024-07-29,72.48,Electronics,Google Search,Completed
7929,5249,2023-11-10,275.67,Beauty,Paid Social,Completed
7930,3350,2023-10-11,147.74,Beauty,Google Search,Completed
7931,1494,2022-11-11,410.3,Electronics,Paid Social,Completed
7932,5548,2022-10-18,99.72,Sports,Paid Social,Completed
7934,2209,2023-11-30,326.74,Home & Kitchen,Email,Completed
7935,3576,2022-06-23,236.52,Electronics,Paid Social,Completed
7936,1947,2022-08-22,429.16,Home & Kitchen,SMS,Completed
7939,3827,2023-09-13,443.79,Apparel,Organic,Completed
7940,4085,2022-02-09,65.89,Electronics,Paid Social,Completed
7945,4869,2022-07-21,1000.69,Home & Kitchen,Google Search,Completed
7946,4558,2024-04-22,43.38,Sports,Email,Completed
7947,4737,2022-12-02,167.81,Apparel,Email,Completed
7949,5850,2024-01-17,203.97,Beauty,Paid Social,Completed
7952,4244,2023-08-25,269.37,Apparel,Google Search,Completed
7954,5955,2024-03-24,166.14,Apparel,Organic,Completed
7955,2752,2024-01-30,354.94,Sports,Email,Completed
7961,4092,2023-09-26,147.31,Beauty,Google Search,Completed
7962,5545,2022-07-22,419.34,Sports,Organic,Completed
7964,2944,2023-02-10,963.64,Sports,Paid Social,Completed
7967,2313,2023-06-17,269.0,Apparel,SMS,Completed
7968,4793,2022-10-03,100.96,Apparel,Paid Social,Completed
7974,5537,2023-10-13,188.72,Home & Kitchen,Email,Completed
7975,4641,2024-03-16,131.87,Sports,Google Search,Completed
7977,3102,2024-03-20,802.74,Home & Kitchen,Paid Social,Completed
7979,3254,2023-05-12,317.64,Home & Kitchen,Google Search,Completed
7980,4504,2022-08-20,353.05,Beauty,Email,Completed
7981,1533,2022-12-12,154.76,Apparel,Google Search,Completed
7982,4534,2022-09-18,86.37,Beauty,Google Search,Completed
7984,1450,2022-08-22,329.22,Beauty,Google Search,Completed
7986,4428,2023-09-22,370.71,Home & Kitchen,Paid Social,Completed
7987,3724,2022-06-17,27.87,Electronics,Organic,Completed
7990,2267,2023-07-23,577.42,Electronics,Google Search,Completed
7992,5750,2024-04-21,316.5,Electronics,Organic,Completed
7997,4746,2024-05-03,819.07,Beauty,Organic,Completed
7998,2242,2022-02-24,418.28,Apparel,Google Search,Completed
7999,5137,2023-09-23,1192.25,Beauty,Organic,Completed
8000,4099,2022-02-04,1052.32,Sports,Google Search,Completed
8001,4814,2023-07-02,65.35,Apparel,Organic,Completed
8002,2229,2023-06-03,359.51,Sports,Google Search,Completed
8003,2085,2023-10-05,309.17,Beauty,Email,Completed
8007,4785,2023-08-03,209.74,Electronics,Email,Completed
8008,4045,2023-10-26,208.47,Electronics,Organic,Completed
8009,1235,2023-10-23,578.33,Home & Kitchen,Organic,Completed
8012,5940,2022-10-07,105.35,Home & Kitchen,Paid Social,Completed
8013,2158,2024-06-12,128.72,Sports,SMS,Completed
8019,3935,2023-07-03,530.0,Beauty,SMS,Completed
8020,5218,2022-04-03,98.14,Home & Kitchen,Paid Social,Completed
8021,5823,2024-06-21,326.65,Home & Kitchen,SMS,Completed
8022,4868,2022-06-24,501.08,Sports,Paid Social,Completed
8023,1813,2024-09-03,79.31,Electronics,Google Search,Completed
8024,5275,2024-01-07,98.25,Beauty,SMS,Completed
8025,4564,2022-05-23,1048.25,Electronics,Email,Completed
8027,1487,2024-09-07,383.96,Sports,SMS,Completed
8028,2128,2024-05-09,163.97,Home & Kitchen,Email,Completed
8030,5260,2024-07-22,47.47,Electronics,Organic,Completed
8033,4677,2024-06-09,173.55,Beauty,SMS,Completed
8034,1590,2023-12-20,1220.72,Electronics,Google Search,Completed
8035,4475,2022-03-25,178.76,Home & Kitchen,Paid Social,Completed
8036,2479,2024-03-13,62.52,Apparel,Google Search,Completed
8037,2522,2023-10-29,447.62,Home & Kitchen,Email,Completed
8038,3917,2024-02-06,621.15,Home & Kitchen,SMS,Completed
8041,2173,2023-08-21,164.66,Beauty,Email,Completed
8042,3608,2023-03-21,753.64,Electronics,SMS,Completed
8043,2775,2024-10-21,562.63,Electronics,Email,Completed
8044,4340,2022-12-20,265.39,Home & Kitchen,SMS,Completed
8048,1476,2024-04-04,241.24,Sports,Google Search,Completed
8049,3562,2023-07-23,64.31,Beauty,Google Search,Completed
8051,3217,2023-10-03,433.78,Home & Kitchen,Email,Completed
8053,3471,2022-05-21,146.25,Electronics,Organic,Completed
8054,3995,2023-04-12,238.25,Home & Kitchen,SMS,Completed
8056,2688,2022-09-18,110.42,Home & Kitchen,Google Search,Completed
8058,1164,2022-03-29,1064.64,Beauty,Google Search,Completed
8059,5988,2024-05-25,403.39,Sports,Google Search,Completed
8060,5488,2024-07-03,59.4,Apparel,Paid Social,Completed
8062,3349,2022-06-21,387.52,Electronics,SMS,Completed
8064,1306,2024-10-02,157.32,Beauty,Paid Social,Completed
8065,2713,2024-01-01,272.56,Apparel,Paid Social,Completed
8068,4941,2023-01-08,152.06,Apparel,Email,Completed
8069,1184,2023-04-12,223.3,Electronics,Paid Social,Completed
8070,2374,2023-05-10,147.15,Sports,Email,Completed
8071,4258,2023-11-10,58.77,Sports,Paid Social,Completed
8072,2537,2022-03-07,230.39,Sports,Organic,Completed
8073,3946,2023-01-19,221.68,Apparel,Paid Social,Completed
8074,1851,2024-06-29,136.66,Sports,Google Search,Completed
8075,1962,2024-04-22,124.44,Beauty,Paid Social,Completed
8076,1222,2024-04-06,171.16,Beauty,Google Search,Completed
8077,3183,2024-08-12,837.2,Apparel,Email,Completed
8080,4763,2023-07-25,200.82,Apparel,Email,Completed
8081,3060,2022-07-26,106.12,Sports,Paid Social,Completed
8082,5324,2022-09-20,199.81,Electronics,Paid Social,Completed
8085,1645,2022-06-08,455.94,Beauty,Organic,Completed
8086,4100,2024-02-25,162.81,Sports,Email,Completed
8087,3294,2023-08-02,326.67,Sports,Organic,Completed
8089,5710,2023-06-01,200.51,Sports,SMS,Completed
8090,5619,2023-05-21,73.55,Home & Kitchen,SMS,Completed
8092,2693,2023-04-23,61.11,Beauty,Paid Social,Completed
8093,4258,2023-09-20,439.96,Beauty,Organic,Completed
8095,2791,2022-07-24,423.56,Apparel,Paid Social,Completed
8097,3583,2023-08-21,872.44,Beauty,Paid Social,Completed
8098,3939,2024-11-29,410.2,Apparel,Organic,Completed
8099,3176,2022-12-21,768.47,Home & Kitchen,Google Search,Completed
8100,5161,2024-09-06,430.33,Beauty,Paid Social,Completed
8101,3159,2023-08-06,121.32,Home & Kitchen,Email,Completed
8102,3812,2023-11-10,92.87,Apparel,Google Search,Completed
8103,1846,2023-07-30,558.48,Beauty,Google Search,Completed
8104,4248,2022-10-16,309.93,Sports,Paid Social,Completed
8106,2560,2022-04-05,215.8,Electronics,Google Search,Completed
8108,3620,2023-04-05,674.16,Beauty,Paid Social,Completed
8111,4998,2024-08-07,199.75,Sports,Email,Completed
8112,2001,2023-06-21,143.44,Apparel,Paid Social,Completed
8113,3074,2022-01-21,628.29,Apparel,SMS,Completed
8114,1875,2023-11-16,160.68,Beauty,Google Search,Completed
8115,2216,2023-02-24,473.25,Electronics,Email,Completed
8116,5406,2024-02-07,789.31,Sports,Email,Completed
8117,1068,2023-08-07,378.17,Beauty,SMS,Completed
8118,3336,2022-05-28,156.6,Sports,Email,Completed
8120,4083,2022-03-13,2074.83,Apparel,Email,Completed
8121,5859,2022-03-25,546.01,Home & Kitchen,SMS,Completed
8122,5299,2024-04-27,412.32,Sports,Google Search,Completed
8123,2229,2024-08-14,1352.75,Beauty,Organic,Completed
8125,3588,2024-05-29,514.65,Beauty,Paid Social,Completed
8126,3142,2024-11-29,274.19,Home & Kitchen,Organic,Completed
8127,2608,2023-10-10,241.73,Beauty,Organic,Completed
8128,3637,2022-10-17,851.3,Apparel,SMS,Completed
8129,2345,2022-01-26,97.71,Beauty,Paid Social,Completed
8130,1083,2022-11-20,581.99,Electronics,Paid Social,Completed
8131,1552,2024-01-31,57.64,Sports,Organic,Completed
8132,2178,2024-02-16,93.12,Sports,Email,Completed
8134,5885,2023-11-08,896.81,Sports,Email,Completed
8136,2599,2022-04-15,214.25,Electronics,Paid Social,Completed
8138,1761,2022-02-28,651.25,Sports,Google Search,Completed
8140,1618,2022-06-03,246.02,Sports,Google Search,Completed
8143,3210,2024-11-06,876.03,Sports,Google Search,Completed
8144,2510,2024-11-24,82.01,Apparel,Paid Social,Completed
8146,1340,2023-07-07,475.26,Beauty,Organic,Completed
8147,5378,2023-01-04,437.19,Sports,Organic,Completed
8148,3975,2022-03-14,393.23,Beauty,Paid Social,Completed
8151,2958,2024-08-13,445.1,Electronics,Organic,Completed
8153,1315,2023-04-10,231.76,Sports,Google Search,Completed
8154,3854,2024-02-04,414.91,Beauty,Google Search,Completed
8157,5580,2023-07-04,164.29,Apparel,Google Search,Completed
8158,3978,2023-05-04,102.32,Home & Kitchen,Organic,Completed
8159,3516,2024-04-14,116.62,Sports,Email,Completed
8161,3786,2022-12-30,3122.7,Beauty,Organic,Completed
8162,3643,2022-04-08,1473.49,Sports,SMS,Completed
8164,2530,2024-07-03,126.3,Electronics,Email,Completed
8165,5985,2024-09-28,232.87,Apparel,Organic,Completed
8167,5444,2022-03-24,67.15,Beauty,Paid Social,Completed
8171,5421,2024-05-02,218.27,Beauty,Organic,Completed
8172,3340,2023-08-20,479.24,Sports,Organic,Completed
8173,5396,2024-04-04,283.99,Electronics,Paid Social,Completed
8175,3253,2023-05-17,277.57,Sports,Google Search,Completed
8176,4549,2023-12-02,866.86,Electronics,SMS,Completed
8177,1878,2023-11-08,881.46,Home & Kitchen,Organic,Completed
8178,2155,2023-10-04,112.48,Electronics,SMS,Completed
8179,3159,2024-04-10,813.43,Beauty,Email,Completed
8181,2381,2024-02-12,354.22,Home & Kitchen,Email,Completed
8182,5432,2024-10-11,495.07,Apparel,Google Search,Completed
8183,1345,2023-02-01,76.3,Home & Kitchen,Organic,Completed
8186,1643,2024-11-10,290.35,Apparel,Email,Completed
8188,2208,2024-10-19,527.41,Beauty,SMS,Completed
8189,2567,2022-08-12,202.77,Beauty,Google Search,Completed
8190,5960,2023-07-17,263.9,Sports,Google Search,Completed
8193,4887,2023-04-14,164.92,Sports,Organic,Completed
8196,2881,2023-12-08,145.96,Electronics,SMS,Completed
8197,4505,2024-07-12,254.45,Beauty,Paid Social,Completed
8199,1152,2022-09-04,105.23,Electronics,Paid Social,Completed
8201,2848,2024-12-06,117.82,Sports,Google Search,Completed
8202,1492,2023-07-09,182.95,Apparel,Google Search,Completed
8203,4871,2022-01-29,136.38,Home & Kitchen,Google Search,Completed
8204,4101,2023-12-01,258.91,Apparel,Email,Completed
8206,5588,2022-10-04,408.62,Apparel,SMS,Completed
8208,2969,2022-09-23,91.54,Apparel,Email,Completed
8212,1290,2022-09-10,1078.43,Electronics,SMS,Completed
8213,3034,2022-03-09,319.64,Beauty,Paid Social,Completed
8214,3903,2022-03-08,142.06,Sports,Google Search,Completed
8215,1357,2024-11-07,154.98,Sports,Email,Completed
8217,5074,2023-07-20,221.95,Home & Kitchen,Google Search,Completed
8218,5327,2023-02-22,405.58,Home & Kitchen,Google Search,Completed
8219,3839,2024-05-31,161.34,Electronics,Google Search,Completed
8220,4620,2023-05-30,157.57,Electronics,SMS,Completed
8221,4917,2022-10-29,301.21,Electronics,Google Search,Completed
8222,5399,2024-11-28,142.63,Sports,Google Search,Completed
8225,5387,2024-08-10,63.57,Home & Kitchen,Organic,Completed
8226,5743,2022-09-23,290.72,Sports,Google Search,Completed
8227,3478,2023-02-09,410.9,Home & Kitchen,SMS,Completed
8228,2467,2022-03-06,638.38,Apparel,Google Search,Completed
8230,1841,2023-10-07,225.28,Home & Kitchen,Organic,Completed
8231,4052,2023-03-14,93.38,Home & Kitchen,Organic,Completed
8232,2671,2024-12-01,171.15,Electronics,Organic,Completed
8233,3342,2022-11-05,543.67,Apparel,Email,Completed
8235,5384,2023-10-21,47.14,Beauty,Organic,Completed
8237,3547,2022-08-02,198.28,Beauty,SMS,Completed
8238,4243,2022-02-08,520.38,Home & Kitchen,Email,Completed
8239,3636,2022-11-21,107.15,Beauty,SMS,Completed
8240,5522,2023-05-05,238.97,Electronics,Organic,Completed
8241,5685,2023-07-28,159.86,Sports,Paid Social,Completed
8242,5564,2022-12-13,335.13,Apparel,Paid Social,Completed
8246,1200,2022-07-31,568.12,Electronics,Paid Social,Completed
8247,5417,2024-10-29,138.42,Beauty,Google Search,Completed
8248,4890,2023-02-18,505.2,Home & Kitchen,Organic,Completed
8250,4471,2022-07-05,303.79,Beauty,Email,Completed
8252,5668,2024-10-18,52.66,Beauty,Organic,Completed
8253,3273,2022-07-28,201.3,Sports,Paid Social,Completed
8254,3044,2024-09-01,101.87,Beauty,Paid Social,Completed
8255,3095,2022-11-08,159.78,Sports,Google Search,Completed
8256,4090,2024-11-04,1432.77,Electronics,Organic,Completed
8260,3808,2023-01-30,531.66,Home & Kitchen,Google Search,Completed
8261,1429,2023-08-17,298.43,Home & Kitchen,SMS,Completed
8262,5925,2022-01-30,426.38,Apparel,Paid Social,Completed
8264,3757,2023-08-14,231.57,Apparel,Email,Completed
8267,3253,2024-05-27,152.54,Home & Kitchen,Google Search,Completed
8268,1551,2024-11-26,768.8,Sports,Google Search,Completed
8269,1294,2022-01-03,292.15,Sports,Organic,Completed
8270,2121,2023-09-20,714.18,Beauty,SMS,Completed
8271,1660,2022-02-17,211.78,Sports,Paid Social,Completed
8272,1665,2024-11-15,56.31,Beauty,Google Search,Completed
8274,3067,2022-12-13,374.46,Beauty,Paid Social,Completed
8276,2815,2024-09-14,56.87,Apparel,Paid Social,Completed
8277,2263,2023-09-20,367.97,Sports,Paid Social,Completed
8278,1116,2023-09-26,466.97,Electronics,Email,Completed
8281,4652,2022-10-15,454.25,Electronics,Paid Social,Completed
8282,5584,2024-09-13,212.94,Home & Kitchen,Paid Social,Completed
8283,4103,2022-09-23,185.04,Apparel,SMS,Completed
8284,4843,2023-05-18,97.06,Beauty,SMS,Completed
8287,4478,2023-08-20,129.36,Electronics,Organic,Completed
8288,1011,2024-10-03,948.64,Sports,SMS,Completed
8289,1083,2022-10-09,260.52,Apparel,SMS,Completed
8291,1798,2023-04-02,300.68,Sports,Google Search,Completed
8293,5633,2024-07-30,344.69,Electronics,Paid Social,Completed
8295,5746,2023-05-27,134.79,Electronics,Google Search,Completed
8296,1790,2022-10-02,302.19,Sports,Google Search,Completed
8297,3357,2023-05-08,1228.07,Sports,Email,Completed
8298,1537,2024-12-11,135.29,Home & Kitchen,Paid Social,Completed
8299,5021,2024-07-03,175.37,Sports,Paid Social,Completed
8300,2432,2023-08-23,87.54,Beauty,Paid Social,Completed
8301,4832,2024-12-24,673.29,Beauty,Google Search,Completed
8302,4749,2024-09-28,231.52,Beauty,SMS,Completed
8303,5781,2023-01-06,71.82,Home & Kitchen,Email,Completed
8304,4973,2023-06-05,92.61,Beauty,Email,Completed
8305,1808,2023-07-05,120.24,Beauty,Google Search,Completed
8307,4727,2024-03-29,273.88,Apparel,Organic,Completed
8310,2407,2022-05-04,246.97,Beauty,Organic,Completed
8311,3236,2023-12-02,148.74,Sports,Google Search,Completed
8312,5828,2022-04-27,713.73,Home & Kitchen,Paid Social,Completed
8313,5722,2024-09-26,277.18,Home & Kitchen,Paid Social,Completed
8315,2521,2023-08-03,138.57,Beauty,Email,Completed
8316,2458,2022-01-03,935.85,Apparel,Email,Completed
8318,4004,2023-07-17,842.11,Sports,Paid Social,Completed
8319,3408,2024-04-19,291.82,Electronics,Google Search,Completed
8320,3250,2024-09-03,347.03,Sports,Paid Social,Completed
8322,3330,2022-11-01,467.9,Apparel,SMS,Completed
8323,4228,2023-06-16,93.9,Beauty,Paid Social,Completed
8324,2719,2023-04-17,134.65,Electronics,Google Search,Completed
8325,4717,2022-05-09,323.89,Apparel,Organic,Completed
8326,4939,2023-07-23,193.84,Home & Kitchen,SMS,Completed
8327,2330,2023-02-24,251.81,Apparel,Email,Completed
8329,3945,2023-05-11,237.39,Apparel,SMS,Completed
8330,4105,2022-11-20,262.6,Sports,Organic,Completed
8331,2296,2022-05-17,1072.02,Sports,Email,Completed
8332,5802,2022-01-25,49.58,Electronics,Email,Completed
8337,1719,2022-01-30,33.03,Home & Kitchen,Google Search,Completed
8339,5150,2023-07-26,266.25,Sports,Organic,Completed
8341,2834,2024-08-22,158.8,Apparel,Paid Social,Completed
8342,1282,2024-07-08,399.56,Apparel,Paid Social,Completed
8345,3406,2024-11-02,900.78,Beauty,SMS,Completed
8346,5476,2024-07-07,1550.1,Electronics,SMS,Completed
8349,1437,2023-04-17,372.49,Electronics,Email,Completed
8351,2679,2024-10-11,318.7,Electronics,Email,Completed
8353,3901,2022-07-19,280.09,Beauty,Email,Completed
8354,4905,2023-07-21,107.45,Electronics,SMS,Completed
8356,1398,2023-12-05,101.59,Electronics,SMS,Completed
8357,3898,2024-07-27,226.36,Electronics,Google Search,Completed
8358,1797,2024-09-06,773.36,Home & Kitchen,Google Search,Completed
8362,4166,2023-07-25,358.61,Electronics,Paid Social,Completed
8363,4847,2024-05-29,902.9,Sports,Google Search,Completed
8365,5712,2023-01-11,213.3,Apparel,SMS,Completed
8366,1111,2023-03-06,274.33,Apparel,SMS,Completed
8369,3580,2023-10-05,91.63,Electronics,Email,Completed
8370,3922,2024-03-05,423.99,Sports,Google Search,Completed
8373,5634,2024-11-19,404.04,Sports,Email,Completed
8374,2478,2022-03-21,220.48,Electronics,Paid Social,Completed
8375,5028,2024-03-08,119.39,Electronics,Email,Completed
8376,3826,2023-01-10,126.42,Apparel,Paid Social,Completed
8378,4854,2024-01-12,2383.98,Sports,Paid Social,Completed
8380,1950,2023-11-10,127.21,Home & Kitchen,Organic,Completed
8382,5093,2024-12-30,403.95,Apparel,Paid Social,Completed
8384,2633,2024-08-02,236.84,Home & Kitchen,SMS,Completed
8385,4958,2022-02-11,171.32,Electronics,Organic,Completed
8386,1064,2023-07-29,93.65,Home & Kitchen,Google Search,Completed
8389,1124,2022-10-03,223.25,Electronics,SMS,Completed
8390,3489,2023-07-16,227.09,Sports,Google Search,Completed
8392,3518,2023-05-05,243.43,Electronics,Google Search,Completed
8393,2634,2023-06-13,121.29,Apparel,Email,Completed
8395,2597,2024-07-08,158.62,Beauty,SMS,Completed
8396,4256,2023-05-17,475.82,Electronics,Google Search,Completed
8397,5823,2022-02-05,149.27,Electronics,Organic,Completed
8398,4215,2022-03-28,96.64,Electronics,Email,Completed
8403,2171,2023-01-28,33.36,Home & Kitchen,Organic,Completed
8406,2936,2024-09-14,275.04,Home & Kitchen,SMS,Completed
8410,1976,2022-03-23,200.81,Apparel,Paid Social,Completed
8411,4032,2023-03-11,46.57,Apparel,Google Search,Completed
8412,5916,2024-02-11,459.02,Sports,Organic,Completed
8414,4968,2022-07-05,125.69,Home & Kitchen,Paid Social,Completed
8415,5814,2022-12-15,467.71,Home & Kitchen,SMS,Completed
8416,5275,2024-04-27,621.58,Apparel,Email,Completed
8420,1467,2023-03-30,1023.36,Electronics,Email,Completed
8421,3624,2022-07-07,260.24,Apparel,Paid Social,Completed
8423,2515,2022-01-11,1158.07,Sports,Email,Completed
8424,1314,2023-05-13,112.39,Sports,Paid Social,Completed
8425,2306,2022-12-10,23.41,Sports,Organic,Completed
8428,5676,2023-03-06,123.68,Beauty,SMS,Completed
8430,5658,2024-07-27,696.15,Sports,Email,Completed
8431,4439,2024-01-12,60.01,Apparel,SMS,Completed
8432,4515,2022-08-09,108.63,Sports,Email,Completed
8436,5012,2024-10-04,321.71,Beauty,SMS,Completed
8439,5081,2023-06-22,164.13,Home & Kitchen,SMS,Completed
8441,5832,2023-09-23,448.5,Home & Kitchen,Google Search,Completed
8442,3712,2022-06-12,87.94,Sports,Google Search,Completed
8445,5312,2022-10-27,93.6,Electronics,Email,Completed
8447,2746,2024-11-30,772.35,Electronics,Paid Social,Completed
8449,1551,2022-07-19,97.39,Sports,Email,Completed
8452,5885,2024-09-13,354.27,Apparel,Google Search,Completed
8453,1032,2022-01-23,224.67,Beauty,SMS,Completed
8456,5937,2022-05-11,559.23,Beauty,SMS,Completed
8457,4106,2023-07-10,146.04,Home & Kitchen,SMS,Completed
8458,4631,2022-08-19,241.92,Apparel,Paid Social,Completed
8459,3349,2024-10-25,126.51,Beauty,Google Search,Completed
8460,1432,2024-12-02,283.49,Apparel,SMS,Completed
8463,1468,2022-09-04,772.88,Sports,Google Search,Completed
8464,4327,2023-09-03,436.15,Electronics,SMS,Completed
8465,3820,2024-01-27,130.5,Electronics,Google Search,Completed
8467,3622,2022-04-22,305.33,Electronics,Organic,Completed
8470,2928,2024-06-27,83.63,Electronics,SMS,Completed
8471,1802,2023-11-11,491.76,Apparel,Email,Completed
8473,3878,2022-10-23,998.15,Home & Kitchen,Google Search,Completed
8474,4172,2023-04-30,182.1,Apparel,Google Search,Completed
8475,1583,2022-03-12,627.84,Sports,Paid Social,Completed
8477,4723,2022-08-13,361.89,Electronics,Google Search,Completed
8478,2602,2022-12-19,134.22,Apparel,Google Search,Completed
8479,4120,2023-01-31,151.54,Home & Kitchen,Paid Social,Completed
8481,3396,2022-02-18,144.33,Electronics,Organic,Completed
8482,2108,2023-03-15,138.41,Home & Kitchen,SMS,Completed
8483,1996,2022-02-07,1689.05,Home & Kitchen,Email,Completed
8484,2410,2023-06-24,131.5,Beauty,SMS,Completed
8485,1111,2023-02-16,275.28,Home & Kitchen,Organic,Completed
8487,4270,2024-02-26,336.94,Apparel,Paid Social,Completed
8488,4983,2023-06-26,1050.66,Sports,SMS,Completed
8491,4489,2022-07-01,117.02,Sports,Organic,Completed
8493,5734,2023-05-29,377.16,Sports,Organic,Completed
8494,4012,2024-01-06,1179.48,Sports,Organic,Completed
8495,2987,2022-09-02,53.0,Home & Kitchen,SMS,Completed
8496,5597,2022-08-31,397.76,Apparel,Google Search,Completed
8498,5261,2024-10-23,66.21,Beauty,Email,Completed
8499,5143,2023-12-21,350.51,Home & Kitchen,Paid Social,Completed
8501,5279,2024-11-16,146.03,Beauty,Google Search,Completed
8502,5863,2022-06-17,372.91,Beauty,SMS,Completed
8503,5395,2023-08-31,102.29,Home & Kitchen,Paid Social,Completed
8504,1443,2024-03-20,439.92,Beauty,SMS,Completed
8505,3178,2024-04-23,632.8,Home & Kitchen,Google Search,Completed
8507,4695,2023-02-16,513.33,Sports,Organic,Completed
8509,4746,2023-04-02,268.98,Apparel,Organic,Completed
8512,2079,2022-05-07,181.22,Apparel,Google Search,Completed
8513,2700,2024-09-23,913.17,Home & Kitchen,Organic,Completed
8515,4768,2023-10-06,848.74,Sports,Organic,Completed
8520,5316,2023-03-06,647.12,Electronics,Email,Completed
8521,3085,2022-05-13,167.25,Home & Kitchen,SMS,Completed
8523,4414,2022-12-19,220.62,Electronics,Google Search,Completed
8524,4464,2024-03-18,316.56,Home & Kitchen,SMS,Completed
8526,3799,2024-03-08,395.99,Sports,SMS,Completed
8528,5012,2022-07-27,265.21,Apparel,Organic,Completed
8529,1674,2024-03-23,221.48,Electronics,SMS,Completed
8531,1809,2024-12-26,564.17,Electronics,Google Search,Completed
8533,1619,2023-06-09,1624.91,Sports,Email,Completed
8537,5419,2023-07-10,197.58,Sports,SMS,Completed
8541,5253,2024-03-19,234.74,Beauty,Google Search,Completed
8542,5253,2024-03-31,139.4,Sports,SMS,Completed
8543,4914,2023-11-04,675.14,Apparel,SMS,Completed
8544,5221,2023-03-10,278.22,Apparel,Paid Social,Completed
8545,1105,2024-07-30,460.07,Beauty,Paid Social,Completed
8546,3209,2023-12-28,886.44,Beauty,SMS,Completed
8548,1525,2022-07-10,1811.1,Home & Kitchen,SMS,Completed
8549,4100,2024-04-19,264.82,Electronics,Google Search,Completed
8550,4467,2024-02-26,348.58,Apparel,SMS,Completed
8551,1600,2024-12-11,460.67,Sports,SMS,Completed
8554,1753,2024-01-06,199.69,Beauty,Google Search,Completed
8556,5089,2024-06-12,128.36,Beauty,Email,Completed
8558,3620,2024-07-22,616.49,Beauty,Google Search,Completed
8559,3303,2023-01-15,101.97,Beauty,Google Search,Completed
8562,1694,2022-03-22,142.13,Electronics,Paid Social,Completed
8564,4176,2024-11-03,1521.46,Apparel,Paid Social,Completed
8565,2246,2022-07-23,285.04,Home & Kitchen,Google Search,Completed
8566,2386,2022-04-26,303.05,Apparel,SMS,Completed
8568,1753,2023-10-15,120.36,Sports,SMS,Completed
8569,2865,2023-02-10,422.23,Beauty,Email,Completed
8571,2719,2022-07-24,753.77,Sports,Paid Social,Completed
8572,5338,2022-08-18,97.51,Electronics,Paid Social,Completed
8573,4136,2022-11-24,715.95,Electronics,SMS,Completed
8575,5308,2024-03-10,130.32,Sports,Organic,Completed
8576,2873,2023-08-24,312.61,Beauty,Google Search,Completed
8577,3434,2023-06-28,127.47,Electronics,Google Search,Completed
8578,1824,2024-05-12,636.81,Beauty,Google Search,Completed
8579,1290,2022-01-12,223.27,Apparel,Google Search,Completed
8580,2192,2022-11-24,128.9,Beauty,SMS,Completed
8582,5757,2022-09-23,130.18,Apparel,Organic,Completed
8583,1372,2023-11-06,837.12,Home & Kitchen,SMS,Completed
8586,5458,2023-04-28,300.61,Beauty,Organic,Completed
8587,1130,2022-07-09,172.0,Beauty,Paid Social,Completed
8588,4912,2022-12-04,83.18,Apparel,Paid Social,Completed
8589,1147,2022-04-02,1305.85,Apparel,Email,Completed
8590,3137,2022-10-11,188.63,Home & Kitchen,Organic,Completed
8592,3836,2024-03-25,131.33,Sports,Paid Social,Completed
8593,4287,2022-05-31,269.4,Beauty,Paid Social,Completed
8594,1369,2022-04-07,212.89,Sports,Email,Completed
8599,5013,2023-10-19,334.01,Sports,Organic,Completed
8601,3104,2024-10-19,3317.49,Beauty,Organic,Completed
8603,5151,2022-10-07,222.25,Apparel,Organic,Completed
8604,1923,2024-09-05,855.26,Sports,Email,Completed
8606,4205,2023-11-30,119.3,Electronics,Organic,Completed
8607,5820,2022-04-29,333.41,Beauty,Google Search,Completed
8608,1334,2022-11-30,546.71,Apparel,Google Search,Completed
8609,2002,2023-04-20,29.64,Beauty,Paid Social,Completed
8611,1281,2024-01-31,1052.41,Apparel,Google Search,Completed
8612,1263,2022-08-22,141.51,Beauty,SMS,Completed
8614,5584,2024-01-13,133.88,Apparel,Email,Completed
8615,3236,2023-08-13,291.0,Sports,Email,Completed
8616,5001,2022-05-15,261.24,Beauty,Google Search,Completed
8617,3158,2023-08-02,136.56,Sports,Paid Social,Completed
8618,1924,2023-08-26,60.18,Apparel,Google Search,Completed
8619,2425,2023-01-06,474.18,Beauty,SMS,Completed
8623,4468,2023-07-25,219.02,Beauty,Google Search,Completed
8624,2242,2023-03-12,356.88,Beauty,Email,Completed
8625,2779,2022-05-10,133.51,Sports,Paid Social,Completed
8626,4587,2022-07-20,238.65,Apparel,Email,Completed
8627,5802,2023-02-14,65.7,Apparel,Email,Completed
8628,3896,2024-01-28,499.02,Home & Kitchen,Email,Completed
8630,2341,2022-09-14,491.54,Home & Kitchen,Paid Social,Completed
8631,2151,2024-03-17,188.22,Beauty,SMS,Completed
8632,3685,2024-07-27,143.93,Sports,Email,Completed
8633,3115,2023-02-19,170.6,Home & Kitchen,Email,Completed
8636,3107,2022-06-24,174.53,Home & Kitchen,Paid Social,Completed
8638,3229,2024-07-25,94.0,Apparel,Organic,Completed
8641,4790,2023-08-01,311.62,Home & Kitchen,Organic,Completed
8642,1556,2023-08-18,665.82,Beauty,Paid Social,Completed
8644,5720,2022-08-29,556.85,Apparel,Google Search,Completed
8645,5465,2024-06-22,166.8,Home & Kitchen,Organic,Completed
8646,4018,2024-04-18,276.8,Sports,Organic,Completed
8648,3574,2024-12-09,386.21,Apparel,SMS,Completed
8650,5037,2024-12-25,361.84,Home & Kitchen,SMS,Completed
8651,4392,2023-10-05,225.1,Home & Kitchen,Organic,Completed
8653,1800,2024-04-23,162.63,Sports,Email,Completed
8654,3464,2024-02-03,114.47,Electronics,Email,Completed
8661,3651,2023-02-05,116.14,Sports,Google Search,Completed
8662,3073,2024-02-27,169.1,Home & Kitchen,Email,Completed
8663,2453,2023-05-23,411.24,Beauty,Email,Completed
8664,1805,2022-12-13,240.82,Beauty,Email,Completed
8666,3276,2022-08-17,635.22,Home & Kitchen,Organic,Completed
8668,2875,2023-09-16,49.41,Apparel,Email,Completed
8672,2057,2022-02-22,132.11,Electronics,Paid Social,Completed
8673,3050,2022-07-31,133.46,Home & Kitchen,Email,Completed
8674,2141,2023-07-10,92.63,Electronics,SMS,Completed
8677,1069,2024-08-13,530.43,Home & Kitchen,Email,Completed
8678,1110,2023-03-20,795.92,Electronics,Organic,Completed
8679,2641,2022-06-02,371.14,Apparel,SMS,Completed
8680,5835,2022-06-20,108.94,Apparel,Paid Social,Completed
8682,1466,2024-07-03,276.5,Sports,Organic,Completed
8683,4532,2022-08-21,496.05,Apparel,SMS,Completed
8685,5127,2022-12-12,273.92,Electronics,Google Search,Completed
8686,3586,2023-06-12,273.02,Beauty,Organic,Completed
8688,1593,2024-03-25,58.43,Apparel,Google Search,Completed
8689,4037,2023-03-18,174.99,Home & Kitchen,Google Search,Completed
8690,3651,2024-11-20,787.81,Beauty,Paid Social,Completed
8694,3987,2024-04-16,540.78,Home & Kitchen,Organic,Completed
8695,3030,2022-09-02,94.75,Sports,Organic,Completed
8696,2036,2024-01-25,469.14,Beauty,Paid Social,Completed
8697,4845,2023-06-26,211.04,Apparel,Google Search,Completed
8698,3143,2024-04-08,240.33,Electronics,Paid Social,Completed
8700,2056,2023-02-10,232.07,Sports,Email,Completed
8701,5433,2022-12-12,308.23,Sports,Google Search,Completed
8702,1985,2023-06-19,148.83,Electronics,Paid Social,Completed
8711,1573,2023-07-01,344.9,Apparel,Email,Completed
8713,2761,2024-09-24,276.55,Beauty,Paid Social,Completed
8714,5146,2024-05-28,335.57,Home & Kitchen,SMS,Completed
8715,3781,2022-04-08,451.06,Sports,Google Search,Completed
8717,3123,2024-01-25,494.51,Electronics,Organic,Completed
8718,2712,2023-11-29,178.3,Beauty,Google Search,Completed
8719,1205,2023-11-15,172.74,Electronics,Organic,Completed
8720,3930,2022-10-20,169.15,Home & Kitchen,SMS,Completed
8721,2004,2022-05-14,40.35,Beauty,Google Search,Completed
8722,4364,2022-06-04,343.49,Sports,Organic,Completed
8724,2992,2022-04-19,263.23,Sports,Email,Completed
8725,3468,2022-10-06,368.62,Apparel,Email,Completed
8726,2008,2024-02-29,242.42,Sports,SMS,Completed
8728,3228,2024-02-06,150.37,Sports,Google Search,Completed
8730,3556,2022-02-11,204.9,Electronics,SMS,Completed
8731,2465,2024-06-27,283.44,Apparel,Google Search,Completed
8733,3287,2024-04-21,310.4,Sports,Google Search,Completed
8734,5668,2024-03-21,1631.18,Home & Kitchen,SMS,Completed
8736,4618,2022-10-24,314.29,Sports,Paid Social,Completed
8737,2804,2023-07-15,179.14,Sports,Email,Completed
8738,5402,2023-01-11,417.86,Apparel,Organic,Completed
8739,3540,2024-02-28,353.97,Beauty,SMS,Completed
8743,1577,2022-11-22,192.99,Apparel,Email,Completed
8744,4125,2022-10-17,96.48,Home & Kitchen,Google Search,Completed
8745,2703,2024-04-13,537.16,Apparel,Organic,Completed
8746,3619,2024-05-04,722.03,Home & Kitchen,Paid Social,Completed
8747,2515,2024-02-28,136.68,Home & Kitchen,Paid Social,Completed
8748,3890,2022-07-29,57.93,Sports,Paid Social,Completed
8750,4287,2023-01-09,73.48,Electronics,Google Search,Completed
8753,5193,2023-04-13,68.44,Electronics,SMS,Completed
8755,3600,2022-02-28,80.01,Apparel,Paid Social,Completed
8756,2178,2023-01-16,440.5,Beauty,Paid Social,Completed
8757,2333,2024-06-10,129.76,Home & Kitchen,Google Search,Completed
8758,1703,2023-04-20,214.19,Beauty,Organic,Completed
8759,1243,2022-02-04,258.93,Sports,Organic,Completed
8760,1180,2024-07-05,99.11,Beauty,Paid Social,Completed
8762,4390,2024-12-22,200.49,Beauty,Email,Completed
8763,2238,2024-10-02,643.92,Apparel,Email,Completed
8764,5101,2023-05-15,158.01,Sports,Google Search,Completed
8765,2861,2023-04-24,1136.2,Sports,Paid Social,Completed
8766,3286,2023-03-29,181.6,Sports,SMS,Completed
8767,5276,2023-01-11,104.71,Electronics,Google Search,Completed
8769,3697,2024-03-27,43.74,Electronics,Organic,Completed
8770,1526,2022-04-20,350.35,Home & Kitchen,Organic,Completed
8771,3144,2022-02-12,190.4,Apparel,Organic,Completed
8772,3483,2024-03-24,130.82,Apparel,Paid Social,Completed
8773,4778,2022-05-28,854.38,Apparel,Google Search,Completed
8775,2004,2023-07-20,459.67,Apparel,Email,Completed
8776,2957,2024-12-03,217.68,Home & Kitchen,Organic,Completed
8777,4132,2022-02-08,493.57,Beauty,Paid Social,Completed
8778,4015,2024-01-31,314.2,Apparel,Paid Social,Completed
8779,1388,2022-05-30,369.7,Apparel,Paid Social,Completed
8780,2659,2024-04-05,166.11,Sports,Email,Completed
8783,3484,2023-01-17,90.89,Electronics,SMS,Completed
8785,3588,2022-06-02,159.26,Beauty,Google Search,Completed
8787,2677,2023-11-24,383.08,Apparel,SMS,Completed
8788,1564,2022-08-20,538.53,Beauty,Email,Completed
8789,5243,2023-09-17,870.11,Apparel,Email,Completed
8793,2768,2022-03-26,255.41,Home & Kitchen,Google Search,Completed
8794,1072,2022-11-03,94.51,Sports,SMS,Completed
8795,3360,2024-03-21,137.89,Sports,Google Search,Completed
8798,3227,2022-05-19,122.17,Electronics,SMS,Completed
8800,4249,2023-08-07,147.72,Beauty,Paid Social,Completed
8801,4464,2023-03-11,157.31,Home & Kitchen,Email,Completed
8802,2273,2024-04-01,417.63,Apparel,Google Search,Completed
8804,4196,2024-04-30,91.02,Electronics,Paid Social,Completed
8805,2584,2023-03-07,243.71,Electronics,Email,Completed
8811,2617,2023-10-30,152.13,Electronics,Paid Social,Completed
8813,5302,2023-03-11,340.72,Beauty,Paid Social,Completed
8814,2134,2023-02-26,172.95,Electronics,Google Search,Completed
8815,2590,2022-08-21,278.11,Beauty,Organic,Completed
8816,1595,2022-02-28,783.02,Electronics,Google Search,Completed
8817,4897,2022-03-12,1135.98,Beauty,Email,Completed
8818,5925,2022-02-16,697.86,Electronics,Google Search,Completed
8820,2348,2024-01-07,438.02,Electronics,SMS,Completed
8821,1226,2024-06-10,215.42,Electronics,Google Search,Completed
8822,4450,2024-03-10,225.98,Sports,Email,Completed
8826,4743,2022-08-01,569.03,Home & Kitchen,Organic,Completed
8827,5309,2022-08-02,55.69,Beauty,SMS,Completed
8830,5126,2022-09-09,199.38,Sports,Google Search,Completed
8832,3276,2022-08-13,185.42,Home & Kitchen,Paid Social,Completed
8835,3949,2023-01-15,385.39,Apparel,Organic,Completed
8836,3268,2024-02-03,653.78,Apparel,SMS,Completed
8837,5030,2024-02-24,190.08,Apparel,Organic,Completed
8838,4363,2024-05-18,222.45,Beauty,SMS,Completed
8839,2145,2022-11-11,1990.05,Sports,Google Search,Completed
8840,1119,2022-09-29,185.83,Sports,Organic,Completed
8841,3975,2022-05-17,70.66,Electronics,Paid Social,Completed
8843,2740,2023-05-17,530.37,Beauty,Email,Completed
8844,4589,2024-08-16,613.71,Electronics,Organic,Completed
8845,1614,2023-04-24,578.87,Home & Kitchen,Paid Social,Completed
8846,2713,2023-05-20,119.42,Beauty,Email,Completed
8847,3410,2023-01-24,422.29,Beauty,Google Search,Completed
8848,1349,2024-01-11,365.3,Beauty,Google Search,Completed
8851,1877,2022-02-24,565.03,Beauty,Organic,Completed
8853,2039,2024-12-26,327.8,Home & Kitchen,SMS,Completed
8854,3885,2023-05-25,166.67,Electronics,SMS,Completed
8855,4805,2024-12-25,474.55,Beauty,Paid Social,Completed
8856,4585,2022-09-21,221.03,Sports,Paid Social,Completed
8857,2675,2023-02-17,303.69,Beauty,SMS,Completed
8858,2826,2023-01-11,229.65,Beauty,Email,Completed
8859,1017,2024-09-08,452.99,Sports,Paid Social,Completed
8860,4291,2023-05-05,279.03,Beauty,Google Search,Completed
8861,3240,2023-10-18,116.42,Home & Kitchen,Organic,Completed
8862,4966,2022-11-30,530.17,Beauty,Organic,Completed
8863,5045,2023-06-02,477.46,Beauty,Organic,Completed
8864,3702,2022-03-17,354.12,Apparel,Organic,Completed
8865,2142,2023-02-23,297.61,Home & Kitchen,Organic,Completed
8867,4445,2023-12-22,252.78,Electronics,Paid Social,Completed
8868,2426,2022-03-21,142.95,Apparel,SMS,Completed
8874,5794,2022-12-22,185.85,Beauty,Organic,Completed
8879,3373,2022-01-20,70.32,Electronics,Organic,Completed
8880,4834,2022-05-13,231.65,Apparel,SMS,Completed
8883,5987,2024-04-25,346.26,Electronics,Paid Social,Completed
8886,3632,2022-12-04,803.63,Beauty,Paid Social,Completed
8887,1131,2024-07-20,264.1,Beauty,Google Search,Completed
8889,4137,2022-05-26,340.5,Home & Kitchen,Organic,Completed
8890,2423,2022-06-29,252.75,Electronics,Google Search,Completed
8891,1358,2022-02-23,347.06,Electronics,Paid Social,Completed
8894,5635,2022-10-19,294.93,Home & Kitchen,Email,Completed
8896,5989,2024-10-14,256.95,Electronics,SMS,Completed
8897,1826,2023-04-18,121.29,Home & Kitchen,Google Search,Completed
8898,4109,2023-09-07,350.98,Beauty,Paid Social,Completed
8899,1442,2023-01-08,358.15,Home & Kitchen,Email,Completed
8900,5525,2023-05-31,709.01,Electronics,Paid Social,Completed
8901,1140,2022-06-24,329.62,Sports,Email,Completed
8902,4945,2022-12-08,102.28,Apparel,Paid Social,Completed
8903,4781,2022-06-09,156.82,Sports,Paid Social,Completed
8905,3107,2022-02-12,332.1,Apparel,Organic,Completed
8906,4505,2023-02-04,167.96,Electronics,Google Search,Completed
8907,3307,2023-07-29,248.74,Home & Kitchen,Email,Completed
8908,4449,2022-08-14,215.7,Apparel,Organic,Completed
8909,3822,2023-04-28,87.35,Home & Kitchen,Organic,Completed
8912,5815,2022-02-19,137.49,Sports,Paid Social,Completed
8914,5895,2023-08-11,433.09,Electronics,Paid Social,Completed
8915,1171,2024-01-31,136.16,Apparel,Paid Social,Completed
8916,1587,2022-09-09,224.46,Sports,Google Search,Completed
8917,1594,2022-05-03,346.6,Home & Kitchen,Google Search,Completed
8918,3663,2022-04-06,526.07,Beauty,Paid Social,Completed
8923,4011,2023-09-11,226.24,Electronics,Google Search,Completed
8924,3343,2023-08-06,101.96,Electronics,SMS,Completed
8925,3217,2024-01-09,121.48,Sports,Google Search,Completed
8926,5463,2024-01-07,387.47,Sports,SMS,Completed
8927,3143,2023-12-22,296.28,Beauty,Organic,Completed
8929,3686,2024-09-10,124.58,Beauty,Paid Social,Completed
8930,2427,2023-10-08,653.91,Home & Kitchen,Paid Social,Completed
8931,1816,2023-07-04,366.19,Beauty,Google Search,Completed
8934,2851,2023-05-18,81.56,Sports,Paid Social,Completed
8935,3724,2023-02-07,328.66,Home & Kitchen,SMS,Completed
8937,4713,2022-03-03,209.04,Home & Kitchen,Paid Social,Completed
8938,4263,2023-01-20,102.4,Sports,Organic,Completed
8939,2955,2023-10-12,249.84,Home & Kitchen,Email,Completed
8940,2740,2024-02-03,151.42,Beauty,Paid Social,Completed
8942,5563,2024-12-23,151.81,Sports,Organic,Completed
8946,2560,2023-03-09,221.01,Beauty,Paid Social,Completed
8947,2664,2023-07-20,682.12,Home & Kitchen,SMS,Completed
8948,2135,2022-11-26,154.99,Home & Kitchen,Email,Completed
8949,4926,2024-03-04,102.08,Beauty,Organic,Completed
8950,4076,2024-08-27,380.71,Sports,SMS,Completed
8951,2480,2022-01-08,100.43,Sports,Google Search,Completed
8953,4623,2022-02-23,393.57,Electronics,Email,Completed
8954,4353,2022-05-03,289.47,Apparel,Paid Social,Completed
8958,4087,2022-05-30,166.33,Apparel,Organic,Completed
8959,1566,2022-06-17,447.72,Sports,Google Search,Completed
8960,5696,2024-04-30,379.22,Sports,Organic,Completed
8961,3639,2023-08-24,127.29,Apparel,Organic,Completed
8962,2063,2024-02-12,86.08,Electronics,Google Search,Completed
8964,1385,2024-05-28,325.45,Electronics,Email,Completed
8965,5756,2024-09-04,316.69,Sports,Paid Social,Completed
8967,5631,2022-06-28,529.19,Beauty,Organic,Completed
8969,3450,2023-05-27,945.08,Sports,Google Search,Completed
8971,5022,2024-08-16,453.99,Electronics,Email,Completed
8972,4507,2023-04-20,202.83,Home & Kitchen,SMS,Completed
8974,4188,2022-12-26,835.14,Apparel,SMS,Completed
8976,5146,2022-06-08,85.06,Home & Kitchen,Email,Completed
8977,3644,2024-12-19,575.44,Beauty,Google Search,Completed
8979,5016,2022-12-27,362.26,Beauty,Organic,Completed
8980,1405,2024-07-09,203.58,Sports,SMS,Completed
8981,2369,2023-12-28,570.19,Sports,Email,Completed
8983,4031,2024-06-27,86.52,Apparel,Email,Completed
8985,2071,2022-11-15,165.63,Apparel,Email,Completed
8986,5522,2024-07-02,331.76,Sports,Email,Completed
8988,1091,2022-11-17,180.46,Sports,Organic,Completed
8992,4349,2022-12-02,79.19,Electronics,Paid Social,Completed
8993,4297,2022-09-01,436.92,Beauty,Email,Completed
8994,4273,2024-11-15,1037.41,Electronics,Paid Social,Completed
8995,2817,2023-12-02,170.52,Apparel,Google Search,Completed
8996,3969,2022-08-21,936.82,Home & Kitchen,SMS,Completed
8997,1814,2023-08-29,152.42,Sports,Google Search,Completed
8998,1851,2023-06-21,217.67,Home & Kitchen,Google Search,Completed
9001,5898,2022-10-09,81.63,Apparel,SMS,Completed
9002,2220,2023-04-04,425.68,Apparel,Google Search,Completed
9005,5165,2022-08-19,457.18,Electronics,SMS,Completed
9006,1522,2022-08-03,799.95,Apparel,Organic,Completed
9007,1124,2022-06-20,120.38,Electronics,Email,Completed
9008,2984,2023-07-16,121.98,Electronics,Paid Social,Completed
9010,1840,2023-11-22,174.71,Home & Kitchen,Email,Completed
9013,5126,2024-06-17,253.94,Sports,SMS,Completed
9014,4225,2023-06-13,367.89,Apparel,Organic,Completed
9015,4538,2022-05-06,288.43,Apparel,Paid Social,Completed
9016,5575,2024-12-18,207.16,Electronics,Email,Completed
9017,1049,2022-01-29,861.91,Electronics,Email,Completed
9019,2634,2023-12-09,148.09,Beauty,Email,Completed
9021,4584,2022-07-01,386.1,Beauty,Email,Completed
9023,5862,2024-06-24,374.36,Apparel,SMS,Completed
9024,3517,2024-02-20,378.08,Apparel,Google Search,Completed
9025,2823,2022-09-22,145.67,Home & Kitchen,Google Search,Completed
9026,5052,2024-12-15,167.14,Apparel,SMS,Completed
9027,4778,2023-09-03,1100.94,Electronics,Organic,Completed
9028,4708,2023-09-03,269.84,Beauty,SMS,Completed
9029,2968,2023-06-01,30.65,Apparel,Email,Completed
9030,4816,2022-01-08,135.68,Beauty,Google Search,Completed
9031,1092,2023-02-20,396.13,Home & Kitchen,Paid Social,Completed
9033,4987,2022-04-12,244.68,Home & Kitchen,Organic,Completed
9034,4783,2022-04-26,431.91,Apparel,Google Search,Completed
9036,3086,2023-07-05,276.2,Sports,Paid Social,Completed
9037,4546,2024-07-21,211.35,Home & Kitchen,Paid Social,Completed
9040,3104,2024-07-19,188.57,Home & Kitchen,SMS,Completed
9042,3415,2023-03-28,116.47,Home & Kitchen,Google Search,Completed
9043,4546,2022-03-30,152.71,Beauty,SMS,Completed
9044,1490,2024-11-05,874.45,Electronics,SMS,Completed
9047,1401,2024-12-12,254.62,Sports,Email,Completed
9050,3006,2024-09-13,302.77,Apparel,Paid Social,Completed
9052,1031,2022-12-15,480.01,Electronics,Organic,Completed
9054,2102,2023-01-24,241.88,Beauty,Email,Completed
9055,4377,2023-10-17,2063.8,Apparel,Email,Completed
9056,4225,2022-11-21,252.39,Sports,Google Search,Completed
9057,2601,2023-09-29,126.04,Sports,Email,Completed
9058,4704,2023-07-26,374.11,Home & Kitchen,SMS,Completed
9060,1042,2023-01-28,121.4,Beauty,Google Search,Completed
9063,2627,2022-02-22,143.5,Apparel,SMS,Completed
9065,2436,2023-09-03,146.39,Home & Kitchen,Organic,Completed
9066,5427,2024-03-14,127.14,Beauty,Email,Completed
9070,5702,2023-04-22,314.88,Home & Kitchen,Organic,Completed
9071,1137,2023-08-05,98.82,Apparel,SMS,Completed
9079,1053,2024-04-24,254.76,Apparel,Google Search,Completed
9080,5106,2022-02-28,390.33,Home & Kitchen,Organic,Completed
9081,2218,2024-09-10,476.73,Electronics,SMS,Completed
9083,3632,2023-08-17,223.47,Beauty,SMS,Completed
9084,4536,2023-03-14,69.99,Sports,Email,Completed
9085,5399,2024-05-07,177.3,Beauty,Email,Completed
9090,2148,2022-03-02,546.6,Beauty,Google Search,Completed
9093,1767,2022-10-10,749.22,Apparel,SMS,Completed
9094,1166,2024-04-17,227.81,Beauty,Organic,Completed
9096,2442,2023-12-31,128.2,Beauty,Organic,Completed
9097,2735,2024-01-16,77.58,Apparel,Google Search,Completed
9098,2076,2023-06-22,419.1,Sports,Email,Completed
9099,2930,2022-03-04,335.07,Home & Kitchen,Google Search,Completed
9102,4612,2024-04-23,458.36,Sports,Paid Social,Completed
9105,5665,2022-01-30,198.58,Electronics,Paid Social,Completed
9107,5223,2023-12-14,172.33,Apparel,SMS,Completed
9108,2202,2023-06-21,178.65,Home & Kitchen,Organic,Completed
9110,5682,2022-10-07,418.04,Electronics,Email,Completed
9111,3558,2022-06-11,157.71,Sports,Paid Social,Completed
9112,2700,2023-12-23,570.3,Apparel,Organic,Completed
9113,3740,2024-08-06,245.36,Apparel,Paid Social,Completed
9114,1689,2024-08-29,44.63,Beauty,SMS,Completed
9115,5028,2022-08-23,236.03,Beauty,Email,Completed
9116,5882,2024-05-22,148.55,Home & Kitchen,Paid Social,Completed
9117,2055,2024-05-09,272.06,Beauty,SMS,Completed
9118,3796,2022-04-14,565.24,Apparel,Google Search,Completed
9120,1301,2022-03-25,214.3,Apparel,Organic,Completed
9121,2704,2024-12-11,907.23,Beauty,Email,Completed
9122,2531,2024-12-01,179.52,Home & Kitchen,Google Search,Completed
9123,5184,2023-01-25,146.83,Beauty,Paid Social,Completed
9125,3781,2022-12-20,365.2,Apparel,Organic,Completed
9126,5933,2023-01-10,763.95,Sports,SMS,Completed
9127,3119,2023-09-27,142.07,Electronics,SMS,Completed
9128,3034,2024-03-16,174.32,Home & Kitchen,Email,Completed
9134,5331,2022-09-15,321.84,Sports,SMS,Completed
9136,5495,2023-09-16,268.73,Apparel,Google Search,Completed
9138,4560,2023-06-19,562.18,Sports,Paid Social,Completed
9144,5875,2022-10-21,56.12,Electronics,Email,Completed
9145,4597,2022-09-23,1052.94,Apparel,SMS,Completed
9147,3733,2022-04-30,358.08,Apparel,Paid Social,Completed
9149,1458,2023-12-22,203.6,Beauty,Paid Social,Completed
9150,4346,2024-05-06,129.54,Sports,Email,Completed
9151,1223,2022-08-19,109.77,Electronics,Paid Social,Completed
9153,5079,2023-07-13,319.87,Sports,Email,Completed
9154,5409,2022-10-09,270.14,Electronics,Organic,Completed
9155,2149,2022-02-19,265.11,Home & Kitchen,Email,Completed
9156,3609,2024-10-04,374.62,Electronics,Email,Completed
9157,4968,2024-04-22,27.77,Home & Kitchen,Google Search,Completed
9159,3828,2023-01-08,1495.99,Beauty,Organic,Completed
9160,4734,2024-05-18,75.19,Beauty,Google Search,Completed
9161,2545,2023-05-14,53.15,Home & Kitchen,Google Search,Completed
9163,5814,2024-12-17,540.34,Home & Kitchen,Google Search,Completed
9165,5255,2022-04-10,286.02,Sports,Organic,Completed
9166,3691,2022-03-06,363.44,Sports,Google Search,Completed
9167,4371,2024-06-14,212.39,Apparel,Google Search,Completed
9168,2508,2023-12-26,166.86,Home & Kitchen,Email,Completed
9169,3736,2024-09-02,188.95,Electronics,Google Search,Completed
9171,4005,2022-07-27,467.94,Apparel,SMS,Completed
9172,4670,2023-04-24,588.76,Apparel,SMS,Completed
9173,1814,2022-04-18,288.18,Apparel,Paid Social,Completed
9175,5536,2022-11-21,233.44,Home & Kitchen,Organic,Completed
9176,3399,2022-05-30,208.24,Home & Kitchen,Google Search,Completed
9177,3062,2023-06-13,151.82,Apparel,Paid Social,Completed
9180,2837,2023-06-25,606.68,Apparel,Google Search,Completed
9183,5736,2024-09-24,122.26,Home & Kitchen,Paid Social,Completed
9185,4135,2024-05-09,300.27,Electronics,Paid Social,Completed
9188,5391,2023-04-23,926.64,Apparel,SMS,Completed
9190,3378,2024-02-27,498.16,Apparel,Organic,Completed
9191,2506,2022-02-22,235.63,Beauty,Google Search,Completed
9194,1919,2022-01-20,398.09,Home & Kitchen,Organic,Completed
9195,5043,2024-05-03,257.3,Sports,Email,Completed
9196,5961,2022-11-07,465.39,Home & Kitchen,Paid Social,Completed
9197,3405,2024-06-29,247.58,Beauty,Email,Completed
9201,4052,2024-06-30,451.51,Home & Kitchen,SMS,Completed
9203,1811,2024-08-06,283.9,Sports,SMS,Completed
9204,4633,2022-03-26,140.24,Beauty,Paid Social,Completed
9205,3031,2023-04-18,124.73,Apparel,Email,Completed
9206,4500,2023-07-15,333.04,Apparel,Paid Social,Completed
9207,3031,2022-07-13,408.27,Sports,Email,Completed
9208,1697,2023-11-17,188.38,Beauty,Organic,Completed
9214,4970,2024-11-02,128.14,Apparel,Paid Social,Completed
9215,4144,2022-05-01,3799.61,Electronics,SMS,Completed
9217,2784,2022-07-27,360.47,Apparel,Organic,Completed
9219,4971,2022-05-31,99.66,Electronics,Paid Social,Completed
9220,4038,2024-02-17,72.36,Home & Kitchen,SMS,Completed
9224,2235,2023-06-27,384.87,Apparel,Organic,Completed
9225,4717,2024-02-13,285.47,Apparel,Paid Social,Completed
9227,2217,2023-02-09,2042.41,Electronics,Paid Social,Completed
9228,2056,2022-08-20,304.75,Beauty,Organic,Completed
9230,4430,2024-01-16,153.58,Apparel,Email,Completed
9232,3531,2023-07-17,101.33,Beauty,SMS,Completed
9234,1907,2022-11-02,201.48,Electronics,SMS,Completed
9235,5804,2024-05-16,370.63,Electronics,SMS,Completed
9236,4605,2023-07-02,54.96,Electronics,SMS,Completed
9238,4687,2024-07-23,129.86,Apparel,Email,Completed
9244,5425,2023-05-12,244.75,Electronics,Paid Social,Completed
9245,2826,2023-02-17,358.62,Sports,Paid Social,Completed
9246,4374,2024-01-08,547.89,Home & Kitchen,Email,Completed
9247,4422,2022-02-21,1082.3,Home & Kitchen,Organic,Completed
9249,2754,2023-09-01,239.11,Electronics,Organic,Completed
9250,2822,2024-02-19,765.39,Sports,Organic,Completed
9252,1100,2022-01-24,357.76,Electronics,SMS,Completed
9253,2287,2022-05-18,152.82,Apparel,Google Search,Completed
9256,5686,2022-11-17,417.16,Beauty,SMS,Completed
9257,5913,2023-11-12,204.16,Electronics,SMS,Completed
9261,1719,2024-02-01,578.73,Beauty,Email,Completed
9262,1505,2022-06-25,55.57,Electronics,Email,Completed
9263,5263,2024-05-01,196.89,Electronics,Organic,Completed
9264,2776,2022-10-10,150.51,Electronics,Google Search,Completed
9266,1317,2023-06-22,113.25,Electronics,Google Search,Completed
9267,5490,2024-11-27,240.22,Home & Kitchen,Paid Social,Completed
9268,3538,2022-03-17,88.67,Home & Kitchen,Paid Social,Completed
9269,3570,2023-11-02,637.23,Beauty,Paid Social,Completed
9270,4321,2022-03-17,116.28,Sports,Email,Completed
9271,4414,2024-07-30,619.88,Electronics,Paid Social,Completed
9272,5560,2023-10-26,255.69,Sports,Paid Social,Completed
9273,1766,2024-06-11,119.58,Beauty,Google Search,Completed
9274,5347,2022-11-18,398.11,Apparel,Organic,Completed
9276,3219,2024-02-07,958.43,Apparel,Email,Completed
9278,2578,2022-08-12,414.55,Sports,Email,Completed
9279,4643,2022-06-16,481.04,Home & Kitchen,Paid Social,Completed
9280,5026,2022-02-26,16.41,Home & Kitchen,Email,Completed
9281,4431,2022-03-11,332.94,Beauty,Google Search,Completed
9283,5286,2022-08-19,294.23,Apparel,Email,Completed
9284,3436,2023-05-04,162.97,Home & Kitchen,Email,Completed
9286,4788,2023-01-29,236.38,Sports,Paid Social,Completed
9287,2588,2023-06-25,219.93,Home & Kitchen,SMS,Completed
9289,3689,2024-01-24,245.3,Electronics,Organic,Completed
9290,2552,2023-12-24,405.64,Beauty,Google Search,Completed
9291,4286,2023-04-21,85.83,Electronics,Organic,Completed
9293,2508,2023-02-20,674.83,Sports,Organic,Completed
9294,5118,2023-02-11,64.0,Electronics,Email,Completed
9296,3179,2023-12-22,481.05,Electronics,Google Search,Completed
9298,5662,2024-01-30,97.49,Apparel,SMS,Completed
9299,2960,2023-04-28,393.47,Electronics,Paid Social,Completed
9300,3237,2024-02-02,54.64,Apparel,Google Search,Completed
9301,2691,2024-06-10,365.72,Sports,Organic,Completed
9302,4349,2022-01-18,718.8,Sports,SMS,Completed
9303,4462,2023-02-17,239.45,Home & Kitchen,Paid Social,Completed
9305,5951,2023-09-24,319.43,Sports,SMS,Completed
9306,3936,2024-09-06,134.25,Home & Kitchen,Google Search,Completed
9308,2935,2022-12-19,190.85,Beauty,Google Search,Completed
9310,3994,2024-03-12,621.68,Home & Kitchen,SMS,Completed
9311,2883,2023-04-09,805.55,Sports,Organic,Completed
9313,5206,2022-05-23,797.96,Home & Kitchen,Google Search,Completed
9317,3768,2023-08-16,131.66,Beauty,Organic,Completed
9319,5017,2022-05-02,218.44,Beauty,Organic,Completed
9321,1281,2022-09-03,254.86,Apparel,Paid Social,Completed
9323,3522,2022-02-11,125.01,Sports,Email,Completed
9325,1486,2022-03-03,347.53,Sports,Google Search,Completed
9326,5862,2022-12-12,735.11,Electronics,Organic,Completed
9329,5654,2024-12-04,407.01,Beauty,Paid Social,Completed
9330,4606,2023-08-21,291.46,Apparel,Email,Completed
9331,3871,2024-02-13,608.63,Apparel,SMS,Completed
9332,3394,2024-08-18,78.09,Apparel,Paid Social,Completed
9333,2314,2022-05-28,146.24,Electronics,Paid Social,Completed
9334,3308,2022-11-09,399.98,Home & Kitchen,Organic,Completed
9337,5237,2024-06-29,165.15,Home & Kitchen,SMS,Completed
9339,4365,2024-08-18,266.62,Sports,SMS,Completed
9340,1393,2022-04-16,1161.87,Sports,Paid Social,Completed
9341,1136,2024-06-18,441.87,Apparel,Organic,Completed
9344,5689,2023-07-11,155.29,Apparel,Paid Social,Completed
9345,3275,2024-09-21,258.93,Apparel,SMS,Completed
9346,5598,2024-12-14,382.99,Sports,Organic,Completed
9347,2432,2023-12-02,321.06,Sports,Email,Completed
9349,4760,2023-02-14,186.97,Apparel,Paid Social,Completed
9350,2046,2023-10-11,317.33,Electronics,Paid Social,Completed
9353,5030,2022-02-11,172.13,Beauty,SMS,Completed
9354,5724,2022-02-23,392.76,Electronics,Organic,Completed
9357,1565,2024-08-07,281.52,Beauty,Organic,Completed
9359,5784,2023-01-19,484.27,Beauty,Google Search,Completed
9360,5283,2023-04-19,94.83,Apparel,Email,Completed
9361,2799,2024-08-30,241.16,Apparel,Organic,Completed
9362,5397,2023-07-01,273.73,Sports,Paid Social,Completed
9364,4296,2024-11-12,503.25,Apparel,Organic,Completed
9365,2118,2023-04-28,269.78,Beauty,Organic,Completed
9367,5665,2022-12-30,211.43,Sports,Google Search,Completed
9371,1096,2023-02-17,703.8,Home & Kitchen,Google Search,Completed
9372,2918,2024-01-16,1444.69,Beauty,SMS,Completed
9373,2996,2022-12-10,209.71,Home & Kitchen,Paid Social,Completed
9374,3415,2024-08-12,402.78,Apparel,Organic,Completed
9376,5221,2022-07-20,427.71,Home & Kitchen,Email,Completed
9377,2593,2022-07-17,314.47,Home & Kitchen,SMS,Completed
9380,5498,2022-03-15,364.83,Home & Kitchen,Organic,Completed
9381,2915,2023-04-13,988.5,Electronics,Organic,Completed
9385,2333,2022-12-01,37.05,Home & Kitchen,SMS,Completed
9386,5483,2022-02-04,301.2,Home & Kitchen,Paid Social,Completed
9387,5482,2024-12-20,287.15,Beauty,Email,Completed
9388,5468,2024-01-25,96.65,Beauty,Paid Social,Completed
9389,5610,2024-02-12,143.57,Home & Kitchen,Organic,Completed
9390,5959,2023-12-28,556.79,Sports,Organic,Completed
9391,5579,2024-09-05,85.04,Electronics,Organic,Completed
9394,1316,2023-11-09,102.1,Home & Kitchen,Google Search,Completed
9395,2153,2024-03-08,264.05,Home & Kitchen,Google Search,Completed
9396,1762,2023-08-02,335.58,Home & Kitchen,Google Search,Completed
9397,4596,2023-08-14,494.13,Electronics,Google Search,Completed
9398,5208,2024-02-24,311.88,Home & Kitchen,Organic,Completed
9400,1750,2022-07-23,167.06,Electronics,SMS,Completed
9404,3031,2024-05-11,354.31,Home & Kitchen,Paid Social,Completed
9406,5011,2023-07-06,159.48,Electronics,Google Search,Completed
9407,1741,2024-10-17,279.83,Beauty,Google Search,Completed
9409,4230,2022-08-14,660.89,Home & Kitchen,Paid Social,Completed
9410,2573,2022-05-12,366.46,Beauty,Paid Social,Completed
9411,3212,2024-04-09,230.91,Apparel,Google Search,Completed
9412,3615,2023-07-07,467.12,Home & Kitchen,Email,Completed
9413,5938,2024-03-27,522.66,Beauty,Organic,Completed
9417,3976,2023-06-30,246.99,Beauty,Google Search,Completed
9421,1190,2022-03-03,165.3,Beauty,Organic,Completed
9422,1402,2023-08-04,269.39,Beauty,SMS,Completed
9426,1423,2024-02-12,569.99,Electronics,Organic,Completed
9427,3156,2023-09-14,246.06,Beauty,Email,Completed
9428,2988,2024-01-22,981.12,Electronics,Email,Completed
9430,5008,2023-07-29,590.29,Electronics,Google Search,Completed
9433,3506,2022-03-18,190.52,Sports,Organic,Completed
9434,1204,2023-07-29,293.0,Beauty,Email,Completed
9436,1419,2022-08-12,78.24,Beauty,Email,Completed
9438,1601,2022-06-09,136.73,Apparel,Google Search,Completed
9439,2616,2023-03-01,547.28,Electronics,Email,Completed
9441,2019,2023-05-09,506.21,Sports,Organic,Completed
9443,4665,2024-04-16,34.94,Home & Kitchen,Google Search,Completed
9444,1863,2024-05-29,194.5,Electronics,Organic,Completed
9446,5019,2024-11-02,20.09,Home & Kitchen,Paid Social,Completed
9447,3932,2024-12-13,142.73,Beauty,Organic,Completed
9448,3817,2023-10-05,65.83,Apparel,Paid Social,Completed
9449,2116,2022-12-05,237.97,Beauty,Google Search,Completed
9450,3933,2023-09-24,133.58,Sports,Email,Completed
9452,1577,2024-08-20,262.77,Beauty,Organic,Completed
9454,5393,2022-09-06,486.8,Sports,Google Search,Completed
9456,5980,2022-04-19,312.98,Apparel,Paid Social,Completed
9457,1018,2023-07-07,185.9,Sports,Google Search,Completed
9460,3102,2023-05-31,208.7,Apparel,Email,Completed
9463,3445,2024-05-23,72.08,Sports,Paid Social,Completed
9464,3383,2023-02-25,285.7,Home & Kitchen,SMS,Completed
9465,5895,2023-03-23,258.11,Electronics,Organic,Completed
9466,3565,2024-03-21,105.44,Sports,SMS,Completed
9469,2069,2022-12-29,172.81,Beauty,Google Search,Completed
9471,5302,2022-03-18,372.91,Home & Kitchen,Organic,Completed
9474,5612,2023-05-09,144.73,Home & Kitchen,Organic,Completed
9478,5872,2022-07-28,452.96,Electronics,Paid Social,Completed
9479,4772,2022-02-22,244.94,Electronics,Google Search,Completed
9483,2997,2022-05-09,362.57,Beauty,Organic,Completed
9485,4361,2023-07-01,237.48,Apparel,Paid Social,Completed
9488,3518,2024-09-30,131.31,Electronics,Google Search,Completed
9489,5556,2024-10-11,368.65,Home & Kitchen,SMS,Completed
9490,5720,2022-09-09,358.26,Home & Kitchen,Email,Completed
9491,1757,2023-09-15,85.83,Beauty,Organic,Completed
9493,3279,2024-01-12,525.63,Apparel,Email,Completed
9495,5574,2023-08-26,274.14,Apparel,Email,Completed
9498,2448,2022-11-02,200.73,Sports,Email,Completed
9500,5056,2024-05-25,635.15,Sports,SMS,Completed
9503,1304,2022-04-11,98.96,Electronics,Organic,Completed
9504,5408,2022-09-03,759.5,Apparel,Organic,Completed
9509,4686,2022-10-21,346.41,Home & Kitchen,Organic,Completed
9510,5246,2023-10-09,137.35,Apparel,Organic,Completed
9511,2201,2023-09-16,704.18,Apparel,Email,Completed
9512,5984,2023-02-10,240.16,Home & Kitchen,Email,Completed
9514,1497,2022-07-17,89.59,Sports,Google Search,Completed
9515,1625,2023-07-23,1087.64,Sports,SMS,Completed
9516,4862,2024-12-24,209.72,Home & Kitchen,Email,Completed
9519,2885,2023-12-13,290.32,Apparel,Paid Social,Completed
9520,2857,2022-10-25,293.49,Apparel,Email,Completed
9522,4037,2022-07-04,61.07,Beauty,SMS,Completed
9523,1145,2023-02-19,440.94,Sports,Email,Completed
9525,3768,2022-08-20,570.39,Electronics,Google Search,Completed
9526,3501,2024-08-27,909.89,Home & Kitchen,Organic,Completed
9528,1013,2024-10-31,282.14,Home & Kitchen,Google Search,Completed
9529,1960,2022-06-03,189.02,Electronics,Paid Social,Completed
9531,2876,2023-12-30,774.12,Beauty,Paid Social,Completed
9532,2375,2024-10-28,178.87,Beauty,SMS,Completed
9533,3073,2023-06-25,290.49,Home & Kitchen,Paid Social,Completed
9534,1788,2024-05-22,61.66,Sports,SMS,Completed
9535,3935,2024-08-17,101.49,Home & Kitchen,Paid Social,Completed
9536,1571,2024-12-23,40.49,Home & Kitchen,SMS,Completed
9537,4274,2023-01-26,274.91,Beauty,Paid Social,Completed
9538,2407,2022-01-08,118.61,Sports,Organic,Completed
9539,4545,2024-12-10,167.71,Sports,Organic,Completed
9542,4974,2022-12-10,157.49,Beauty,Email,Completed
9543,2209,2022-09-12,294.58,Sports,Paid Social,Completed
9545,2741,2023-10-06,42.58,Sports,Email,Completed
9546,3361,2023-07-24,344.22,Sports,Organic,Completed
9548,4033,2022-09-24,284.44,Apparel,Organic,Completed
9550,2179,2023-06-26,733.69,Beauty,Google Search,Completed
9553,1773,2023-04-06,107.98,Beauty,Organic,Completed
9554,1465,2023-11-29,325.38,Electronics,Organic,Completed
9555,4940,2022-07-29,75.54,Electronics,Google Search,Completed
9556,3001,2023-04-30,132.99,Sports,Google Search,Completed
9558,1195,2022-02-17,73.62,Sports,Paid Social,Completed
9559,3180,2024-02-10,515.6,Sports,Paid Social,Completed
9560,5691,2024-07-09,121.81,Apparel,Paid Social,Completed
9561,4058,2022-05-30,186.95,Apparel,Email,Completed
9562,1357,2024-08-19,115.23,Home & Kitchen,Google Search,Completed
9564,4667,2022-11-16,179.24,Home & Kitchen,Organic,Completed
9565,1241,2023-03-18,250.55,Sports,Paid Social,Completed
9567,2939,2024-12-02,1203.34,Electronics,Google Search,Completed
9568,4743,2022-06-10,82.25,Sports,Organic,Completed
9569,1107,2022-06-25,158.28,Home & Kitchen,Google Search,Completed
9570,2968,2022-04-19,754.55,Sports,Paid Social,Completed
9571,2206,2024-05-20,214.13,Sports,Google Search,Completed
9572,1311,2024-06-03,347.61,Beauty,Organic,Completed
9573,3618,2023-03-05,403.73,Sports,Paid Social,Completed
9576,3415,2022-06-15,457.06,Sports,SMS,Completed
9577,5543,2024-09-01,51.62,Apparel,Email,Completed
9579,1352,2024-06-08,180.47,Electronics,Organic,Completed
9580,1596,2022-08-04,364.27,Electronics,Email,Completed
9582,4183,2024-01-10,451.45,Beauty,SMS,Completed
9585,2631,2023-05-02,483.95,Beauty,Google Search,Completed
9586,2124,2023-08-29,156.58,Electronics,SMS,Completed
9589,4690,2023-10-23,299.49,Beauty,Paid Social,Completed
9590,5941,2023-04-17,189.01,Electronics,SMS,Completed
9592,3264,2022-07-23,164.16,Beauty,Paid Social,Completed
9593,1185,2024-11-10,492.46,Sports,Organic,Completed
9597,1411,2022-01-13,418.19,Sports,Google Search,Completed
9598,1463,2024-07-27,164.44,Sports,SMS,Completed
9599,2406,2023-02-17,261.19,Apparel,Organic,Completed
9601,3523,2023-11-30,72.94,Electronics,Email,Completed
9603,2310,2022-10-11,188.43,Home & Kitchen,Email,Completed
9606,3679,2024-02-02,139.4,Electronics,Email,Completed
9609,5110,2024-06-03,796.87,Home & Kitchen,Google Search,Completed
9611,2853,2024-08-31,251.47,Electronics,Email,Completed
9613,2045,2022-07-20,221.37,Electronics,Google Search,Completed
9616,4163,2024-12-25,511.98,Apparel,Organic,Completed
9618,4168,2022-09-30,372.26,Sports,Google Search,Completed
9619,3409,2024-02-04,222.98,Beauty,Email,Completed
9624,1028,2022-10-31,69.1,Electronics,Email,Completed
9626,1235,2022-12-10,329.46,Apparel,Google Search,Completed
9627,2969,2023-10-30,141.8,Electronics,Google Search,Completed
9629,4635,2024-05-10,100.95,Sports,Email,Completed
9630,2833,2024-04-15,315.62,Home & Kitchen,Email,Completed
9631,1791,2022-02-08,28.18,Apparel,SMS,Completed
9634,1842,2024-03-20,710.99,Apparel,Email,Completed
9635,5727,2022-08-25,186.82,Apparel,Email,Completed
9636,4912,2023-09-09,107.78,Sports,Email,Completed
9637,5576,2024-08-24,546.77,Home & Kitchen,Email,Completed
9639,3593,2022-01-22,307.28,Electronics,Google Search,Completed
9640,5382,2023-04-20,145.4,Electronics,SMS,Completed
9642,2505,2023-09-07,186.37,Apparel,SMS,Completed
9644,2150,2024-05-08,335.55,Apparel,SMS,Completed
9646,3302,2022-09-15,1619.51,Apparel,Google Search,Completed
9648,1869,2022-02-09,296.78,Electronics,Organic,Completed
9649,3173,2023-05-14,105.87,Sports,Google Search,Completed
9650,3932,2024-04-29,104.48,Beauty,Google Search,Completed
9651,3721,2024-03-24,254.79,Apparel,Google Search,Completed
9652,2513,2022-05-13,1053.88,Apparel,Email,Completed
9654,5377,2022-06-22,365.38,Sports,SMS,Completed
9655,2055,2023-12-04,75.13,Home & Kitchen,Google Search,Completed
9656,1050,2022-12-30,107.26,Home & Kitchen,Paid Social,Completed
9658,2936,2024-04-21,231.69,Apparel,Email,Completed
9661,4882,2023-01-31,740.11,Home & Kitchen,Email,Completed
9663,2409,2022-01-18,170.64,Home & Kitchen,Google Search,Completed
9664,2648,2023-12-18,180.52,Electronics,Google Search,Completed
9665,3765,2023-10-17,169.13,Electronics,Email,Completed
9666,3657,2024-10-27,334.11,Home & Kitchen,SMS,Completed
9667,3094,2023-09-09,192.47,Apparel,Email,Completed
9668,5063,2024-10-10,575.91,Electronics,Paid Social,Completed
9670,3150,2022-01-15,131.42,Home & Kitchen,SMS,Completed
9671,3511,2023-02-11,246.04,Apparel,Paid Social,Completed
9672,5288,2024-07-23,212.55,Sports,Paid Social,Completed
9673,2390,2024-08-01,250.64,Apparel,SMS,Completed
9675,3574,2024-09-01,49.06,Sports,SMS,Completed
9677,5772,2024-08-14,491.93,Electronics,Email,Completed
9678,1207,2024-03-28,160.2,Beauty,Email,Completed
9679,2340,2024-11-29,55.9,Apparel,Email,Completed
9680,4581,2022-05-31,264.24,Beauty,SMS,Completed
9681,5378,2024-10-30,503.03,Apparel,Email,Completed
9682,2644,2023-02-13,912.59,Apparel,SMS,Completed
9684,1495,2024-09-30,559.94,Electronics,Paid Social,Completed
9685,3912,2022-05-13,468.01,Beauty,Google Search,Completed
9686,3448,2022-12-31,275.98,Home & Kitchen,Organic,Completed
9687,5973,2024-02-29,98.42,Sports,SMS,Completed
9689,1958,2022-02-26,424.22,Electronics,Organic,Completed
9690,4285,2024-01-06,256.04,Home & Kitchen,Organic,Completed
9691,5084,2023-06-14,622.61,Sports,Google Search,Completed
9695,3994,2023-04-17,132.5,Electronics,Paid Social,Completed
9700,1934,2022-05-07,115.43,Beauty,Google Search,Completed
9701,5329,2023-01-16,303.03,Beauty,Organic,Completed
9704,3957,2024-02-14,252.42,Electronics,SMS,Completed
9705,3060,2024-06-21,152.13,Home & Kitchen,Organic,Completed
9707,5307,2022-06-09,259.57,Beauty,Organic,Completed
9708,3230,2024-09-04,672.05,Beauty,Paid Social,Completed
9712,3210,2023-02-19,38.2,Beauty,Paid Social,Completed
9713,1479,2023-08-24,96.23,Apparel,Email,Completed
9714,5433,2023-12-25,115.62,Apparel,SMS,Completed
9716,5625,2022-08-18,67.58,Home & Kitchen,Google Search,Completed
9718,3103,2024-02-03,161.42,Home & Kitchen,Google Search,Completed
9721,5770,2022-06-02,2300.06,Sports,Email,Completed
9722,3438,2024-05-28,329.78,Home & Kitchen,SMS,Completed
9723,1490,2023-04-02,235.25,Apparel,Organic,Completed
9728,2471,2024-12-23,880.41,Sports,SMS,Completed
9729,3966,2024-02-03,185.31,Apparel,SMS,Completed
9730,3964,2023-05-06,59.98,Electronics,SMS,Completed
9734,5024,2023-11-15,282.87,Electronics,Google Search,Completed
9735,4299,2024-06-13,704.29,Home & Kitchen,Paid Social,Completed
9736,5724,2022-10-06,434.66,Electronics,Paid Social,Completed
9737,3388,2024-12-26,204.86,Sports,Organic,Completed
9738,3909,2022-06-15,626.57,Apparel,SMS,Completed
9739,5562,2024-03-30,820.56,Apparel,SMS,Completed
9740,3972,2024-01-13,111.6,Electronics,Paid Social,Completed
9748,3286,2022-08-24,296.52,Home & Kitchen,Google Search,Completed
9749,4296,2024-05-16,603.62,Home & Kitchen,Organic,Completed
9751,5646,2023-06-15,548.55,Home & Kitchen,SMS,Completed
9752,1723,2024-05-27,76.89,Electronics,Organic,Completed
9753,3213,2023-01-30,422.02,Electronics,Email,Completed
9757,3043,2023-04-17,497.45,Sports,Organic,Completed
9758,5044,2024-05-08,859.68,Apparel,Google Search,Completed
9760,1736,2024-06-29,179.32,Apparel,Organic,Completed
9762,3855,2023-09-13,261.82,Electronics,SMS,Completed
9763,3887,2023-04-25,389.09,Apparel,Organic,Completed
9764,5607,2024-10-14,57.27,Home & Kitchen,Google Search,Completed
9768,5143,2023-05-01,458.71,Beauty,Google Search,Completed
9772,4524,2023-10-24,1665.26,Electronics,Google Search,Completed
9773,3893,2024-04-02,218.98,Apparel,Email,Completed
9774,2802,2022-08-02,303.06,Beauty,Paid Social,Completed
9775,3709,2024-11-02,78.97,Home & Kitchen,Google Search,Completed
9776,1467,2022-02-25,131.53,Sports,SMS,Completed
9782,2340,2022-05-29,78.16,Electronics,Organic,Completed
9784,3975,2022-12-07,69.06,Beauty,Organic,Completed
9785,2120,2024-04-03,234.63,Home & Kitchen,Google Search,Completed
9787,1707,2024-10-27,303.37,Beauty,Organic,Completed
9790,5964,2024-02-13,327.61,Apparel,Email,Completed
9791,2031,2022-12-05,124.55,Sports,Google Search,Completed
9792,1698,2024-12-02,428.3,Apparel,Paid Social,Completed
9793,4975,2023-05-26,148.3,Apparel,SMS,Completed
9794,5226,2023-12-01,92.16,Beauty,SMS,Completed
9795,1675,2024-05-28,235.86,Sports,Paid Social,Completed
9798,2435,2022-05-05,1148.9,Beauty,Email,Completed
9799,3714,2024-03-09,195.03,Home & Kitchen,Google Search,Completed
9802,3171,2023-01-06,393.72,Home & Kitchen,SMS,Completed
9804,3513,2022-11-25,66.86,Sports,Paid Social,Completed
9806,3422,2023-01-09,578.64,Sports,Google Search,Completed
9807,1598,2024-01-08,92.1,Sports,Google Search,Completed
9809,1032,2022-05-24,2161.96,Beauty,Email,Completed
9811,5148,2022-01-31,79.15,Apparel,Paid Social,Completed
9815,4506,2024-05-12,1133.75,Sports,Organic,Completed
9816,5494,2024-07-17,180.66,Apparel,Paid Social,Completed
9817,3246,2024-07-03,57.12,Sports,Paid Social,Completed
9818,3151,2023-07-07,346.05,Beauty,Email,Completed
9819,3291,2024-05-07,308.77,Apparel,Google Search,Completed
9820,4150,2023-08-19,139.95,Beauty,Email,Completed
9824,3163,2024-10-13,381.61,Home & Kitchen,Google Search,Completed
9825,2430,2024-01-10,302.49,Sports,SMS,Completed
9826,1578,2022-07-27,254.46,Apparel,Google Search,Completed
9827,1044,2024-10-20,1157.42,Sports,SMS,Completed
9828,2208,2022-11-17,378.03,Beauty,SMS,Completed
9830,1151,2022-03-21,493.34,Sports,Google Search,Completed
9831,1279,2024-09-18,324.64,Apparel,SMS,Completed
9835,1788,2023-05-19,85.38,Apparel,Email,Completed
9836,1988,2023-07-22,257.95,Home & Kitchen,Paid Social,Completed
9837,1988,2023-04-27,52.23,Sports,Organic,Completed
9844,1715,2022-09-16,204.8,Apparel,Organic,Completed
9845,1872,2023-05-03,970.89,Electronics,Google Search,Completed
9846,4400,2022-04-22,237.14,Home & Kitchen,SMS,Completed
9847,3161,2023-01-26,107.6,Sports,SMS,Completed
9849,1359,2023-04-30,404.32,Apparel,Organic,Completed
9850,3321,2024-06-21,192.77,Apparel,Paid Social,Completed
9853,2151,2024-07-13,100.74,Beauty,Google Search,Completed
9854,4013,2023-07-17,43.18,Apparel,Google Search,Completed
9856,4766,2024-03-22,495.86,Electronics,Email,Completed
9857,4921,2023-01-21,421.79,Apparel,Email,Completed
9861,4433,2024-05-02,282.53,Sports,SMS,Completed
9864,2716,2023-06-17,357.63,Home & Kitchen,Paid Social,Completed
9867,4358,2023-01-09,204.84,Electronics,Organic,Completed
9868,4665,2024-09-08,591.93,Sports,Google Search,Completed
9872,3301,2022-02-07,95.27,Electronics,Google Search,Completed
9875,2803,2023-10-28,456.06,Apparel,SMS,Completed
9876,3158,2023-07-07,325.86,Sports,SMS,Completed
9877,5275,2022-05-10,253.67,Apparel,Organic,Completed
9878,4766,2022-01-05,305.74,Sports,Organic,Completed
9880,4859,2023-09-16,84.87,Sports,Organic,Completed
9885,1811,2023-06-06,170.51,Sports,SMS,Completed
9886,2846,2024-05-10,1114.02,Apparel,Organic,Completed
9887,3236,2022-10-03,118.49,Apparel,Email,Completed
9888,5069,2024-06-07,165.87,Sports,Paid Social,Completed
9890,5938,2024-03-30,161.16,Beauty,Organic,Completed
9891,2890,2022-01-15,195.74,Home & Kitchen,Email,Completed
9892,4448,2022-02-11,362.87,Sports,Organic,Completed
9893,2938,2022-02-25,66.52,Electronics,Google Search,Completed
9894,2649,2024-02-14,298.13,Beauty,Paid Social,Completed
9895,2702,2023-08-30,111.23,Beauty,SMS,Completed
9896,2203,2023-05-26,349.85,Home & Kitchen,Paid Social,Completed
9897,5378,2022-02-09,74.21,Electronics,Paid Social,Completed
9899,2765,2023-02-25,117.16,Home & Kitchen,Organic,Completed
9901,2472,2024-08-07,861.53,Sports,Paid Social,Completed
9902,3302,2023-12-23,393.41,Beauty,Google Search,Completed
9903,3012,2022-07-25,403.29,Electronics,Paid Social,Completed
9904,2120,2022-10-10,231.16,Electronics,SMS,Completed
9905,3802,2023-07-27,209.17,Home & Kitchen,SMS,Completed
9906,5165,2024-10-06,218.72,Home & Kitchen,Email,Completed
9907,3814,2022-02-28,200.09,Beauty,Email,Completed
9910,3660,2023-03-31,134.08,Sports,Google Search,Completed
9911,2040,2024-07-04,194.47,Apparel,Email,Completed
9913,2848,2023-02-06,288.32,Beauty,SMS,Completed
9915,5647,2023-03-29,324.99,Home & Kitchen,Email,Completed
9917,2930,2022-01-26,919.26,Home & Kitchen,Paid Social,Completed
9922,4266,2024-12-02,150.61,Beauty,Organic,Completed
9924,3644,2023-04-18,295.88,Sports,SMS,Completed
9925,1331,2022-12-01,414.93,Apparel,Email,Completed
9926,1433,2023-07-15,250.84,Electronics,Organic,Completed
9927,2615,2024-09-04,213.48,Sports,Email,Completed
9928,2646,2023-01-27,211.18,Apparel,Google Search,Completed
9929,3464,2024-10-08,98.96,Home & Kitchen,SMS,Completed
9930,2451,2022-06-23,429.03,Beauty,Paid Social,Completed
9932,3966,2022-06-13,270.49,Home & Kitchen,Email,Completed
9934,3710,2023-12-15,2009.89,Sports,SMS,Completed
9937,2393,2024-08-16,149.31,Sports,Email,Completed
9938,5548,2022-02-17,487.82,Sports,Email,Completed
9939,2611,2023-07-22,204.79,Home & Kitchen,SMS,Completed
9941,4725,2024-02-01,482.47,Apparel,Email,Completed
9942,5370,2022-01-28,368.81,Home & Kitchen,Email,Completed
9944,5842,2024-03-02,390.11,Electronics,Google Search,Completed
9945,4506,2024-10-17,587.3,Sports,SMS,Completed
9946,2094,2023-07-09,85.24,Sports,SMS,Completed
9947,3667,2022-10-27,379.45,Apparel,SMS,Completed
9949,5990,2023-06-29,348.34,Home & Kitchen,Organic,Completed
9950,1665,2022-06-20,95.25,Sports,Organic,Completed
9952,3049,2023-12-14,270.78,Apparel,Organic,Completed
9953,1058,2024-03-05,227.36,Apparel,Paid Social,Completed
9955,2463,2023-04-09,189.98,Apparel,Google Search,Completed
9956,1475,2024-05-14,201.85,Beauty,Organic,Completed
9959,3452,2024-07-06,170.44,Home & Kitchen,Organic,Completed
9960,1184,2024-02-03,436.01,Sports,Google Search,Completed
9963,4923,2022-02-13,420.31,Home & Kitchen,Organic,Completed
9966,3106,2022-01-06,98.73,Home & Kitchen,Paid Social,Completed
9967,1477,2023-02-17,260.21,Sports,Google Search,Completed
9968,3420,2022-05-25,246.07,Beauty,Organic,Completed
9969,5519,2022-08-03,750.52,Home & Kitchen,SMS,Completed
9970,3489,2022-09-24,701.64,Beauty,Email,Completed
9971,4541,2024-05-04,171.25,Home & Kitchen,Google Search,Completed
9972,2443,2024-09-15,254.21,Home & Kitchen,Google Search,Completed
9973,3562,2023-09-09,120.82,Apparel,Organic,Completed
9974,3194,2024-07-14,144.93,Apparel,Paid Social,Completed
9977,2454,2023-08-12,136.15,Beauty,Google Search,Completed
9979,1019,2022-02-21,167.63,Apparel,Paid Social,Completed
9981,5856,2023-07-23,119.61,Beauty,Organic,Completed
9983,1517,2023-04-10,253.53,Beauty,Google Search,Completed
9985,4230,2024-03-27,231.38,Apparel,Google Search,Completed
9986,4429,2022-02-04,210.01,Home & Kitchen,Paid Social,Completed
9988,3323,2024-03-11,390.68,Sports,Email,Completed
9989,1753,2023-03-02,330.08,Electronics,Paid Social,Completed
9993,2981,2022-04-19,321.92,Sports,SMS,Completed
9994,4496,2022-07-19,228.01,Electronics,Organic,Completed
9997,2983,2024-09-07,271.07,Electronics,SMS,Completed
9998,2555,2022-02-06,103.45,Beauty,SMS,Completed
9999,2132,2024-04-07,226.9,Beauty,Organic,Completed
10000,3321,2024-11-08,1096.78,Home & Kitchen,Google Search,Completed
10001,4070,2023-05-08,302.93,Beauty,SMS,Completed
10002,4203,2022-12-30,350.94,Electronics,Email,Completed
10005,4454,2023-02-13,70.27,Beauty,Organic,Completed
10006,3318,2024-10-05,39.32,Beauty,Email,Completed
10009,3311,2023-06-05,739.59,Beauty,SMS,Completed
10010,5889,2023-10-31,58.7,Beauty,Google Search,Completed
10012,3764,2023-01-28,204.03,Sports,Google Search,Completed
10013,3935,2024-07-15,429.47,Electronics,Paid Social,Completed
10014,5700,2022-09-25,78.57,Home & Kitchen,SMS,Completed
10017,3419,2023-05-27,736.91,Sports,Paid Social,Completed
10019,4836,2022-09-16,207.14,Electronics,Organic,Completed
10021,3629,2022-01-24,118.19,Sports,Google Search,Completed
10023,4363,2024-05-22,617.4,Home & Kitchen,SMS,Completed
10026,5314,2023-01-24,152.59,Home & Kitchen,SMS,Completed
10027,1418,2023-03-21,106.83,Home & Kitchen,Organic,Completed
10032,5635,2024-03-02,242.77,Electronics,Paid Social,Completed
10035,5394,2024-09-11,79.02,Sports,SMS,Completed
10037,2462,2023-09-15,642.62,Apparel,Paid Social,Completed
10039,3576,2023-12-29,528.35,Sports,Google Search,Completed
10040,4110,2022-08-02,170.33,Beauty,Organic,Completed
10041,2427,2024-08-26,133.76,Beauty,Google Search,Completed
10042,3624,2023-08-29,157.02,Electronics,Google Search,Completed
10043,3115,2023-11-12,46.36,Beauty,Email,Completed
10044,1008,2024-03-02,191.89,Electronics,Paid Social,Completed
10046,5513,2024-12-24,215.87,Sports,SMS,Completed
10047,1221,2024-11-20,139.14,Sports,Organic,Completed
10048,4174,2024-04-03,291.02,Beauty,Paid Social,Completed
10049,4838,2024-04-04,554.62,Sports,Google Search,Completed
10050,2138,2023-02-07,108.98,Apparel,Organic,Completed
10051,4845,2024-10-22,159.61,Beauty,Email,Completed
10053,3348,2024-02-02,664.32,Electronics,Google Search,Completed
10060,4467,2024-05-23,351.4,Home & Kitchen,Organic,Completed
10062,4930,2023-11-22,434.51,Sports,Paid Social,Completed
10063,1445,2022-02-12,121.88,Apparel,Paid Social,Completed
10064,2783,2024-03-07,385.08,Beauty,SMS,Completed
10066,5241,2022-12-12,2097.95,Sports,SMS,Completed
10067,5573,2024-04-11,498.47,Electronics,Paid Social,Completed
10068,5465,2022-12-19,644.6,Home & Kitchen,Organic,Completed
10069,5027,2023-03-11,305.34,Electronics,Organic,Completed
10072,4208,2023-01-23,742.81,Home & Kitchen,SMS,Completed
10073,3528,2023-04-14,1166.2,Home & Kitchen,Organic,Completed
10074,4484,2024-07-27,242.4,Home & Kitchen,SMS,Completed
10078,1278,2024-06-25,129.41,Sports,Email,Completed
10079,1843,2023-10-16,298.99,Electronics,Email,Completed
10080,4682,2023-09-21,522.55,Apparel,Organic,Completed
10081,2792,2023-07-11,219.55,Electronics,Google Search,Completed
10083,3764,2023-08-28,530.87,Home & Kitchen,Organic,Completed
10084,5081,2023-02-12,181.04,Sports,Organic,Completed
10086,2320,2022-04-03,1147.23,Electronics,Paid Social,Completed
10089,3120,2022-10-31,108.55,Sports,Email,Completed
10091,2870,2024-01-09,334.01,Sports,Google Search,Completed
10092,4669,2024-09-03,1062.02,Apparel,Organic,Completed
10094,4686,2023-06-25,135.69,Home & Kitchen,Paid Social,Completed
10095,5265,2024-09-30,1050.4,Apparel,SMS,Completed
10096,3335,2023-04-05,203.53,Electronics,Google Search,Completed
10098,2402,2023-06-04,146.63,Apparel,Paid Social,Completed
10100,1359,2022-02-06,245.08,Beauty,Organic,Completed
10102,2848,2022-08-19,274.82,Apparel,Organic,Completed
10103,5118,2023-04-01,251.59,Electronics,Google Search,Completed
10104,4183,2024-02-10,90.2,Sports,Email,Completed
10107,3506,2022-04-26,386.9,Apparel,Email,Completed
10109,1197,2022-08-07,598.79,Sports,SMS,Completed
10111,5590,2023-06-16,177.03,Home & Kitchen,SMS,Completed
10112,3566,2023-12-02,211.49,Home & Kitchen,Paid Social,Completed
10113,5381,2023-02-14,217.89,Sports,Google Search,Completed
10116,5036,2023-09-15,278.67,Home & Kitchen,Paid Social,Completed
10120,2949,2023-11-27,227.59,Sports,Paid Social,Completed
10122,2577,2022-08-31,323.88,Sports,Google Search,Completed
10124,2608,2024-07-06,150.86,Home & Kitchen,Email,Completed
10126,2524,2024-05-02,200.69,Beauty,Google Search,Completed
10127,5952,2024-11-07,1407.01,Electronics,Organic,Completed
10128,4921,2023-04-20,134.6,Electronics,Organic,Completed
10130,2500,2022-03-17,46.2,Electronics,Email,Completed
10131,1532,2023-06-07,243.92,Sports,Organic,Completed
10133,1237,2023-04-27,109.13,Sports,Google Search,Completed
10138,2682,2023-08-07,1456.73,Beauty,Organic,Completed
10139,1696,2024-12-24,649.54,Home & Kitchen,Paid Social,Completed
10141,3702,2024-03-26,71.29,Beauty,SMS,Completed
10144,4618,2023-05-26,255.21,Electronics,SMS,Completed
10145,3834,2023-03-06,173.88,Sports,Google Search,Completed
10146,4970,2022-12-11,465.91,Apparel,Paid Social,Completed
10147,3838,2022-08-21,215.19,Electronics,SMS,Completed
10148,2274,2024-11-08,196.43,Electronics,SMS,Completed
10149,4584,2024-12-26,315.1,Beauty,Email,Completed
10151,3691,2024-09-24,103.69,Beauty,SMS,Completed
10154,2987,2024-01-25,127.92,Apparel,Email,Completed
10156,2865,2022-09-04,169.17,Sports,Google Search,Completed
10158,5790,2022-11-04,155.27,Home & Kitchen,Email,Completed
10160,1487,2023-06-30,583.96,Home & Kitchen,SMS,Completed
10161,3553,2023-03-16,57.92,Sports,SMS,Completed
10163,2383,2024-11-24,243.74,Electronics,SMS,Completed
10167,1852,2022-07-03,120.26,Sports,Organic,Completed
10168,4230,2022-07-08,72.25,Beauty,Google Search,Completed
10173,2890,2023-12-20,370.89,Apparel,SMS,Completed
10175,2016,2023-07-18,198.78,Apparel,Paid Social,Completed
10177,3632,2023-08-22,298.86,Beauty,Google Search,Completed
10178,5590,2023-07-11,91.63,Electronics,Email,Completed
10181,4722,2023-07-06,704.38,Electronics,Email,Completed
10183,3778,2023-08-29,368.53,Beauty,Organic,Completed
10184,2099,2024-11-16,389.99,Electronics,Paid Social,Completed
10186,1725,2022-09-25,209.31,Beauty,Email,Completed
10188,4938,2024-09-21,203.88,Apparel,Paid Social,Completed
10189,3620,2022-08-23,177.74,Apparel,Paid Social,Completed
10190,5114,2022-05-27,119.32,Beauty,Email,Completed
10191,3378,2022-10-07,108.09,Beauty,Paid Social,Completed
10192,4024,2024-04-23,141.14,Beauty,Google Search,Completed
10193,3465,2023-02-27,351.31,Beauty,SMS,Completed
10194,4635,2024-11-10,119.35,Sports,Google Search,Completed
10195,1463,2022-05-30,405.34,Beauty,SMS,Completed
10198,4867,2024-02-26,428.66,Apparel,SMS,Completed
10199,2677,2024-04-24,196.13,Home & Kitchen,Email,Completed
10202,1435,2024-09-09,95.44,Apparel,Email,Completed
10203,4496,2024-10-17,140.11,Apparel,Organic,Completed
10204,3027,2023-02-15,187.98,Electronics,Google Search,Completed
10205,1201,2022-08-02,555.31,Beauty,Paid Social,Completed
10207,1959,2023-12-03,310.91,Home & Kitchen,Email,Completed
10209,1677,2022-08-11,185.3,Sports,Organic,Completed
10210,2723,2024-02-02,813.8,Home & Kitchen,Email,Completed
10211,2303,2024-08-02,522.66,Electronics,Paid Social,Completed
10213,5171,2023-09-07,413.14,Electronics,SMS,Completed
10214,1189,2022-02-11,636.87,Beauty,Google Search,Completed
10215,4075,2024-11-14,171.87,Home & Kitchen,Paid Social,Completed
10216,2954,2022-09-06,147.95,Sports,Organic,Completed
10217,5257,2024-05-26,379.41,Electronics,Google Search,Completed
10218,1883,2024-12-05,209.88,Apparel,Organic,Completed
10219,3742,2023-05-01,245.31,Apparel,Paid Social,Completed
10224,2835,2023-08-06,100.78,Apparel,Paid Social,Completed
10226,1562,2024-12-02,37.93,Apparel,SMS,Completed
10227,3317,2023-12-10,171.78,Home & Kitchen,Google Search,Completed
10228,3809,2024-03-03,103.66,Home & Kitchen,Email,Completed
10229,5265,2023-05-15,252.73,Apparel,Organic,Completed
10230,2472,2022-02-17,283.19,Beauty,SMS,Completed
10236,4709,2023-10-07,196.46,Beauty,Organic,Completed
10238,5191,2023-05-27,530.68,Sports,SMS,Completed
10239,3724,2023-09-09,241.55,Electronics,Paid Social,Completed
10240,3293,2022-07-14,297.4,Apparel,Google Search,Completed
10241,1237,2023-05-18,511.22,Beauty,Paid Social,Completed
10243,5951,2023-06-16,606.63,Sports,Email,Completed
10244,3384,2023-12-22,87.21,Sports,Paid Social,Completed
10245,2160,2022-01-24,25.99,Electronics,Organic,Completed
10246,4802,2023-10-01,130.11,Electronics,Paid Social,Completed
10247,1991,2023-07-01,517.3,Electronics,Google Search,Completed
10250,3784,2023-08-04,89.81,Sports,Organic,Completed
10251,5876,2023-02-24,131.79,Home & Kitchen,Organic,Completed
10253,3661,2024-01-25,287.88,Beauty,Paid Social,Completed
10255,3627,2022-07-28,215.12,Apparel,Email,Completed
10256,2808,2023-01-26,222.95,Sports,Google Search,Completed
10257,3033,2024-12-13,927.31,Apparel,Google Search,Completed
10258,3997,2024-11-24,224.45,Electronics,Paid Social,Completed
10259,5161,2024-09-03,582.71,Home & Kitchen,Organic,Completed
10260,2146,2024-11-23,237.43,Apparel,Organic,Completed
10262,1872,2023-04-04,225.38,Sports,SMS,Completed
10263,3042,2022-07-21,207.15,Sports,SMS,Completed
10264,5446,2023-12-10,224.15,Sports,Google Search,Completed
10265,2661,2022-02-07,470.06,Home & Kitchen,Organic,Completed
10266,4325,2024-03-01,74.29,Sports,SMS,Completed
10269,1622,2024-12-28,221.41,Beauty,Organic,Completed
10270,5847,2022-12-19,130.69,Apparel,Email,Completed
10271,1901,2022-03-05,223.71,Apparel,SMS,Completed
10273,5959,2023-08-01,626.58,Beauty,Paid Social,Completed
10275,3344,2023-11-17,948.2,Electronics,Google Search,Completed
10276,5978,2022-09-04,139.18,Sports,Paid Social,Completed
10277,3613,2022-06-28,223.2,Sports,Organic,Completed
10279,2028,2024-10-20,295.4,Home & Kitchen,Google Search,Completed
10281,2607,2024-04-04,155.7,Electronics,Google Search,Completed
10282,2066,2023-12-17,339.6,Home & Kitchen,Google Search,Completed
10283,5596,2023-10-22,218.9,Beauty,Paid Social,Completed
10284,3693,2024-08-18,144.13,Apparel,Google Search,Completed
10286,2250,2023-02-13,395.41,Sports,Organic,Completed
10287,1297,2022-03-15,87.39,Home & Kitchen,Organic,Completed
10288,3941,2023-12-25,313.81,Apparel,SMS,Completed
10290,3589,2024-11-01,379.5,Sports,Google Search,Completed
10291,2820,2022-08-23,726.63,Home & Kitchen,Email,Completed
10293,1294,2022-10-19,121.61,Beauty,Email,Completed
10295,5683,2024-08-05,461.26,Sports,SMS,Completed
10296,3825,2023-05-04,192.51,Sports,Paid Social,Completed
10300,1150,2023-09-14,237.14,Beauty,Email,Completed
10307,5712,2023-12-19,98.89,Home & Kitchen,Google Search,Completed
10308,2291,2023-04-07,101.96,Home & Kitchen,SMS,Completed
10309,1718,2024-12-04,444.39,Apparel,SMS,Completed
10310,1253,2023-12-27,390.98,Sports,Paid Social,Completed
10314,5604,2024-07-22,258.14,Beauty,Email,Completed
10316,5952,2022-07-23,198.25,Apparel,Organic,Completed
10317,1252,2024-08-23,122.72,Sports,Email,Completed
10319,2906,2024-09-19,359.08,Beauty,Email,Completed
10320,2289,2023-03-28,213.51,Beauty,SMS,Completed
10323,5806,2022-12-15,428.18,Beauty,SMS,Completed
10325,1621,2024-08-13,76.56,Electronics,Paid Social,Completed
10327,4613,2022-11-02,302.37,Home & Kitchen,Email,Completed
10329,4487,2022-06-14,60.5,Beauty,Organic,Completed
10333,1712,2023-02-03,264.91,Sports,SMS,Completed
10334,5974,2024-09-20,187.26,Home & Kitchen,SMS,Completed
10336,3303,2022-09-22,430.05,Sports,Email,Completed
10337,2252,2023-08-01,1082.46,Beauty,SMS,Completed
10338,5503,2023-04-01,218.94,Apparel,Paid Social,Completed
10339,5904,2023-05-06,632.49,Beauty,SMS,Completed
10340,5449,2024-01-30,180.64,Beauty,Email,Completed
10341,1464,2023-04-28,186.57,Electronics,SMS,Completed
10342,3200,2023-02-27,318.07,Beauty,Google Search,Completed
10344,3865,2024-07-28,168.7,Electronics,SMS,Completed
10345,5016,2023-08-04,379.84,Beauty,SMS,Completed
10346,3676,2022-06-26,156.53,Home & Kitchen,Paid Social,Completed
10349,4771,2023-05-06,378.64,Apparel,Paid Social,Completed
10352,3055,2023-02-03,769.43,Apparel,Google Search,Completed
10353,4431,2023-03-21,574.01,Apparel,Google Search,Completed
10355,4164,2022-07-12,241.33,Home & Kitchen,Organic,Completed
10356,4729,2024-10-02,590.29,Home & Kitchen,Organic,Completed
10360,3369,2024-05-02,290.55,Beauty,Paid Social,Completed
10361,5337,2023-12-24,107.58,Home & Kitchen,Google Search,Completed
10363,5997,2023-05-05,547.47,Beauty,Paid Social,Completed
10364,5237,2023-06-24,288.7,Electronics,Email,Completed
10365,2913,2022-05-02,348.27,Sports,Email,Completed
10366,1674,2023-07-08,311.75,Beauty,Google Search,Completed
10368,4130,2022-04-03,97.99,Beauty,Paid Social,Completed
10369,4567,2024-09-21,582.68,Home & Kitchen,Organic,Completed
10370,2962,2022-10-11,362.67,Apparel,Paid Social,Completed
10371,3228,2022-03-31,684.46,Beauty,Paid Social,Completed
10372,5155,2022-12-20,104.84,Apparel,Google Search,Completed
10373,4373,2022-04-30,259.89,Sports,Paid Social,Completed
10374,1991,2024-09-09,461.74,Beauty,Organic,Completed
10375,1417,2022-04-09,1031.92,Sports,Organic,Completed
10376,4672,2023-12-19,352.97,Sports,Organic,Completed
10379,1547,2022-02-09,212.32,Sports,Organic,Completed
10380,4402,2024-09-08,85.64,Electronics,Organic,Completed
10381,5348,2022-02-22,146.92,Sports,SMS,Completed
10383,3381,2024-04-09,133.07,Sports,Email,Completed
10384,5591,2023-08-12,252.98,Beauty,Email,Completed
10385,2691,2024-05-13,164.55,Electronics,Email,Completed
10386,2646,2024-03-19,310.21,Apparel,Organic,Completed
10389,2016,2024-10-02,336.85,Sports,Paid Social,Completed
10390,4495,2022-12-10,145.68,Home & Kitchen,Email,Completed
10391,3156,2023-10-17,93.82,Sports,SMS,Completed
10393,4680,2024-10-22,424.99,Electronics,Email,Completed
10394,5372,2022-01-24,65.8,Apparel,Organic,Completed
10395,2302,2024-01-06,126.16,Apparel,SMS,Completed
10399,3960,2023-08-20,169.46,Electronics,Email,Completed
10401,2683,2022-08-30,219.13,Beauty,Email,Completed
10402,2682,2024-06-14,775.41,Electronics,Organic,Completed
10405,1088,2022-05-09,229.44,Sports,SMS,Completed
10407,2662,2024-11-03,117.16,Apparel,SMS,Completed
10408,4733,2024-12-07,461.53,Sports,SMS,Completed
10409,3052,2023-09-03,464.38,Apparel,Google Search,Completed
10411,1449,2022-05-19,171.19,Beauty,Google Search,Completed
10412,3779,2023-05-20,279.89,Apparel,Google Search,Completed
10415,2310,2023-07-29,339.7,Beauty,Email,Completed
10416,1240,2023-01-11,74.48,Electronics,Paid Social,Completed
10419,5180,2023-04-14,497.11,Electronics,Google Search,Completed
10420,1657,2022-04-15,332.89,Home & Kitchen,Paid Social,Completed
10421,5180,2022-08-04,227.86,Apparel,Email,Completed
10422,1267,2023-01-27,241.08,Home & Kitchen,Google Search,Completed
10424,3930,2023-02-27,246.4,Home & Kitchen,Paid Social,Completed
10426,3074,2023-03-15,493.38,Sports,Email,Completed
10428,2512,2022-09-06,180.69,Electronics,Email,Completed
10430,4484,2022-05-03,278.25,Home & Kitchen,Organic,Completed
10431,3089,2023-10-07,332.83,Sports,SMS,Completed
10433,1952,2023-04-05,112.3,Sports,Organic,Completed
10434,1631,2022-10-30,261.53,Apparel,Google Search,Completed
10437,5534,2022-12-30,138.18,Electronics,SMS,Completed
10440,1819,2023-03-18,175.68,Home & Kitchen,Paid Social,Completed
10441,5498,2024-02-01,157.83,Beauty,Organic,Completed
10442,3702,2024-06-22,425.65,Sports,Paid Social,Completed
10443,5371,2023-04-05,700.08,Beauty,Paid Social,Completed
10444,5214,2022-11-09,277.36,Electronics,Organic,Completed
10445,4724,2024-12-19,86.81,Apparel,SMS,Completed
10448,4056,2023-02-01,351.13,Home & Kitchen,Google Search,Completed
10450,4008,2023-03-04,1415.61,Electronics,SMS,Completed
10451,2331,2024-02-22,891.9,Home & Kitchen,Organic,Completed
10452,5262,2024-10-28,220.16,Home & Kitchen,SMS,Completed
10453,2442,2023-07-23,104.49,Apparel,Google Search,Completed
10454,4909,2022-05-17,155.23,Electronics,Organic,Completed
10455,3379,2023-08-05,421.89,Beauty,Google Search,Completed
10458,2730,2023-06-14,324.32,Electronics,SMS,Completed
10468,3463,2023-09-16,297.78,Apparel,Google Search,Completed
10469,2959,2022-05-11,131.58,Beauty,SMS,Completed
10471,5749,2023-10-30,156.14,Home & Kitchen,Paid Social,Completed
10473,2536,2024-12-17,356.28,Sports,SMS,Completed
10474,3523,2023-10-22,651.83,Sports,Paid Social,Completed
10478,4764,2023-07-22,145.34,Apparel,Paid Social,Completed
10479,5252,2023-04-11,254.56,Apparel,Email,Completed
10481,3546,2022-02-04,144.28,Beauty,Paid Social,Completed
10484,3768,2023-03-24,485.1,Sports,Email,Completed
10488,1677,2024-08-01,220.04,Home & Kitchen,Email,Completed
10491,5760,2023-01-29,94.46,Apparel,Paid Social,Completed
10492,2698,2022-09-07,188.4,Electronics,Paid Social,Completed
10493,2340,2024-06-28,648.4,Beauty,Google Search,Completed
10494,1064,2023-08-03,407.43,Beauty,Paid Social,Completed
10496,5881,2023-04-25,622.24,Sports,Google Search,Completed
10498,4743,2023-12-17,366.41,Apparel,Google Search,Completed
10499,4905,2023-05-23,95.33,Apparel,Google Search,Completed
10500,1455,2024-11-24,405.51,Electronics,SMS,Completed
10501,2695,2023-05-05,106.03,Beauty,Organic,Completed
10503,2284,2023-06-25,90.57,Home & Kitchen,Organic,Completed
10504,3168,2024-03-18,167.22,Sports,Email,Completed
10505,1537,2023-12-13,167.91,Home & Kitchen,Paid Social,Completed
10506,1414,2023-11-23,221.3,Sports,Email,Completed
10507,2218,2022-05-13,498.41,Electronics,Organic,Completed
10508,3130,2023-05-28,138.89,Sports,SMS,Completed
10509,4367,2022-07-04,99.74,Sports,Email,Completed
10511,5460,2022-05-18,453.55,Beauty,Google Search,Completed
10512,4259,2023-06-26,207.65,Sports,Email,Completed
10513,3939,2024-06-06,396.6,Home & Kitchen,Paid Social,Completed
10514,4241,2024-09-04,224.7,Apparel,Paid Social,Completed
10519,1035,2023-06-03,270.48,Sports,Google Search,Completed
10520,5944,2022-08-15,84.83,Apparel,Organic,Completed
10523,2825,2024-01-14,319.48,Sports,Paid Social,Completed
10525,5087,2022-11-06,850.8,Sports,SMS,Completed
10527,5316,2022-02-27,396.94,Electronics,Google Search,Completed
10528,3294,2023-05-12,78.85,Electronics,Paid Social,Completed
10531,4508,2024-12-19,217.68,Home & Kitchen,Email,Completed
10532,4102,2023-02-06,373.52,Sports,Organic,Completed
10534,4816,2022-12-16,70.26,Beauty,Google Search,Completed
10535,2078,2022-08-21,194.11,Apparel,Organic,Completed
10536,2387,2022-10-09,396.99,Electronics,SMS,Completed
10537,1099,2023-10-23,76.79,Home & Kitchen,SMS,Completed
10538,5641,2023-11-18,427.46,Home & Kitchen,Google Search,Completed
10539,5389,2024-10-13,371.77,Beauty,Google Search,Completed
10545,1585,2024-12-23,259.9,Home & Kitchen,Organic,Completed
10546,4459,2022-05-20,474.18,Home & Kitchen,Paid Social,Completed
10547,1588,2022-12-29,144.57,Home & Kitchen,Paid Social,Completed
10548,3222,2023-02-27,299.88,Electronics,Email,Completed
10549,1095,2024-05-26,567.83,Apparel,Email,Completed
10550,1225,2022-02-02,760.91,Apparel,Paid Social,Completed
10551,4073,2022-03-15,461.18,Sports,Email,Completed
10554,2659,2022-08-23,182.18,Electronics,Google Search,Completed
10555,3369,2024-04-23,255.68,Electronics,Organic,Completed
10561,2358,2024-04-19,281.81,Electronics,SMS,Completed
10562,2438,2023-09-22,408.41,Beauty,Organic,Completed
10563,4055,2022-12-02,217.7,Sports,Organic,Completed
10564,1308,2022-07-01,125.07,Home & Kitchen,Organic,Completed
10566,1926,2023-01-29,335.5,Apparel,Email,Completed
10568,2786,2024-06-03,205.25,Sports,Paid Social,Completed
10569,5317,2024-01-10,313.3,Beauty,Paid Social,Completed
10571,2714,2023-05-22,318.35,Electronics,Google Search,Completed
10575,3702,2022-06-29,1056.73,Sports,SMS,Completed
10576,4792,2022-07-28,248.91,Apparel,Google Search,Completed
10577,4184,2024-09-23,1728.83,Electronics,SMS,Completed
10578,5999,2023-04-15,391.04,Beauty,Google Search,Completed
10579,4879,2024-04-26,150.14,Apparel,Paid Social,Completed
10582,4640,2024-04-23,764.51,Sports,Paid Social,Completed
10585,2690,2023-08-31,71.77,Home & Kitchen,Google Search,Completed
10587,3245,2024-04-06,397.65,Electronics,Paid Social,Completed
10588,3069,2022-08-24,856.02,Electronics,Organic,Completed
10590,5776,2023-10-29,114.9,Home & Kitchen,Google Search,Completed
10591,5626,2024-08-12,317.03,Home & Kitchen,Paid Social,Completed
10592,5922,2024-08-11,354.13,Sports,Paid Social,Completed
10593,2556,2023-05-18,132.37,Sports,SMS,Completed
10594,1947,2022-04-24,90.22,Home & Kitchen,Email,Completed
10598,4911,2024-10-08,909.34,Apparel,SMS,Completed
10600,3580,2022-05-26,940.92,Sports,SMS,Completed
10601,1521,2023-03-22,390.14,Apparel,Paid Social,Completed
10603,5510,2022-08-19,890.25,Electronics,Organic,Completed
10604,4600,2022-02-06,377.51,Beauty,Paid Social,Completed
10607,5691,2022-02-27,142.08,Home & Kitchen,Paid Social,Completed
10608,2551,2023-10-13,614.14,Home & Kitchen,Email,Completed
10610,2823,2023-01-30,1017.13,Sports,Paid Social,Completed
10611,4419,2024-09-19,411.11,Apparel,Paid Social,Completed
10613,4761,2024-05-12,146.47,Apparel,Email,Completed
10615,4791,2022-01-29,81.85,Apparel,SMS,Completed
10616,1878,2023-12-25,133.43,Electronics,Organic,Completed
10619,2785,2024-12-25,1194.98,Beauty,Email,Completed
10620,2093,2024-01-14,158.13,Home & Kitchen,Email,Completed
10621,4501,2022-03-02,706.44,Beauty,Google Search,Completed
10622,5408,2023-04-20,101.69,Apparel,Google Search,Completed
10625,5427,2024-10-03,543.02,Beauty,Google Search,Completed
10627,2048,2023-11-14,211.01,Apparel,Google Search,Completed
10628,1607,2024-06-26,451.43,Electronics,Email,Completed
10631,2891,2024-01-15,854.88,Beauty,Paid Social,Completed
10634,2382,2024-02-19,288.36,Home & Kitchen,Email,Completed
10635,2518,2022-01-22,79.3,Beauty,Organic,Completed
10637,1535,2024-06-25,1053.17,Sports,SMS,Completed
10638,5653,2022-03-28,189.11,Sports,SMS,Completed
10639,4499,2024-07-08,232.34,Apparel,Paid Social,Completed
10640,1635,2024-04-03,191.78,Home & Kitchen,Google Search,Completed
10641,4278,2024-05-11,295.54,Home & Kitchen,SMS,Completed
10643,2654,2024-11-09,179.33,Apparel,Organic,Completed
10645,5744,2022-04-24,350.63,Apparel,Organic,Completed
10646,2987,2024-06-03,403.36,Electronics,SMS,Completed
10647,3403,2023-12-11,241.22,Beauty,SMS,Completed
10649,1985,2024-06-29,533.32,Beauty,Google Search,Completed
10651,2612,2024-09-09,81.64,Beauty,Email,Completed
10652,5530,2022-09-28,228.28,Beauty,SMS,Completed
10654,1067,2022-12-17,605.97,Home & Kitchen,SMS,Completed
10656,5802,2023-07-10,95.1,Electronics,Email,Completed
10659,3729,2023-03-10,440.02,Electronics,Paid Social,Completed
10663,2591,2023-03-27,56.63,Electronics,Paid Social,Completed
10664,2197,2024-07-02,51.95,Beauty,Google Search,Completed
10665,2146,2023-02-05,198.36,Home & Kitchen,Paid Social,Completed
10666,5057,2022-02-02,143.84,Home & Kitchen,Email,Completed
10668,4838,2022-10-15,117.33,Home & Kitchen,Email,Completed
10669,5012,2022-11-11,1521.39,Sports,Organic,Completed
10671,3677,2022-01-15,254.73,Apparel,SMS,Completed
10672,5056,2022-07-14,709.62,Apparel,Paid Social,Completed
10674,4491,2022-12-13,87.4,Electronics,Paid Social,Completed
10675,4060,2024-01-27,326.46,Sports,Organic,Completed
10676,3227,2022-06-16,177.84,Apparel,SMS,Completed
10678,2794,2024-06-12,283.05,Apparel,Organic,Completed
10682,2408,2024-10-22,325.32,Electronics,Email,Completed
10685,3714,2023-09-13,159.94,Sports,SMS,Completed
10686,1931,2024-12-28,193.56,Beauty,SMS,Completed
10687,3301,2024-02-18,188.52,Sports,Organic,Completed
10689,3439,2023-11-09,222.25,Sports,Google Search,Completed
10691,5875,2022-07-20,111.0,Beauty,SMS,Completed
10692,2596,2022-01-03,264.07,Home & Kitchen,SMS,Completed
10693,2460,2022-05-23,525.22,Home & Kitchen,Email,Completed
10694,4857,2024-12-16,587.95,Electronics,Email,Completed
10696,5163,2024-01-17,30.77,Apparel,Paid Social,Completed
10697,4892,2024-04-26,220.89,Beauty,Email,Completed
10698,3243,2022-11-05,174.41,Apparel,Google Search,Completed
10699,4893,2024-08-23,90.17,Beauty,Organic,Completed
10700,5399,2022-09-29,196.69,Apparel,Google Search,Completed
10701,4724,2024-07-30,145.5,Electronics,Paid Social,Completed
10702,4860,2022-10-24,125.17,Sports,Paid Social,Completed
10703,5890,2024-09-25,129.17,Home & Kitchen,Paid Social,Completed
10708,3228,2023-02-02,472.5,Electronics,Organic,Completed
10709,4712,2024-06-21,173.42,Apparel,Google Search,Completed
10710,1127,2023-09-25,580.09,Beauty,Google Search,Completed
10712,1775,2024-08-23,308.89,Home & Kitchen,Paid Social,Completed
10713,2160,2024-11-25,95.05,Home & Kitchen,Organic,Completed
10714,3652,2023-11-14,128.01,Electronics,Email,Completed
10717,3378,2023-10-15,555.1,Sports,Google Search,Completed
10718,3444,2023-06-12,1312.41,Beauty,Paid Social,Completed
10719,2618,2022-01-19,253.08,Apparel,Google Search,Completed
10721,4374,2022-05-17,424.52,Apparel,Email,Completed
10722,5755,2024-10-26,620.75,Electronics,SMS,Completed
10723,2844,2022-12-14,140.17,Home & Kitchen,Organic,Completed
10724,2403,2023-02-08,301.94,Home & Kitchen,Google Search,Completed
10728,3553,2023-12-29,310.95,Sports,Email,Completed
10730,4579,2024-10-05,247.45,Beauty,Paid Social,Completed
10732,4191,2023-05-19,265.39,Apparel,Paid Social,Completed
10735,5086,2023-08-03,59.92,Beauty,SMS,Completed
10736,1209,2022-07-06,147.1,Electronics,Organic,Completed
10737,1390,2023-11-15,158.45,Home & Kitchen,Email,Completed
10738,3871,2023-04-21,389.26,Beauty,SMS,Completed
10740,4777,2024-02-18,315.64,Sports,Paid Social,Completed
10741,1249,2024-05-22,501.55,Electronics,SMS,Completed
10742,3674,2022-11-15,97.12,Electronics,Organic,Completed
10745,4975,2024-10-07,84.75,Sports,Google Search,Completed
10746,5816,2023-04-04,329.76,Beauty,Email,Completed
10748,1675,2023-09-30,254.66,Home & Kitchen,Email,Completed
10749,2200,2023-09-20,136.95,Electronics,Paid Social,Completed
10750,1886,2022-08-13,367.2,Apparel,Google Search,Completed
10752,2258,2024-11-02,154.28,Home & Kitchen,Paid Social,Completed
10754,3662,2023-08-13,1236.11,Sports,Email,Completed
10755,1991,2023-12-12,228.63,Home & Kitchen,Paid Social,Completed
10756,4558,2022-02-19,80.24,Electronics,Email,Completed
10757,2445,2022-01-04,57.2,Electronics,SMS,Completed
10758,2412,2023-05-08,142.34,Beauty,Google Search,Completed
10762,5264,2023-01-01,131.02,Electronics,Google Search,Completed
10763,1378,2024-02-26,84.06,Apparel,Google Search,Completed
10764,5002,2024-09-15,207.37,Beauty,Google Search,Completed
10765,3277,2023-03-31,223.67,Apparel,Paid Social,Completed
10768,1738,2024-09-01,115.07,Home & Kitchen,Email,Completed
10769,2485,2024-05-27,210.92,Apparel,SMS,Completed
10772,3221,2023-10-20,316.03,Home & Kitchen,Paid Social,Completed
10773,4636,2023-04-06,528.46,Apparel,Organic,Completed
10777,2380,2022-06-05,121.95,Sports,Organic,Completed
10778,5602,2022-09-08,206.81,Electronics,Email,Completed
10779,2395,2024-06-13,276.22,Electronics,Email,Completed
10780,2080,2023-11-17,110.49,Sports,Email,Completed
10781,2982,2024-04-04,321.72,Beauty,Email,Completed
10785,5726,2023-06-12,34.01,Apparel,SMS,Completed
10788,2459,2023-05-27,104.65,Beauty,Google Search,Completed
10789,1787,2023-01-02,1093.92,Electronics,Organic,Completed
10791,4768,2022-04-20,457.74,Electronics,Paid Social,Completed
10794,5983,2024-06-11,100.67,Sports,Google Search,Completed
10795,2921,2023-05-08,439.55,Apparel,Google Search,Completed
10797,2915,2022-04-26,40.92,Electronics,Organic,Completed
10798,5174,2022-05-12,226.91,Sports,SMS,Completed
10799,5105,2023-01-31,271.59,Sports,Google Search,Completed
10800,4627,2024-04-30,446.2,Electronics,Paid Social,Completed
10806,2161,2024-05-24,360.23,Beauty,Organic,Completed
10807,2462,2024-03-06,634.16,Apparel,Paid Social,Completed
10808,5879,2022-01-26,201.32,Sports,Google Search,Completed
10809,2381,2024-03-06,386.27,Sports,Paid Social,Completed
10810,2869,2023-12-27,229.8,Sports,Paid Social,Completed
10811,5609,2022-05-28,228.33,Apparel,Email,Completed
10812,4858,2023-03-05,145.49,Sports,SMS,Completed
10814,1667,2022-03-25,726.91,Home & Kitchen,Email,Completed
10816,4344,2024-07-13,344.83,Apparel,Paid Social,Completed
10818,1491,2023-07-07,148.68,Sports,Email,Completed
10820,3306,2022-04-19,691.62,Home & Kitchen,Paid Social,Completed
10821,4043,2022-11-10,486.71,Beauty,Organic,Completed
10823,4013,2022-07-05,529.3,Beauty,Email,Completed
10824,3187,2024-11-12,645.71,Electronics,Google Search,Completed
10826,2093,2022-03-22,881.53,Apparel,Email,Completed
10827,1200,2024-07-02,105.86,Apparel,SMS,Completed
10829,2202,2022-05-15,745.65,Electronics,Email,Completed
10831,3948,2023-10-09,1108.29,Beauty,Email,Completed
10832,4873,2024-06-18,146.68,Electronics,Google Search,Completed
10834,4200,2022-03-28,145.61,Beauty,SMS,Completed
10837,1586,2024-08-10,146.26,Beauty,SMS,Completed
10839,4941,2024-06-13,95.28,Sports,Google Search,Completed
10840,1239,2023-12-08,149.45,Electronics,Paid Social,Completed
10841,1952,2022-04-11,276.99,Beauty,Email,Completed
10842,4398,2022-08-31,41.4,Electronics,Paid Social,Completed
10843,4933,2024-10-25,208.94,Electronics,Email,Completed
10845,3537,2024-07-14,292.57,Home & Kitchen,Google Search,Completed
10848,1755,2024-04-02,273.56,Apparel,SMS,Completed
10851,3490,2024-02-03,200.08,Beauty,Email,Completed
10854,1705,2022-04-23,867.93,Sports,Paid Social,Completed
10855,4491,2024-07-27,367.35,Sports,Google Search,Completed
10856,2545,2023-10-10,261.34,Beauty,SMS,Completed
10857,4016,2023-01-22,522.09,Home & Kitchen,Paid Social,Completed
10859,4631,2024-11-02,866.78,Apparel,Email,Completed
10860,1600,2024-10-24,1604.87,Apparel,SMS,Completed
10861,1244,2024-11-23,226.93,Electronics,Email,Completed
10863,3590,2023-09-19,191.9,Sports,Organic,Completed
10865,1904,2024-06-13,391.75,Sports,Paid Social,Completed
10867,5331,2023-06-27,335.94,Electronics,Google Search,Completed
10868,2919,2022-06-01,736.69,Electronics,Organic,Completed
10869,2801,2023-01-04,474.36,Beauty,Google Search,Completed
10870,5889,2023-09-06,451.83,Sports,Email,Completed
10871,4113,2023-01-21,56.45,Sports,Organic,Completed
10873,3199,2022-07-13,180.62,Electronics,SMS,Completed
10875,1718,2023-04-16,172.44,Electronics,Email,Completed
10876,2935,2024-02-07,212.3,Sports,Email,Completed
10879,4422,2022-01-08,202.87,Apparel,Email,Completed
10882,4888,2022-04-07,572.9,Apparel,Google Search,Completed
10883,3148,2022-01-21,44.63,Beauty,Paid Social,Completed
10884,3008,2023-10-05,78.63,Sports,SMS,Completed
10887,1355,2023-08-03,221.55,Sports,Paid Social,Completed
10888,5811,2023-01-25,330.56,Beauty,Email,Completed
10889,4333,2022-08-02,575.36,Beauty,Google Search,Completed
10890,4650,2024-10-13,186.39,Home & Kitchen,Organic,Completed
10891,4503,2022-06-02,356.83,Electronics,Paid Social,Completed
10892,4434,2023-05-22,76.79,Beauty,SMS,Completed
10893,3606,2023-10-07,392.06,Electronics,SMS,Completed
10895,3773,2023-05-06,186.46,Sports,Paid Social,Completed
10896,2357,2023-08-24,236.48,Apparel,SMS,Completed
10902,1282,2024-05-08,199.33,Electronics,Google Search,Completed
10904,5505,2022-07-21,110.43,Electronics,Google Search,Completed
10905,1547,2022-11-23,624.95,Sports,Email,Completed
10906,5108,2022-09-21,243.41,Sports,Paid Social,Completed
10910,2127,2022-05-30,22.94,Sports,Google Search,Completed
10911,4352,2024-08-03,135.57,Beauty,Paid Social,Completed
10914,1012,2024-03-17,242.61,Electronics,Paid Social,Completed
10916,5832,2022-08-14,327.12,Sports,Google Search,Completed
10917,1024,2022-09-05,1995.92,Apparel,SMS,Completed
10918,1252,2022-05-24,184.74,Home & Kitchen,SMS,Completed
10920,3837,2023-07-26,582.04,Sports,Paid Social,Completed
10921,1342,2023-06-18,299.75,Electronics,Google Search,Completed
10922,5137,2022-09-15,250.64,Sports,Organic,Completed
10923,2666,2024-06-22,543.74,Home & Kitchen,SMS,Completed
10924,4692,2022-04-01,576.44,Home & Kitchen,Email,Completed
10925,5380,2022-10-17,57.28,Sports,Google Search,Completed
10926,4636,2023-06-01,217.72,Beauty,Organic,Completed
10927,2434,2022-12-25,349.73,Apparel,Email,Completed
10930,4625,2024-02-05,367.94,Home & Kitchen,Google Search,Completed
10931,5497,2023-05-25,537.61,Electronics,Organic,Completed
10932,2302,2024-05-22,183.42,Sports,Email,Completed
10933,4721,2023-03-11,102.11,Electronics,Organic,Completed
10934,5554,2024-07-01,265.38,Electronics,Email,Completed
10935,4640,2023-04-16,219.78,Apparel,Google Search,Completed
10936,4257,2022-12-16,149.66,Home & Kitchen,Organic,Completed
10937,1274,2024-04-06,76.87,Home & Kitchen,Email,Completed
10938,5406,2022-04-14,166.47,Sports,Email,Completed
10939,5043,2022-05-10,69.15,Sports,Organic,Completed
10940,3565,2022-05-22,134.48,Sports,SMS,Completed
10941,1169,2022-11-23,229.94,Beauty,Paid Social,Completed
10942,4260,2023-08-28,143.64,Home & Kitchen,Email,Completed
10944,1142,2024-12-06,216.86,Beauty,Google Search,Completed
10946,4123,2024-04-06,267.86,Home & Kitchen,SMS,Completed
10947,3901,2024-04-26,93.94,Electronics,Email,Completed
10949,3029,2023-06-26,213.48,Electronics,Organic,Completed
10950,3265,2023-03-14,145.37,Electronics,Organic,Completed
10951,5221,2023-10-24,239.77,Electronics,SMS,Completed
10953,2741,2022-01-31,263.04,Beauty,Paid Social,Completed
10954,2249,2024-07-12,528.01,Sports,Paid Social,Completed
10955,3740,2024-05-23,472.05,Sports,Organic,Completed
10956,4018,2022-10-13,320.41,Electronics,SMS,Completed
10957,2730,2024-10-04,276.48,Sports,Google Search,Completed
10958,5106,2022-10-20,102.22,Beauty,Paid Social,Completed
10959,1090,2024-12-08,592.68,Home & Kitchen,Google Search,Completed
10961,5008,2024-03-20,186.07,Electronics,SMS,Completed
10965,5568,2022-07-18,184.5,Electronics,Email,Completed
10966,1185,2023-08-06,904.03,Apparel,Organic,Completed
10967,5457,2023-11-24,163.68,Apparel,Email,Completed
10968,1020,2024-07-28,149.55,Home & Kitchen,Email,Completed
10969,3955,2023-12-24,142.59,Sports,Organic,Completed
10970,4364,2024-09-27,650.66,Sports,Organic,Completed
10971,5541,2022-12-19,626.14,Beauty,Google Search,Completed
10972,4656,2024-08-07,188.37,Apparel,Google Search,Completed
10974,2536,2023-09-12,157.53,Sports,Organic,Completed
10975,4367,2023-12-30,582.24,Home & Kitchen,Paid Social,Completed
10976,2685,2024-03-17,165.45,Apparel,Paid Social,Completed
10977,5664,2023-12-02,511.86,Apparel,Organic,Completed
10978,4562,2024-01-14,458.17,Sports,SMS,Completed
10981,4416,2023-01-13,453.02,Home & Kitchen,Google Search,Completed
10982,5967,2024-01-30,642.6,Home & Kitchen,Paid Social,Completed
10983,4325,2024-02-03,295.11,Sports,Organic,Completed
10985,2437,2022-08-12,233.9,Home & Kitchen,Paid Social,Completed
10986,3255,2022-07-16,130.62,Electronics,Email,Completed
10988,3740,2022-08-30,850.06,Home & Kitchen,Paid Social,Completed
10990,3081,2022-10-03,137.31,Electronics,Google Search,Completed
10991,2919,2022-09-30,505.34,Apparel,SMS,Completed
10993,5182,2022-12-28,695.25,Home & Kitchen,Email,Completed
10994,2058,2023-03-04,101.53,Electronics,Organic,Completed
10995,5454,2024-07-06,140.77,Apparel,SMS,Completed
10997,3433,2022-03-28,202.4,Home & Kitchen,Email,Completed
10998,4450,2022-03-02,29.08,Home & Kitchen,SMS,Completed
10999,4774,2022-01-10,70.63,Electronics,Email,Completed
11001,2154,2024-06-08,164.51,Beauty,Organic,Completed
11003,5791,2022-08-17,916.66,Apparel,Organic,Completed
11004,1043,2023-09-28,294.85,Home & Kitchen,Google Search,Completed
11005,2108,2024-01-14,574.2,Sports,SMS,Completed
11007,2713,2022-11-03,177.54,Apparel,SMS,Completed
11008,5754,2023-07-05,66.04,Electronics,Organic,Completed
11009,4324,2022-08-16,168.39,Home & Kitchen,Paid Social,Completed
11011,2857,2023-05-29,97.28,Apparel,Email,Completed
11012,5841,2022-07-04,439.65,Apparel,Google Search,Completed
11014,2210,2022-06-05,268.15,Beauty,Email,Completed
11018,4688,2022-09-07,148.65,Electronics,Email,Completed
11019,3285,2022-06-20,203.22,Electronics,Email,Completed
11021,1114,2024-01-14,171.75,Electronics,Paid Social,Completed
11022,5271,2024-10-02,255.13,Electronics,Email,Completed
11023,2432,2022-08-08,297.69,Apparel,SMS,Completed
11024,3139,2023-03-26,451.28,Sports,Email,Completed
11025,5936,2022-07-02,613.71,Beauty,Paid Social,Completed
11026,1333,2024-04-26,567.43,Sports,Organic,Completed
11027,3240,2023-10-11,110.57,Apparel,SMS,Completed
11028,4401,2024-09-17,263.91,Beauty,Paid Social,Completed
11029,2501,2023-10-05,833.25,Home & Kitchen,Google Search,Completed
11030,1614,2022-08-12,164.8,Beauty,Google Search,Completed
11031,2912,2023-02-22,707.12,Apparel,Email,Completed
11033,1225,2022-03-06,77.38,Apparel,Organic,Completed
11034,3240,2022-01-29,1184.69,Home & Kitchen,Organic,Completed
11035,5905,2023-05-15,476.49,Electronics,Google Search,Completed
11037,4733,2024-08-23,334.64,Home & Kitchen,Email,Completed
11040,4986,2023-12-14,434.12,Beauty,Organic,Completed
11044,4409,2023-12-09,62.55,Electronics,Google Search,Completed
11045,3620,2023-01-03,201.88,Sports,Paid Social,Completed
11047,4167,2024-10-14,148.89,Sports,Email,Completed
11048,1843,2024-10-14,76.25,Apparel,Organic,Completed
11049,1316,2022-06-10,69.53,Beauty,SMS,Completed
11051,1256,2022-12-08,263.97,Beauty,Email,Completed
11052,5490,2024-08-08,189.38,Home & Kitchen,Email,Completed
11054,2535,2022-02-09,322.61,Beauty,SMS,Completed
11055,2510,2024-11-06,251.24,Beauty,Paid Social,Completed
11056,2418,2022-09-21,192.95,Electronics,Email,Completed
11057,3822,2023-06-18,334.25,Apparel,Paid Social,Completed
11060,4021,2024-07-28,250.16,Sports,Paid Social,Completed
11061,5014,2023-08-31,333.64,Home & Kitchen,Google Search,Completed
11062,1584,2023-01-18,201.24,Home & Kitchen,Organic,Completed
11063,3424,2022-04-01,73.83,Home & Kitchen,Paid Social,Completed
11064,2116,2023-09-25,184.08,Sports,Email,Completed
11065,5209,2023-08-02,224.03,Sports,Paid Social,Completed
11067,3499,2024-11-04,498.32,Beauty,Paid Social,Completed
11069,1009,2022-02-10,200.47,Sports,Organic,Completed
11070,1975,2023-02-03,324.97,Electronics,SMS,Completed
11071,5509,2024-08-28,223.36,Beauty,Google Search,Completed
11074,4252,2022-10-22,419.49,Sports,Organic,Completed
11075,4106,2024-01-02,211.61,Home & Kitchen,Google Search,Completed
11076,3873,2023-05-08,650.19,Beauty,Email,Completed
11079,4453,2024-07-15,268.8,Sports,Organic,Completed
11082,4579,2023-06-23,318.18,Apparel,Paid Social,Completed
11083,1575,2023-03-24,227.0,Electronics,Email,Completed
11085,1164,2024-05-01,389.81,Sports,Email,Completed
11086,4137,2023-01-31,304.77,Home & Kitchen,Email,Completed
11087,2160,2022-11-18,85.77,Electronics,Email,Completed
11088,5893,2024-05-17,413.4,Sports,Paid Social,Completed
11089,4222,2024-06-18,198.25,Electronics,Email,Completed
11090,1987,2024-12-05,106.1,Apparel,SMS,Completed
11091,2594,2024-12-25,373.97,Beauty,Google Search,Completed
11093,4742,2024-11-26,66.69,Beauty,Email,Completed
11094,1499,2023-01-06,280.92,Beauty,SMS,Completed
11095,4659,2022-06-25,130.2,Sports,Email,Completed
11096,2717,2023-04-23,294.2,Electronics,Google Search,Completed
11097,5170,2022-03-05,787.96,Sports,Google Search,Completed
11098,4547,2024-08-03,607.07,Electronics,SMS,Completed
11099,5374,2023-11-30,190.53,Electronics,Email,Completed
11100,4831,2022-06-03,221.86,Apparel,Organic,Completed
11101,3790,2024-10-18,53.98,Beauty,Google Search,Completed
11103,4113,2024-06-23,567.95,Sports,Paid Social,Completed
11105,4127,2022-12-15,1126.95,Apparel,Organic,Completed
11107,1435,2023-01-30,224.19,Beauty,Email,Completed
11108,5226,2023-07-13,95.14,Electronics,SMS,Completed
11111,2559,2023-03-01,395.52,Apparel,SMS,Completed
11112,2179,2023-04-22,163.39,Beauty,SMS,Completed
11114,1139,2023-06-25,79.98,Home & Kitchen,Google Search,Completed
11117,5641,2023-09-24,723.08,Electronics,Google Search,Completed
11120,4188,2024-06-14,762.87,Sports,SMS,Completed
11121,3372,2024-11-30,506.14,Electronics,SMS,Completed
11122,2061,2022-02-02,259.51,Beauty,Paid Social,Completed
11123,4646,2022-04-16,233.48,Home & Kitchen,SMS,Completed
11124,4452,2022-05-01,98.67,Sports,Organic,Completed
11126,4158,2024-09-28,51.34,Beauty,SMS,Completed
11127,4701,2023-12-24,121.8,Sports,Google Search,Completed
11130,4769,2022-10-28,918.46,Electronics,SMS,Completed
11132,1072,2023-05-13,1170.92,Electronics,Google Search,Completed
11133,5186,2022-09-21,302.43,Sports,Paid Social,Completed
11134,1923,2022-09-11,413.58,Sports,Google Search,Completed
11139,1934,2024-06-10,164.36,Apparel,SMS,Completed
11140,3066,2024-04-21,158.93,Beauty,SMS,Completed
11141,1535,2024-08-18,504.16,Apparel,Paid Social,Completed
11142,4371,2022-10-21,116.85,Beauty,SMS,Completed
11143,1520,2024-11-30,349.74,Apparel,SMS,Completed
11147,4459,2022-03-02,125.62,Home & Kitchen,Email,Completed
11148,2356,2022-08-01,115.41,Beauty,SMS,Completed
11153,4681,2023-07-09,120.4,Electronics,Paid Social,Completed
11154,3074,2022-10-15,55.83,Home & Kitchen,Paid Social,Completed
11155,2772,2024-11-07,65.32,Apparel,SMS,Completed
11156,1946,2022-06-08,232.31,Beauty,SMS,Completed
11158,1811,2024-09-16,189.11,Apparel,SMS,Completed
11159,1884,2022-08-20,321.16,Beauty,Paid Social,Completed
11160,2308,2022-05-19,47.31,Apparel,Google Search,Completed
11162,5788,2024-10-10,134.43,Electronics,Google Search,Completed
11166,1580,2024-01-03,113.55,Apparel,Google Search,Completed
11168,3165,2023-07-31,385.65,Home & Kitchen,SMS,Completed
11169,5435,2023-01-20,209.3,Beauty,Email,Completed
11170,1804,2023-12-17,375.45,Apparel,SMS,Completed
11172,3645,2023-08-23,102.2,Home & Kitchen,Email,Completed
11175,3246,2024-10-22,1002.55,Beauty,Organic,Completed
11177,3913,2022-04-07,89.83,Sports,Paid Social,Completed
11179,1668,2022-05-14,217.04,Home & Kitchen,SMS,Completed
11182,5792,2022-07-13,111.54,Home & Kitchen,Paid Social,Completed
11183,3496,2024-10-05,179.47,Sports,Organic,Completed
11184,4663,2024-11-18,640.68,Beauty,Paid Social,Completed
11186,2973,2024-07-03,87.88,Beauty,Google Search,Completed
11187,4299,2024-01-02,528.28,Sports,Organic,Completed
11188,2548,2023-01-24,93.82,Sports,SMS,Completed
11189,2548,2022-05-30,522.37,Beauty,SMS,Completed
11190,2878,2024-07-28,837.72,Sports,Email,Completed
11191,5314,2024-05-01,107.35,Beauty,Google Search,Completed
11193,4584,2022-07-20,530.06,Electronics,Google Search,Completed
11194,3823,2024-08-13,1017.26,Apparel,Google Search,Completed
11195,1243,2023-06-14,93.79,Apparel,Email,Completed
11198,3796,2022-07-02,98.08,Home & Kitchen,Paid Social,Completed
11199,5384,2022-08-15,2103.77,Apparel,Email,Completed
11202,4060,2024-08-23,906.18,Apparel,Organic,Completed
11203,5655,2024-05-22,154.88,Electronics,Paid Social,Completed
11204,5176,2024-03-20,356.78,Beauty,Email,Completed
11206,3488,2024-12-22,190.33,Sports,Paid Social,Completed
11208,2451,2022-11-17,696.92,Sports,Organic,Completed
11209,3199,2024-06-17,358.51,Sports,Google Search,Completed
11210,3189,2023-04-18,216.78,Electronics,Paid Social,Completed
11211,5141,2023-03-09,258.29,Sports,SMS,Completed
11214,4286,2022-09-06,934.34,Apparel,Paid Social,Completed
11215,5207,2022-07-26,70.41,Electronics,Organic,Completed
11217,4790,2023-05-24,49.23,Beauty,Email,Completed
11218,4013,2023-12-08,429.52,Home & Kitchen,Organic,Completed
11219,3463,2023-07-15,1171.35,Sports,Email,Completed
11220,2846,2022-06-02,86.84,Sports,Organic,Completed
11222,1520,2022-11-12,157.61,Home & Kitchen,Organic,Completed
11223,3316,2022-10-29,131.7,Electronics,Google Search,Completed
11224,5027,2024-06-10,216.61,Home & Kitchen,Email,Completed
11225,4013,2022-08-13,214.11,Beauty,Paid Social,Completed
11226,3999,2024-04-17,494.54,Sports,SMS,Completed
11227,4104,2023-12-10,240.64,Beauty,SMS,Completed
11228,1410,2024-08-18,76.91,Electronics,Email,Completed
11229,2918,2024-08-07,699.63,Sports,SMS,Completed
11230,4465,2024-02-05,760.11,Electronics,Organic,Completed
11232,2153,2024-12-20,499.63,Apparel,Email,Completed
11233,5239,2022-01-04,623.51,Home & Kitchen,Organic,Completed
11236,1008,2022-03-28,827.46,Sports,SMS,Completed
11237,2542,2022-11-08,233.4,Apparel,Paid Social,Completed
11241,1932,2023-08-26,77.52,Sports,SMS,Completed
11242,4149,2024-08-08,123.05,Home & Kitchen,Google Search,Completed
11244,3292,2023-09-20,356.08,Electronics,Organic,Completed
11245,1199,2024-07-26,48.87,Home & Kitchen,Email,Completed
11246,5973,2022-05-18,246.3,Electronics,Email,Completed
11247,2407,2024-08-01,137.45,Electronics,Email,Completed
11248,4807,2024-04-22,40.82,Electronics,SMS,Completed
11249,2348,2023-03-09,234.96,Beauty,Google Search,Completed
11252,5919,2024-07-28,455.96,Beauty,SMS,Completed
11253,4425,2024-08-18,206.7,Beauty,SMS,Completed
11255,5880,2023-02-23,476.99,Sports,Organic,Completed
11256,2965,2023-04-06,607.39,Sports,Google Search,Completed
11258,2817,2022-08-12,181.28,Apparel,Google Search,Completed
11259,1346,2022-03-16,199.24,Electronics,Paid Social,Completed
11260,1211,2023-11-01,107.01,Home & Kitchen,Organic,Completed
11261,2841,2023-07-17,326.5,Sports,Google Search,Completed
11262,1822,2024-09-04,261.89,Electronics,Paid Social,Completed
11263,4136,2022-10-09,101.94,Electronics,Email,Completed
11264,4630,2022-08-22,267.63,Sports,SMS,Completed
11265,2025,2024-07-06,514.03,Sports,Google Search,Completed
11268,5205,2023-07-26,323.34,Beauty,SMS,Completed
11270,3228,2023-12-30,384.77,Sports,Email,Completed
11271,1586,2024-08-31,180.63,Apparel,SMS,Completed
11275,5890,2024-07-15,723.4,Sports,Organic,Completed
11276,1031,2022-05-01,97.52,Home & Kitchen,Google Search,Completed
11277,2696,2022-04-04,796.68,Electronics,SMS,Completed
11278,4271,2024-05-07,379.82,Home & Kitchen,SMS,Completed
11279,3120,2023-06-08,462.43,Beauty,Paid Social,Completed
11280,1495,2023-10-27,138.55,Beauty,SMS,Completed
11281,3845,2023-12-02,106.58,Sports,Google Search,Completed
11283,4518,2022-01-04,112.95,Sports,SMS,Completed
11284,5215,2022-04-22,114.97,Home & Kitchen,Google Search,Completed
11287,5256,2023-02-12,272.6,Electronics,Email,Completed
11288,5259,2023-02-18,716.87,Apparel,Email,Completed
11289,4979,2022-08-31,279.66,Home & Kitchen,Email,Completed
11292,1632,2023-05-08,35.53,Home & Kitchen,SMS,Completed
11293,1252,2022-01-26,289.25,Sports,SMS,Completed
11294,2418,2024-10-14,344.4,Home & Kitchen,Email,Completed
11295,3907,2024-12-18,85.0,Home & Kitchen,Paid Social,Completed
11296,1070,2022-01-08,424.58,Beauty,Email,Completed
11297,1647,2022-05-27,163.35,Beauty,Paid Social,Completed
11298,5396,2023-06-08,213.94,Sports,Paid Social,Completed
11299,1914,2023-12-13,1103.55,Beauty,Paid Social,Completed
11300,1589,2022-06-23,554.01,Beauty,Organic,Completed
11302,3578,2022-07-16,344.62,Apparel,SMS,Completed
11304,5029,2023-01-24,156.99,Home & Kitchen,Paid Social,Completed
11307,4889,2023-12-10,126.69,Sports,Paid Social,Completed
11308,2022,2024-07-01,147.66,Apparel,SMS,Completed
11310,4144,2023-01-04,628.24,Electronics,Google Search,Completed
11312,5900,2024-06-30,98.19,Home & Kitchen,Email,Completed
11313,2416,2024-01-05,260.32,Beauty,SMS,Completed
11314,3206,2022-02-09,224.24,Apparel,Email,Completed
11315,4078,2023-04-01,974.55,Home & Kitchen,Paid Social,Completed
11316,4048,2024-01-30,844.95,Apparel,Organic,Completed
11317,5478,2023-02-14,117.19,Home & Kitchen,Google Search,Completed
11318,5331,2024-07-03,428.77,Sports,Email,Completed
11319,2006,2024-10-11,154.2,Sports,SMS,Completed
11320,2176,2023-09-03,113.13,Beauty,Email,Completed
11322,5563,2022-06-16,311.57,Sports,SMS,Completed
11323,2072,2022-05-16,2171.82,Sports,SMS,Completed
11325,1832,2022-01-01,115.91,Sports,Organic,Completed
11326,5483,2024-01-01,136.35,Beauty,Paid Social,Completed
11327,2353,2023-11-19,256.34,Home & Kitchen,SMS,Completed
11328,5334,2024-12-11,97.26,Electronics,SMS,Completed
11329,3995,2022-11-28,175.1,Sports,Paid Social,Completed
11330,1422,2022-08-17,95.92,Sports,Paid Social,Completed
11331,2686,2024-11-17,138.92,Apparel,Organic,Completed
11332,1725,2023-12-08,140.57,Sports,SMS,Completed
11334,5086,2024-04-04,190.22,Home & Kitchen,SMS,Completed
11335,1112,2022-10-02,201.17,Sports,Organic,Completed
11336,2983,2022-02-03,154.55,Electronics,Organic,Completed
11338,2149,2023-12-17,136.04,Home & Kitchen,Paid Social,Completed
11341,3822,2023-10-08,182.37,Home & Kitchen,Paid Social,Completed
11342,1524,2023-02-01,114.81,Beauty,Paid Social,Completed
11344,2942,2022-01-05,144.24,Beauty,Organic,Completed
11345,4407,2024-11-23,279.68,Sports,Paid Social,Completed
11346,1864,2022-06-05,590.78,Sports,SMS,Completed
11347,1427,2023-01-10,228.46,Electronics,Google Search,Completed
11348,2374,2024-08-06,141.69,Sports,Google Search,Completed
11350,2292,2022-10-09,183.39,Sports,Email,Completed
11351,5206,2024-11-13,388.91,Electronics,Google Search,Completed
11352,3529,2023-04-27,161.64,Apparel,Paid Social,Completed
11353,4214,2024-02-17,412.76,Apparel,Paid Social,Completed
11354,3271,2023-05-26,433.02,Electronics,SMS,Completed
11358,1658,2022-03-15,431.01,Beauty,Email,Completed
11361,1771,2024-08-11,67.86,Beauty,Google Search,Completed
11365,1605,2024-05-10,140.43,Electronics,Organic,Completed
11366,5968,2022-12-01,419.29,Electronics,Organic,Completed
11367,1347,2022-01-17,200.84,Apparel,Paid Social,Completed
11368,3833,2023-08-25,273.62,Sports,SMS,Completed
11369,5716,2023-10-06,71.95,Beauty,Email,Completed
11371,1907,2023-08-10,505.58,Beauty,SMS,Completed
11372,2358,2023-12-17,199.05,Home & Kitchen,SMS,Completed
11373,3187,2023-08-07,62.85,Electronics,Google Search,Completed
11374,5736,2024-04-04,178.21,Home & Kitchen,Organic,Completed
11375,5643,2024-08-13,533.4,Beauty,Paid Social,Completed
11376,4538,2023-05-22,78.6,Apparel,Organic,Completed
11379,1388,2023-12-28,79.67,Electronics,SMS,Completed
11380,1673,2023-03-24,61.45,Home & Kitchen,SMS,Completed
11382,1122,2024-07-20,833.17,Home & Kitchen,Organic,Completed
11383,3751,2024-06-21,152.62,Home & Kitchen,SMS,Completed
11384,1260,2024-03-05,65.9,Sports,Paid Social,Completed
11385,1933,2023-05-09,36.57,Electronics,Email,Completed
11390,3499,2023-06-02,473.15,Beauty,Organic,Completed
11392,2031,2022-10-02,590.4,Apparel,Google Search,Completed
11394,4129,2023-04-01,179.71,Sports,Paid Social,Completed
11397,3200,2024-12-08,100.29,Sports,Organic,Completed
11398,1692,2022-03-12,729.99,Electronics,SMS,Completed
11399,1838,2022-08-20,171.55,Sports,SMS,Completed
11400,4099,2023-05-25,254.57,Beauty,Email,Completed
11401,2467,2024-09-02,44.18,Home & Kitchen,Organic,Completed
11402,1438,2024-07-12,92.26,Sports,SMS,Completed
11403,1415,2023-10-06,133.62,Beauty,Google Search,Completed
11406,3900,2024-10-31,187.16,Home & Kitchen,Organic,Completed
11407,5693,2023-10-26,80.78,Home & Kitchen,Paid Social,Completed
11408,4677,2023-06-15,145.97,Beauty,Email,Completed
11409,4864,2023-06-15,146.52,Home & Kitchen,Email,Completed
11410,1232,2024-03-10,586.29,Electronics,Email,Completed
11411,4396,2022-11-06,37.47,Electronics,Google Search,Completed
11412,1909,2022-05-28,60.6,Electronics,SMS,Completed
11413,1164,2024-05-08,282.34,Home & Kitchen,Paid Social,Completed
11414,4373,2022-04-05,444.32,Sports,Google Search,Completed
11415,3698,2023-05-21,111.57,Apparel,Paid Social,Completed
11424,1703,2023-04-08,66.38,Home & Kitchen,Paid Social,Completed
11427,4265,2023-03-17,178.3,Apparel,Organic,Completed
11430,4787,2023-05-16,324.29,Apparel,Organic,Completed
11431,5198,2022-11-12,110.78,Apparel,Email,Completed
11432,1720,2024-06-21,119.78,Home & Kitchen,Organic,Completed
11433,1118,2022-01-04,648.23,Apparel,Paid Social,Completed
11434,5484,2022-05-03,83.53,Beauty,Google Search,Completed
11435,3738,2022-01-12,295.8,Electronics,Paid Social,Completed
11437,5472,2023-04-07,62.64,Home & Kitchen,SMS,Completed
11438,3446,2024-11-07,626.37,Home & Kitchen,Paid Social,Completed
11439,2315,2022-10-12,401.83,Sports,Paid Social,Completed
11440,5782,2022-03-06,318.13,Beauty,Google Search,Completed
11441,3158,2022-02-22,298.74,Home & Kitchen,Paid Social,Completed
11442,4952,2024-12-04,308.44,Sports,SMS,Completed
11443,1807,2024-12-12,353.17,Beauty,Paid Social,Completed
11445,5854,2024-12-26,347.39,Sports,Organic,Completed
11446,2695,2023-04-06,165.02,Home & Kitchen,SMS,Completed
11447,4687,2024-12-29,125.66,Home & Kitchen,Email,Completed
11449,1792,2024-01-03,197.45,Sports,SMS,Completed
11450,1235,2023-06-18,984.4,Electronics,Email,Completed
11451,2138,2023-10-28,598.21,Electronics,SMS,Completed
11453,4021,2022-04-13,80.37,Sports,SMS,Completed
11454,3269,2023-01-16,124.76,Beauty,SMS,Completed
11455,5371,2023-03-07,920.62,Apparel,Google Search,Completed
11457,5364,2023-03-14,420.56,Beauty,Google Search,Completed
11458,5678,2024-03-01,147.56,Sports,Google Search,Completed
11460,1298,2022-12-24,278.12,Sports,Organic,Completed
11461,5346,2022-12-20,282.43,Sports,Google Search,Completed
11462,5019,2022-10-01,102.52,Electronics,Google Search,Completed
11463,1821,2024-04-13,329.1,Electronics,Organic,Completed
11464,1983,2024-03-06,236.88,Beauty,SMS,Completed
11465,4882,2023-10-19,209.29,Beauty,Email,Completed
11467,4876,2022-06-17,171.69,Apparel,SMS,Completed
11468,5242,2022-12-22,107.92,Sports,SMS,Completed
11472,3617,2022-08-15,239.13,Sports,SMS,Completed
11474,4884,2023-04-11,673.08,Sports,SMS,Completed
11476,4648,2022-02-05,228.78,Home & Kitchen,Email,Completed
11477,1895,2022-05-26,331.22,Beauty,Paid Social,Completed
11478,3982,2023-07-24,956.9,Home & Kitchen,Organic,Completed
11479,1846,2023-06-03,330.97,Sports,SMS,Completed
11480,3054,2022-10-07,1659.07,Apparel,Paid Social,Completed
11481,2840,2024-01-15,615.29,Electronics,Email,Completed
11482,1600,2024-03-09,223.77,Sports,Google Search,Completed
11487,3303,2024-04-07,51.89,Sports,Paid Social,Completed
11488,4753,2023-10-13,301.19,Beauty,SMS,Completed
11489,1756,2022-10-18,68.19,Home & Kitchen,SMS,Completed
11491,2607,2024-10-11,208.83,Electronics,Google Search,Completed
11492,3286,2022-09-12,73.63,Beauty,Google Search,Completed
11493,4363,2022-02-06,1111.57,Home & Kitchen,SMS,Completed
11496,3448,2024-12-13,687.66,Beauty,Organic,Completed
11501,3413,2022-12-22,309.94,Beauty,Organic,Completed
11502,2657,2024-02-13,79.08,Electronics,Organic,Completed
11503,4765,2022-04-29,212.27,Apparel,Google Search,Completed
11504,1437,2022-08-16,410.35,Electronics,Email,Completed
11505,2459,2024-04-17,321.05,Apparel,SMS,Completed
11506,4660,2024-07-30,702.1,Home & Kitchen,Organic,Completed
11507,3882,2022-11-13,94.64,Home & Kitchen,Organic,Completed
11508,4800,2023-09-28,201.35,Beauty,Email,Completed
11510,4306,2024-02-17,118.16,Beauty,Google Search,Completed
11511,3534,2023-05-05,192.25,Beauty,Paid Social,Completed
11513,3384,2023-08-31,139.03,Beauty,SMS,Completed
11515,1979,2022-10-13,318.32,Electronics,Paid Social,Completed
11516,2788,2022-04-19,649.48,Beauty,Paid Social,Completed
11518,4033,2022-02-12,358.57,Apparel,SMS,Completed
11519,3396,2024-03-20,97.68,Electronics,SMS,Completed
11520,3650,2023-12-21,111.68,Sports,SMS,Completed
11521,5235,2022-12-18,149.64,Electronics,Google Search,Completed
11522,5875,2024-08-01,164.99,Apparel,Email,Completed
11524,1346,2022-02-17,146.55,Sports,Paid Social,Completed
11525,4951,2024-01-03,339.44,Apparel,Email,Completed
11526,4396,2023-08-07,107.52,Home & Kitchen,Email,Completed
11527,2299,2023-09-01,603.66,Home & Kitchen,Paid Social,Completed
11532,5862,2022-08-11,430.7,Home & Kitchen,SMS,Completed
11533,2295,2024-08-21,125.39,Beauty,Google Search,Completed
11534,4596,2022-04-07,165.6,Home & Kitchen,Google Search,Completed
11539,1183,2024-11-08,312.24,Sports,SMS,Completed
11541,5219,2023-05-27,1490.37,Apparel,Google Search,Completed
11542,1288,2024-06-20,499.69,Beauty,Organic,Completed
11546,1992,2024-09-21,802.44,Sports,Email,Completed
11547,4716,2024-08-14,296.76,Sports,Google Search,Completed
11550,1171,2022-01-16,78.85,Electronics,Email,Completed
11554,1726,2022-10-20,122.49,Electronics,SMS,Completed
11555,2179,2022-12-22,262.2,Beauty,Email,Completed
11556,1053,2024-08-07,331.31,Sports,SMS,Completed
11557,2289,2022-03-12,170.67,Home & Kitchen,Organic,Completed
11560,5748,2023-01-11,143.98,Home & Kitchen,Google Search,Completed
11561,4852,2024-12-16,450.44,Sports,Google Search,Completed
11563,1632,2023-02-28,881.12,Beauty,SMS,Completed
11564,3524,2024-08-05,136.13,Beauty,SMS,Completed
11566,2835,2023-04-19,301.7,Apparel,Organic,Completed
11567,4424,2023-07-04,155.65,Apparel,Google Search,Completed
11568,2338,2024-02-03,377.61,Electronics,Paid Social,Completed
11569,5614,2023-01-28,44.2,Beauty,Google Search,Completed
11571,4829,2023-07-27,50.89,Sports,Organic,Completed
11572,1299,2023-10-24,271.31,Home & Kitchen,SMS,Completed
11573,5117,2023-01-23,467.21,Beauty,Email,Completed
11575,5620,2022-11-28,2404.95,Electronics,Paid Social,Completed
11576,3222,2023-03-25,515.08,Electronics,Organic,Completed
11580,1941,2022-01-15,658.43,Beauty,Paid Social,Completed
11583,3306,2024-12-22,167.66,Beauty,Email,Completed
11585,5925,2024-04-01,766.15,Beauty,Paid Social,Completed
11589,3988,2022-01-29,489.08,Beauty,SMS,Completed
11590,2335,2022-04-12,485.25,Beauty,Google Search,Completed
11592,2605,2023-04-29,972.75,Home & Kitchen,Google Search,Completed
11593,3823,2022-06-28,72.07,Apparel,Email,Completed
11594,4781,2024-12-04,126.53,Sports,SMS,Completed
11595,4713,2023-10-24,75.12,Home & Kitchen,SMS,Completed
11601,5985,2022-11-28,228.93,Electronics,Email,Completed
11602,5035,2022-01-18,275.7,Beauty,Organic,Completed
11604,5875,2022-01-17,201.85,Sports,Organic,Completed
11606,3600,2023-05-08,439.77,Electronics,Paid Social,Completed
11610,5129,2024-07-11,163.8,Beauty,Email,Completed
11612,3634,2023-11-10,223.9,Beauty,Email,Completed
11613,3611,2024-01-08,241.57,Home & Kitchen,Paid Social,Completed
11614,5449,2023-06-20,266.85,Apparel,Google Search,Completed
11618,1786,2023-01-07,482.53,Beauty,Email,Completed
11619,1728,2024-05-28,170.53,Sports,Paid Social,Completed
11621,1283,2024-12-11,628.01,Beauty,Paid Social,Completed
11625,5554,2023-01-16,103.84,Home & Kitchen,Paid Social,Completed
11626,3812,2024-07-30,183.56,Sports,Email,Completed
11628,4075,2022-03-03,153.46,Beauty,Organic,Completed
11629,3509,2022-03-30,447.83,Electronics,Email,Completed
11630,4733,2023-02-09,813.98,Apparel,Organic,Completed
11631,1054,2023-04-29,517.59,Apparel,Google Search,Completed
11632,2818,2023-03-31,386.23,Sports,Organic,Completed
11633,3570,2024-07-29,178.11,Home & Kitchen,Google Search,Completed
11634,4436,2023-07-31,1579.7,Electronics,Google Search,Completed
11635,2172,2022-03-26,352.61,Sports,Organic,Completed
11636,5089,2022-08-20,613.32,Electronics,Paid Social,Completed
11638,3384,2024-01-26,1000.79,Sports,Organic,Completed
11640,3277,2022-11-24,52.98,Sports,Google Search,Completed
11641,1866,2022-11-02,470.4,Apparel,SMS,Completed
11642,1911,2022-11-06,74.78,Sports,Google Search,Completed
11644,4353,2023-05-02,229.68,Electronics,Google Search,Completed
11647,5596,2023-12-22,254.22,Beauty,Organic,Completed
11648,5836,2024-01-26,80.57,Beauty,Organic,Completed
11649,4238,2024-08-14,279.67,Beauty,SMS,Completed
11651,4085,2023-08-07,195.01,Sports,Paid Social,Completed
11655,2280,2024-02-18,273.2,Apparel,Email,Completed
11656,1277,2024-12-25,583.7,Electronics,Paid Social,Completed
11658,2235,2024-01-27,375.56,Home & Kitchen,Email,Completed
11659,1495,2024-08-30,52.68,Sports,SMS,Completed
11660,5178,2022-06-07,903.36,Apparel,Email,Completed
11663,2367,2022-08-17,344.37,Electronics,SMS,Completed
11664,5736,2023-06-17,125.74,Apparel,SMS,Completed
11665,3152,2022-05-27,127.99,Home & Kitchen,Email,Completed
11669,3139,2024-07-08,171.72,Beauty,Email,Completed
11672,2219,2024-02-22,540.68,Sports,Paid Social,Completed
11673,3797,2023-01-10,297.14,Home & Kitchen,Google Search,Completed
11675,2793,2023-08-06,1595.79,Beauty,Paid Social,Completed
11680,2290,2022-06-15,789.93,Sports,Paid Social,Completed
11681,5178,2022-04-25,93.97,Apparel,SMS,Completed
11682,2639,2022-05-04,395.49,Home & Kitchen,Organic,Completed
11684,5037,2023-06-05,153.28,Electronics,SMS,Completed
11685,1198,2024-04-16,520.29,Home & Kitchen,Organic,Completed
11687,4615,2022-01-08,396.57,Home & Kitchen,SMS,Completed
11688,3212,2024-06-05,149.95,Home & Kitchen,Google Search,Completed
11689,4342,2023-10-31,954.87,Apparel,Organic,Completed
11690,2107,2024-04-12,141.5,Beauty,SMS,Completed
11691,1202,2024-09-24,199.13,Beauty,Google Search,Completed
11692,3647,2024-08-26,241.06,Sports,Email,Completed
11693,3184,2024-08-03,341.29,Sports,Google Search,Completed
11694,3264,2024-06-14,185.59,Home & Kitchen,Organic,Completed
11696,2952,2022-03-16,72.62,Sports,Organic,Completed
11697,2067,2024-10-11,47.3,Sports,Google Search,Completed
11699,1250,2024-10-09,506.7,Sports,Paid Social,Completed
11700,5050,2022-03-24,1968.73,Electronics,Google Search,Completed
11702,2877,2022-02-17,105.55,Home & Kitchen,Paid Social,Completed
11704,2228,2022-08-31,133.75,Beauty,Email,Completed
11705,5944,2024-12-07,337.98,Beauty,SMS,Completed
11706,3876,2022-02-02,121.85,Beauty,Paid Social,Completed
11707,3314,2024-05-29,479.41,Beauty,Paid Social,Completed
11708,1785,2024-01-04,388.74,Sports,Email,Completed
11709,1915,2023-05-20,334.23,Home & Kitchen,Organic,Completed
11710,4776,2024-07-30,71.71,Home & Kitchen,SMS,Completed
11711,5270,2024-05-02,654.69,Beauty,Organic,Completed
11715,5050,2024-03-19,99.45,Sports,Google Search,Completed
11717,1063,2023-04-29,375.16,Electronics,SMS,Completed
11718,5892,2024-09-18,231.27,Electronics,Email,Completed
11719,2323,2023-09-25,629.33,Beauty,Google Search,Completed
11721,2146,2024-12-16,81.79,Home & Kitchen,Organic,Completed
11722,1418,2022-12-15,284.61,Home & Kitchen,Email,Completed
11723,5304,2023-02-13,340.38,Home & Kitchen,Paid Social,Completed
11725,3228,2023-09-08,187.12,Sports,Paid Social,Completed
11726,3949,2023-04-11,312.87,Electronics,Google Search,Completed
11727,5509,2022-11-04,73.17,Sports,Organic,Completed
11728,1147,2022-02-25,801.85,Sports,Email,Completed
11731,3939,2022-08-08,65.23,Apparel,Google Search,Completed
11732,3379,2022-04-14,983.37,Home & Kitchen,Organic,Completed
11733,4884,2023-05-09,1205.9,Electronics,Organic,Completed
11734,4097,2024-07-31,274.17,Apparel,SMS,Completed
11735,4293,2023-09-07,84.2,Beauty,Organic,Completed
11736,4111,2022-01-24,192.99,Apparel,Google Search,Completed
11737,1488,2023-01-21,217.66,Home & Kitchen,Google Search,Completed
11739,2019,2024-11-28,325.03,Apparel,SMS,Completed
11740,4230,2023-05-20,446.86,Electronics,Email,Completed
11741,1342,2024-06-17,244.87,Beauty,Google Search,Completed
11742,3234,2022-11-01,68.4,Sports,Google Search,Completed
11744,3525,2024-02-25,183.7,Home & Kitchen,Email,Completed
11746,5015,2022-03-26,770.12,Home & Kitchen,SMS,Completed
11747,1232,2023-01-25,210.82,Electronics,Email,Completed
11748,1367,2024-03-15,370.15,Apparel,Paid Social,Completed
11749,4637,2024-05-03,896.36,Apparel,Paid Social,Completed
11750,1494,2022-01-06,239.38,Home & Kitchen,Google Search,Completed
11753,1039,2024-03-16,854.78,Sports,Organic,Completed
11754,2985,2022-07-14,2280.32,Home & Kitchen,Organic,Completed
11755,2957,2023-07-01,265.08,Beauty,Paid Social,Completed
11757,1267,2022-08-22,681.53,Sports,Paid Social,Completed
11758,3702,2023-12-09,700.06,Home & Kitchen,Email,Completed
11761,2860,2022-11-04,884.54,Sports,Paid Social,Completed
11762,4472,2022-10-14,61.83,Sports,Email,Completed
11763,5769,2023-07-12,151.88,Apparel,Paid Social,Completed
11765,2972,2024-05-11,100.6,Sports,SMS,Completed
11767,2950,2022-12-30,95.56,Apparel,Google Search,Completed
11768,1391,2022-08-26,554.96,Apparel,Google Search,Completed
11770,2599,2024-12-23,494.17,Beauty,Paid Social,Completed
11771,1515,2022-11-10,115.13,Beauty,Email,Completed
11773,2789,2023-04-16,253.93,Apparel,Organic,Completed
11774,2737,2023-11-15,359.65,Home & Kitchen,Google Search,Completed
11778,5883,2022-05-30,261.82,Beauty,SMS,Completed
11779,2810,2024-09-03,217.59,Beauty,Google Search,Completed
11780,2345,2022-04-29,190.06,Beauty,Paid Social,Completed
11781,4712,2023-07-03,656.83,Beauty,Paid Social,Completed
11783,5083,2023-01-04,199.09,Electronics,Organic,Completed
11785,5840,2024-12-22,440.07,Apparel,Organic,Completed
11786,4398,2023-11-06,687.38,Home & Kitchen,Google Search,Completed
11787,5075,2024-06-09,133.49,Sports,Email,Completed
11789,4482,2022-02-19,273.82,Beauty,Organic,Completed
11790,4281,2023-03-07,59.12,Apparel,SMS,Completed
11791,4852,2023-10-06,210.34,Apparel,SMS,Completed
11792,2748,2022-09-10,152.76,Beauty,Google Search,Completed
11793,1924,2022-02-18,143.57,Apparel,Google Search,Completed
11794,1646,2022-07-25,52.83,Home & Kitchen,Email,Completed
11796,5532,2023-08-29,280.77,Electronics,Google Search,Completed
11800,2178,2022-05-27,279.7,Electronics,Paid Social,Completed
11801,5753,2022-04-26,437.02,Home & Kitchen,Email,Completed
11805,4632,2023-08-24,99.42,Apparel,Google Search,Completed
11806,4054,2024-11-11,233.01,Sports,Google Search,Completed
11809,3581,2024-03-24,169.0,Apparel,SMS,Completed
11813,3493,2023-12-05,718.83,Home & Kitchen,Email,Completed
11815,5613,2023-08-12,240.55,Sports,Paid Social,Completed
11816,5877,2022-09-22,126.08,Home & Kitchen,Email,Completed
11818,5517,2022-08-16,95.16,Electronics,Paid Social,Completed
11821,5186,2024-12-05,260.38,Sports,Google Search,Completed
11822,5809,2022-12-07,442.97,Electronics,SMS,Completed
11823,2468,2023-05-05,247.96,Beauty,Organic,Completed
11824,5601,2023-02-02,188.13,Apparel,Email,Completed
11825,3541,2024-08-28,425.86,Apparel,Paid Social,Completed
11826,2813,2024-07-07,240.99,Beauty,Paid Social,Completed
11829,5763,2024-05-29,595.68,Sports,Paid Social,Completed
11830,5865,2023-01-26,440.13,Beauty,Email,Completed
11831,2364,2023-04-24,450.95,Home & Kitchen,Paid Social,Completed
11832,5311,2023-12-25,307.85,Home & Kitchen,Paid Social,Completed
11834,3933,2024-02-16,125.83,Home & Kitchen,Organic,Completed
11836,3594,2023-01-11,263.67,Electronics,Google Search,Completed
11839,4370,2022-01-04,311.9,Sports,Paid Social,Completed
11841,2489,2024-04-24,224.6,Home & Kitchen,Organic,Completed
11842,5343,2023-02-10,309.14,Electronics,SMS,Completed
11843,3020,2024-03-15,611.26,Apparel,Paid Social,Completed
11847,5409,2023-11-09,227.88,Electronics,Email,Completed
11849,2323,2024-08-31,677.76,Beauty,Paid Social,Completed
11850,2808,2023-04-12,1380.83,Sports,Organic,Completed
11851,4418,2023-12-12,1099.62,Sports,Organic,Completed
11852,3600,2022-06-30,102.72,Home & Kitchen,SMS,Completed
11855,3217,2023-01-18,339.83,Apparel,Paid Social,Completed
11856,1949,2023-08-25,88.08,Electronics,Paid Social,Completed
11857,5347,2022-04-15,158.24,Sports,Email,Completed
11860,4072,2024-11-23,351.42,Apparel,Email,Completed
11864,3390,2022-06-14,490.75,Beauty,Google Search,Completed
11865,3369,2023-10-11,97.57,Sports,Paid Social,Completed
11866,3596,2024-02-17,398.44,Home & Kitchen,Paid Social,Completed
11867,5504,2022-03-04,1069.67,Beauty,Organic,Completed
11868,4955,2023-03-25,71.89,Electronics,Organic,Completed
11869,4336,2024-03-21,511.28,Home & Kitchen,Paid Social,Completed
11870,3846,2024-08-30,351.82,Electronics,SMS,Completed
11872,1449,2022-04-09,100.34,Apparel,Google Search,Completed
11875,3214,2024-06-19,59.76,Electronics,Paid Social,Completed
11876,3931,2023-07-19,60.52,Home & Kitchen,Email,Completed
11877,2144,2023-03-06,534.23,Apparel,Email,Completed
11890,1652,2024-10-25,233.31,Electronics,SMS,Completed
11891,1716,2022-08-14,121.67,Apparel,Paid Social,Completed
11892,4134,2022-04-22,308.94,Beauty,Google Search,Completed
11894,3825,2022-08-25,192.34,Apparel,Email,Completed
11895,1125,2023-07-11,821.67,Electronics,Google Search,Completed
11898,4248,2023-12-15,313.77,Home & Kitchen,SMS,Completed
11899,4619,2022-02-10,146.52,Sports,SMS,Completed
11900,4355,2023-06-28,253.25,Beauty,Organic,Completed
11901,1994,2022-08-24,688.24,Beauty,Google Search,Completed
11902,5964,2024-06-23,117.64,Sports,Email,Completed
11906,1917,2022-11-14,452.18,Beauty,Organic,Completed
11909,3233,2022-04-18,163.09,Home & Kitchen,Google Search,Completed
11910,5343,2023-11-02,78.33,Electronics,SMS,Completed
11912,2258,2022-07-02,194.07,Sports,Paid Social,Completed
11914,3781,2024-06-05,157.52,Electronics,Organic,Completed
11916,2168,2022-03-08,219.64,Sports,Email,Completed
11917,3422,2024-10-06,389.7,Sports,SMS,Completed
11918,4255,2022-04-06,359.37,Beauty,Organic,Completed
11919,3140,2023-07-21,174.98,Beauty,SMS,Completed
11922,5777,2024-06-19,233.0,Sports,SMS,Completed
11923,5637,2024-09-21,166.87,Beauty,Paid Social,Completed
11924,4477,2024-04-25,437.89,Beauty,SMS,Completed
11925,5588,2023-04-12,589.04,Sports,Google Search,Completed
11927,5352,2023-12-02,1051.97,Sports,Organic,Completed
11929,1965,2022-03-28,1335.29,Sports,Google Search,Completed
11932,1638,2023-10-21,968.17,Home & Kitchen,SMS,Completed
11933,2460,2022-05-27,118.79,Apparel,Paid Social,Completed
11934,5055,2022-09-13,380.84,Home & Kitchen,Paid Social,Completed
11935,4744,2024-05-16,632.94,Electronics,SMS,Completed
11936,5712,2022-07-07,182.16,Sports,Paid Social,Completed
11937,3705,2023-09-23,209.03,Sports,Organic,Completed
11939,5641,2024-03-22,227.78,Beauty,Google Search,Completed
11941,5319,2023-08-06,101.22,Sports,Paid Social,Completed
11946,3347,2022-06-20,149.46,Sports,Email,Completed
11948,2609,2023-03-09,1120.99,Home & Kitchen,SMS,Completed
11950,2084,2023-08-15,188.57,Sports,SMS,Completed
11951,2921,2022-08-26,159.31,Electronics,Organic,Completed
11952,5030,2022-10-26,403.94,Electronics,Paid Social,Completed
11954,1850,2024-11-12,287.41,Apparel,Paid Social,Completed
11957,2147,2022-11-16,231.35,Home & Kitchen,Google Search,Completed
11958,1816,2024-06-07,234.94,Sports,SMS,Completed
11959,5900,2022-02-03,272.02,Sports,Google Search,Completed
11960,2538,2022-12-04,506.53,Home & Kitchen,SMS,Completed
11962,5303,2024-08-01,208.35,Electronics,Organic,Completed
11967,1736,2024-08-13,307.09,Beauty,Paid Social,Completed
11968,3032,2022-12-24,1037.57,Apparel,Email,Completed
11969,2884,2022-10-11,150.7,Home & Kitchen,SMS,Completed
11970,1372,2023-03-07,292.61,Apparel,Google Search,Completed
11971,5646,2024-06-11,82.2,Electronics,Google Search,Completed
11972,2544,2022-09-04,586.83,Electronics,Google Search,Completed
11973,4132,2022-05-26,101.04,Sports,Email,Completed
11974,5262,2023-04-14,268.64,Home & Kitchen,Paid Social,Completed
11977,1480,2024-10-16,128.71,Sports,Email,Completed
11978,5723,2022-05-03,43.11,Sports,Organic,Completed
11979,3174,2022-11-16,102.23,Electronics,Organic,Completed
11980,2521,2024-07-28,356.57,Home & Kitchen,Organic,Completed
11981,5608,2022-12-30,481.82,Electronics,Email,Completed
11982,1694,2023-04-21,233.04,Apparel,Email,Completed
11984,4639,2022-12-20,190.75,Home & Kitchen,SMS,Completed
11988,1672,2023-11-02,311.19,Sports,Google Search,Completed
11989,4558,2024-07-18,570.81,Electronics,Organic,Completed
11990,1383,2022-04-11,330.87,Home & Kitchen,Paid Social,Completed
11991,5136,2024-02-23,581.66,Beauty,Email,Completed
11992,4384,2024-03-22,370.57,Beauty,Email,Completed
11994,1209,2023-11-28,238.02,Sports,SMS,Completed
11995,2238,2024-02-08,1146.55,Apparel,Organic,Completed
11997,2401,2022-10-12,182.55,Home & Kitchen,SMS,Completed
11998,2850,2023-07-12,87.6,Beauty,Organic,Completed
11999,3965,2023-11-20,687.44,Electronics,SMS,Completed
12002,2046,2024-05-14,824.48,Apparel,Google Search,Completed
12003,5614,2023-09-20,373.75,Electronics,SMS,Completed
12004,5947,2023-05-26,370.75,Sports,Email,Completed
12005,5974,2023-05-28,354.61,Apparel,SMS,Completed
12008,3752,2022-10-10,359.58,Beauty,SMS,Completed
12010,4248,2024-04-28,184.5,Sports,Organic,Completed
12011,2491,2023-11-25,56.16,Home & Kitchen,SMS,Completed
12013,5524,2022-03-14,403.61,Apparel,Paid Social,Completed
12014,5428,2023-12-31,390.46,Apparel,Email,Completed
12015,1444,2023-04-29,426.86,Electronics,Google Search,Completed
12016,2913,2023-04-09,21.53,Sports,SMS,Completed
12017,2237,2022-04-18,261.85,Apparel,SMS,Completed
12019,2215,2024-02-09,437.19,Apparel,Organic,Completed
12021,5601,2022-11-19,414.81,Electronics,Paid Social,Completed
12022,2473,2024-12-11,109.33,Electronics,SMS,Completed
12024,5245,2024-09-04,200.93,Electronics,Paid Social,Completed
12028,2939,2024-09-18,95.05,Electronics,Email,Completed
12029,4197,2024-12-20,205.45,Sports,Email,Completed
12031,3315,2022-09-15,462.56,Electronics,Google Search,Completed
12032,5392,2022-07-04,354.87,Sports,Google Search,Completed
12033,4388,2023-03-07,1668.66,Apparel,Email,Completed
12035,1557,2023-07-11,864.98,Beauty,Email,Completed
12036,4174,2023-04-22,296.35,Beauty,Google Search,Completed
12040,4539,2024-01-03,388.1,Sports,Organic,Completed
12041,4754,2024-06-27,549.74,Beauty,Email,Completed
12042,5507,2024-12-17,65.63,Electronics,Email,Completed
12045,2415,2024-04-19,46.83,Home & Kitchen,SMS,Completed
12055,3368,2022-08-07,51.46,Electronics,SMS,Completed
12060,1419,2022-03-05,691.49,Beauty,Email,Completed
12061,2485,2024-12-17,291.56,Home & Kitchen,Google Search,Completed
12063,3743,2024-03-11,111.41,Beauty,Organic,Completed
12064,1945,2022-07-30,175.44,Home & Kitchen,SMS,Completed
12066,3532,2024-01-02,193.51,Sports,Email,Completed
12067,5460,2023-09-29,59.04,Electronics,SMS,Completed
12068,1198,2022-07-29,696.42,Sports,Google Search,Completed
12070,5107,2022-11-30,107.74,Sports,Paid Social,Completed
12071,4836,2023-12-26,224.34,Apparel,Email,Completed
12072,3672,2023-10-12,339.15,Apparel,Paid Social,Completed
12073,1668,2023-09-26,261.54,Sports,Paid Social,Completed
12074,4782,2023-07-04,429.36,Home & Kitchen,Organic,Completed
12075,2856,2024-06-13,126.7,Apparel,SMS,Completed
12076,4208,2023-02-28,270.31,Sports,Paid Social,Completed
12078,5783,2023-07-28,343.62,Apparel,Paid Social,Completed
12079,3191,2023-07-14,350.49,Sports,SMS,Completed
12082,3100,2024-10-29,220.13,Sports,Organic,Completed
12083,4100,2022-08-31,99.93,Home & Kitchen,SMS,Completed
12089,2415,2023-06-15,275.44,Beauty,Email,Completed
12091,4767,2024-05-01,243.85,Electronics,Email,Completed
12092,4345,2023-12-06,90.19,Sports,Paid Social,Completed
12093,2007,2023-07-13,227.81,Sports,Organic,Completed
12094,2780,2023-06-07,287.4,Apparel,Email,Completed
12095,2335,2023-04-15,545.1,Home & Kitchen,Google Search,Completed
12096,1981,2023-01-06,72.53,Apparel,Paid Social,Completed
12097,4101,2023-06-26,324.01,Sports,SMS,Completed
12099,4108,2023-07-14,299.49,Home & Kitchen,Google Search,Completed
12102,4834,2022-09-29,251.41,Home & Kitchen,Email,Completed
12104,2421,2024-10-05,231.07,Beauty,SMS,Completed
12105,3453,2022-02-19,427.82,Apparel,Paid Social,Completed
12108,1609,2022-12-09,88.26,Beauty,Email,Completed
12109,2796,2022-07-30,234.07,Home & Kitchen,Email,Completed
12111,1549,2022-12-20,208.01,Beauty,Google Search,Completed
12112,4752,2022-11-28,163.18,Sports,SMS,Completed
12116,1227,2022-03-10,380.66,Sports,Organic,Completed
12117,2440,2022-06-13,946.35,Beauty,Organic,Completed
12118,2146,2023-05-05,359.7,Electronics,Google Search,Completed
12119,5385,2024-02-08,538.08,Electronics,SMS,Completed
12121,5858,2022-03-02,200.31,Apparel,Organic,Completed
12123,3401,2024-11-23,197.81,Beauty,Paid Social,Completed
12124,1996,2022-12-16,154.78,Home & Kitchen,Email,Completed
12126,1785,2023-03-14,233.05,Sports,Paid Social,Completed
12127,4954,2024-02-08,397.79,Home & Kitchen,Organic,Completed
12129,4541,2024-06-18,310.49,Sports,Organic,Completed
12131,5391,2024-07-17,281.71,Beauty,Email,Completed
12132,4199,2023-08-06,1067.17,Home & Kitchen,Paid Social,Completed
12133,4426,2023-10-11,127.76,Beauty,SMS,Completed
12134,3627,2024-12-17,250.97,Apparel,Email,Completed
12137,1190,2024-11-05,387.21,Sports,SMS,Completed
12138,1347,2024-04-22,327.05,Electronics,Paid Social,Completed
12141,3604,2023-05-10,466.95,Apparel,Paid Social,Completed
12142,3651,2024-10-12,698.79,Beauty,Organic,Completed
12143,1074,2022-10-30,69.27,Electronics,Organic,Completed
12144,4947,2023-08-04,395.89,Sports,SMS,Completed
12146,3462,2022-11-17,540.7,Beauty,Google Search,Completed
12148,2634,2024-03-03,727.32,Beauty,Google Search,Completed
12149,2097,2022-02-15,162.36,Home & Kitchen,Email,Completed
12153,2735,2022-09-25,165.46,Sports,Google Search,Completed
12154,5461,2022-03-04,130.94,Sports,Email,Completed
12155,5237,2023-02-05,76.55,Sports,Google Search,Completed
12156,4396,2022-10-29,182.45,Electronics,Organic,Completed
12157,3203,2022-02-17,497.04,Electronics,Google Search,Completed
12158,1152,2023-04-30,77.56,Sports,Google Search,Completed
12159,3764,2022-09-29,226.35,Sports,Paid Social,Completed
12160,5827,2023-11-27,252.06,Electronics,Paid Social,Completed
12161,1712,2023-10-03,91.38,Electronics,Paid Social,Completed
12162,5938,2022-05-17,80.98,Beauty,Organic,Completed
12164,3124,2022-02-12,560.71,Electronics,SMS,Completed
12167,2545,2023-10-18,238.17,Home & Kitchen,Google Search,Completed
12168,4657,2022-10-16,858.05,Beauty,SMS,Completed
12169,1777,2024-12-21,426.91,Electronics,SMS,Completed
12172,5984,2022-10-23,551.44,Apparel,SMS,Completed
12173,1806,2024-12-28,69.29,Electronics,Organic,Completed
12174,1061,2023-01-31,31.38,Home & Kitchen,Paid Social,Completed
12175,1642,2024-04-16,498.62,Beauty,Paid Social,Completed
12180,2579,2022-10-22,450.9,Apparel,Google Search,Completed
12181,1375,2024-01-23,261.13,Apparel,Organic,Completed
12185,2424,2024-04-13,51.9,Beauty,SMS,Completed
12186,4242,2023-02-22,362.2,Sports,Google Search,Completed
12187,4799,2024-07-28,219.45,Home & Kitchen,Organic,Completed
12188,3462,2024-06-26,268.4,Apparel,Organic,Completed
12189,1738,2023-04-03,281.08,Apparel,Email,Completed
12190,2769,2022-01-29,47.03,Home & Kitchen,Paid Social,Completed
12191,5323,2024-06-03,226.39,Apparel,SMS,Completed
12192,2052,2023-10-24,552.98,Sports,Organic,Completed
12193,1864,2023-05-22,584.05,Electronics,Google Search,Completed
12194,2705,2022-08-31,139.2,Home & Kitchen,Paid Social,Completed
12197,1103,2023-06-22,250.53,Apparel,Email,Completed
12198,3244,2024-01-07,89.24,Sports,SMS,Completed
12199,2952,2022-09-05,172.56,Beauty,Paid Social,Completed
12202,3964,2023-01-08,1141.64,Beauty,Email,Completed
12203,3982,2022-03-05,239.48,Beauty,Paid Social,Completed
12205,4579,2022-11-28,516.03,Home & Kitchen,SMS,Completed
12206,4523,2022-01-16,322.65,Home & Kitchen,Google Search,Completed
12208,5636,2023-09-04,67.07,Home & Kitchen,Paid Social,Completed
12212,1719,2023-03-21,473.98,Electronics,Email,Completed
12213,5121,2023-05-09,819.11,Sports,SMS,Completed
12216,2252,2023-01-23,925.8,Sports,Email,Completed
12217,1778,2024-01-20,718.13,Beauty,Email,Completed
12219,5876,2023-09-26,166.23,Home & Kitchen,Google Search,Completed
12220,2014,2022-01-19,124.6,Sports,Email,Completed
12221,1157,2023-12-23,198.26,Apparel,Google Search,Completed
12222,2978,2022-05-31,336.57,Apparel,Organic,Completed
12224,4485,2022-11-14,276.69,Sports,Email,Completed
12226,1767,2023-03-05,646.12,Beauty,Google Search,Completed
12228,3323,2024-04-22,251.51,Apparel,Email,Completed
12232,5638,2022-03-07,102.69,Beauty,Google Search,Completed
12233,4231,2023-09-04,673.61,Sports,Email,Completed
12234,3711,2024-02-02,156.63,Electronics,Organic,Completed
12235,3954,2022-06-16,656.41,Electronics,Email,Completed
12236,1119,2023-06-05,92.93,Home & Kitchen,Organic,Completed
12238,3114,2024-11-11,1129.33,Sports,Paid Social,Completed
12240,3104,2023-01-27,389.52,Electronics,Organic,Completed
12242,4097,2024-11-24,116.47,Apparel,SMS,Completed
12243,4254,2023-10-13,2848.69,Electronics,Organic,Completed
12245,2743,2023-10-12,377.16,Sports,Organic,Completed
12246,3824,2024-03-07,121.05,Sports,Paid Social,Completed
12247,4786,2022-12-02,273.65,Apparel,SMS,Completed
12248,2148,2022-10-22,265.32,Apparel,SMS,Completed
12249,2635,2024-04-16,398.54,Electronics,SMS,Completed
12255,3441,2022-11-26,174.21,Sports,Paid Social,Completed
12256,3851,2022-08-30,86.32,Electronics,Organic,Completed
12259,4864,2024-11-24,96.31,Beauty,Google Search,Completed
12260,1700,2024-11-18,93.05,Electronics,Google Search,Completed
12261,3498,2024-11-16,111.6,Beauty,Paid Social,Completed
12264,5850,2023-04-30,256.15,Electronics,SMS,Completed
12266,2568,2022-12-18,384.11,Home & Kitchen,Organic,Completed
12267,3618,2022-08-26,136.32,Beauty,Paid Social,Completed
12270,2722,2024-11-02,1233.86,Apparel,SMS,Completed
12273,3066,2024-05-02,332.54,Apparel,Google Search,Completed
12280,4334,2022-01-23,169.72,Beauty,Google Search,Completed
12281,1620,2024-08-31,421.49,Home & Kitchen,Organic,Completed
12284,1705,2022-02-24,872.22,Home & Kitchen,SMS,Completed
12285,3178,2022-05-22,674.82,Sports,Organic,Completed
12287,1581,2024-01-30,95.01,Home & Kitchen,Paid Social,Completed
12291,5108,2022-04-12,166.63,Home & Kitchen,Google Search,Completed
12292,2005,2024-10-14,303.69,Beauty,Organic,Completed
12294,3149,2022-01-24,84.54,Beauty,SMS,Completed
12295,3078,2022-09-07,340.42,Home & Kitchen,SMS,Completed
12297,4539,2022-01-05,99.87,Electronics,Organic,Completed
12299,4770,2024-12-24,632.91,Electronics,SMS,Completed
12302,2818,2023-11-05,62.25,Sports,Organic,Completed
12304,1721,2023-03-17,204.66,Sports,SMS,Completed
12305,3586,2023-05-18,391.91,Home & Kitchen,Email,Completed
12307,1947,2024-05-22,486.3,Sports,Google Search,Completed
12308,3222,2024-12-22,99.17,Sports,Paid Social,Completed
12309,1485,2023-08-18,139.45,Beauty,Organic,Completed
12310,4574,2022-07-22,473.78,Home & Kitchen,Organic,Completed
12311,1611,2024-02-02,435.5,Beauty,SMS,Completed
12312,2936,2023-06-21,149.78,Electronics,Email,Completed
12316,1257,2023-05-31,282.14,Apparel,Organic,Completed
12317,5932,2023-08-02,91.36,Electronics,Paid Social,Completed
12321,2181,2022-08-06,1112.67,Home & Kitchen,Organic,Completed
12324,3635,2022-01-03,237.31,Sports,Google Search,Completed
12325,1202,2023-07-04,407.91,Apparel,Paid Social,Completed
12326,1545,2024-05-12,73.12,Beauty,Email,Completed
12327,1561,2024-09-06,619.57,Electronics,Paid Social,Completed
12328,2006,2022-07-25,231.6,Sports,Paid Social,Completed
12329,5212,2024-04-16,159.21,Sports,Google Search,Completed
12330,4417,2022-07-10,148.24,Home & Kitchen,Google Search,Completed
12331,4636,2022-08-14,47.88,Electronics,Email,Completed
12332,2591,2022-09-13,109.69,Sports,Paid Social,Completed
12333,1709,2023-12-27,114.5,Electronics,Organic,Completed
12335,1432,2022-04-05,533.18,Beauty,Paid Social,Completed
12340,4880,2023-12-01,310.63,Apparel,Google Search,Completed
12341,1723,2024-06-29,142.8,Apparel,Google Search,Completed
12342,2753,2024-03-21,146.32,Beauty,Organic,Completed
12343,2426,2023-05-10,316.09,Beauty,Google Search,Completed
12346,1224,2022-12-03,142.16,Electronics,Google Search,Completed
12347,4748,2024-08-03,651.18,Apparel,SMS,Completed
12348,1441,2023-08-09,238.0,Sports,SMS,Completed
12349,5077,2024-05-26,199.8,Electronics,Paid Social,Completed
12350,2983,2023-12-03,381.2,Home & Kitchen,Organic,Completed
12351,3864,2024-04-07,170.68,Sports,Email,Completed
12352,2610,2023-12-01,33.46,Beauty,Organic,Completed
12353,4775,2023-03-13,72.8,Apparel,Organic,Completed
12354,4977,2022-07-15,138.01,Home & Kitchen,Organic,Completed
12355,4951,2024-07-23,250.36,Beauty,Email,Completed
12356,2862,2024-08-22,617.02,Apparel,Google Search,Completed
12357,5983,2023-09-04,148.41,Apparel,Email,Completed
12358,1127,2022-05-08,596.17,Apparel,Email,Completed
12359,3760,2023-11-17,528.17,Beauty,Email,Completed
12360,4787,2022-02-17,148.03,Electronics,SMS,Completed
12361,1740,2024-12-05,299.24,Home & Kitchen,SMS,Completed
12362,2416,2024-10-04,350.58,Electronics,Paid Social,Completed
12363,2417,2023-09-06,359.03,Electronics,Organic,Completed
12364,5506,2022-05-11,212.65,Electronics,Organic,Completed
12365,2583,2023-11-24,411.26,Electronics,Google Search,Completed
12366,2841,2024-10-01,764.37,Beauty,Google Search,Completed
12369,3979,2022-04-24,269.3,Home & Kitchen,Paid Social,Completed
12372,4878,2024-04-13,67.71,Apparel,SMS,Completed
12373,1512,2023-11-28,62.38,Home & Kitchen,SMS,Completed
12376,1762,2022-09-20,150.09,Home & Kitchen,Google Search,Completed
12377,3246,2022-05-03,263.96,Electronics,Paid Social,Completed
12379,4110,2022-01-06,175.85,Home & Kitchen,Google Search,Completed
12380,4585,2023-11-09,39.63,Beauty,Google Search,Completed
12381,5593,2022-09-04,87.48,Apparel,Google Search,Completed
12385,4811,2022-12-05,232.32,Sports,Google Search,Completed
12386,1401,2024-02-22,111.85,Electronics,Organic,Completed
12388,4759,2023-01-09,153.4,Sports,Google Search,Completed
12390,4812,2023-08-26,198.55,Beauty,Paid Social,Completed
12391,2813,2022-03-22,3323.34,Home & Kitchen,Paid Social,Completed
12393,4870,2024-11-10,751.97,Sports,Google Search,Completed
12394,2142,2022-09-06,67.19,Electronics,Email,Completed
12397,4741,2022-05-29,197.24,Beauty,SMS,Completed
12398,2505,2022-12-26,111.4,Apparel,SMS,Completed
12400,1822,2024-07-07,328.29,Beauty,Organic,Completed
12401,2327,2023-02-15,107.38,Beauty,SMS,Completed
12402,1915,2022-02-24,676.1,Sports,Google Search,Completed
12405,1319,2024-01-20,105.09,Beauty,Organic,Completed
12406,3011,2022-03-19,422.0,Electronics,Email,Completed
12408,1370,2022-08-10,140.19,Home & Kitchen,Organic,Completed
12411,1501,2024-12-18,262.03,Home & Kitchen,Paid Social,Completed
12413,5255,2024-02-11,561.21,Apparel,SMS,Completed
12414,3025,2023-11-04,293.29,Electronics,Email,Completed
12417,4595,2023-03-17,428.45,Beauty,Paid Social,Completed
12418,5464,2023-10-14,444.66,Home & Kitchen,Google Search,Completed
12419,4552,2023-01-04,307.33,Apparel,Paid Social,Completed
12420,2002,2023-08-17,264.41,Beauty,Organic,Completed
12421,2205,2023-07-02,1098.86,Apparel,Organic,Completed
12422,1076,2023-07-05,124.45,Beauty,Email,Completed
12423,1127,2023-10-03,188.18,Electronics,Paid Social,Completed
12424,4293,2024-02-17,123.07,Beauty,Email,Completed
12426,1919,2024-07-23,110.85,Sports,SMS,Completed
12427,5042,2024-08-04,190.64,Sports,Google Search,Completed
12428,1989,2022-05-30,479.88,Electronics,SMS,Completed
12431,2959,2023-04-06,98.81,Beauty,SMS,Completed
12432,4538,2024-01-03,282.52,Beauty,SMS,Completed
12433,1726,2024-05-19,338.45,Home & Kitchen,SMS,Completed
12434,1851,2023-07-21,568.5,Home & Kitchen,Google Search,Completed
12435,3897,2023-12-21,503.78,Sports,Google Search,Completed
12439,5858,2024-06-03,392.93,Apparel,SMS,Completed
12443,1468,2024-07-28,229.71,Beauty,Email,Completed
12444,3676,2023-07-12,160.0,Beauty,Google Search,Completed
12447,3468,2022-07-18,201.21,Home & Kitchen,Organic,Completed
12448,5506,2024-09-09,272.9,Apparel,Google Search,Completed
12450,1267,2023-06-25,291.8,Sports,Google Search,Completed
12451,5089,2023-09-16,141.54,Home & Kitchen,SMS,Completed
12453,4590,2022-10-14,396.73,Beauty,SMS,Completed
12454,4074,2024-12-06,323.21,Sports,Organic,Completed
12455,5720,2023-10-18,83.05,Sports,Organic,Completed
12456,2865,2022-09-23,76.85,Apparel,Organic,Completed
12457,5115,2022-01-06,137.54,Beauty,Paid Social,Completed
12458,3974,2024-11-19,190.89,Sports,Email,Completed
12460,4789,2022-04-29,60.55,Beauty,Email,Completed
12464,5089,2023-10-13,1511.41,Sports,Organic,Completed
12466,1853,2024-11-22,213.74,Apparel,Google Search,Completed
12468,4674,2024-09-28,262.37,Beauty,SMS,Completed
12472,3834,2022-11-25,958.6,Electronics,Google Search,Completed
12474,1210,2023-02-11,510.07,Beauty,Paid Social,Completed
12475,2234,2023-04-28,58.86,Apparel,SMS,Completed
12477,5416,2024-04-10,65.64,Home & Kitchen,SMS,Completed
12478,4860,2022-10-22,1092.84,Beauty,Paid Social,Completed
12481,1662,2024-05-27,520.59,Beauty,Google Search,Completed
12484,4015,2023-08-20,194.41,Beauty,SMS,Completed
12486,1435,2022-08-09,557.28,Sports,SMS,Completed
12488,2196,2022-06-08,83.86,Home & Kitchen,Organic,Completed
12489,3633,2024-01-03,163.83,Home & Kitchen,Organic,Completed
12490,2836,2023-04-05,228.04,Home & Kitchen,Organic,Completed
12492,4244,2023-05-14,80.59,Apparel,Paid Social,Completed
12493,2007,2023-11-08,197.76,Electronics,Organic,Completed
12494,5367,2022-07-18,692.23,Electronics,Email,Completed
12495,5785,2024-05-22,205.7,Apparel,Google Search,Completed
12497,2026,2023-07-16,55.91,Beauty,Google Search,Completed
12499,5708,2024-08-15,381.48,Apparel,Email,Completed
12500,4193,2023-01-04,128.98,Home & Kitchen,Paid Social,Completed
12501,5148,2022-12-22,60.28,Beauty,Paid Social,Completed
12502,2291,2024-11-25,113.42,Apparel,SMS,Completed
12503,4777,2022-11-01,672.66,Beauty,Google Search,Completed
12504,3764,2022-02-05,328.28,Sports,SMS,Completed
12505,3816,2023-07-04,499.56,Home & Kitchen,Paid Social,Completed
12506,2607,2023-01-05,395.01,Beauty,SMS,Completed
12509,2815,2023-07-01,237.68,Home & Kitchen,Organic,Completed
12510,1370,2024-11-16,199.58,Apparel,Organic,Completed
12511,4854,2024-03-04,360.16,Apparel,Organic,Completed
12512,4255,2022-05-04,646.05,Home & Kitchen,Email,Completed
12513,5325,2023-12-26,126.04,Electronics,SMS,Completed
12514,3977,2024-10-02,351.36,Sports,Paid Social,Completed
12515,1134,2022-02-06,284.83,Beauty,Organic,Completed
12517,5013,2023-04-14,191.83,Electronics,Paid Social,Completed
12518,5367,2023-09-01,386.51,Electronics,Paid Social,Completed
12519,3159,2024-11-11,697.46,Beauty,Organic,Completed
12520,2762,2024-04-25,327.36,Apparel,Google Search,Completed
12522,3229,2023-10-06,115.4,Beauty,SMS,Completed
12523,1350,2024-01-24,971.21,Electronics,Paid Social,Completed
12524,3318,2022-12-24,94.13,Apparel,Paid Social,Completed
12525,3581,2023-12-20,89.5,Home & Kitchen,Google Search,Completed
12530,1361,2024-07-04,340.47,Beauty,Organic,Completed
12532,3321,2022-11-25,159.98,Apparel,Email,Completed
12536,5386,2023-09-14,328.17,Beauty,Email,Completed
12537,1164,2024-12-17,221.67,Home & Kitchen,Google Search,Completed
12543,5240,2022-09-29,346.55,Sports,Organic,Completed
12546,3861,2022-12-09,268.71,Home & Kitchen,Organic,Completed
12547,1043,2022-03-08,240.23,Beauty,Google Search,Completed
12550,4271,2022-07-30,242.16,Sports,Organic,Completed
12551,1787,2023-03-07,279.5,Home & Kitchen,Paid Social,Completed
12552,1392,2023-07-12,301.0,Electronics,Google Search,Completed
12553,3385,2023-01-24,391.54,Sports,Paid Social,Completed
12556,4761,2024-03-22,314.85,Electronics,Google Search,Completed
12558,3569,2024-12-10,343.79,Beauty,Organic,Completed
12559,4618,2022-11-28,135.07,Home & Kitchen,SMS,Completed
12560,2378,2023-05-19,290.34,Beauty,Google Search,Completed
12562,1913,2023-12-08,63.2,Apparel,Organic,Completed
12567,5036,2024-12-16,581.91,Home & Kitchen,SMS,Completed
12568,3647,2024-01-17,151.64,Sports,Google Search,Completed
12569,1494,2024-11-25,175.55,Apparel,Email,Completed
12570,3450,2023-03-02,111.04,Beauty,Google Search,Completed
12572,4780,2024-05-18,270.52,Beauty,SMS,Completed
12574,3374,2024-05-29,493.74,Home & Kitchen,Email,Completed
12577,2416,2023-04-14,293.47,Beauty,Email,Completed
12578,1696,2024-07-17,173.89,Sports,SMS,Completed
12580,5712,2024-03-16,146.45,Beauty,Google Search,Completed
12581,3227,2022-08-13,248.64,Home & Kitchen,Email,Completed
12582,1081,2024-03-27,181.42,Apparel,Google Search,Completed
12585,2041,2024-02-02,1648.77,Beauty,Organic,Completed
12587,1035,2024-07-10,166.44,Beauty,Google Search,Completed
12588,4997,2024-12-28,189.06,Apparel,SMS,Completed
12589,5882,2023-05-10,77.27,Sports,Email,Completed
12590,1219,2022-12-13,71.52,Apparel,Email,Completed
12591,3412,2023-09-12,210.17,Apparel,SMS,Completed
12592,4518,2024-06-10,290.25,Apparel,Paid Social,Completed
12595,5862,2023-04-30,270.18,Beauty,Email,Completed
12596,1015,2024-05-04,104.8,Apparel,Email,Completed
12598,2561,2022-07-20,311.46,Sports,Email,Completed
12599,2565,2023-12-15,171.72,Electronics,Paid Social,Completed
12600,4302,2022-05-31,275.04,Home & Kitchen,Email,Completed
12602,3028,2023-01-02,125.18,Beauty,SMS,Completed
12604,3635,2022-03-10,928.65,Beauty,Google Search,Completed
12607,3940,2022-10-30,174.26,Electronics,Paid Social,Completed
12610,4005,2023-07-05,152.43,Electronics,SMS,Completed
12615,2323,2024-05-12,290.73,Sports,Email,Completed
12616,3276,2024-05-17,47.0,Beauty,Email,Completed
12618,5818,2024-01-25,1052.16,Home & Kitchen,SMS,Completed
12619,5433,2022-04-03,233.78,Home & Kitchen,Paid Social,Completed
12620,3842,2023-11-27,121.91,Electronics,Email,Completed
12621,3582,2022-08-03,53.45,Apparel,Organic,Completed
12622,4972,2023-11-24,359.26,Home & Kitchen,SMS,Completed
12624,4473,2023-08-29,91.33,Apparel,SMS,Completed
12625,3579,2022-07-16,115.77,Beauty,Google Search,Completed
12627,3457,2023-06-02,350.97,Beauty,Organic,Completed
12633,4036,2022-08-28,740.36,Apparel,Email,Completed
12635,5059,2024-01-02,717.15,Apparel,SMS,Completed
12636,5161,2024-05-29,330.78,Electronics,Organic,Completed
12637,2513,2023-11-29,1703.6,Home & Kitchen,Google Search,Completed
12639,3704,2023-10-20,369.29,Sports,Email,Completed
12640,3048,2022-01-06,137.59,Beauty,Google Search,Completed
12643,4547,2022-03-06,429.16,Apparel,Google Search,Completed
12647,5379,2023-08-13,757.02,Beauty,Google Search,Completed
12650,1853,2023-01-05,66.64,Beauty,Google Search,Completed
12651,5781,2022-03-16,218.34,Beauty,Email,Completed
12653,4204,2022-09-28,56.33,Sports,SMS,Completed
12654,1642,2023-04-14,123.71,Electronics,Email,Completed
12657,5378,2023-09-02,364.95,Electronics,Paid Social,Completed
12660,3867,2023-04-19,159.26,Electronics,Email,Completed
12662,1478,2023-09-11,180.97,Electronics,Email,Completed
12665,4883,2024-11-06,533.01,Beauty,Paid Social,Completed
12666,4277,2022-04-18,440.04,Home & Kitchen,Paid Social,Completed
12667,1984,2022-01-20,164.8,Electronics,Organic,Completed
12668,2028,2022-07-17,118.17,Apparel,Google Search,Completed
12669,2481,2023-07-18,364.29,Home & Kitchen,Email,Completed
12670,1502,2024-10-10,796.03,Beauty,Organic,Completed
12671,3578,2023-08-09,318.88,Sports,SMS,Completed
12674,3813,2023-06-21,161.39,Electronics,SMS,Completed
12678,4174,2023-12-06,687.08,Sports,Email,Completed
12679,3115,2022-05-19,737.37,Apparel,Google Search,Completed
12680,1687,2024-02-04,339.1,Apparel,Email,Completed
12683,2482,2024-06-09,128.26,Home & Kitchen,Google Search,Completed
12685,3449,2024-09-04,201.64,Sports,Email,Completed
12686,2285,2023-01-09,179.97,Home & Kitchen,Organic,Completed
12689,5618,2022-05-22,141.7,Electronics,Google Search,Completed
12692,2532,2022-05-13,430.49,Electronics,Google Search,Completed
12693,3482,2024-08-27,208.57,Home & Kitchen,SMS,Completed
12694,5641,2022-07-14,400.97,Sports,Email,Completed
12696,4169,2022-04-05,193.93,Electronics,Google Search,Completed
12697,5997,2022-01-20,317.27,Apparel,SMS,Completed
12698,2767,2023-04-08,290.24,Sports,Google Search,Completed
12700,3701,2023-12-30,517.62,Home & Kitchen,Email,Completed
12702,5213,2024-01-18,85.85,Electronics,Email,Completed
12703,4707,2024-04-19,107.71,Apparel,SMS,Completed
12705,4810,2022-12-26,856.79,Apparel,SMS,Completed
12707,5960,2022-07-14,117.7,Beauty,SMS,Completed
12708,5522,2024-07-25,224.7,Sports,Email,Completed
12709,3530,2023-10-16,90.83,Beauty,Organic,Completed
12710,1211,2023-07-28,140.42,Electronics,Paid Social,Completed
12712,2034,2024-08-09,207.91,Home & Kitchen,Organic,Completed
12714,2985,2024-08-18,468.64,Sports,Email,Completed
12716,2087,2024-05-30,123.19,Apparel,Paid Social,Completed
12717,5809,2023-02-23,236.58,Home & Kitchen,Google Search,Completed
12718,3121,2023-04-24,219.2,Beauty,Google Search,Completed
12720,5833,2024-08-09,196.15,Electronics,Organic,Completed
12721,1959,2024-01-07,496.0,Electronics,Google Search,Completed
12722,5817,2024-08-05,143.39,Home & Kitchen,Paid Social,Completed
12723,1329,2023-09-07,250.11,Electronics,Paid Social,Completed
12725,4986,2023-05-02,62.69,Electronics,SMS,Completed
12726,2163,2022-04-07,117.79,Sports,Paid Social,Completed
12727,4945,2024-01-15,366.36,Electronics,SMS,Completed
12728,3464,2022-02-22,729.39,Electronics,Google Search,Completed
12730,2135,2022-08-22,353.59,Sports,Email,Completed
12731,5163,2023-07-28,188.21,Home & Kitchen,Organic,Completed
12732,1459,2023-07-14,167.87,Sports,Google Search,Completed
12733,3088,2022-01-20,594.68,Apparel,Google Search,Completed
12734,1374,2023-01-11,692.13,Beauty,Paid Social,Completed
12736,4679,2024-06-17,479.12,Electronics,Email,Completed
12738,1366,2022-01-23,152.77,Home & Kitchen,Paid Social,Completed
12739,4118,2023-12-14,64.74,Sports,Email,Completed
12740,3924,2024-07-26,1149.66,Sports,Google Search,Completed
12741,3771,2023-08-19,74.38,Apparel,Organic,Completed
12745,1355,2023-02-15,332.6,Home & Kitchen,Paid Social,Completed
12746,2599,2024-04-18,702.77,Sports,Paid Social,Completed
12747,4332,2024-11-24,289.91,Electronics,Paid Social,Completed
12748,2073,2022-08-17,428.15,Apparel,Organic,Completed
12750,1156,2024-01-18,675.81,Home & Kitchen,Paid Social,Completed
12751,1796,2024-02-02,324.4,Beauty,SMS,Completed
12752,1565,2023-03-23,540.53,Electronics,Email,Completed
12758,5871,2024-12-14,304.36,Beauty,Paid Social,Completed
12761,2726,2023-12-25,68.73,Home & Kitchen,Paid Social,Completed
12762,1727,2022-05-02,300.93,Apparel,Google Search,Completed
12763,2072,2024-09-16,102.01,Apparel,Organic,Completed
12764,5844,2023-12-14,377.58,Beauty,SMS,Completed
12765,5739,2024-06-01,355.89,Home & Kitchen,SMS,Completed
12766,3349,2023-09-11,316.94,Beauty,Email,Completed
12767,5882,2024-01-09,222.06,Home & Kitchen,Google Search,Completed
12768,2093,2022-06-09,1309.84,Beauty,Email,Completed
12769,2649,2023-03-07,1476.44,Electronics,Email,Completed
12772,1646,2023-04-11,969.66,Sports,Organic,Completed
12773,4914,2024-09-24,549.99,Electronics,SMS,Completed
12774,2526,2023-03-30,197.68,Sports,Paid Social,Completed
12776,1778,2024-03-01,131.52,Beauty,Paid Social,Completed
12779,2778,2023-06-25,364.31,Apparel,Organic,Completed
12780,5643,2022-05-11,350.06,Apparel,Paid Social,Completed
12781,5448,2024-10-07,304.46,Sports,Organic,Completed
12782,3330,2023-07-19,277.97,Sports,SMS,Completed
12783,5065,2022-06-29,213.35,Beauty,SMS,Completed
12784,3269,2022-05-03,178.69,Electronics,SMS,Completed
12785,5715,2023-03-26,245.3,Home & Kitchen,Organic,Completed
12786,4473,2022-01-01,319.28,Electronics,Google Search,Completed
12790,3814,2022-01-20,282.28,Beauty,SMS,Completed
12791,1920,2022-06-02,185.37,Sports,SMS,Completed
12794,1551,2022-01-09,235.47,Home & Kitchen,Paid Social,Completed
12795,5720,2023-11-24,232.11,Home & Kitchen,Google Search,Completed
12796,5454,2024-03-31,1179.41,Apparel,Email,Completed
12797,3118,2024-01-29,56.62,Apparel,Paid Social,Completed
12798,5597,2024-12-26,87.89,Beauty,SMS,Completed
12799,1570,2023-09-27,214.02,Home & Kitchen,SMS,Completed
12802,4344,2024-12-14,94.69,Home & Kitchen,Google Search,Completed
12803,5659,2024-04-30,212.59,Sports,Email,Completed
12807,5221,2023-02-27,216.42,Sports,Paid Social,Completed
12808,5261,2023-09-13,367.77,Sports,SMS,Completed
12809,5425,2022-10-22,350.36,Apparel,SMS,Completed
12810,4305,2022-05-08,40.53,Electronics,SMS,Completed
12811,2825,2023-11-02,237.76,Apparel,SMS,Completed
12813,1291,2022-05-08,168.77,Beauty,Paid Social,Completed
12815,4598,2023-03-28,186.84,Beauty,Google Search,Completed
12822,4229,2024-11-12,74.35,Beauty,Google Search,Completed
12827,3612,2024-09-04,931.63,Beauty,Google Search,Completed
12828,1112,2024-01-29,384.35,Sports,Google Search,Completed
12830,4100,2023-08-09,830.03,Home & Kitchen,Organic,Completed
12834,1173,2024-02-06,35.99,Electronics,Google Search,Completed
12835,4054,2024-07-11,196.03,Home & Kitchen,Organic,Completed
12837,2211,2023-05-05,166.06,Sports,Email,Completed
12838,5286,2023-03-23,161.83,Electronics,SMS,Completed
12839,3221,2024-12-08,376.48,Sports,Organic,Completed
12841,1412,2023-12-29,456.98,Electronics,Email,Completed
12843,1492,2023-08-02,105.43,Electronics,Email,Completed
12844,3680,2022-07-15,503.74,Electronics,Paid Social,Completed
12845,1279,2023-02-19,345.08,Sports,SMS,Completed
12846,3372,2024-03-17,804.21,Sports,Paid Social,Completed
12848,5897,2022-04-21,277.41,Home & Kitchen,Email,Completed
12850,4020,2023-12-15,218.58,Apparel,Paid Social,Completed
12851,5175,2022-12-03,113.67,Apparel,Organic,Completed
12853,5086,2022-03-03,221.2,Home & Kitchen,Organic,Completed
12854,5375,2023-03-01,488.96,Apparel,Email,Completed
12856,1251,2022-09-12,124.7,Home & Kitchen,Google Search,Completed
12860,1372,2023-08-07,220.1,Apparel,Paid Social,Completed
12861,5569,2024-03-05,609.13,Sports,Email,Completed
12862,2140,2022-08-03,58.72,Sports,Organic,Completed
12866,5669,2022-11-29,197.89,Electronics,Paid Social,Completed
12868,3890,2022-05-26,26.44,Apparel,Email,Completed
12870,1693,2024-09-30,280.56,Sports,Paid Social,Completed
12871,4657,2024-12-02,508.09,Beauty,Paid Social,Completed
12873,1500,2024-01-01,110.78,Sports,SMS,Completed
12875,4163,2022-07-08,72.85,Beauty,Google Search,Completed
12880,3898,2024-06-19,128.42,Apparel,Email,Completed
12881,1456,2022-07-07,454.3,Home & Kitchen,Email,Completed
12882,5031,2024-06-29,128.1,Sports,SMS,Completed
12883,2428,2022-07-25,727.23,Electronics,Paid Social,Completed
12884,5702,2024-04-14,322.19,Home & Kitchen,Paid Social,Completed
12885,4584,2023-07-14,348.71,Home & Kitchen,Organic,Completed
12886,3864,2023-03-02,112.09,Sports,SMS,Completed
12887,4850,2022-05-28,142.22,Home & Kitchen,SMS,Completed
12888,2598,2024-12-07,339.35,Beauty,Organic,Completed
12890,1538,2023-02-21,112.27,Electronics,SMS,Completed
12891,2525,2023-06-05,679.64,Sports,Organic,Completed
12892,3554,2023-06-14,280.36,Apparel,Email,Completed
12894,2376,2022-11-15,322.24,Apparel,Organic,Completed
12896,5886,2022-12-02,835.82,Sports,SMS,Completed
12897,1800,2024-10-03,797.11,Home & Kitchen,Paid Social,Completed
12901,4643,2024-07-14,286.76,Home & Kitchen,Google Search,Completed
12905,4974,2023-11-29,482.82,Beauty,Paid Social,Completed
12907,3024,2023-02-15,167.46,Beauty,Organic,Completed
12911,3074,2023-06-29,291.4,Electronics,Paid Social,Completed
12912,4299,2023-01-13,806.89,Sports,SMS,Completed
12913,4180,2022-02-07,664.43,Electronics,SMS,Completed
12914,1513,2023-05-16,52.67,Sports,Google Search,Completed
12916,2501,2023-05-07,42.24,Beauty,Organic,Completed
12917,1314,2024-02-09,483.13,Beauty,Email,Completed
12919,3906,2024-01-18,1285.68,Beauty,Email,Completed
12920,5149,2023-02-14,346.91,Electronics,Email,Completed
12924,2504,2022-10-14,308.3,Beauty,Google Search,Completed
12925,1412,2024-07-17,174.41,Sports,Email,Completed
12926,1387,2024-12-30,208.95,Sports,Organic,Completed
12927,2816,2024-10-21,134.28,Apparel,Paid Social,Completed
12928,1696,2024-05-07,285.53,Home & Kitchen,SMS,Completed
12930,1465,2024-08-28,158.9,Apparel,SMS,Completed
12931,3271,2023-04-16,95.8,Sports,Google Search,Completed
12932,5019,2022-01-04,959.49,Beauty,Paid Social,Completed
12936,3759,2022-06-13,317.05,Home & Kitchen,Google Search,Completed
12940,4363,2023-05-21,108.96,Home & Kitchen,Google Search,Completed
12941,2325,2023-11-18,974.98,Home & Kitchen,Paid Social,Completed
12943,4075,2023-10-29,403.14,Sports,Organic,Completed
12944,1549,2022-08-01,433.42,Sports,Paid Social,Completed
12945,1267,2024-12-09,365.64,Home & Kitchen,Paid Social,Completed
12946,1763,2024-07-03,367.19,Electronics,Google Search,Completed
12947,2665,2023-11-13,92.48,Electronics,Paid Social,Completed
12948,3812,2023-12-22,62.83,Sports,Google Search,Completed
12949,4925,2023-06-20,56.02,Apparel,Google Search,Completed
12950,1284,2024-02-03,109.21,Electronics,Paid Social,Completed
12951,1594,2022-02-11,356.44,Beauty,Google Search,Completed
12952,1107,2023-01-22,2022.24,Apparel,Google Search,Completed
12953,3195,2022-09-12,1095.81,Sports,Organic,Completed
12954,3382,2022-07-18,759.06,Sports,Paid Social,Completed
12956,5865,2022-07-05,561.83,Home & Kitchen,Paid Social,Completed
12957,2627,2024-03-23,271.4,Electronics,Google Search,Completed
12959,2932,2023-08-01,959.57,Home & Kitchen,SMS,Completed
12961,5279,2024-03-29,1015.25,Home & Kitchen,Organic,Completed
12963,3009,2024-07-13,160.94,Beauty,Email,Completed
12965,5203,2023-03-18,310.18,Home & Kitchen,Paid Social,Completed
12966,3556,2023-10-23,651.8,Home & Kitchen,Email,Completed
12968,1348,2024-01-27,555.85,Home & Kitchen,SMS,Completed
12973,5937,2023-07-22,170.57,Home & Kitchen,Organic,Completed
12974,4054,2023-05-18,159.93,Electronics,Paid Social,Completed
12975,1940,2024-09-16,74.77,Apparel,Organic,Completed
12976,1260,2023-07-07,281.52,Sports,Email,Completed
12977,5006,2022-05-30,170.21,Electronics,Google Search,Completed
12978,3904,2024-02-29,84.06,Sports,Organic,Completed
12980,1999,2024-05-11,256.48,Electronics,Email,Completed
12981,4770,2024-03-24,327.5,Apparel,Email,Completed
12983,4864,2023-04-13,276.12,Beauty,Paid Social,Completed
12985,3439,2023-11-28,336.02,Sports,Paid Social,Completed
12986,1824,2024-11-24,130.1,Electronics,Organic,Completed
12988,1420,2024-03-05,140.11,Apparel,Organic,Completed
12991,3732,2023-04-30,364.57,Home & Kitchen,Paid Social,Completed
12993,2490,2022-09-23,621.94,Apparel,SMS,Completed
12995,4286,2022-07-10,248.91,Sports,Paid Social,Completed
12998,3422,2023-09-23,313.2,Apparel,Email,Completed
13000,4907,2024-01-27,658.95,Home & Kitchen,Google Search,Completed
13001,5828,2022-12-03,159.76,Beauty,Organic,Completed
13002,2354,2022-07-31,284.95,Electronics,SMS,Completed
13003,2545,2024-04-14,343.11,Apparel,Paid Social,Completed
13005,4595,2022-07-24,98.82,Beauty,SMS,Completed
13009,4227,2022-01-20,203.6,Sports,Email,Completed
13010,4611,2022-07-18,419.58,Sports,Paid Social,Completed
13013,1889,2022-12-03,448.68,Apparel,Organic,Completed
13014,5518,2023-05-18,419.51,Electronics,Email,Completed
13016,3034,2024-09-16,272.89,Electronics,Paid Social,Completed
13017,2035,2023-10-17,355.62,Apparel,Paid Social,Completed
13018,3810,2023-06-21,46.42,Sports,SMS,Completed
13019,2910,2024-09-22,1129.26,Electronics,Email,Completed
13021,5037,2024-07-20,122.66,Sports,Google Search,Completed
13022,5741,2022-05-27,106.97,Electronics,Email,Completed
13023,2360,2022-11-01,298.49,Sports,Paid Social,Completed
13026,4892,2024-12-02,121.51,Sports,Paid Social,Completed
13027,4626,2024-11-23,234.57,Electronics,Organic,Completed
13029,4747,2023-08-13,172.29,Beauty,Paid Social,Completed
13030,2681,2022-10-01,134.52,Electronics,Paid Social,Completed
13031,1061,2023-09-10,1171.43,Home & Kitchen,Organic,Completed
13032,3636,2023-07-11,493.66,Electronics,Paid Social,Completed
13033,4820,2024-08-21,264.86,Electronics,Google Search,Completed
13034,4492,2024-10-10,343.14,Electronics,SMS,Completed
13035,5007,2023-03-28,531.35,Electronics,Paid Social,Completed
13036,2351,2024-11-24,139.89,Electronics,SMS,Completed
13037,3128,2022-05-20,116.33,Apparel,Organic,Completed
13038,2951,2023-11-27,196.71,Electronics,Paid Social,Completed
13040,3285,2023-10-14,1453.03,Apparel,Google Search,Completed
13041,3532,2024-04-08,207.75,Apparel,Email,Completed
13043,1491,2023-01-08,304.73,Home & Kitchen,Email,Completed
13046,1891,2023-08-14,267.27,Home & Kitchen,SMS,Completed
13047,3943,2024-11-25,365.52,Home & Kitchen,SMS,Completed
13048,1716,2023-12-22,176.67,Electronics,Email,Completed
13052,2416,2023-06-05,135.95,Apparel,Email,Completed
13053,4317,2024-09-15,295.09,Home & Kitchen,Organic,Completed
13054,5589,2024-01-02,200.6,Beauty,Organic,Completed
13055,1603,2024-06-26,90.21,Beauty,Google Search,Completed
13056,3847,2024-12-05,352.32,Home & Kitchen,SMS,Completed
13058,3851,2022-09-01,527.77,Home & Kitchen,Email,Completed
13060,1512,2022-08-16,161.3,Electronics,Email,Completed
13061,1854,2023-11-08,129.8,Sports,Organic,Completed
13063,5741,2022-07-20,337.72,Home & Kitchen,Organic,Completed
13064,3770,2023-12-11,163.03,Beauty,SMS,Completed
13065,1762,2022-03-19,212.77,Home & Kitchen,Email,Completed
13067,1455,2023-01-01,239.37,Sports,Organic,Completed
13069,5431,2024-02-23,757.14,Beauty,Organic,Completed
13070,4845,2024-01-27,88.55,Apparel,SMS,Completed
13074,5194,2024-10-22,125.04,Electronics,Email,Completed
13075,3710,2024-08-02,312.5,Beauty,Email,Completed
13076,2689,2022-12-18,314.7,Electronics,Google Search,Completed
13077,1002,2022-12-06,528.32,Sports,Organic,Completed
13079,5590,2023-06-03,142.58,Sports,Paid Social,Completed
13080,3370,2023-02-21,269.43,Sports,Google Search,Completed
13081,3815,2023-05-29,388.07,Home & Kitchen,SMS,Completed
13082,4764,2023-07-16,130.61,Beauty,SMS,Completed
13084,1011,2023-11-05,64.62,Apparel,Organic,Completed
13085,2576,2022-01-08,278.45,Sports,Google Search,Completed
13086,5367,2022-10-19,287.84,Beauty,Organic,Completed
13087,4255,2024-10-22,173.15,Electronics,Email,Completed
13088,1057,2023-07-20,487.76,Home & Kitchen,Email,Completed
13089,3404,2022-01-12,557.14,Sports,SMS,Completed
13090,3429,2024-12-10,113.63,Sports,Organic,Completed
13091,4789,2024-09-27,588.11,Apparel,Organic,Completed
13093,2903,2023-05-26,130.56,Electronics,SMS,Completed
13094,3602,2024-02-03,675.92,Home & Kitchen,SMS,Completed
13095,5995,2022-08-10,265.12,Beauty,Email,Completed
13096,5758,2023-12-12,108.07,Apparel,SMS,Completed
13097,3235,2024-05-22,143.32,Electronics,SMS,Completed
13098,4657,2023-12-23,266.38,Beauty,Email,Completed
13099,1560,2023-12-09,347.41,Apparel,Google Search,Completed
13100,5829,2024-09-21,563.83,Beauty,SMS,Completed
13101,4798,2024-10-23,336.85,Sports,SMS,Completed
13105,5575,2023-11-18,1146.38,Electronics,Paid Social,Completed
13107,4085,2024-01-11,448.03,Sports,SMS,Completed
13109,2262,2024-05-07,722.7,Apparel,Email,Completed
13113,2710,2022-04-26,343.69,Sports,Organic,Completed
13114,4525,2022-04-22,179.54,Electronics,Paid Social,Completed
13116,4203,2022-04-19,441.9,Beauty,Organic,Completed
13117,3485,2023-03-01,171.48,Home & Kitchen,Paid Social,Completed
13118,5406,2022-10-31,682.65,Electronics,SMS,Completed
13119,4241,2024-01-16,400.03,Electronics,Email,Completed
13122,4097,2024-12-23,632.6,Sports,SMS,Completed
13123,2904,2024-08-15,270.5,Beauty,SMS,Completed
13124,5046,2024-09-18,195.41,Apparel,Email,Completed
13131,3362,2022-03-15,202.62,Apparel,SMS,Completed
13132,3514,2022-08-05,75.65,Beauty,Email,Completed
13134,2974,2023-10-15,1931.74,Electronics,Google Search,Completed
13137,3561,2022-09-06,64.59,Sports,Paid Social,Completed
13139,5420,2022-07-22,536.51,Sports,Paid Social,Completed
13140,5020,2022-11-18,65.01,Beauty,Paid Social,Completed
13142,3608,2023-09-22,719.21,Electronics,Paid Social,Completed
13146,3889,2023-12-02,950.58,Beauty,Email,Completed
13152,3362,2024-02-12,183.5,Apparel,Email,Completed
13155,2139,2022-07-30,290.93,Sports,Paid Social,Completed
13158,2472,2024-04-07,118.63,Sports,Google Search,Completed
13159,1268,2022-06-15,560.92,Electronics,Email,Completed
13160,4757,2023-01-18,198.96,Electronics,Paid Social,Completed
13161,2234,2022-10-30,222.56,Home & Kitchen,Organic,Completed
13162,2188,2024-03-11,558.65,Beauty,SMS,Completed
13164,3462,2022-07-30,327.47,Home & Kitchen,SMS,Completed
13165,2685,2023-12-08,219.34,Apparel,Paid Social,Completed
13167,2106,2022-03-16,434.67,Electronics,Organic,Completed
13170,3335,2022-11-26,156.11,Apparel,Organic,Completed
13171,1867,2023-06-03,270.26,Sports,Paid Social,Completed
13172,4139,2022-03-19,213.61,Apparel,Email,Completed
13174,5261,2023-01-24,55.57,Electronics,Email,Completed
13176,1735,2023-02-10,313.67,Sports,SMS,Completed
13177,4020,2024-09-30,492.56,Electronics,SMS,Completed
13178,2795,2023-05-24,224.05,Electronics,Email,Completed
13181,3130,2024-12-12,334.69,Beauty,Google Search,Completed
13183,2003,2023-07-13,376.64,Sports,Paid Social,Completed
13185,3609,2022-11-08,162.65,Beauty,Paid Social,Completed
13188,3260,2024-11-21,149.65,Sports,SMS,Completed
13189,3334,2024-02-12,594.19,Sports,Paid Social,Completed
13190,5443,2023-05-15,301.78,Home & Kitchen,Google Search,Completed
13192,2023,2024-10-30,170.47,Sports,Organic,Completed
13193,1561,2022-09-05,250.27,Apparel,Organic,Completed
13194,4201,2024-08-22,179.7,Electronics,SMS,Completed
13196,3975,2024-11-03,257.68,Electronics,Email,Completed
13200,5764,2022-04-29,239.62,Electronics,Google Search,Completed
13201,3386,2023-10-12,117.44,Apparel,SMS,Completed
13203,3567,2022-03-13,91.13,Electronics,Paid Social,Completed
13204,4262,2022-10-09,708.89,Home & Kitchen,SMS,Completed
13207,3383,2022-11-29,190.74,Home & Kitchen,Organic,Completed
13208,4499,2024-10-26,332.96,Beauty,Google Search,Completed
13209,4783,2024-01-20,42.38,Electronics,SMS,Completed
13215,2251,2022-02-11,201.27,Apparel,Google Search,Completed
13216,5481,2022-08-06,336.37,Home & Kitchen,Paid Social,Completed
13217,5186,2022-04-09,147.4,Home & Kitchen,Paid Social,Completed
13219,1809,2023-05-15,297.37,Electronics,Google Search,Completed
13220,5313,2023-11-13,453.76,Home & Kitchen,Paid Social,Completed
13221,3136,2022-06-25,479.67,Apparel,Email,Completed
13222,5832,2022-10-20,105.5,Home & Kitchen,Organic,Completed
13224,3649,2024-10-17,75.06,Beauty,Organic,Completed
13225,3921,2024-06-28,682.75,Apparel,Organic,Completed
13229,5071,2023-03-25,550.13,Home & Kitchen,Organic,Completed
13233,1162,2022-07-12,60.39,Beauty,Google Search,Completed
13234,4012,2023-12-25,138.96,Beauty,Email,Completed
13235,5370,2024-08-23,1258.42,Beauty,Email,Completed
13236,1040,2022-12-13,53.29,Home & Kitchen,Google Search,Completed
13239,5062,2024-09-14,248.9,Apparel,Organic,Completed
13240,5416,2022-01-19,1018.93,Beauty,Google Search,Completed
13242,1383,2022-08-30,346.63,Beauty,Organic,Completed
13243,1568,2023-09-10,246.93,Home & Kitchen,SMS,Completed
13245,3567,2024-05-15,146.76,Home & Kitchen,Organic,Completed
13246,5669,2024-10-01,313.97,Sports,SMS,Completed
13247,3298,2023-06-07,182.41,Apparel,Google Search,Completed
13248,3763,2024-03-02,184.77,Sports,SMS,Completed
13251,5735,2024-11-08,363.83,Electronics,Email,Completed
13253,1517,2023-02-28,368.9,Electronics,SMS,Completed
13257,2291,2024-07-27,539.16,Sports,Email,Completed
13258,3284,2022-11-25,496.86,Sports,SMS,Completed
13259,4848,2023-12-29,198.28,Apparel,Google Search,Completed
13260,3522,2023-06-20,44.77,Electronics,Paid Social,Completed
13261,1774,2023-10-04,86.94,Electronics,Google Search,Completed
13262,2312,2023-09-24,211.34,Sports,SMS,Completed
13264,4818,2024-06-27,536.09,Beauty,Paid Social,Completed
13266,5972,2024-04-24,425.82,Home & Kitchen,Google Search,Completed
13268,2984,2023-04-28,283.43,Home & Kitchen,Email,Completed
13271,5319,2023-05-30,142.81,Home & Kitchen,Organic,Completed
13275,3129,2023-12-22,762.99,Apparel,Paid Social,Completed
13276,1949,2024-12-05,159.06,Apparel,Email,Completed
13277,5199,2022-02-02,313.9,Sports,Organic,Completed
13278,4321,2022-01-12,549.83,Apparel,Google Search,Completed
13279,5530,2024-02-07,1091.79,Electronics,Paid Social,Completed
13280,1432,2022-08-14,222.7,Home & Kitchen,Paid Social,Completed
13281,4946,2024-09-06,1126.26,Beauty,SMS,Completed
13283,4385,2024-08-14,84.94,Beauty,SMS,Completed
13284,2705,2023-03-14,256.4,Electronics,Paid Social,Completed
13285,4101,2023-05-31,74.77,Electronics,Organic,Completed
13287,4424,2022-05-16,148.06,Beauty,Google Search,Completed
13291,2869,2023-04-24,425.1,Apparel,Organic,Completed
13293,2672,2024-04-28,989.08,Home & Kitchen,Google Search,Completed
13294,3876,2024-09-11,257.54,Electronics,Email,Completed
13295,4999,2023-05-30,785.59,Home & Kitchen,Google Search,Completed
13299,5486,2024-10-08,156.2,Electronics,SMS,Completed
13300,4226,2023-02-07,291.14,Electronics,SMS,Completed
13304,3763,2024-12-22,145.64,Apparel,Email,Completed
13306,5868,2022-09-11,237.49,Beauty,Email,Completed
13307,5991,2022-06-14,462.13,Sports,Organic,Completed
13310,2373,2024-09-02,478.41,Beauty,Email,Completed
13312,4777,2023-09-09,79.18,Beauty,Paid Social,Completed
13314,1015,2023-11-25,437.78,Electronics,SMS,Completed
13318,3049,2023-06-07,93.37,Electronics,Organic,Completed
13319,4283,2023-05-11,177.31,Apparel,Organic,Completed
13321,1497,2024-10-19,93.98,Apparel,Paid Social,Completed
13322,2067,2022-11-30,1101.82,Electronics,Paid Social,Completed
13323,4895,2024-04-12,277.72,Apparel,Google Search,Completed
13324,4040,2023-11-03,125.06,Electronics,Paid Social,Completed
13325,1947,2022-01-16,252.11,Beauty,Google Search,Completed
13326,3148,2024-09-03,552.97,Beauty,Paid Social,Completed
13328,4362,2024-03-17,479.99,Beauty,SMS,Completed
13329,5159,2023-10-23,92.57,Electronics,Email,Completed
13332,1170,2022-12-23,80.58,Electronics,Email,Completed
13335,2516,2022-01-04,341.45,Sports,Paid Social,Completed
13337,2112,2022-07-19,88.65,Home & Kitchen,SMS,Completed
13338,5999,2024-05-23,194.7,Beauty,Organic,Completed
13339,3244,2024-11-18,272.72,Sports,Paid Social,Completed
13340,3587,2024-05-31,1846.08,Sports,Paid Social,Completed
13341,4481,2022-07-17,94.4,Home & Kitchen,Google Search,Completed
13342,2058,2022-04-27,646.28,Home & Kitchen,Google Search,Completed
13345,3692,2023-08-14,438.34,Home & Kitchen,Paid Social,Completed
13346,5728,2022-09-19,194.51,Sports,Paid Social,Completed
13348,4803,2024-01-08,232.33,Electronics,Google Search,Completed
13350,5163,2024-02-17,106.35,Sports,SMS,Completed
13351,3981,2024-07-16,294.71,Apparel,SMS,Completed
13352,4975,2024-11-19,309.81,Electronics,Paid Social,Completed
13353,4207,2023-12-06,144.66,Sports,SMS,Completed
13355,5973,2022-09-02,182.94,Home & Kitchen,Google Search,Completed
13357,3141,2024-01-19,208.01,Apparel,Paid Social,Completed
13358,4309,2023-12-28,252.85,Electronics,Email,Completed
13360,4237,2023-06-16,374.84,Beauty,Organic,Completed
13361,2108,2023-12-24,280.51,Home & Kitchen,Email,Completed
13362,3298,2024-08-07,115.14,Beauty,SMS,Completed
13364,2735,2023-04-18,373.22,Electronics,Google Search,Completed
13365,3275,2022-02-02,977.21,Sports,SMS,Completed
13366,4867,2023-02-17,38.73,Sports,Google Search,Completed
13367,2507,2023-07-28,179.24,Electronics,Google Search,Completed
13368,1366,2023-09-18,158.02,Sports,Google Search,Completed
13369,4874,2024-02-08,132.05,Apparel,Email,Completed
13370,1286,2022-08-19,61.73,Sports,Organic,Completed
13371,1383,2022-03-19,511.12,Sports,Email,Completed
13372,3724,2024-01-03,431.2,Home & Kitchen,Google Search,Completed
13373,4045,2023-03-23,407.15,Sports,Google Search,Completed
13375,3841,2024-03-23,160.54,Beauty,Google Search,Completed
13377,4237,2022-07-19,341.03,Sports,Paid Social,Completed
13380,4936,2023-06-14,104.25,Home & Kitchen,Google Search,Completed
13382,4504,2023-07-05,225.83,Electronics,SMS,Completed
13383,3213,2023-05-17,172.56,Sports,Google Search,Completed
13384,1102,2024-11-07,161.36,Sports,Organic,Completed
13385,2348,2022-10-02,637.6,Apparel,Paid Social,Completed
13387,1134,2022-07-23,1255.53,Sports,Google Search,Completed
13388,3222,2024-03-17,584.29,Apparel,Organic,Completed
13389,1809,2024-08-02,123.3,Apparel,SMS,Completed
13391,3286,2024-06-08,277.61,Beauty,Paid Social,Completed
13392,2178,2023-12-30,285.88,Apparel,Email,Completed
13393,5146,2023-06-26,717.33,Apparel,Organic,Completed
13394,5727,2024-10-09,188.75,Beauty,Organic,Completed
13395,3067,2022-07-13,124.23,Apparel,SMS,Completed
13396,4559,2023-08-27,408.88,Home & Kitchen,SMS,Completed
13397,2389,2022-06-16,368.28,Apparel,Google Search,Completed
13398,4725,2024-01-11,152.8,Electronics,SMS,Completed
13399,1458,2024-04-25,57.92,Home & Kitchen,Google Search,Completed
13400,2425,2023-11-17,1222.09,Home & Kitchen,SMS,Completed
13401,1543,2024-08-07,757.77,Electronics,Organic,Completed
13402,3740,2024-05-04,125.06,Home & Kitchen,Google Search,Completed
13403,4241,2024-01-04,218.6,Electronics,Organic,Completed
13404,5572,2022-01-05,239.29,Beauty,Paid Social,Completed
13406,3142,2022-03-15,195.23,Beauty,SMS,Completed
13407,2767,2022-03-06,176.11,Electronics,Email,Completed
13408,2501,2024-03-08,222.79,Beauty,Email,Completed
13409,5087,2023-01-17,116.37,Sports,SMS,Completed
13413,4804,2023-03-30,320.6,Apparel,Paid Social,Completed
13415,2324,2022-03-01,273.49,Beauty,Email,Completed
13416,2354,2024-05-05,49.48,Sports,Paid Social,Completed
13417,4280,2024-02-23,202.09,Beauty,Email,Completed
13418,5321,2024-05-24,696.1,Beauty,Paid Social,Completed
13419,2274,2024-08-26,104.28,Beauty,Organic,Completed
13420,4733,2023-05-29,184.07,Apparel,SMS,Completed
13422,5539,2022-05-17,959.97,Home & Kitchen,Google Search,Completed
13423,5034,2024-05-08,451.62,Beauty,SMS,Completed
13424,3710,2022-07-16,849.38,Home & Kitchen,Paid Social,Completed
13425,5795,2023-02-04,624.65,Electronics,Paid Social,Completed
13428,5228,2024-03-03,296.28,Sports,Google Search,Completed
13429,5763,2023-11-02,106.97,Apparel,Email,Completed
13430,2454,2022-09-16,62.62,Beauty,Email,Completed
13431,5162,2023-08-21,474.43,Apparel,SMS,Completed
13432,3788,2023-01-11,222.8,Electronics,Paid Social,Completed
13435,1389,2023-04-02,964.08,Electronics,Paid Social,Completed
13438,3296,2023-03-07,189.46,Apparel,Google Search,Completed
13439,2868,2023-01-16,144.14,Home & Kitchen,SMS,Completed
13441,3991,2023-12-01,535.61,Beauty,SMS,Completed
13442,5521,2023-10-17,412.57,Electronics,Google Search,Completed
13446,4129,2022-11-18,1373.34,Beauty,SMS,Completed
13448,4193,2022-08-31,489.39,Home & Kitchen,Email,Completed
13449,1561,2023-09-09,557.51,Apparel,SMS,Completed
13450,5804,2022-03-20,222.47,Electronics,Google Search,Completed
13451,5400,2023-07-09,1380.31,Home & Kitchen,Email,Completed
13453,3566,2023-08-18,141.71,Sports,Paid Social,Completed
13457,2433,2023-08-12,423.69,Home & Kitchen,Google Search,Completed
13461,5835,2023-12-30,281.49,Beauty,Email,Completed
13462,1177,2024-09-09,206.68,Sports,Paid Social,Completed
13463,2187,2024-08-29,47.16,Electronics,Paid Social,Completed
13465,4179,2022-06-14,708.01,Electronics,Google Search,Completed
13466,4786,2022-02-16,128.95,Apparel,Google Search,Completed
13470,5567,2023-01-03,110.22,Sports,SMS,Completed
13471,2244,2023-02-04,273.29,Electronics,Email,Completed
13472,3676,2024-09-19,340.29,Sports,Email,Completed
13473,4669,2023-07-01,116.64,Home & Kitchen,SMS,Completed
13475,3552,2022-01-28,312.32,Apparel,Paid Social,Completed
13478,5744,2024-10-05,116.32,Apparel,Google Search,Completed
13480,2124,2023-04-02,152.84,Electronics,Email,Completed
13481,5540,2022-06-30,192.44,Apparel,Email,Completed
13482,4360,2022-12-03,106.03,Apparel,Email,Completed
13486,1356,2022-11-25,295.53,Beauty,Email,Completed
13487,5475,2024-01-20,156.35,Sports,Paid Social,Completed
13488,3214,2023-07-01,653.87,Beauty,Organic,Completed
13489,3658,2024-07-04,239.11,Sports,SMS,Completed
13491,3971,2022-05-09,272.67,Sports,Email,Completed
13492,4582,2024-08-20,1820.65,Apparel,Google Search,Completed
13495,5962,2024-06-22,403.48,Apparel,Google Search,Completed
13499,2257,2022-05-25,109.37,Home & Kitchen,Email,Completed
13500,1087,2023-03-23,478.89,Home & Kitchen,Google Search,Completed
13501,1666,2024-04-08,598.08,Apparel,Paid Social,Completed
13504,5279,2023-07-11,486.63,Beauty,Organic,Completed
13508,5869,2022-10-12,155.68,Electronics,SMS,Completed
13509,2902,2023-11-07,356.44,Home & Kitchen,Paid Social,Completed
13511,5353,2022-02-27,501.49,Sports,Paid Social,Completed
13512,5050,2023-01-14,376.44,Home & Kitchen,SMS,Completed
13513,1206,2022-11-13,524.49,Home & Kitchen,Google Search,Completed
13514,3216,2023-06-27,322.16,Electronics,Paid Social,Completed
13518,2687,2023-08-31,497.08,Electronics,Google Search,Completed
13519,3905,2024-08-07,198.98,Beauty,Email,Completed
13523,2869,2023-06-09,148.91,Apparel,Email,Completed
13525,2396,2023-06-06,171.52,Home & Kitchen,SMS,Completed
13526,5047,2024-05-23,477.03,Home & Kitchen,Paid Social,Completed
13527,1777,2024-01-29,258.36,Beauty,Google Search,Completed
13528,5770,2022-08-19,343.25,Sports,Organic,Completed
13530,5515,2023-06-06,69.94,Beauty,Organic,Completed
13531,1599,2023-07-23,374.21,Home & Kitchen,SMS,Completed
13532,4697,2023-09-25,1246.23,Apparel,Email,Completed
13533,4611,2024-07-15,140.6,Electronics,Organic,Completed
13534,2590,2023-03-29,1072.67,Apparel,Google Search,Completed
13536,2079,2022-10-21,173.8,Apparel,Email,Completed
13537,1705,2022-11-26,194.88,Apparel,Paid Social,Completed
13542,5227,2023-09-25,344.65,Electronics,Paid Social,Completed
13544,4591,2022-04-20,150.17,Beauty,Email,Completed
13545,2425,2022-05-15,326.31,Beauty,Google Search,Completed
13547,5911,2023-05-03,243.86,Beauty,Paid Social,Completed
13548,3689,2022-10-28,292.54,Sports,SMS,Completed
13549,3059,2023-11-20,214.61,Home & Kitchen,Google Search,Completed
13550,1574,2022-09-07,102.2,Apparel,Organic,Completed
13551,2801,2024-05-17,121.06,Apparel,Organic,Completed
13552,3693,2022-09-25,407.27,Sports,Email,Completed
13553,1808,2024-08-03,943.48,Apparel,SMS,Completed
13555,3982,2023-01-02,121.17,Home & Kitchen,SMS,Completed
13557,4575,2022-10-16,259.71,Home & Kitchen,Email,Completed
13562,5437,2022-03-02,90.19,Apparel,Organic,Completed
13564,5548,2024-03-15,273.99,Sports,SMS,Completed
13568,2481,2022-10-22,155.95,Sports,SMS,Completed
13570,1036,2023-11-07,76.35,Home & Kitchen,Organic,Completed
13572,3812,2024-06-22,347.61,Home & Kitchen,Paid Social,Completed
13575,1992,2023-11-01,2952.1,Sports,Email,Completed
13576,4993,2024-07-09,586.34,Apparel,Organic,Completed
13577,4027,2023-01-30,214.01,Apparel,Paid Social,Completed
13580,4513,2023-01-26,346.05,Electronics,Organic,Completed
13583,1939,2024-07-29,565.68,Home & Kitchen,Email,Completed
13584,5840,2022-03-06,168.53,Apparel,Email,Completed
13586,1647,2022-06-14,163.59,Beauty,Organic,Completed
13588,2549,2023-08-20,1017.66,Apparel,SMS,Completed
13590,1498,2023-06-13,158.18,Home & Kitchen,Email,Completed
13591,2737,2024-01-05,586.23,Beauty,Google Search,Completed
13592,2422,2023-09-04,196.37,Electronics,Email,Completed
13593,2808,2023-09-16,83.55,Apparel,Organic,Completed
13594,2583,2023-07-11,134.89,Apparel,Email,Completed
13595,2424,2022-03-04,412.3,Beauty,Google Search,Completed
13596,4523,2022-08-16,127.88,Beauty,SMS,Completed
13597,3821,2024-07-25,553.27,Electronics,SMS,Completed
13598,5909,2024-09-10,1097.56,Beauty,SMS,Completed
13599,2625,2023-05-15,768.04,Sports,Email,Completed
13600,4428,2022-08-08,168.74,Electronics,SMS,Completed
13601,1499,2022-01-16,94.26,Beauty,SMS,Completed
13603,3369,2023-05-20,179.13,Home & Kitchen,Paid Social,Completed
13605,3732,2023-02-19,334.45,Home & Kitchen,Paid Social,Completed
13608,4250,2024-02-26,165.06,Beauty,SMS,Completed
13609,5189,2024-06-11,689.86,Apparel,Google Search,Completed
13611,3746,2023-04-23,187.06,Sports,SMS,Completed
13612,1340,2022-09-13,219.28,Home & Kitchen,Organic,Completed
13613,5908,2023-08-09,124.43,Electronics,Paid Social,Completed
13614,5935,2022-09-17,238.3,Beauty,Google Search,Completed
13615,4330,2023-02-16,588.62,Home & Kitchen,SMS,Completed
13617,1732,2023-08-31,83.23,Home & Kitchen,Email,Completed
13619,2969,2022-09-26,354.62,Sports,Email,Completed
13620,4235,2022-02-02,185.88,Sports,SMS,Completed
13621,4236,2024-05-17,220.96,Sports,Email,Completed
13622,5554,2024-05-24,639.01,Apparel,Email,Completed
13624,3794,2023-12-23,323.22,Beauty,Google Search,Completed
13626,3519,2024-07-23,69.78,Apparel,Organic,Completed
13627,1853,2022-07-12,98.17,Electronics,SMS,Completed
13628,4071,2023-08-01,223.11,Electronics,Email,Completed
13629,1352,2022-08-13,415.7,Sports,SMS,Completed
13631,1637,2024-05-02,69.79,Home & Kitchen,Email,Completed
13632,4358,2023-11-13,76.39,Sports,Email,Completed
13634,5307,2022-09-14,393.64,Apparel,Paid Social,Completed
13636,2398,2023-10-04,326.62,Beauty,Email,Completed
13637,4570,2024-06-07,490.59,Beauty,Google Search,Completed
13638,5663,2023-06-08,469.55,Sports,Email,Completed
13639,5911,2022-09-16,1466.87,Home & Kitchen,Email,Completed
13641,4201,2022-01-21,36.99,Home & Kitchen,SMS,Completed
13643,3652,2023-07-27,548.8,Home & Kitchen,SMS,Completed
13645,3428,2022-10-31,66.47,Beauty,Paid Social,Completed
13647,1410,2024-01-26,68.86,Home & Kitchen,Paid Social,Completed
13650,2987,2022-12-12,179.24,Apparel,Google Search,Completed
13651,3987,2024-06-09,371.09,Electronics,Email,Completed
13652,2262,2024-11-02,174.29,Sports,Email,Completed
13653,4251,2022-08-02,281.71,Home & Kitchen,SMS,Completed
13654,2038,2024-01-05,86.15,Sports,Organic,Completed
13656,3602,2023-05-29,217.98,Electronics,Email,Completed
13657,3519,2022-09-18,190.16,Home & Kitchen,Paid Social,Completed
13659,4370,2023-11-16,85.49,Electronics,Google Search,Completed
13663,5094,2024-10-20,232.03,Sports,Paid Social,Completed
13664,5354,2024-01-19,361.6,Sports,Email,Completed
13666,3664,2022-06-01,192.63,Sports,Email,Completed
13667,5289,2023-06-17,439.87,Electronics,Paid Social,Completed
13670,5144,2024-11-08,344.49,Electronics,Google Search,Completed
13672,2958,2022-10-13,225.12,Electronics,Google Search,Completed
13673,3247,2024-02-26,617.48,Beauty,Paid Social,Completed
13674,1050,2023-01-28,172.17,Apparel,Google Search,Completed
13675,4267,2023-12-19,419.66,Home & Kitchen,Email,Completed
13677,5933,2024-03-20,192.42,Sports,Google Search,Completed
13678,1793,2022-05-14,255.81,Beauty,SMS,Completed
13680,3962,2022-07-01,136.26,Electronics,Paid Social,Completed
13681,3416,2023-01-27,72.04,Home & Kitchen,Email,Completed
13683,1448,2022-05-10,161.75,Home & Kitchen,SMS,Completed
13684,4546,2023-11-01,286.32,Beauty,Paid Social,Completed
13685,2657,2024-09-17,544.86,Electronics,Email,Completed
13686,5086,2024-05-18,102.02,Home & Kitchen,Google Search,Completed
13687,1320,2024-08-07,315.04,Home & Kitchen,Paid Social,Completed
13688,5273,2024-08-03,152.54,Beauty,Google Search,Completed
13689,3649,2024-05-06,422.12,Apparel,Paid Social,Completed
13690,3021,2024-01-16,542.17,Electronics,Paid Social,Completed
13691,3363,2024-12-06,416.92,Apparel,SMS,Completed
13692,2896,2022-07-26,372.87,Apparel,Paid Social,Completed
13693,3589,2024-07-16,41.43,Electronics,SMS,Completed
13694,4284,2022-03-26,163.99,Apparel,Google Search,Completed
13696,2767,2022-04-04,1037.11,Home & Kitchen,Google Search,Completed
13697,4918,2024-07-02,493.93,Home & Kitchen,Organic,Completed
13698,2340,2023-04-01,389.79,Beauty,Email,Completed
13699,1279,2022-06-05,263.45,Sports,SMS,Completed
13700,4380,2022-08-05,170.82,Apparel,Google Search,Completed
13702,1916,2023-07-06,372.59,Sports,Paid Social,Completed
13703,2314,2024-03-17,208.18,Electronics,Organic,Completed
13706,3285,2024-12-08,341.87,Home & Kitchen,SMS,Completed
13708,3429,2024-09-27,93.24,Beauty,Email,Completed
13709,2698,2022-02-12,94.26,Beauty,Paid Social,Completed
13711,3937,2023-12-18,135.13,Electronics,Paid Social,Completed
13712,4725,2024-10-19,205.16,Sports,Paid Social,Completed
13716,2912,2024-07-12,153.17,Home & Kitchen,Paid Social,Completed
13717,4230,2024-07-06,938.17,Beauty,Organic,Completed
13718,5708,2024-06-23,429.67,Sports,Paid Social,Completed
13719,1912,2024-02-02,253.07,Apparel,SMS,Completed
13720,3764,2022-02-14,1739.48,Sports,Paid Social,Completed
13721,2569,2023-03-06,148.94,Sports,Google Search,Completed
13722,5342,2023-11-08,367.23,Home & Kitchen,Organic,Completed
13723,1430,2024-05-29,285.07,Electronics,SMS,Completed
13725,4153,2024-01-08,310.79,Electronics,Google Search,Completed
13726,2569,2022-06-09,2237.78,Home & Kitchen,Email,Completed
13728,2785,2022-02-04,355.06,Home & Kitchen,Email,Completed
13732,3127,2024-06-17,194.13,Sports,Paid Social,Completed
13733,4898,2023-10-12,415.28,Home & Kitchen,Organic,Completed
13735,3045,2023-07-05,145.73,Electronics,Paid Social,Completed
13739,2786,2023-12-10,204.79,Sports,Email,Completed
13742,3327,2024-02-16,920.0,Electronics,SMS,Completed
13743,2447,2022-07-06,346.57,Home & Kitchen,Organic,Completed
13744,3274,2024-02-04,640.34,Apparel,Email,Completed
13745,2925,2023-03-16,512.34,Sports,Email,Completed
13747,4213,2023-05-19,167.67,Apparel,Google Search,Completed
13749,2608,2022-08-10,532.73,Sports,Google Search,Completed
13753,2107,2023-03-16,197.27,Apparel,Paid Social,Completed
13754,5039,2022-12-12,91.47,Beauty,Organic,Completed
13756,2016,2022-05-14,224.27,Home & Kitchen,Email,Completed
13757,1617,2022-11-06,181.64,Apparel,Organic,Completed
13758,2323,2022-02-28,282.11,Apparel,SMS,Completed
13760,5399,2024-02-04,495.45,Sports,SMS,Completed
13762,2589,2023-10-22,211.63,Apparel,Email,Completed
13766,1508,2022-02-02,477.97,Sports,Organic,Completed
13768,2825,2024-03-20,166.92,Apparel,Email,Completed
13773,2416,2023-12-18,411.66,Electronics,Paid Social,Completed
13775,1530,2023-04-17,146.51,Electronics,Organic,Completed
13777,1200,2024-04-22,677.23,Apparel,Organic,Completed
13778,5362,2023-06-07,337.2,Electronics,SMS,Completed
13780,2274,2023-08-10,1521.52,Home & Kitchen,Google Search,Completed
13781,4160,2023-03-19,390.78,Electronics,SMS,Completed
13782,6000,2024-09-04,136.72,Electronics,Google Search,Completed
13783,1389,2023-04-02,1129.72,Home & Kitchen,Email,Completed
13784,1280,2024-02-26,215.53,Sports,SMS,Completed
13785,2733,2024-10-30,184.04,Apparel,SMS,Completed
13786,4828,2024-01-29,236.55,Home & Kitchen,SMS,Completed
13788,4275,2022-10-29,178.02,Apparel,Paid Social,Completed
13789,5775,2023-10-24,1039.21,Sports,SMS,Completed
13790,2778,2024-03-06,201.05,Electronics,Paid Social,Completed
13792,5841,2022-02-12,101.64,Sports,Organic,Completed
13793,2114,2022-08-16,269.14,Apparel,Paid Social,Completed
13794,4735,2024-03-25,49.65,Sports,Organic,Completed
13795,3372,2024-10-22,108.14,Electronics,SMS,Completed
13797,4487,2024-11-04,277.18,Home & Kitchen,Organic,Completed
13799,2058,2022-03-09,227.9,Electronics,SMS,Completed
13800,2870,2023-08-09,138.45,Home & Kitchen,Email,Completed
13801,3242,2024-05-16,20.59,Apparel,SMS,Completed
13803,5946,2024-06-01,54.85,Apparel,SMS,Completed
13806,5034,2024-12-12,345.97,Sports,SMS,Completed
13808,5734,2024-09-26,149.82,Beauty,Email,Completed
13809,5856,2023-12-06,192.51,Home & Kitchen,Email,Completed
13810,2215,2022-01-16,269.01,Apparel,Email,Completed
13812,1548,2023-11-19,245.77,Electronics,Email,Completed
13814,5995,2024-08-03,152.65,Sports,SMS,Completed
13815,2585,2023-11-08,328.07,Sports,Organic,Completed
13816,4770,2023-03-20,412.04,Home & Kitchen,Organic,Completed
13818,1251,2024-09-01,296.2,Apparel,Email,Completed
13819,3980,2024-07-07,1250.11,Electronics,Organic,Completed
13820,1301,2024-08-23,738.69,Beauty,Email,Completed
13821,2906,2022-12-23,171.1,Electronics,Email,Completed
13824,4234,2022-04-21,938.77,Home & Kitchen,Organic,Completed
13825,1022,2022-02-14,423.24,Sports,Email,Completed
13827,4671,2022-06-13,403.59,Apparel,Google Search,Completed
13831,1676,2022-12-07,330.55,Home & Kitchen,SMS,Completed
13833,2207,2024-03-11,602.83,Electronics,Email,Completed
13834,5907,2022-07-18,528.18,Beauty,Email,Completed
13838,2447,2023-04-10,199.22,Home & Kitchen,Email,Completed
13839,4303,2023-07-24,207.41,Sports,Organic,Completed
13840,3890,2024-09-25,530.93,Beauty,Organic,Completed
13842,1693,2024-07-20,75.12,Electronics,Paid Social,Completed
13843,1652,2024-07-20,79.32,Beauty,Paid Social,Completed
13844,2756,2023-03-25,221.76,Sports,Google Search,Completed
13845,2700,2023-09-07,391.07,Electronics,Email,Completed
13850,1214,2022-07-28,448.66,Sports,Google Search,Completed
13851,3223,2023-04-20,168.55,Electronics,SMS,Completed
13853,5267,2022-06-10,548.83,Apparel,SMS,Completed
13857,4836,2024-02-12,211.27,Electronics,Organic,Completed
13858,3938,2023-02-05,165.6,Beauty,SMS,Completed
13859,2232,2023-05-06,342.8,Home & Kitchen,SMS,Completed
13860,3467,2024-07-07,427.03,Sports,SMS,Completed
13865,4564,2022-10-26,699.67,Beauty,Google Search,Completed
13866,5645,2024-07-21,377.47,Electronics,Email,Completed
13867,3904,2023-06-05,213.76,Electronics,Email,Completed
13868,4615,2023-11-10,1282.44,Sports,SMS,Completed
13869,4247,2024-03-03,63.63,Electronics,Organic,Completed
13870,5930,2023-07-23,157.83,Beauty,Paid Social,Completed
13871,2878,2024-04-11,277.16,Beauty,Google Search,Completed
13872,2271,2023-01-11,110.54,Electronics,SMS,Completed
13873,4708,2022-11-23,77.72,Home & Kitchen,Organic,Completed
13874,2664,2024-12-14,552.11,Sports,Paid Social,Completed
13878,2305,2023-03-24,35.92,Home & Kitchen,SMS,Completed
13880,4596,2024-10-30,99.18,Sports,Organic,Completed
13882,3652,2022-07-14,258.83,Home & Kitchen,SMS,Completed
13884,3017,2024-08-25,88.49,Beauty,Email,Completed
13885,3109,2022-11-05,270.88,Sports,Organic,Completed
13886,2896,2022-02-09,245.64,Apparel,Paid Social,Completed
13890,3784,2024-01-30,139.58,Apparel,Google Search,Completed
13891,3104,2022-07-03,326.6,Apparel,Paid Social,Completed
13892,3512,2024-09-05,368.93,Apparel,Organic,Completed
13893,1645,2022-06-07,374.88,Apparel,Organic,Completed
13895,2668,2023-10-18,50.38,Electronics,Paid Social,Completed
13896,3948,2024-02-25,952.53,Beauty,Google Search,Completed
13897,5160,2024-09-12,612.16,Home & Kitchen,Email,Completed
13898,4470,2024-04-16,942.31,Beauty,Organic,Completed
13900,5127,2023-10-26,482.78,Beauty,Paid Social,Completed
13901,3956,2022-05-26,113.63,Electronics,Email,Completed
13902,5232,2022-02-08,323.45,Beauty,Organic,Completed
13903,3199,2024-10-14,247.26,Apparel,Paid Social,Completed
13906,5794,2023-06-30,550.3,Apparel,Organic,Completed
13907,4630,2022-07-22,115.11,Sports,Email,Completed
13908,5839,2022-12-11,176.26,Apparel,Paid Social,Completed
13909,2632,2022-04-12,252.75,Apparel,Paid Social,Completed
13911,1748,2024-10-16,375.95,Beauty,Google Search,Completed
13912,5316,2023-06-26,690.07,Apparel,Paid Social,Completed
13914,4425,2023-09-16,430.49,Sports,Organic,Completed
13915,4675,2024-05-08,298.81,Beauty,Email,Completed
13916,4553,2022-09-12,97.97,Electronics,SMS,Completed
13918,1448,2022-01-19,76.44,Home & Kitchen,Paid Social,Completed
13919,1498,2023-10-25,107.34,Electronics,Google Search,Completed
13921,4390,2023-11-07,79.92,Home & Kitchen,SMS,Completed
13922,5110,2024-03-11,733.17,Home & Kitchen,Google Search,Completed
13925,5981,2024-12-23,855.67,Electronics,SMS,Completed
13926,2275,2024-08-03,690.61,Beauty,Paid Social,Completed
13927,4191,2022-12-29,521.51,Sports,SMS,Completed
13930,3587,2023-02-15,59.54,Electronics,SMS,Completed
13931,2954,2024-07-26,144.35,Electronics,Google Search,Completed
13933,5830,2023-10-11,59.26,Home & Kitchen,Email,Completed
13934,5585,2023-04-12,217.81,Home & Kitchen,Email,Completed
13935,1538,2022-01-11,305.92,Electronics,Paid Social,Completed
13936,1947,2022-12-02,119.75,Sports,Email,Completed
13937,4363,2024-11-27,204.86,Apparel,Paid Social,Completed
13938,1646,2023-03-22,161.61,Apparel,Organic,Completed
13939,1957,2024-04-05,89.11,Home & Kitchen,SMS,Completed
13944,3663,2022-04-15,113.13,Electronics,Email,Completed
13945,3202,2022-09-13,182.53,Beauty,Email,Completed
13946,4891,2024-02-17,469.81,Home & Kitchen,Email,Completed
13948,1645,2024-04-06,97.92,Home & Kitchen,Organic,Completed
13950,5668,2023-12-21,238.51,Sports,Paid Social,Completed
13954,3274,2022-11-29,524.7,Beauty,Paid Social,Completed
13956,2206,2023-06-07,562.66,Apparel,Google Search,Completed
13957,2505,2024-08-26,81.42,Apparel,Email,Completed
13958,1440,2023-05-10,258.44,Electronics,Google Search,Completed
13959,4000,2023-02-12,1000.29,Home & Kitchen,Organic,Completed
13961,5338,2023-03-27,568.55,Beauty,Paid Social,Completed
13962,1598,2024-11-18,274.82,Apparel,Google Search,Completed
13965,1546,2024-07-01,712.81,Sports,Google Search,Completed
13966,1285,2022-08-27,383.03,Electronics,Email,Completed
13967,2568,2023-10-18,113.83,Apparel,Paid Social,Completed
13968,2421,2024-06-27,482.03,Sports,Paid Social,Completed
13970,4620,2023-10-29,684.95,Sports,Organic,Completed
13971,3829,2022-04-21,87.28,Sports,SMS,Completed
13972,4118,2023-07-20,289.38,Sports,Organic,Completed
13974,1565,2024-10-07,322.74,Apparel,Organic,Completed
13977,1482,2024-11-21,524.39,Apparel,Paid Social,Completed
13979,5989,2023-05-29,150.9,Home & Kitchen,Email,Completed
13980,4645,2022-09-12,84.54,Beauty,Google Search,Completed
13981,3932,2023-12-31,628.88,Apparel,Email,Completed
13982,4476,2024-05-02,226.77,Sports,SMS,Completed
13983,2514,2023-11-17,205.52,Electronics,Organic,Completed
13986,2174,2022-11-15,146.34,Home & Kitchen,Google Search,Completed
13989,3449,2022-01-23,140.83,Home & Kitchen,SMS,Completed
13990,5290,2022-11-10,64.21,Sports,Organic,Completed
13992,3487,2022-05-26,101.22,Electronics,Google Search,Completed
13994,1939,2023-11-20,352.51,Apparel,Paid Social,Completed
13996,5234,2023-07-22,70.9,Sports,Google Search,Completed
13998,1828,2022-07-20,952.62,Apparel,SMS,Completed
13999,5879,2024-12-11,365.5,Beauty,Paid Social,Completed
14003,3816,2022-08-30,163.74,Sports,Paid Social,Completed
14005,5079,2022-05-11,85.57,Electronics,Organic,Completed
14006,2679,2022-01-05,403.14,Electronics,Paid Social,Completed
14007,5426,2024-01-09,898.45,Apparel,Email,Completed
14008,5721,2023-02-18,364.27,Beauty,Google Search,Completed
14009,1957,2023-04-16,54.42,Home & Kitchen,Email,Completed
14013,4486,2024-03-09,422.4,Electronics,Google Search,Completed
14014,4279,2024-11-16,78.21,Apparel,Google Search,Completed
14017,1138,2023-07-26,42.99,Sports,Email,Completed
14019,4042,2024-12-26,133.49,Home & Kitchen,Organic,Completed
14020,1686,2024-10-26,323.74,Beauty,Paid Social,Completed
14021,1321,2023-05-13,673.26,Beauty,Paid Social,Completed
14022,1078,2022-06-18,253.13,Beauty,Organic,Completed
14023,4276,2024-06-15,125.27,Home & Kitchen,Google Search,Completed
14024,2870,2023-10-25,141.55,Sports,Organic,Completed
14027,2916,2022-06-16,214.98,Home & Kitchen,Email,Completed
14028,5882,2024-01-07,257.26,Sports,Paid Social,Completed
14029,5642,2023-02-17,178.1,Apparel,Email,Completed
14030,2914,2023-01-28,47.9,Apparel,Paid Social,Completed
14032,2417,2023-11-10,381.01,Apparel,Google Search,Completed
14034,4723,2023-09-20,316.44,Electronics,Organic,Completed
14035,3749,2023-02-27,163.66,Beauty,Google Search,Completed
14036,4774,2023-08-04,60.4,Electronics,Organic,Completed
14037,1149,2024-12-20,155.88,Apparel,SMS,Completed
14038,3113,2024-04-13,58.53,Electronics,Google Search,Completed
14041,5659,2022-04-27,2350.83,Sports,SMS,Completed
14042,2928,2023-06-26,739.24,Home & Kitchen,SMS,Completed
14043,3378,2023-09-28,644.34,Home & Kitchen,Email,Completed
14047,5396,2022-02-06,162.57,Beauty,Google Search,Completed
14048,4888,2024-06-06,74.7,Sports,Email,Completed
14049,5188,2023-05-04,346.44,Apparel,Organic,Completed
14050,2503,2023-08-04,56.04,Sports,SMS,Completed
14052,5940,2023-06-24,375.92,Electronics,SMS,Completed
14053,3385,2022-01-13,316.92,Home & Kitchen,SMS,Completed
14054,2412,2024-07-28,305.9,Beauty,Organic,Completed
14055,5922,2024-01-26,206.98,Beauty,SMS,Completed
14057,5282,2022-07-24,162.03,Sports,Organic,Completed
14058,4918,2023-11-13,28.76,Beauty,Email,Completed
14059,1075,2024-12-24,99.67,Apparel,SMS,Completed
14063,4428,2024-01-12,180.96,Beauty,Email,Completed
14064,4880,2024-05-08,1233.55,Sports,Organic,Completed
14066,5460,2023-03-10,692.97,Apparel,Google Search,Completed
14069,4668,2024-06-02,723.09,Sports,Google Search,Completed
14071,1637,2022-05-28,207.85,Sports,Paid Social,Completed
14073,3369,2023-08-13,352.74,Electronics,Organic,Completed
14076,4779,2024-05-06,868.21,Sports,SMS,Completed
14077,5400,2023-02-08,329.77,Electronics,Paid Social,Completed
14078,1213,2022-10-05,143.38,Electronics,Email,Completed
14079,4657,2023-07-24,79.92,Home & Kitchen,Paid Social,Completed
14081,2363,2023-02-03,158.96,Electronics,SMS,Completed
14083,2432,2023-07-09,287.26,Electronics,Google Search,Completed
14084,2347,2024-11-15,171.27,Sports,Google Search,Completed
14085,5956,2022-04-02,115.84,Sports,Email,Completed
14086,2708,2024-05-21,166.32,Apparel,Google Search,Completed
14087,1833,2022-07-07,102.6,Beauty,SMS,Completed
14088,1587,2023-05-18,114.5,Beauty,Google Search,Completed
14090,5083,2022-03-06,40.36,Home & Kitchen,Paid Social,Completed
14094,2379,2023-08-14,286.2,Sports,Paid Social,Completed
14095,1237,2024-03-19,626.21,Beauty,Google Search,Completed
14096,2852,2024-11-19,281.58,Home & Kitchen,Organic,Completed
14098,5216,2024-07-30,81.71,Electronics,SMS,Completed
14100,2777,2024-02-19,152.32,Sports,SMS,Completed
14102,4067,2024-11-28,161.6,Home & Kitchen,Google Search,Completed
14103,1902,2022-06-24,162.17,Sports,Organic,Completed
14105,3185,2022-11-15,278.04,Apparel,Paid Social,Completed
14107,3796,2024-04-12,196.09,Apparel,SMS,Completed
14108,1355,2022-04-04,224.79,Beauty,Paid Social,Completed
14109,1778,2023-04-03,275.77,Sports,Google Search,Completed
14110,3229,2024-02-15,621.12,Electronics,Google Search,Completed
14111,5244,2024-04-13,566.72,Beauty,SMS,Completed
14112,4603,2024-04-04,584.49,Beauty,Google Search,Completed
14113,3139,2023-12-09,445.35,Beauty,Google Search,Completed
14116,2672,2023-12-15,109.08,Beauty,Google Search,Completed
14117,3451,2022-12-23,1047.08,Beauty,Google Search,Completed
14120,2511,2024-06-05,214.77,Beauty,Paid Social,Completed
14123,5324,2022-05-07,78.13,Apparel,Organic,Completed
14124,4395,2024-08-10,123.14,Apparel,Organic,Completed
14127,2905,2024-09-12,272.89,Apparel,Email,Completed
14128,4554,2022-04-24,285.04,Beauty,Organic,Completed
14130,2242,2022-12-20,661.21,Sports,SMS,Completed
14131,5479,2022-09-18,663.65,Apparel,Paid Social,Completed
14132,2439,2024-12-03,423.16,Beauty,Email,Completed
14135,1353,2024-04-29,223.09,Home & Kitchen,Google Search,Completed
14137,3661,2022-01-30,69.48,Sports,SMS,Completed
14138,1450,2024-10-17,157.32,Apparel,Email,Completed
14139,1241,2023-04-12,280.51,Sports,SMS,Completed
14140,5446,2024-02-23,277.95,Sports,Email,Completed
14142,2721,2024-10-10,158.78,Apparel,Paid Social,Completed
14144,5213,2022-02-12,116.12,Beauty,Organic,Completed
14145,2858,2024-06-29,350.31,Sports,SMS,Completed
14146,4050,2022-04-27,375.96,Electronics,Email,Completed
14147,5568,2024-06-13,129.02,Sports,Google Search,Completed
14149,4517,2024-09-16,135.59,Beauty,SMS,Completed
14150,2363,2023-12-31,290.13,Apparel,SMS,Completed
14151,4612,2024-05-06,476.45,Home & Kitchen,SMS,Completed
14152,3587,2023-11-02,238.41,Sports,SMS,Completed
14153,4212,2022-01-02,160.51,Home & Kitchen,SMS,Completed
14155,3727,2024-02-03,437.62,Sports,SMS,Completed
14157,5791,2023-05-11,170.75,Beauty,SMS,Completed
14158,3062,2022-10-08,177.95,Beauty,SMS,Completed
14160,1755,2023-01-31,494.83,Beauty,Email,Completed
14161,3910,2024-11-14,326.79,Beauty,SMS,Completed
14162,5186,2024-03-13,210.35,Electronics,Paid Social,Completed
14164,2952,2022-12-18,84.07,Sports,SMS,Completed
14166,1683,2023-01-25,191.61,Apparel,Paid Social,Completed
14169,2694,2023-01-04,170.76,Electronics,SMS,Completed
14170,2273,2024-07-13,312.88,Beauty,Google Search,Completed
14175,5375,2023-05-16,111.45,Apparel,Email,Completed
14176,4492,2024-02-20,202.75,Electronics,Email,Completed
14178,5914,2024-11-28,361.07,Sports,Paid Social,Completed
14179,2486,2023-07-11,211.75,Home & Kitchen,Google Search,Completed
14180,1524,2023-09-07,115.5,Apparel,Organic,Completed
14182,2999,2023-08-11,435.4,Apparel,Email,Completed
14183,2702,2023-01-06,1961.74,Electronics,Email,Completed
14185,2753,2022-01-24,400.01,Home & Kitchen,Email,Completed
14186,3115,2022-06-20,313.55,Home & Kitchen,Email,Completed
14191,2226,2023-04-27,309.9,Home & Kitchen,Organic,Completed
14193,2505,2023-10-04,24.9,Beauty,Organic,Completed
14197,4676,2022-01-27,228.9,Home & Kitchen,Paid Social,Completed
14199,1702,2024-03-11,68.62,Home & Kitchen,Google Search,Completed
14200,2615,2023-04-20,56.56,Beauty,Organic,Completed
14201,2152,2024-02-25,595.98,Home & Kitchen,Google Search,Completed
14202,1844,2024-02-12,689.49,Sports,Organic,Completed
14207,1227,2022-10-09,449.78,Home & Kitchen,Google Search,Completed
14211,4141,2023-02-15,170.43,Home & Kitchen,Paid Social,Completed
14213,1238,2023-09-09,455.76,Beauty,Email,Completed
14214,3278,2022-02-09,1025.17,Sports,Google Search,Completed
14215,4890,2022-09-22,232.25,Electronics,SMS,Completed
14216,4716,2022-11-23,101.76,Electronics,Paid Social,Completed
14217,4706,2024-06-10,191.72,Electronics,Paid Social,Completed
14218,2550,2023-08-27,100.78,Electronics,Organic,Completed
14219,4600,2022-07-14,231.01,Apparel,Google Search,Completed
14224,5063,2022-10-29,357.39,Apparel,SMS,Completed
14226,2808,2024-01-01,110.52,Beauty,Organic,Completed
14227,5568,2022-01-10,232.49,Home & Kitchen,Email,Completed
14229,3492,2022-05-21,299.09,Sports,Email,Completed
14230,2083,2022-06-02,326.42,Home & Kitchen,Email,Completed
14232,4984,2023-10-18,119.73,Apparel,Email,Completed
14235,4733,2022-09-15,239.61,Sports,Organic,Completed
14237,5087,2023-01-01,223.71,Sports,Organic,Completed
14240,3560,2023-03-23,117.02,Apparel,Google Search,Completed
14241,1420,2022-10-31,161.03,Beauty,Paid Social,Completed
14243,5057,2024-09-01,283.96,Electronics,Google Search,Completed
14244,5750,2022-08-17,101.3,Sports,Organic,Completed
14248,3885,2022-05-10,555.99,Sports,Email,Completed
14249,5300,2024-03-24,134.94,Beauty,Google Search,Completed
14250,5804,2023-06-19,103.46,Electronics,Paid Social,Completed
14251,5894,2022-02-04,347.38,Home & Kitchen,Paid Social,Completed
14252,3419,2022-08-02,223.66,Sports,Paid Social,Completed
14253,4293,2023-01-06,274.27,Sports,Email,Completed
14255,3518,2023-07-07,146.82,Sports,SMS,Completed
14257,1470,2024-01-18,289.42,Sports,Email,Completed
14260,2434,2022-03-16,352.83,Sports,Google Search,Completed
14262,5187,2022-12-18,529.59,Electronics,Google Search,Completed
14263,4849,2023-01-02,55.43,Apparel,Paid Social,Completed
14265,2807,2023-07-01,414.37,Apparel,Paid Social,Completed
14266,1712,2022-04-15,147.15,Home & Kitchen,Paid Social,Completed
14267,5190,2022-05-25,114.11,Home & Kitchen,Email,Completed
14268,1940,2022-09-02,327.81,Home & Kitchen,Google Search,Completed
14269,4749,2023-08-09,116.08,Beauty,Organic,Completed
14270,5443,2023-01-17,399.3,Home & Kitchen,Email,Completed
14271,5827,2022-09-22,508.2,Sports,Paid Social,Completed
14272,5681,2023-08-10,208.06,Sports,Organic,Completed
14274,4385,2023-12-03,151.93,Apparel,Paid Social,Completed
14275,5864,2024-07-27,235.92,Home & Kitchen,Organic,Completed
14276,5243,2022-01-06,177.03,Apparel,Organic,Completed
14278,3964,2022-09-17,709.26,Home & Kitchen,SMS,Completed
14279,4254,2024-12-30,221.53,Sports,Google Search,Completed
14282,5345,2024-10-16,119.53,Sports,Paid Social,Completed
14284,3501,2023-12-10,177.42,Beauty,Organic,Completed
14286,1447,2024-11-18,307.76,Sports,Google Search,Completed
14288,3059,2022-02-04,137.87,Home & Kitchen,Google Search,Completed
14290,5123,2024-11-11,904.55,Electronics,SMS,Completed
14291,1624,2023-12-05,165.28,Home & Kitchen,Paid Social,Completed
14293,2434,2022-03-21,365.74,Sports,Email,Completed
14295,1067,2024-09-08,886.19,Electronics,Organic,Completed
14296,3781,2024-04-11,433.13,Home & Kitchen,Email,Completed
14297,5181,2023-02-13,438.14,Apparel,Google Search,Completed
14298,3774,2023-04-08,177.06,Sports,Google Search,Completed
14299,5292,2022-06-12,514.67,Beauty,Paid Social,Completed
14301,1056,2023-08-20,422.02,Apparel,Paid Social,Completed
14303,2155,2022-09-15,417.59,Home & Kitchen,Organic,Completed
14304,5206,2023-05-17,416.18,Apparel,Google Search,Completed
14305,5810,2023-08-28,307.21,Electronics,Paid Social,Completed
14306,5508,2022-12-27,39.07,Beauty,Email,Completed
14307,1669,2022-01-27,507.54,Beauty,Email,Completed
14308,4670,2022-08-28,625.37,Home & Kitchen,Email,Completed
14309,3441,2024-01-14,94.19,Sports,SMS,Completed
14311,4788,2022-05-09,101.29,Sports,SMS,Completed
14316,1182,2024-09-06,236.83,Apparel,Paid Social,Completed
14318,2598,2024-03-11,345.07,Home & Kitchen,Email,Completed
14319,1578,2022-07-10,269.83,Apparel,Organic,Completed
14320,1884,2023-04-28,537.44,Beauty,SMS,Completed
14321,2975,2024-06-15,122.37,Apparel,Organic,Completed
14323,5255,2024-06-27,502.53,Sports,SMS,Completed
14324,1778,2024-10-23,53.42,Home & Kitchen,Organic,Completed
14326,5656,2022-05-25,93.04,Apparel,Email,Completed
14330,2984,2022-04-29,232.41,Beauty,Email,Completed
14331,3776,2024-12-27,163.32,Sports,Paid Social,Completed
14333,3477,2024-11-11,176.41,Electronics,Email,Completed
14334,1554,2022-10-18,351.56,Home & Kitchen,Email,Completed
14335,2585,2022-11-11,662.47,Apparel,SMS,Completed
14340,3396,2022-10-16,424.1,Sports,Paid Social,Completed
14343,4237,2022-02-24,255.73,Apparel,Organic,Completed
14344,2112,2023-06-03,75.65,Sports,SMS,Completed
14345,1325,2023-02-22,140.39,Sports,Google Search,Completed
14346,5413,2022-05-14,130.98,Electronics,Paid Social,Completed
14348,1402,2024-11-06,845.73,Beauty,Organic,Completed
14349,2337,2024-02-12,140.41,Home & Kitchen,Email,Completed
14350,2503,2023-07-26,111.85,Apparel,Paid Social,Completed
14351,4522,2023-11-14,150.72,Sports,Google Search,Completed
14355,2300,2023-11-19,142.0,Home & Kitchen,Google Search,Completed
14357,5234,2024-02-16,142.32,Apparel,SMS,Completed
14358,4888,2023-10-02,278.5,Sports,Paid Social,Completed
14359,4036,2023-10-04,582.32,Beauty,Google Search,Completed
14360,4472,2024-02-24,565.72,Apparel,Email,Completed
14361,3056,2022-11-22,345.54,Sports,Email,Completed
14363,3092,2023-04-02,138.4,Apparel,Organic,Completed
14367,1340,2023-03-14,539.12,Apparel,Paid Social,Completed
14368,5135,2022-12-31,79.75,Sports,Organic,Completed
14369,2116,2023-12-16,442.85,Home & Kitchen,Paid Social,Completed
14372,3640,2022-12-09,131.89,Beauty,Google Search,Completed
14374,3973,2022-11-10,584.46,Beauty,Google Search,Completed
14375,1765,2023-02-14,231.94,Beauty,Email,Completed
14377,4606,2024-12-11,256.45,Electronics,SMS,Completed
14379,5034,2022-11-13,79.82,Apparel,Google Search,Completed
14380,5280,2024-07-08,181.56,Beauty,Email,Completed
14382,3126,2023-02-16,363.29,Beauty,SMS,Completed
14383,5252,2022-12-12,541.25,Home & Kitchen,Google Search,Completed
14384,5493,2024-12-14,746.81,Sports,Google Search,Completed
14385,5082,2024-01-09,355.03,Electronics,Organic,Completed
14386,4780,2022-07-13,113.62,Sports,Organic,Completed
14387,3128,2023-09-02,420.93,Home & Kitchen,Google Search,Completed
14389,3993,2024-09-14,126.3,Electronics,SMS,Completed
14391,4735,2024-02-07,159.76,Beauty,Email,Completed
14392,5470,2024-12-09,122.41,Home & Kitchen,SMS,Completed
14393,1815,2022-08-07,527.83,Electronics,Email,Completed
14394,3683,2024-05-08,269.59,Electronics,Google Search,Completed
14396,5249,2024-04-26,214.81,Sports,Email,Completed
14397,4433,2022-09-06,149.54,Electronics,Email,Completed
14398,4154,2024-05-13,53.95,Sports,Google Search,Completed
14399,5509,2022-03-29,962.25,Home & Kitchen,SMS,Completed
14400,1371,2023-02-06,583.46,Electronics,Organic,Completed
14401,2176,2024-09-05,124.15,Apparel,Organic,Completed
14402,2526,2023-09-18,39.65,Apparel,SMS,Completed
14403,2549,2023-10-26,566.65,Home & Kitchen,Organic,Completed
14404,3824,2023-05-27,320.18,Home & Kitchen,Organic,Completed
14406,2671,2022-02-06,49.5,Apparel,Paid Social,Completed
14408,2245,2023-03-01,267.69,Beauty,Google Search,Completed
14409,1318,2022-05-07,143.72,Home & Kitchen,SMS,Completed
14411,2209,2024-07-01,49.46,Electronics,Google Search,Completed
14412,4562,2024-07-18,172.75,Home & Kitchen,Google Search,Completed
14413,3925,2022-05-13,288.66,Apparel,Google Search,Completed
14414,5256,2022-12-04,418.45,Sports,Organic,Completed
14417,2062,2024-12-11,462.75,Sports,Paid Social,Completed
14418,3247,2024-04-28,175.34,Apparel,Email,Completed
14419,4858,2022-02-06,1120.98,Sports,SMS,Completed
14420,1581,2022-01-21,323.99,Sports,Organic,Completed
14422,2578,2024-05-29,249.95,Beauty,Organic,Completed
14424,5942,2023-01-06,450.94,Beauty,Email,Completed
14427,3058,2023-12-10,289.16,Apparel,Google Search,Completed
14428,4455,2022-08-21,127.98,Apparel,Email,Completed
14431,4866,2023-01-15,133.96,Electronics,Email,Completed
14432,2021,2024-07-07,284.0,Home & Kitchen,Google Search,Completed
14433,5379,2024-05-10,312.65,Sports,Paid Social,Completed
14438,3166,2022-11-12,412.52,Home & Kitchen,SMS,Completed
14441,1130,2024-05-07,1347.06,Electronics,Paid Social,Completed
14443,3828,2022-05-13,116.92,Home & Kitchen,Email,Completed
14444,4792,2024-09-26,367.55,Apparel,Organic,Completed
14446,2095,2022-11-22,317.24,Beauty,Paid Social,Completed
14447,1870,2024-07-17,189.72,Beauty,Organic,Completed
14449,2297,2024-02-03,164.88,Apparel,SMS,Completed
14450,3991,2022-10-25,127.44,Apparel,Google Search,Completed
14451,5950,2024-02-16,465.4,Beauty,Organic,Completed
14452,2765,2022-10-14,784.28,Apparel,Google Search,Completed
14453,2197,2023-08-25,69.41,Apparel,Organic,Completed
14456,3344,2022-08-21,472.73,Beauty,Google Search,Completed
14458,2702,2023-08-23,411.71,Beauty,Google Search,Completed
14459,3435,2023-03-10,351.18,Beauty,Organic,Completed
14460,5438,2022-06-09,201.03,Electronics,Google Search,Completed
14461,2577,2022-07-25,89.44,Beauty,Paid Social,Completed
14462,3898,2022-01-03,118.77,Apparel,Email,Completed
14464,4549,2024-03-09,263.71,Beauty,Organic,Completed
14465,4320,2023-01-11,132.61,Beauty,Email,Completed
14466,1496,2022-03-24,151.16,Apparel,Paid Social,Completed
14467,4391,2024-09-22,236.31,Home & Kitchen,Paid Social,Completed
14468,5835,2024-07-22,145.56,Sports,Email,Completed
14470,2343,2023-07-06,469.43,Sports,Google Search,Completed
14472,3652,2022-04-16,238.38,Apparel,SMS,Completed
14473,5058,2024-11-16,364.99,Beauty,Google Search,Completed
14476,5582,2024-07-04,869.3,Electronics,Paid Social,Completed
14477,1885,2022-01-17,492.46,Apparel,Email,Completed
14478,1014,2024-07-18,1077.5,Sports,Email,Completed
14479,4617,2022-07-17,166.39,Sports,Paid Social,Completed
14480,3812,2022-07-27,280.61,Beauty,Google Search,Completed
14483,2832,2024-06-23,555.45,Home & Kitchen,Email,Completed
14484,4461,2024-11-19,180.37,Sports,SMS,Completed
14485,3969,2024-07-30,253.22,Beauty,Google Search,Completed
14487,2848,2024-08-31,270.96,Home & Kitchen,Google Search,Completed
14490,5309,2024-11-16,22.29,Beauty,Paid Social,Completed
14492,1436,2024-09-25,440.83,Home & Kitchen,Email,Completed
14493,1884,2022-10-22,1242.03,Electronics,Google Search,Completed
14494,3832,2024-09-30,296.56,Sports,Google Search,Completed
14495,4240,2024-09-07,179.85,Sports,Google Search,Completed
14496,1601,2024-12-18,96.49,Home & Kitchen,Organic,Completed
14497,2221,2022-01-04,133.23,Apparel,Google Search,Completed
14498,1665,2022-05-22,235.4,Beauty,Google Search,Completed
14501,5570,2023-07-11,239.91,Sports,Email,Completed
14502,5615,2024-09-05,374.86,Electronics,Email,Completed
14503,3563,2022-08-08,530.91,Apparel,Google Search,Completed
14504,5250,2023-09-11,289.92,Apparel,Organic,Completed
14505,4906,2022-10-21,172.85,Sports,Google Search,Completed
14509,5930,2022-02-20,289.5,Electronics,Paid Social,Completed
14512,4325,2024-07-10,666.97,Home & Kitchen,Paid Social,Completed
14514,5923,2023-02-28,342.95,Home & Kitchen,Email,Completed
14516,3302,2022-08-31,387.08,Apparel,Email,Completed
14517,4315,2023-04-22,1088.74,Apparel,SMS,Completed
14518,2272,2022-09-28,81.46,Sports,Email,Completed
14520,2625,2023-05-21,605.95,Home & Kitchen,Paid Social,Completed
14521,4119,2024-05-14,313.28,Electronics,Organic,Completed
14522,2582,2022-06-04,72.81,Home & Kitchen,Paid Social,Completed
14523,4927,2023-09-28,78.45,Home & Kitchen,SMS,Completed
14524,2355,2023-06-26,281.53,Sports,Organic,Completed
14525,1052,2024-07-08,840.54,Home & Kitchen,Email,Completed
14526,4019,2022-08-12,64.48,Home & Kitchen,Google Search,Completed
14530,4196,2023-07-12,202.72,Electronics,SMS,Completed
14531,1224,2022-04-01,784.94,Beauty,Google Search,Completed
14532,3547,2022-09-05,408.01,Apparel,SMS,Completed
14533,5689,2023-04-25,358.85,Home & Kitchen,Google Search,Completed
14534,2077,2022-04-09,91.37,Electronics,Organic,Completed
14535,3875,2022-08-12,146.49,Electronics,Email,Completed
14536,2536,2022-05-08,275.23,Beauty,SMS,Completed
14537,1201,2024-07-02,240.6,Sports,Organic,Completed
14539,1281,2022-02-09,778.17,Home & Kitchen,Paid Social,Completed
14540,4194,2022-11-12,246.38,Beauty,Paid Social,Completed
14541,3988,2022-03-02,368.04,Beauty,SMS,Completed
14542,5799,2024-09-22,18.92,Apparel,Paid Social,Completed
14543,5828,2024-09-18,162.6,Beauty,Organic,Completed
14544,5659,2023-08-10,387.47,Electronics,Google Search,Completed
14545,5383,2022-04-29,150.41,Apparel,Paid Social,Completed
14546,4212,2024-07-28,114.01,Electronics,Paid Social,Completed
14547,5884,2024-11-14,1382.63,Beauty,SMS,Completed
14550,5443,2024-05-11,602.85,Beauty,Email,Completed
14552,2149,2022-11-13,82.19,Beauty,Organic,Completed
14553,4176,2023-11-15,158.1,Beauty,Paid Social,Completed
14555,2394,2022-04-26,147.71,Apparel,Google Search,Completed
14556,2156,2023-07-05,101.95,Electronics,Organic,Completed
14557,2803,2023-04-03,240.35,Electronics,SMS,Completed
14560,2631,2023-06-14,202.84,Sports,Organic,Completed
14561,4901,2023-08-09,342.03,Sports,SMS,Completed
14562,3885,2024-03-14,200.48,Electronics,Organic,Completed
14563,3091,2024-01-27,390.46,Apparel,Paid Social,Completed
14564,1126,2024-09-25,211.44,Electronics,Email,Completed
14566,1804,2024-09-15,224.67,Home & Kitchen,Paid Social,Completed
14567,4467,2022-09-22,122.64,Electronics,SMS,Completed
14568,1389,2022-08-16,496.46,Apparel,Paid Social,Completed
14569,5290,2024-03-10,827.15,Sports,Google Search,Completed
14571,3444,2024-10-30,443.43,Sports,Email,Completed
14577,1486,2024-04-01,261.11,Beauty,Organic,Completed
14578,5376,2024-12-28,503.09,Apparel,Email,Completed
14579,2886,2024-05-15,137.93,Electronics,Email,Completed
14581,3211,2023-10-13,426.88,Sports,Google Search,Completed
14584,2524,2022-11-11,112.94,Electronics,Email,Completed
14586,2472,2022-04-21,325.57,Apparel,SMS,Completed
14587,3398,2022-06-29,150.21,Sports,Paid Social,Completed
14588,5217,2022-08-29,248.18,Beauty,Email,Completed
14589,4356,2022-12-18,535.7,Sports,Paid Social,Completed
14590,4006,2024-10-26,472.25,Beauty,Email,Completed
14591,3966,2022-07-13,260.95,Apparel,Paid Social,Completed
14592,1274,2023-02-17,431.18,Electronics,Organic,Completed
14595,4002,2022-06-09,76.17,Electronics,Google Search,Completed
14597,4480,2024-05-03,361.3,Electronics,Google Search,Completed
14598,1525,2023-05-15,607.39,Home & Kitchen,Email,Completed
14599,4313,2022-06-24,167.29,Apparel,Paid Social,Completed
14600,3411,2023-10-06,557.01,Beauty,Email,Completed
14601,2239,2024-09-26,191.25,Beauty,Google Search,Completed
14602,2695,2023-05-09,138.21,Electronics,Google Search,Completed
14605,1144,2022-04-10,276.83,Sports,Paid Social,Completed
14606,2151,2024-07-03,241.84,Beauty,Google Search,Completed
14609,2926,2024-11-20,465.56,Electronics,Google Search,Completed
14610,4142,2023-11-02,1342.65,Beauty,Paid Social,Completed
14611,4585,2022-08-28,217.5,Sports,Organic,Completed
14613,2386,2023-06-06,256.44,Beauty,Organic,Completed
14615,2006,2023-01-20,795.92,Home & Kitchen,SMS,Completed
14616,4277,2022-09-09,144.0,Sports,Google Search,Completed
14617,1423,2022-01-21,220.7,Home & Kitchen,Email,Completed
14619,4200,2024-12-13,2529.86,Apparel,Paid Social,Completed
14620,3264,2023-02-10,148.07,Beauty,Email,Completed
14623,1694,2024-12-16,176.51,Beauty,Organic,Completed
14624,5745,2022-08-20,80.04,Apparel,Organic,Completed
14625,5721,2024-09-14,538.0,Apparel,Email,Completed
14626,4247,2023-05-26,109.29,Apparel,Google Search,Completed
14629,5177,2024-12-12,310.91,Beauty,Google Search,Completed
14631,1226,2022-05-04,214.99,Home & Kitchen,Email,Completed
14633,5956,2022-11-12,627.69,Beauty,Organic,Completed
14637,1059,2024-12-28,388.8,Beauty,Paid Social,Completed
14640,2832,2024-11-10,85.25,Electronics,Google Search,Completed
14641,1190,2022-07-11,234.38,Home & Kitchen,Google Search,Completed
14643,2098,2023-09-03,94.53,Beauty,Email,Completed
14644,3724,2022-10-27,109.5,Electronics,Email,Completed
14645,4773,2024-12-18,175.45,Electronics,Organic,Completed
14649,5614,2022-05-27,527.07,Apparel,Paid Social,Completed
14650,3543,2023-02-07,181.88,Electronics,Paid Social,Completed
14651,4626,2024-10-29,286.55,Beauty,Email,Completed
14653,5461,2022-06-28,1143.9,Apparel,SMS,Completed
14654,1605,2024-06-13,260.59,Sports,Organic,Completed
14660,1539,2022-04-11,148.44,Sports,Organic,Completed
14661,2817,2023-12-24,157.46,Beauty,Google Search,Completed
14662,5841,2023-05-21,23.8,Sports,SMS,Completed
14663,5048,2024-03-24,232.78,Sports,Email,Completed
14666,3872,2023-02-08,302.25,Home & Kitchen,Paid Social,Completed
14668,2820,2023-04-13,15.3,Beauty,SMS,Completed
14669,4542,2024-12-25,294.2,Sports,Paid Social,Completed
14670,2863,2024-09-02,370.68,Beauty,SMS,Completed
14671,3689,2022-02-28,113.76,Home & Kitchen,Organic,Completed
14672,2449,2024-06-11,444.15,Home & Kitchen,SMS,Completed
14673,3677,2024-11-11,95.91,Sports,Paid Social,Completed
14674,3513,2024-02-23,276.6,Electronics,Paid Social,Completed
14675,5969,2022-05-19,275.61,Apparel,Organic,Completed
14676,1341,2024-10-31,543.22,Electronics,SMS,Completed
14679,4227,2022-04-01,2072.93,Electronics,Paid Social,Completed
14680,2324,2024-08-21,777.06,Sports,SMS,Completed
14681,4497,2022-07-31,112.96,Electronics,Organic,Completed
14683,5001,2023-02-09,218.69,Beauty,SMS,Completed
14684,3827,2023-05-26,73.65,Sports,Email,Completed
14685,1392,2024-11-20,117.09,Electronics,Organic,Completed
14686,1739,2024-12-07,414.09,Beauty,Email,Completed
14687,1314,2022-02-10,259.19,Electronics,Paid Social,Completed
14688,4644,2024-07-30,92.52,Apparel,Paid Social,Completed
14689,4045,2024-04-23,212.07,Apparel,Email,Completed
14690,3100,2023-09-16,105.77,Sports,Paid Social,Completed
14692,5070,2022-01-23,2404.96,Beauty,Email,Completed
14694,3372,2022-10-15,459.3,Home & Kitchen,Organic,Completed
14695,2352,2022-08-04,542.26,Beauty,SMS,Completed
14700,5283,2023-09-18,298.54,Electronics,Email,Completed
14701,4056,2023-01-20,225.93,Home & Kitchen,Organic,Completed
14702,3970,2024-10-13,165.97,Home & Kitchen,SMS,Completed
14703,4842,2022-06-24,64.18,Home & Kitchen,SMS,Completed
14706,4602,2024-07-09,206.1,Apparel,Paid Social,Completed
14708,3620,2023-10-16,301.05,Sports,Email,Completed
14709,4125,2023-06-21,320.91,Sports,Organic,Completed
14712,4681,2023-09-15,110.77,Sports,Organic,Completed
14713,4980,2023-05-16,998.57,Home & Kitchen,Organic,Completed
14714,2487,2024-12-04,115.33,Home & Kitchen,Organic,Completed
14718,2542,2024-08-26,18.67,Beauty,Email,Completed
14719,4814,2023-08-16,567.76,Electronics,Organic,Completed
14721,4808,2024-01-31,72.08,Home & Kitchen,Organic,Completed
14722,1063,2023-10-13,269.69,Electronics,SMS,Completed
14723,5389,2024-07-25,416.25,Electronics,SMS,Completed
14724,2479,2023-09-15,88.06,Sports,Google Search,Completed
14725,3355,2023-05-18,352.15,Sports,Organic,Completed
14726,1532,2022-04-20,330.37,Beauty,Paid Social,Completed
14727,3253,2022-12-24,704.29,Apparel,Google Search,Completed
14728,2725,2023-09-13,250.89,Electronics,Organic,Completed
14730,5716,2023-08-07,69.65,Electronics,Google Search,Completed
14731,1413,2024-04-29,343.31,Apparel,Google Search,Completed
14732,4347,2023-04-15,317.73,Home & Kitchen,Email,Completed
14733,4234,2024-06-21,187.99,Electronics,Google Search,Completed
14734,5603,2022-02-22,381.27,Apparel,SMS,Completed
14735,2504,2024-07-04,559.01,Sports,Organic,Completed
14736,1205,2024-06-23,150.88,Sports,Email,Completed
14737,4332,2024-08-17,183.59,Sports,Email,Completed
14743,2555,2022-04-20,855.51,Beauty,Paid Social,Completed
14744,5760,2022-06-23,469.3,Sports,Email,Completed
14745,4704,2022-05-09,546.2,Sports,Email,Completed
14746,1400,2023-12-16,299.11,Beauty,Google Search,Completed
14751,1682,2024-03-14,863.19,Apparel,Paid Social,Completed
14752,4154,2022-04-16,939.82,Home & Kitchen,Organic,Completed
14753,3820,2022-11-28,197.07,Apparel,Email,Completed
14754,3986,2024-02-09,109.39,Sports,SMS,Completed
14756,5794,2024-03-15,1112.46,Electronics,Email,Completed
14757,1249,2022-10-02,241.11,Beauty,Google Search,Completed
14759,2927,2023-07-07,872.03,Beauty,Paid Social,Completed
14763,5993,2022-09-19,780.48,Beauty,Google Search,Completed
14764,2170,2022-05-09,377.03,Apparel,SMS,Completed
14765,5231,2024-09-29,539.62,Apparel,Email,Completed
14766,5086,2024-04-29,111.42,Beauty,SMS,Completed
14767,3488,2022-09-04,711.09,Beauty,Organic,Completed
14768,2158,2022-01-06,24.1,Home & Kitchen,Organic,Completed
14771,2067,2023-03-15,505.57,Beauty,Organic,Completed
14774,3647,2023-05-10,119.35,Beauty,Organic,Completed
14776,3531,2024-11-27,2291.35,Sports,SMS,Completed
14777,4201,2023-08-30,424.72,Apparel,Google Search,Completed
14780,1698,2022-10-06,126.96,Beauty,SMS,Completed
14782,5318,2022-08-08,166.42,Sports,Google Search,Completed
14783,3986,2022-05-14,1371.29,Apparel,SMS,Completed
14784,3566,2023-01-07,134.83,Apparel,Organic,Completed
14786,3681,2023-08-24,139.14,Sports,Google Search,Completed
14788,4411,2023-09-01,172.15,Beauty,SMS,Completed
14790,1213,2023-10-07,345.04,Apparel,SMS,Completed
14791,3145,2024-07-03,1043.22,Apparel,SMS,Completed
14792,4934,2024-05-12,289.76,Apparel,Organic,Completed
14794,4767,2023-08-12,88.8,Sports,SMS,Completed
14795,3578,2022-09-21,73.18,Sports,Google Search,Completed
14796,4588,2022-02-22,424.47,Apparel,Organic,Completed
14797,1932,2022-11-27,220.31,Electronics,Google Search,Completed
14798,5173,2023-06-21,451.92,Sports,SMS,Completed
14800,1639,2023-11-05,299.19,Beauty,SMS,Completed
14805,5802,2024-05-26,153.4,Electronics,Email,Completed
14806,1764,2024-01-22,678.34,Apparel,SMS,Completed
14808,2559,2022-03-04,153.2,Apparel,Organic,Completed
14809,4532,2024-06-09,195.54,Beauty,Paid Social,Completed
14811,5433,2024-12-23,236.91,Electronics,SMS,Completed
14812,3113,2024-06-12,213.09,Home & Kitchen,Paid Social,Completed
14813,4180,2024-04-26,184.88,Beauty,Paid Social,Completed
14814,3941,2024-02-01,295.11,Beauty,Email,Completed
14815,1558,2024-11-03,151.55,Home & Kitchen,Google Search,Completed
14816,2514,2022-10-12,129.36,Apparel,Organic,Completed
14819,1922,2024-06-16,167.31,Beauty,Google Search,Completed
14820,1698,2023-06-09,45.65,Sports,Organic,Completed
14828,1234,2022-08-06,200.87,Apparel,SMS,Completed
14829,1375,2022-10-04,270.73,Beauty,SMS,Completed
14833,4434,2024-03-20,406.34,Beauty,Google Search,Completed
14834,5933,2023-12-12,230.39,Electronics,Paid Social,Completed
14835,3629,2023-03-30,346.19,Electronics,Organic,Completed
14837,1638,2023-03-24,114.77,Electronics,Paid Social,Completed
14839,5222,2023-09-08,520.47,Apparel,Organic,Completed
14840,1866,2024-12-03,366.0,Apparel,Organic,Completed
14841,5363,2023-08-27,283.48,Home & Kitchen,SMS,Completed
14845,1656,2023-04-19,571.91,Electronics,Organic,Completed
14846,2554,2022-08-19,252.68,Electronics,Paid Social,Completed
14847,1242,2022-10-02,662.47,Beauty,SMS,Completed
14850,1961,2024-07-30,359.49,Sports,SMS,Completed
14855,2789,2024-12-17,454.0,Home & Kitchen,SMS,Completed
14857,1191,2023-12-16,295.75,Electronics,Organic,Completed
14858,1171,2022-10-22,94.38,Home & Kitchen,Google Search,Completed
14859,4917,2024-03-07,366.85,Beauty,SMS,Completed
14860,4262,2023-04-13,1245.86,Sports,Paid Social,Completed
14861,4030,2023-05-26,284.21,Apparel,Email,Completed
14863,2766,2023-10-20,98.82,Beauty,Paid Social,Completed
14865,2802,2022-10-17,991.94,Beauty,SMS,Completed
14866,5030,2024-04-05,170.16,Electronics,Google Search,Completed
14867,2925,2023-05-04,66.63,Beauty,SMS,Completed
14868,5470,2022-07-06,315.35,Home & Kitchen,Organic,Completed
14869,4792,2022-06-27,169.88,Beauty,Google Search,Completed
14870,4529,2022-01-25,109.19,Home & Kitchen,Paid Social,Completed
14872,1894,2024-11-13,186.17,Sports,Paid Social,Completed
14874,3855,2024-12-12,263.53,Home & Kitchen,Google Search,Completed
14876,4343,2022-08-29,347.24,Beauty,Email,Completed
14877,3403,2022-11-11,367.37,Apparel,Organic,Completed
14880,1936,2024-11-25,1944.42,Home & Kitchen,Google Search,Completed
14881,1123,2024-01-26,439.9,Electronics,SMS,Completed
14882,3217,2022-09-24,104.96,Electronics,Google Search,Completed
14884,2125,2022-11-27,255.73,Beauty,SMS,Completed
14885,5631,2022-04-28,191.91,Home & Kitchen,Paid Social,Completed
14887,2163,2024-12-15,302.72,Beauty,Email,Completed
14888,4090,2023-04-01,712.22,Electronics,Email,Completed
14889,2116,2024-10-01,563.88,Sports,SMS,Completed
14890,2743,2022-08-05,1369.11,Beauty,Paid Social,Completed
14891,3080,2024-08-05,206.93,Apparel,Email,Completed
14894,3472,2024-05-06,419.8,Apparel,Email,Completed
14895,2715,2024-03-14,1467.18,Sports,SMS,Completed
14897,1912,2022-07-17,190.12,Electronics,SMS,Completed
14898,3245,2022-06-28,48.55,Apparel,Email,Completed
14899,4461,2022-10-29,26.9,Sports,Google Search,Completed
14900,2388,2023-06-19,348.74,Home & Kitchen,Paid Social,Completed
14903,1266,2023-02-28,154.05,Home & Kitchen,Organic,Completed
14905,2672,2024-08-04,88.69,Electronics,Email,Completed
14907,4685,2022-08-08,162.14,Apparel,Paid Social,Completed
14908,4229,2022-08-13,374.75,Sports,Email,Completed
14909,2953,2022-06-22,166.13,Sports,Paid Social,Completed
14910,4931,2024-09-12,177.75,Beauty,Organic,Completed
14911,2838,2022-05-31,646.13,Electronics,Organic,Completed
14912,5935,2024-07-16,587.18,Beauty,Google Search,Completed
14914,4506,2023-03-10,104.62,Electronics,SMS,Completed
14916,2627,2024-02-27,473.97,Beauty,Email,Completed
14917,5522,2023-10-18,221.81,Beauty,SMS,Completed
14918,3955,2023-10-30,131.45,Electronics,Email,Completed
14922,2452,2022-05-28,118.96,Electronics,Organic,Completed
14925,4880,2024-12-08,351.44,Electronics,SMS,Completed
14926,2344,2024-08-08,540.79,Home & Kitchen,Organic,Completed
14928,2139,2024-03-07,210.72,Electronics,Email,Completed
14929,5512,2023-01-28,81.46,Home & Kitchen,Paid Social,Completed
14930,4297,2022-03-02,144.85,Apparel,SMS,Completed
14932,3530,2022-06-23,111.0,Home & Kitchen,Email,Completed
14933,2412,2023-10-19,408.58,Apparel,SMS,Completed
14935,2420,2023-01-24,87.83,Electronics,Google Search,Completed
14937,2526,2023-07-01,200.15,Apparel,Paid Social,Completed
14938,3485,2022-03-13,103.09,Electronics,Organic,Completed
14940,3726,2022-07-23,203.22,Apparel,Paid Social,Completed
14943,1732,2023-10-03,200.83,Home & Kitchen,Organic,Completed
14944,5483,2022-08-06,125.33,Apparel,SMS,Completed
14945,5289,2023-06-03,192.67,Apparel,SMS,Completed
14946,1168,2024-11-05,316.28,Beauty,Google Search,Completed
14949,5924,2024-06-13,187.29,Apparel,Email,Completed
14950,5854,2024-07-13,320.91,Home & Kitchen,Paid Social,Completed
14957,1810,2024-01-07,357.33,Home & Kitchen,Email,Completed
14959,1084,2024-09-08,267.65,Beauty,SMS,Completed
14960,2489,2024-02-29,129.86,Sports,Organic,Completed
14961,3528,2023-03-29,255.15,Sports,Paid Social,Completed
14963,5860,2022-09-29,417.95,Home & Kitchen,Organic,Completed
14965,3048,2024-05-30,199.11,Electronics,Google Search,Completed
14967,3479,2023-07-29,123.63,Beauty,SMS,Completed
14968,3986,2022-10-13,88.09,Electronics,Email,Completed
14969,1259,2024-08-04,197.09,Beauty,Organic,Completed
14970,2732,2022-09-17,184.63,Electronics,Organic,Completed
14971,5397,2023-08-15,125.45,Home & Kitchen,Paid Social,Completed
14972,4818,2022-05-16,378.56,Electronics,Organic,Completed
14974,4516,2023-03-01,428.8,Home & Kitchen,Paid Social,Completed
14975,5042,2022-06-16,65.76,Electronics,SMS,Completed
14976,5207,2022-02-27,133.45,Electronics,Organic,Completed
14977,3911,2023-05-03,552.6,Sports,SMS,Completed
14980,3649,2024-06-09,804.04,Sports,SMS,Completed
14981,5575,2023-05-08,747.51,Home & Kitchen,Google Search,Completed
14982,2820,2024-09-23,97.87,Home & Kitchen,Organic,Completed
14984,3085,2023-02-14,264.29,Beauty,Google Search,Completed
14985,3229,2024-10-07,337.64,Electronics,Paid Social,Completed
14986,4775,2024-12-08,80.38,Electronics,Organic,Completed
14991,5249,2024-09-24,164.29,Electronics,Organic,Completed
14992,1641,2022-06-29,273.41,Beauty,Email,Completed
14994,3360,2023-02-26,288.37,Apparel,SMS,Completed
14995,5736,2023-04-26,1621.87,Apparel,SMS,Completed
14996,5367,2022-11-25,119.32,Beauty,SMS,Completed
14998,4024,2022-07-16,173.98,Home & Kitchen,SMS,Completed
14999,1587,2022-05-09,257.37,Sports,Paid Social,Completed
15000,5289,2024-11-14,141.5,Beauty,Paid Social,Completed
15001,5179,2023-06-25,165.41,Apparel,Google Search,Completed
15003,3516,2023-04-07,116.16,Sports,Organic,Completed
15005,5871,2024-07-19,361.25,Sports,Google Search,Completed
15006,3874,2024-11-19,155.43,Home & Kitchen,Email,Completed
15007,2932,2022-04-12,457.05,Electronics,Organic,Completed
15008,5408,2023-05-21,387.05,Beauty,Organic,Completed
15009,1535,2023-06-08,1109.39,Home & Kitchen,Paid Social,Completed
15010,4305,2022-05-21,222.65,Home & Kitchen,Google Search,Completed
15012,2114,2024-05-09,106.94,Electronics,Google Search,Completed
15013,2216,2022-01-30,211.3,Beauty,Google Search,Completed
15017,4435,2022-01-11,279.2,Apparel,SMS,Completed
15021,1947,2023-07-31,300.56,Electronics,Google Search,Completed
15022,3916,2022-05-25,534.4,Beauty,Email,Completed
15023,3155,2024-11-12,750.01,Home & Kitchen,Email,Completed
15025,3706,2024-05-08,311.77,Apparel,Email,Completed
15026,3361,2024-08-19,114.58,Beauty,Google Search,Completed
15027,3579,2022-09-03,1698.86,Apparel,Email,Completed
15028,4276,2024-06-18,469.04,Sports,Email,Completed
15030,5996,2024-11-28,806.05,Sports,Paid Social,Completed
15032,3641,2024-10-26,123.29,Sports,Google Search,Completed
15035,1528,2023-03-04,397.09,Sports,Organic,Completed
15038,1748,2022-04-10,216.21,Electronics,Organic,Completed
15039,2119,2022-05-15,412.6,Beauty,SMS,Completed
15044,3526,2024-12-10,30.23,Beauty,Organic,Completed
15045,2634,2022-07-30,304.92,Electronics,Google Search,Completed
15046,3242,2022-10-17,59.73,Beauty,Google Search,Completed
15047,1589,2023-07-15,240.93,Electronics,Organic,Completed
15048,3688,2023-11-23,210.48,Electronics,Organic,Completed
15049,2226,2022-01-05,410.37,Sports,Paid Social,Completed
15050,3657,2022-05-30,52.66,Home & Kitchen,Google Search,Completed
15051,4444,2023-07-17,100.21,Beauty,SMS,Completed
15053,5240,2023-06-30,179.23,Home & Kitchen,SMS,Completed
15054,4037,2023-01-12,301.99,Electronics,Google Search,Completed
15056,1942,2024-11-30,293.79,Electronics,Google Search,Completed
15057,1208,2024-11-18,220.22,Electronics,Email,Completed
15058,4611,2022-08-15,758.93,Sports,SMS,Completed
15062,2007,2024-08-07,144.75,Sports,SMS,Completed
15063,5053,2022-04-13,826.64,Beauty,Email,Completed
15065,5935,2024-09-10,335.89,Sports,Organic,Completed
15068,1554,2022-01-13,395.18,Home & Kitchen,SMS,Completed
15069,1260,2023-11-24,443.19,Beauty,SMS,Completed
15070,2936,2022-03-14,133.74,Sports,Paid Social,Completed
15071,3280,2023-07-01,141.81,Sports,Organic,Completed
15072,2312,2023-04-21,15.91,Sports,Email,Completed
15073,1707,2022-03-06,186.7,Beauty,Email,Completed
15075,2664,2024-03-16,844.01,Electronics,Google Search,Completed
15076,2211,2022-10-13,244.19,Sports,Email,Completed
15077,3290,2022-04-25,844.16,Apparel,SMS,Completed
15080,2843,2022-06-04,88.06,Electronics,Paid Social,Completed
15081,5265,2024-08-11,197.54,Beauty,Paid Social,Completed
15082,5109,2024-02-16,111.5,Electronics,Email,Completed
15083,3477,2022-10-15,104.42,Home & Kitchen,Google Search,Completed
15084,3112,2022-01-21,317.4,Electronics,Paid Social,Completed
15085,4493,2022-08-17,393.23,Sports,Google Search,Completed
15087,3607,2022-12-06,169.17,Apparel,Organic,Completed
15091,3946,2022-04-25,309.18,Sports,Paid Social,Completed
15092,3560,2024-10-16,627.27,Electronics,Organic,Completed
15093,5235,2022-03-22,258.44,Sports,Email,Completed
15097,3007,2022-12-16,82.69,Home & Kitchen,SMS,Completed
15099,4662,2023-10-14,223.94,Sports,Email,Completed
15101,4756,2023-05-09,57.45,Home & Kitchen,Google Search,Completed
15107,3128,2024-07-21,237.29,Apparel,Email,Completed
15108,4620,2022-11-28,104.21,Beauty,Google Search,Completed
15110,3996,2023-06-24,1211.5,Electronics,Email,Completed
15111,4141,2023-04-04,199.99,Apparel,Organic,Completed
15114,5321,2022-01-02,164.58,Home & Kitchen,Email,Completed
15116,3487,2022-07-06,356.69,Sports,SMS,Completed
15125,3489,2023-05-13,559.52,Electronics,Google Search,Completed
15126,4445,2024-09-06,204.46,Electronics,Email,Completed
15132,3532,2022-06-29,310.21,Sports,Organic,Completed
15133,3104,2022-10-17,27.88,Apparel,Email,Completed
15135,1545,2022-04-12,427.85,Sports,SMS,Completed
15136,1005,2024-05-29,96.48,Beauty,Organic,Completed
15137,3053,2024-06-15,276.16,Electronics,Organic,Completed
15138,3163,2024-01-12,481.31,Beauty,Paid Social,Completed
15139,5099,2022-08-30,152.33,Sports,Organic,Completed
15141,4742,2022-07-15,50.93,Sports,Organic,Completed
15143,1072,2024-02-06,86.9,Sports,Email,Completed
15144,4744,2024-05-30,155.29,Electronics,Google Search,Completed
15145,3615,2023-04-22,897.55,Beauty,Organic,Completed
15148,4365,2023-12-29,275.31,Home & Kitchen,Paid Social,Completed
15151,1761,2022-04-22,247.81,Home & Kitchen,Google Search,Completed
15154,5999,2024-08-20,166.04,Apparel,SMS,Completed
15156,1046,2024-02-08,341.39,Beauty,Organic,Completed
15158,4786,2024-08-20,246.63,Apparel,Email,Completed
15159,2946,2022-10-19,120.18,Apparel,Email,Completed
15161,3620,2024-12-18,1131.29,Electronics,Organic,Completed
15163,3727,2022-05-14,809.48,Home & Kitchen,Email,Completed
15165,4314,2022-06-08,869.36,Sports,Google Search,Completed
15168,4688,2023-07-25,116.08,Beauty,Google Search,Completed
15169,1516,2024-09-13,301.62,Beauty,Organic,Completed
15170,5322,2022-03-26,327.7,Apparel,Paid Social,Completed
15171,2404,2022-02-08,246.46,Home & Kitchen,Organic,Completed
15173,1410,2022-03-30,121.76,Beauty,Paid Social,Completed
15175,5626,2024-07-04,235.0,Sports,Email,Completed
15176,2210,2024-06-02,111.07,Beauty,SMS,Completed
15177,2355,2023-12-21,93.63,Electronics,Email,Completed
15178,4091,2024-07-08,95.31,Beauty,Google Search,Completed
15179,5117,2022-11-25,119.13,Apparel,Organic,Completed
15180,1764,2023-06-08,1843.93,Sports,Organic,Completed
15181,2915,2022-06-29,340.83,Sports,SMS,Completed
15182,4857,2023-07-30,257.5,Home & Kitchen,Organic,Completed
15183,5844,2024-11-02,301.21,Sports,Email,Completed
15184,1551,2022-03-28,47.09,Home & Kitchen,Email,Completed
15185,5773,2023-07-26,477.14,Beauty,Organic,Completed
15187,5872,2023-12-04,340.61,Home & Kitchen,Email,Completed
15188,5025,2024-01-02,399.03,Apparel,Organic,Completed
15189,1886,2024-06-29,260.35,Apparel,Email,Completed
15191,5255,2022-06-24,255.16,Beauty,Email,Completed
15192,5680,2024-08-14,38.52,Electronics,Organic,Completed
15193,1281,2023-02-24,1134.05,Sports,Organic,Completed
15197,3860,2022-04-23,286.7,Beauty,SMS,Completed
15198,2771,2024-03-13,35.67,Sports,Paid Social,Completed
15200,2137,2023-03-28,948.35,Home & Kitchen,SMS,Completed
15201,3870,2022-09-29,262.73,Beauty,Google Search,Completed
15202,4440,2023-02-10,188.3,Sports,SMS,Completed
15203,5334,2024-12-18,210.01,Sports,Email,Completed
15205,4854,2024-11-25,26.64,Beauty,Email,Completed
15206,5650,2022-10-25,384.88,Apparel,Email,Completed
15207,5334,2024-12-18,113.3,Home & Kitchen,Google Search,Completed
15208,4994,2022-05-21,331.31,Sports,SMS,Completed
15209,3861,2024-12-14,1034.57,Apparel,Organic,Completed
15215,1603,2024-02-18,597.68,Electronics,Organic,Completed
15217,3386,2022-03-01,625.52,Sports,SMS,Completed
15219,5009,2024-10-06,811.84,Home & Kitchen,Email,Completed
15223,1844,2024-01-20,281.16,Beauty,Email,Completed
15224,2348,2022-10-31,266.91,Home & Kitchen,Paid Social,Completed
15225,1178,2023-03-01,231.63,Sports,Organic,Completed
15226,3923,2023-07-28,300.08,Sports,Email,Completed
15227,3763,2024-03-21,300.13,Home & Kitchen,Google Search,Completed
15228,4300,2024-12-07,159.5,Home & Kitchen,Organic,Completed
15229,3615,2022-03-18,340.79,Electronics,Email,Completed
15231,5572,2023-07-30,1014.2,Beauty,SMS,Completed
15236,4925,2022-07-04,95.42,Beauty,Email,Completed
15237,1630,2024-03-01,279.51,Home & Kitchen,Paid Social,Completed
15240,2221,2022-03-12,149.29,Sports,SMS,Completed
15242,3274,2024-11-28,524.73,Sports,Email,Completed
15244,4392,2022-05-16,126.51,Electronics,Paid Social,Completed
15247,3529,2022-07-09,427.36,Sports,Email,Completed
15248,4683,2023-03-28,325.64,Beauty,SMS,Completed
15249,2092,2024-12-13,122.65,Home & Kitchen,Paid Social,Completed
15250,4024,2022-01-06,150.06,Apparel,Paid Social,Completed
15251,5554,2022-12-20,522.02,Home & Kitchen,Email,Completed
15252,1877,2024-07-17,53.21,Beauty,Email,Completed
15253,3987,2022-07-15,100.8,Beauty,Paid Social,Completed
15254,5428,2023-05-11,273.12,Beauty,Organic,Completed
15256,4323,2023-11-07,418.2,Home & Kitchen,Email,Completed
15257,2359,2024-06-18,474.7,Apparel,SMS,Completed
15259,5784,2022-08-19,53.98,Apparel,Paid Social,Completed
15262,3757,2024-02-24,251.49,Beauty,Organic,Completed
15263,5725,2023-07-02,541.84,Electronics,SMS,Completed
15264,5981,2023-02-28,665.65,Beauty,Email,Completed
15267,4790,2022-04-20,170.64,Apparel,Organic,Completed
15268,2578,2023-12-28,97.57,Sports,Google Search,Completed
15269,5294,2024-07-03,208.95,Apparel,Organic,Completed
15270,5155,2022-09-07,400.94,Electronics,SMS,Completed
15271,5057,2024-04-18,143.36,Home & Kitchen,Paid Social,Completed
15272,2969,2024-03-04,125.8,Apparel,SMS,Completed
15274,2223,2022-10-17,348.59,Sports,SMS,Completed
15277,4512,2023-01-22,108.1,Beauty,Google Search,Completed
15278,4386,2024-03-21,220.11,Electronics,Organic,Completed
15279,5573,2022-09-26,62.23,Sports,Google Search,Completed
15280,5736,2022-02-24,573.05,Beauty,Paid Social,Completed
15281,4164,2023-09-17,125.33,Home & Kitchen,Google Search,Completed
15285,4101,2022-09-06,114.5,Electronics,Email,Completed
15286,2321,2024-04-25,45.33,Home & Kitchen,Organic,Completed
15287,5610,2023-11-03,265.69,Home & Kitchen,Google Search,Completed
15289,5316,2022-01-25,184.26,Sports,Email,Completed
15290,2048,2022-10-06,718.04,Sports,SMS,Completed
15294,1630,2023-07-23,127.11,Sports,Email,Completed
15295,3598,2024-08-25,409.61,Home & Kitchen,Google Search,Completed
15297,1734,2022-01-11,123.13,Sports,Paid Social,Completed
15299,3205,2024-05-20,124.99,Electronics,Organic,Completed
15300,5702,2022-05-04,495.24,Apparel,Paid Social,Completed
15302,3904,2024-01-22,367.87,Home & Kitchen,SMS,Completed
15303,5085,2024-11-21,72.12,Beauty,Organic,Completed
15304,2175,2022-11-15,40.48,Apparel,SMS,Completed
15305,5272,2022-04-26,339.55,Home & Kitchen,SMS,Completed
15306,1634,2023-12-28,80.81,Apparel,Paid Social,Completed
15307,2717,2023-06-10,202.16,Apparel,Organic,Completed
15308,4761,2022-04-22,166.99,Beauty,Paid Social,Completed
15310,5770,2022-04-02,474.17,Sports,Organic,Completed
15314,4654,2024-09-02,488.51,Sports,Google Search,Completed
15318,4168,2024-06-15,82.35,Home & Kitchen,Paid Social,Completed
15320,1205,2023-12-26,209.93,Home & Kitchen,Google Search,Completed
15325,5325,2024-02-08,259.19,Electronics,Email,Completed
15326,4671,2024-11-15,214.99,Electronics,Google Search,Completed
15327,4531,2024-08-29,90.43,Home & Kitchen,SMS,Completed
15328,3568,2023-03-25,32.91,Home & Kitchen,Google Search,Completed
15329,5230,2022-12-25,117.95,Electronics,Organic,Completed
15330,5193,2022-02-11,64.02,Electronics,Email,Completed
15331,2847,2024-03-07,289.4,Home & Kitchen,SMS,Completed
15334,1435,2022-05-22,420.47,Electronics,Paid Social,Completed
15335,4028,2022-12-16,1142.17,Apparel,Google Search,Completed
15337,3520,2022-04-03,373.6,Electronics,Paid Social,Completed
15339,2481,2024-08-28,85.1,Apparel,Paid Social,Completed
15341,4550,2024-01-13,198.89,Electronics,Google Search,Completed
15342,2333,2023-11-24,356.65,Electronics,Email,Completed
15343,1676,2023-04-07,129.98,Apparel,Google Search,Completed
15345,2780,2023-12-04,752.34,Electronics,SMS,Completed
15351,2875,2023-12-01,950.56,Beauty,Organic,Completed
15356,2091,2024-05-29,277.1,Home & Kitchen,Paid Social,Completed
15357,2172,2023-04-07,1006.91,Beauty,Google Search,Completed
15358,3587,2024-05-10,355.69,Electronics,Paid Social,Completed
15366,1453,2022-02-17,160.76,Apparel,Email,Completed
15369,5414,2023-09-09,250.23,Electronics,Organic,Completed
15370,4299,2022-02-17,315.23,Beauty,Google Search,Completed
15371,5596,2022-01-31,236.09,Beauty,Organic,Completed
15373,1445,2023-01-02,1562.38,Sports,Organic,Completed
15375,2679,2024-08-24,185.03,Sports,Paid Social,Completed
15380,3161,2023-10-02,464.69,Sports,SMS,Completed
15381,4098,2022-07-15,319.8,Home & Kitchen,Email,Completed
15383,1018,2022-04-02,240.98,Home & Kitchen,SMS,Completed
15385,5833,2024-07-31,343.53,Sports,SMS,Completed
15386,5836,2023-02-02,118.38,Beauty,Google Search,Completed
15387,3806,2024-06-25,86.11,Home & Kitchen,Organic,Completed
15389,1947,2022-12-26,267.97,Sports,Email,Completed
15390,5636,2022-09-28,174.28,Apparel,Google Search,Completed
15391,1849,2023-09-02,158.89,Apparel,Google Search,Completed
15392,4662,2022-02-05,659.58,Apparel,Paid Social,Completed
15395,2987,2023-01-31,39.89,Home & Kitchen,SMS,Completed
15396,5919,2024-06-11,466.87,Electronics,Organic,Completed
15397,1511,2024-01-15,276.31,Beauty,Paid Social,Completed
15398,4568,2022-10-09,853.54,Home & Kitchen,Paid Social,Completed
15401,4571,2023-08-06,128.6,Apparel,Email,Completed
15402,5056,2022-06-23,500.93,Apparel,Paid Social,Completed
15403,4693,2022-02-05,591.74,Electronics,Paid Social,Completed
15404,5105,2023-09-19,267.49,Beauty,Email,Completed
15405,2069,2024-07-06,257.6,Home & Kitchen,Paid Social,Completed
15406,1759,2022-07-31,878.65,Apparel,Email,Completed
15408,2726,2022-02-13,244.56,Electronics,Organic,Completed
15409,1869,2022-08-03,138.65,Home & Kitchen,Paid Social,Completed
15410,4682,2023-05-23,417.13,Home & Kitchen,SMS,Completed
15411,1327,2022-09-06,93.3,Apparel,Organic,Completed
15412,2737,2024-04-27,92.64,Home & Kitchen,SMS,Completed
15416,1313,2024-06-02,598.27,Electronics,SMS,Completed
15417,4319,2023-06-19,414.83,Beauty,Email,Completed
15419,1682,2024-12-09,310.7,Electronics,Google Search,Completed
15420,1427,2023-02-23,137.4,Electronics,Paid Social,Completed
15421,4507,2024-06-04,137.7,Beauty,SMS,Completed
15422,4213,2022-10-04,630.07,Apparel,Email,Completed
15424,4930,2022-11-28,212.88,Home & Kitchen,Google Search,Completed
15425,2824,2023-08-09,242.07,Electronics,Organic,Completed
15427,1194,2024-11-23,200.18,Home & Kitchen,Paid Social,Completed
15429,2742,2024-06-01,460.71,Home & Kitchen,Email,Completed
15430,5180,2023-01-01,65.01,Electronics,Paid Social,Completed
15433,5937,2024-05-13,415.58,Electronics,SMS,Completed
15434,3185,2023-11-07,167.97,Apparel,Paid Social,Completed
15435,4026,2022-10-21,125.69,Apparel,Google Search,Completed
15436,2896,2023-11-21,229.16,Beauty,Organic,Completed
15439,2817,2023-05-02,89.83,Electronics,Organic,Completed
15441,4701,2024-03-15,177.72,Home & Kitchen,Organic,Completed
15444,3511,2023-09-12,229.21,Home & Kitchen,Organic,Completed
15447,3086,2023-08-23,511.55,Home & Kitchen,Organic,Completed
15448,3405,2022-02-26,642.92,Beauty,Paid Social,Completed
15450,3749,2024-06-02,29.15,Electronics,Paid Social,Completed
15451,1661,2023-07-13,163.62,Sports,Organic,Completed
15453,3279,2024-04-29,553.1,Beauty,Organic,Completed
15454,4201,2024-09-04,1121.68,Electronics,Google Search,Completed
15456,2730,2023-10-02,848.62,Home & Kitchen,Paid Social,Completed
15460,1060,2024-07-06,670.82,Sports,Google Search,Completed
15461,3055,2024-06-04,67.43,Beauty,Paid Social,Completed
15462,2686,2024-11-28,82.65,Sports,Google Search,Completed
15463,1107,2024-08-31,268.19,Home & Kitchen,Paid Social,Completed
15467,3012,2022-03-26,769.65,Home & Kitchen,Organic,Completed
15468,5154,2022-11-28,117.64,Electronics,Paid Social,Completed
15469,1426,2022-05-23,102.8,Beauty,Paid Social,Completed
15471,3373,2024-02-01,473.66,Sports,Paid Social,Completed
15473,4900,2023-09-12,126.78,Electronics,Email,Completed
15474,4437,2023-07-18,458.84,Beauty,SMS,Completed
15475,5661,2024-10-13,569.12,Apparel,SMS,Completed
15476,4068,2022-11-08,247.95,Sports,Email,Completed
15479,4033,2022-12-04,158.29,Home & Kitchen,Paid Social,Completed
15480,2372,2024-03-29,210.0,Electronics,Paid Social,Completed
15481,2140,2024-12-02,151.38,Home & Kitchen,Organic,Completed
15484,5248,2023-05-30,329.43,Beauty,SMS,Completed
15486,2048,2023-06-02,483.33,Apparel,Paid Social,Completed
15487,4119,2024-03-20,181.07,Beauty,Google Search,Completed
15488,2951,2024-02-08,108.47,Home & Kitchen,SMS,Completed
15489,4386,2023-01-28,267.69,Sports,Google Search,Completed
15491,1314,2024-03-06,119.79,Home & Kitchen,Organic,Completed
15492,3739,2023-03-28,53.35,Home & Kitchen,Email,Completed
15494,5938,2022-02-16,449.21,Electronics,Organic,Completed
15496,5942,2022-06-02,547.38,Home & Kitchen,Organic,Completed
15498,5432,2024-02-15,198.39,Beauty,Paid Social,Completed
15500,2238,2024-02-20,182.76,Electronics,Organic,Completed
15503,3148,2022-01-02,186.0,Beauty,SMS,Completed
15504,4646,2022-05-18,825.55,Apparel,Organic,Completed
15506,4390,2023-05-26,357.14,Home & Kitchen,SMS,Completed
15507,3290,2024-05-13,1221.95,Beauty,Organic,Completed
15508,2104,2023-04-06,469.85,Electronics,Google Search,Completed
15510,5711,2022-07-06,201.51,Home & Kitchen,Google Search,Completed
15512,3435,2023-03-17,360.3,Beauty,Email,Completed
15513,3101,2023-05-16,293.91,Apparel,Paid Social,Completed
15514,3045,2024-09-06,368.99,Electronics,Organic,Completed
15515,3444,2023-03-27,262.5,Beauty,Paid Social,Completed
15516,2905,2023-03-10,475.8,Electronics,Paid Social,Completed
15517,3659,2024-12-02,137.28,Beauty,Paid Social,Completed
15518,3167,2023-11-01,95.0,Home & Kitchen,Paid Social,Completed
15520,2739,2023-12-22,512.16,Apparel,Organic,Completed
15521,1403,2022-12-18,387.56,Sports,Email,Completed
15523,4147,2024-07-08,517.91,Sports,Email,Completed
15525,2014,2024-06-10,644.92,Sports,Paid Social,Completed
15528,2783,2022-02-10,233.58,Sports,Organic,Completed
15530,1204,2023-07-26,324.75,Beauty,Paid Social,Completed
15531,1199,2022-01-22,420.61,Sports,Organic,Completed
15532,1908,2023-07-27,158.91,Home & Kitchen,Paid Social,Completed
15533,1491,2024-05-14,190.91,Home & Kitchen,Google Search,Completed
15534,5081,2023-08-10,214.02,Beauty,Email,Completed
15536,4008,2024-09-22,201.71,Sports,Paid Social,Completed
15537,3093,2022-10-27,408.27,Electronics,Organic,Completed
15538,1668,2023-04-03,594.75,Beauty,Google Search,Completed
15539,5834,2024-07-01,393.09,Sports,Google Search,Completed
15541,1900,2022-01-19,188.53,Electronics,Google Search,Completed
15542,1104,2022-09-07,23.11,Home & Kitchen,Email,Completed
15543,4130,2023-10-21,436.02,Sports,Google Search,Completed
15545,3878,2023-04-24,161.28,Sports,SMS,Completed
15547,2365,2023-07-09,307.19,Beauty,Email,Completed
15548,5834,2022-10-04,577.36,Electronics,SMS,Completed
15549,4033,2024-09-05,140.25,Sports,Organic,Completed
15550,4197,2023-03-09,70.21,Apparel,SMS,Completed
15551,5567,2024-11-07,320.4,Apparel,Paid Social,Completed
15552,4543,2023-12-06,94.52,Home & Kitchen,Email,Completed
15553,3566,2024-09-15,168.46,Sports,SMS,Completed
15557,2858,2024-06-01,394.77,Sports,SMS,Completed
15558,3511,2024-12-06,206.13,Sports,SMS,Completed
15561,2918,2023-06-05,92.3,Sports,Email,Completed
15563,3013,2022-01-16,1974.23,Apparel,SMS,Completed
15564,4592,2022-09-24,92.33,Apparel,Google Search,Completed
15565,4777,2024-07-30,647.22,Apparel,Email,Completed
15567,4710,2023-03-27,458.8,Home & Kitchen,Organic,Completed
15569,4613,2023-07-01,177.03,Beauty,SMS,Completed
15570,2068,2024-06-03,413.96,Apparel,Paid Social,Completed
15571,5825,2022-10-24,379.19,Beauty,SMS,Completed
15573,5747,2023-07-09,71.86,Apparel,Organic,Completed
15575,3695,2022-08-16,301.9,Apparel,Paid Social,Completed
15580,2955,2024-02-09,382.8,Home & Kitchen,Organic,Completed
15581,1501,2023-07-07,509.42,Beauty,SMS,Completed
15582,2937,2023-01-22,259.71,Apparel,Google Search,Completed
15583,4900,2024-07-17,288.37,Home & Kitchen,Google Search,Completed
15586,3193,2023-12-02,86.34,Beauty,Organic,Completed
15588,3003,2023-08-15,199.3,Sports,Email,Completed
15589,3213,2022-02-12,163.99,Beauty,SMS,Completed
15590,1174,2024-05-10,594.12,Home & Kitchen,Email,Completed
15591,4014,2024-12-09,347.37,Beauty,SMS,Completed
15593,1867,2023-05-18,483.11,Home & Kitchen,Google Search,Completed
15594,5647,2022-07-29,135.25,Apparel,Email,Completed
15596,2526,2022-01-09,311.55,Beauty,SMS,Completed
15597,3471,2023-07-29,449.02,Apparel,Paid Social,Completed
15598,3754,2023-06-25,140.23,Electronics,Organic,Completed
15600,5006,2024-06-27,312.42,Home & Kitchen,Google Search,Completed
15602,5699,2022-03-19,826.23,Apparel,Paid Social,Completed
15603,2336,2023-09-14,182.76,Home & Kitchen,Paid Social,Completed
15604,1412,2023-05-07,471.65,Beauty,Paid Social,Completed
15609,5040,2023-06-13,428.21,Beauty,Email,Completed
15610,1871,2023-04-06,90.21,Sports,SMS,Completed
15611,5046,2023-12-15,180.0,Electronics,Google Search,Completed
15613,4841,2024-12-10,172.32,Sports,Email,Completed
15614,3369,2022-11-06,42.48,Apparel,Organic,Completed
15615,3883,2023-12-29,61.8,Electronics,SMS,Completed
15616,3024,2022-06-07,1381.24,Sports,Organic,Completed
15617,5764,2023-02-16,641.22,Apparel,Paid Social,Completed
15618,5321,2023-06-07,409.44,Sports,SMS,Completed
15619,4607,2024-09-19,222.32,Sports,Email,Completed
15620,2199,2022-04-07,144.22,Electronics,Google Search,Completed
15621,3735,2023-11-24,338.02,Sports,SMS,Completed
15622,5349,2024-10-27,115.23,Sports,Email,Completed
15625,5983,2024-04-01,263.3,Beauty,Google Search,Completed
15626,4323,2023-04-16,197.68,Home & Kitchen,Email,Completed
15627,4962,2023-05-29,195.3,Beauty,Email,Completed
15628,5607,2023-10-23,317.63,Apparel,Google Search,Completed
15636,5997,2022-08-30,256.4,Electronics,Organic,Completed
15637,5661,2023-01-19,162.1,Beauty,Paid Social,Completed
15638,2466,2024-06-19,157.89,Apparel,Organic,Completed
15642,5632,2023-10-15,212.32,Sports,Organic,Completed
15643,5599,2024-11-15,580.91,Home & Kitchen,Email,Completed
15644,4411,2024-06-21,50.52,Home & Kitchen,Email,Completed
15645,5619,2023-12-14,405.04,Electronics,Email,Completed
15646,3913,2022-01-27,420.36,Sports,Google Search,Completed
15648,5161,2023-02-06,185.57,Apparel,Paid Social,Completed
15649,4907,2024-01-27,253.24,Sports,Google Search,Completed
15652,1246,2024-06-19,202.9,Home & Kitchen,Organic,Completed
15653,5114,2023-01-30,581.63,Sports,Paid Social,Completed
15656,1654,2022-06-04,454.5,Sports,SMS,Completed
15658,1155,2023-05-28,275.78,Beauty,Email,Completed
15663,4365,2022-01-03,353.65,Electronics,SMS,Completed
15665,1505,2022-01-11,818.29,Sports,Paid Social,Completed
15666,2658,2024-01-31,46.73,Electronics,Organic,Completed
15668,2697,2022-05-06,277.26,Electronics,Email,Completed
15669,3200,2024-04-08,299.29,Sports,Google Search,Completed
15670,3857,2023-09-09,676.16,Beauty,Google Search,Completed
15672,2849,2022-05-04,246.44,Beauty,Google Search,Completed
15673,4473,2022-08-23,239.02,Beauty,Google Search,Completed
15674,4600,2022-03-31,116.27,Sports,Email,Completed
15675,2580,2024-04-25,224.98,Electronics,SMS,Completed
15676,3584,2024-02-27,841.44,Sports,Organic,Completed
15677,2477,2023-06-19,189.38,Apparel,Email,Completed
15678,5096,2023-02-23,54.42,Sports,Paid Social,Completed
15679,2368,2024-01-09,108.36,Electronics,Organic,Completed
15681,4938,2024-06-25,134.99,Electronics,Organic,Completed
15684,4840,2022-09-08,562.31,Electronics,Google Search,Completed
15685,1672,2024-01-18,191.95,Home & Kitchen,Email,Completed
15687,4794,2024-06-26,112.42,Electronics,SMS,Completed
15688,2228,2024-11-13,193.85,Apparel,Paid Social,Completed
15691,2336,2022-10-26,511.79,Beauty,SMS,Completed
15692,5882,2023-07-15,338.37,Sports,Google Search,Completed
15695,4024,2022-05-06,111.51,Electronics,Paid Social,Completed
15696,4194,2022-09-04,502.13,Electronics,Email,Completed
15697,4384,2023-03-10,246.31,Apparel,Google Search,Completed
15698,2619,2023-05-13,361.67,Home & Kitchen,Email,Completed
15700,2417,2022-10-02,100.19,Electronics,Paid Social,Completed
15701,2976,2023-11-05,194.69,Apparel,SMS,Completed
15703,1253,2022-06-03,102.28,Electronics,Email,Completed
15704,5065,2024-02-02,160.94,Apparel,SMS,Completed
15707,2624,2022-04-28,891.89,Apparel,Organic,Completed
15708,4680,2022-12-28,152.9,Beauty,Paid Social,Completed
15709,1113,2022-04-23,230.86,Electronics,Organic,Completed
15710,5582,2023-08-08,200.28,Home & Kitchen,Paid Social,Completed
15712,1044,2024-03-04,235.95,Beauty,Organic,Completed
15713,1169,2023-04-27,124.91,Apparel,SMS,Completed
15714,2307,2023-10-08,619.37,Home & Kitchen,Google Search,Completed
15717,2019,2023-07-16,186.03,Beauty,SMS,Completed
15720,5244,2022-01-26,103.04,Apparel,Organic,Completed
15721,2129,2024-03-21,468.29,Sports,Organic,Completed
15723,3932,2022-07-04,118.95,Electronics,SMS,Completed
15724,1720,2022-04-05,187.52,Beauty,Paid Social,Completed
15726,2811,2022-06-19,313.1,Home & Kitchen,Email,Completed
15727,5240,2022-07-26,4979.01,Electronics,SMS,Completed
15729,5294,2024-08-17,1819.25,Sports,Paid Social,Completed
15730,5584,2024-05-08,136.83,Home & Kitchen,SMS,Completed
15731,1848,2023-07-14,1739.56,Home & Kitchen,Email,Completed
15735,3432,2023-01-12,256.17,Apparel,Organic,Completed
15737,5628,2024-05-26,226.83,Electronics,Organic,Completed
15738,3052,2024-09-05,311.77,Electronics,Email,Completed
15740,3736,2022-01-19,381.13,Home & Kitchen,Paid Social,Completed
15744,1400,2022-12-02,92.12,Electronics,Organic,Completed
15747,5342,2022-05-09,532.38,Beauty,SMS,Completed
15753,1838,2024-07-17,1752.63,Sports,Paid Social,Completed
15754,2734,2023-10-06,94.42,Home & Kitchen,Paid Social,Completed
15756,5520,2023-12-18,288.95,Beauty,Google Search,Completed
15757,3016,2022-06-22,262.69,Home & Kitchen,Organic,Completed
15758,4695,2022-11-16,330.52,Beauty,Organic,Completed
15759,4185,2023-05-04,900.55,Sports,Google Search,Completed
15761,5997,2024-05-23,133.95,Apparel,Email,Completed
15762,4557,2024-02-16,437.51,Apparel,Paid Social,Completed
15763,1522,2022-09-01,808.86,Beauty,Organic,Completed
15764,2730,2024-08-03,151.79,Home & Kitchen,Google Search,Completed
15766,3241,2022-07-06,189.37,Apparel,Email,Completed
15767,2230,2023-01-14,70.35,Home & Kitchen,Email,Completed
15769,1518,2024-08-07,215.4,Apparel,SMS,Completed
15770,4184,2023-09-04,773.13,Electronics,Google Search,Completed
15772,2159,2022-06-20,319.83,Electronics,Email,Completed
15773,2328,2022-12-26,227.44,Beauty,SMS,Completed
15774,4777,2022-07-05,300.83,Sports,Paid Social,Completed
15775,1079,2023-05-16,318.81,Electronics,Paid Social,Completed
15776,2631,2023-06-17,60.51,Apparel,Email,Completed
15777,2606,2024-08-23,410.27,Sports,Paid Social,Completed
15779,4846,2022-01-18,644.77,Home & Kitchen,SMS,Completed
15781,5798,2024-03-21,938.36,Beauty,SMS,Completed
15783,5196,2024-11-04,623.63,Electronics,Paid Social,Completed
15784,2901,2022-06-14,168.86,Sports,SMS,Completed
15787,5348,2024-03-19,377.17,Beauty,SMS,Completed
15788,4528,2022-11-10,200.12,Home & Kitchen,SMS,Completed
15789,5376,2023-06-14,163.74,Sports,Email,Completed
15790,5928,2023-01-16,193.2,Home & Kitchen,SMS,Completed
15792,2004,2023-12-21,290.53,Beauty,Paid Social,Completed
15793,1667,2022-11-04,679.44,Electronics,Email,Completed
15795,5305,2023-09-06,681.77,Electronics,Paid Social,Completed
15797,1016,2023-06-27,57.44,Home & Kitchen,Paid Social,Completed
15802,3950,2022-08-08,294.67,Sports,Organic,Completed
15804,4969,2022-12-31,423.48,Electronics,Organic,Completed
15806,2555,2022-12-10,32.21,Home & Kitchen,Google Search,Completed
15808,4141,2024-02-25,697.28,Beauty,Email,Completed
15810,3983,2022-11-20,192.55,Sports,Organic,Completed
15811,5714,2022-06-26,708.94,Home & Kitchen,SMS,Completed
15812,3695,2024-05-09,77.91,Home & Kitchen,Paid Social,Completed
15813,4191,2024-12-15,567.36,Home & Kitchen,Paid Social,Completed
15814,5195,2022-09-10,356.75,Apparel,Paid Social,Completed
15815,5124,2022-11-08,490.08,Beauty,Paid Social,Completed
15816,3139,2023-12-08,359.98,Electronics,Google Search,Completed
15818,3088,2022-06-28,372.7,Sports,Email,Completed
15820,1375,2023-01-14,353.59,Beauty,SMS,Completed
15821,3817,2023-12-23,100.45,Beauty,Google Search,Completed
15823,4004,2023-11-29,2037.32,Beauty,Google Search,Completed
15824,2666,2023-07-14,138.64,Sports,Email,Completed
15825,3556,2023-12-12,104.31,Electronics,Organic,Completed
15827,3255,2024-07-06,144.11,Electronics,Paid Social,Completed
15828,1279,2022-03-10,108.97,Electronics,SMS,Completed
15829,2571,2023-03-29,427.88,Sports,Organic,Completed
15830,1459,2023-07-29,202.73,Beauty,SMS,Completed
15831,2154,2023-11-17,90.86,Sports,SMS,Completed
15833,2052,2022-06-23,96.32,Apparel,Google Search,Completed
15835,4396,2022-04-14,457.04,Home & Kitchen,SMS,Completed
15836,1721,2022-10-09,239.69,Electronics,Email,Completed
15837,4598,2023-08-30,358.16,Electronics,Organic,Completed
15839,5361,2024-06-13,233.17,Home & Kitchen,Google Search,Completed
15840,2268,2022-01-07,298.32,Beauty,Email,Completed
15841,1180,2024-02-03,367.39,Electronics,Email,Completed
15843,4862,2024-09-17,623.72,Home & Kitchen,Email,Completed
15844,2513,2022-08-14,729.83,Apparel,Paid Social,Completed
15846,1027,2023-01-16,405.13,Electronics,Google Search,Completed
15850,5861,2022-02-23,171.64,Home & Kitchen,Paid Social,Completed
15851,2818,2023-03-21,164.46,Apparel,Organic,Completed
15852,5294,2022-12-21,252.67,Apparel,Paid Social,Completed
15854,5938,2024-01-26,84.42,Apparel,SMS,Completed
15855,1101,2024-02-21,154.12,Electronics,Email,Completed
15856,2857,2024-11-03,500.42,Home & Kitchen,Google Search,Completed
15857,3319,2023-07-31,286.7,Home & Kitchen,Google Search,Completed
15858,5183,2024-08-30,289.2,Home & Kitchen,SMS,Completed
15860,4282,2024-08-30,330.88,Beauty,Email,Completed
15862,1784,2024-11-26,376.94,Home & Kitchen,Google Search,Completed
15864,4041,2024-11-03,220.01,Sports,Paid Social,Completed
15866,1541,2024-09-23,88.22,Apparel,Google Search,Completed
15869,4345,2022-08-09,836.29,Home & Kitchen,Email,Completed
15870,3380,2024-10-19,165.64,Home & Kitchen,Google Search,Completed
15871,2803,2024-01-25,399.99,Apparel,Paid Social,Completed
15874,3882,2023-01-22,358.09,Home & Kitchen,Paid Social,Completed
15875,2663,2022-09-14,131.2,Beauty,Paid Social,Completed
15877,1752,2022-05-22,143.95,Beauty,SMS,Completed
15878,4125,2022-11-14,329.69,Electronics,SMS,Completed
15879,4857,2022-05-11,261.39,Sports,Google Search,Completed
15880,4027,2023-07-03,781.27,Home & Kitchen,Paid Social,Completed
15881,3117,2022-06-02,656.88,Sports,SMS,Completed
15882,2934,2022-05-09,333.03,Sports,SMS,Completed
15886,4886,2022-10-13,322.18,Apparel,SMS,Completed
15887,1253,2024-06-22,65.25,Home & Kitchen,Organic,Completed
15888,1958,2022-12-01,268.44,Sports,Email,Completed
15890,1709,2024-09-15,398.48,Electronics,SMS,Completed
15891,4732,2022-05-13,797.89,Home & Kitchen,SMS,Completed
15893,5820,2023-06-24,1059.33,Beauty,Google Search,Completed
15894,3185,2023-03-30,2597.98,Beauty,Google Search,Completed
15895,2052,2023-06-08,503.09,Apparel,Google Search,Completed
15896,1231,2023-03-11,998.25,Beauty,Paid Social,Completed
15898,5167,2022-03-28,101.69,Sports,Google Search,Completed
15900,4728,2022-02-08,43.03,Sports,Google Search,Completed
15903,2659,2022-03-22,458.9,Sports,Paid Social,Completed
15904,4991,2024-10-10,367.9,Home & Kitchen,SMS,Completed
15905,2811,2023-12-29,244.14,Electronics,Email,Completed
15907,2370,2024-12-25,62.62,Home & Kitchen,Paid Social,Completed
15910,4451,2024-01-08,31.95,Electronics,Organic,Completed
15912,5135,2022-01-01,286.29,Electronics,Email,Completed
15915,1185,2023-02-14,71.76,Apparel,Paid Social,Completed
15916,4089,2022-04-02,429.9,Home & Kitchen,Organic,Completed
15917,4083,2023-03-24,452.33,Electronics,Paid Social,Completed
15921,4668,2022-02-02,337.75,Home & Kitchen,SMS,Completed
15922,1731,2022-07-10,120.3,Apparel,Email,Completed
15923,2337,2022-03-01,1501.77,Beauty,Google Search,Completed
15925,1667,2023-11-22,350.8,Home & Kitchen,Organic,Completed
15928,4357,2022-02-09,259.27,Sports,Paid Social,Completed
15929,4132,2024-11-17,48.95,Home & Kitchen,Organic,Completed
15932,3746,2023-03-11,213.93,Apparel,SMS,Completed
15934,3323,2024-07-26,97.36,Electronics,Google Search,Completed
15935,2833,2024-11-20,244.47,Electronics,Paid Social,Completed
15937,5793,2024-09-10,65.37,Apparel,Paid Social,Completed
15938,3462,2022-12-27,178.17,Apparel,SMS,Completed
15939,4147,2022-05-15,111.7,Apparel,Paid Social,Completed
15942,2124,2024-02-16,1366.02,Electronics,Organic,Completed
15943,1677,2024-07-29,439.39,Apparel,SMS,Completed
15944,2299,2024-08-13,538.64,Electronics,Email,Completed
15945,2198,2023-07-30,354.87,Apparel,Paid Social,Completed
15946,3024,2024-12-16,255.0,Apparel,Paid Social,Completed
15947,1980,2024-02-12,525.34,Beauty,Email,Completed
15948,1919,2023-08-10,196.49,Apparel,Google Search,Completed
15949,2697,2022-11-06,72.33,Beauty,Email,Completed
15950,1195,2024-03-14,221.13,Home & Kitchen,SMS,Completed
15953,1854,2024-06-05,517.69,Apparel,Organic,Completed
15954,2711,2024-03-15,173.09,Apparel,Paid Social,Completed
15956,4001,2023-01-24,167.21,Apparel,Email,Completed
15958,5722,2023-12-09,385.9,Apparel,Google Search,Completed
15959,3114,2023-01-03,39.79,Home & Kitchen,Paid Social,Completed
15960,1706,2022-06-26,232.19,Home & Kitchen,Paid Social,Completed
15961,4188,2024-07-24,121.68,Home & Kitchen,SMS,Completed
15962,2015,2024-04-15,60.03,Electronics,Organic,Completed
15963,1831,2023-07-03,54.02,Electronics,Paid Social,Completed
15964,5867,2023-07-09,334.08,Sports,Paid Social,Completed
15966,3540,2023-06-25,84.14,Home & Kitchen,Paid Social,Completed
15967,2933,2023-07-27,475.42,Electronics,SMS,Completed
15968,5448,2022-09-08,180.66,Electronics,Organic,Completed
15971,1845,2023-03-03,189.28,Sports,Google Search,Completed
15972,2058,2024-01-19,323.75,Beauty,Email,Completed
15973,3850,2023-05-06,579.29,Electronics,SMS,Completed
15974,4572,2023-10-13,275.07,Sports,Paid Social,Completed
15976,4657,2023-12-12,515.18,Home & Kitchen,Google Search,Completed
15979,3334,2023-09-16,919.54,Electronics,SMS,Completed
15980,3691,2022-05-17,553.91,Beauty,Email,Completed
15981,2004,2022-09-05,343.34,Apparel,Paid Social,Completed
15982,5857,2022-08-16,530.35,Beauty,Paid Social,Completed
15983,1020,2023-05-19,162.42,Electronics,Email,Completed
15986,3587,2023-07-22,190.24,Beauty,Email,Completed
15987,5429,2022-09-18,172.03,Sports,SMS,Completed
15989,2244,2023-10-19,656.5,Beauty,Organic,Completed
15991,2907,2022-12-20,345.59,Sports,Email,Completed
15992,1461,2022-05-12,45.03,Electronics,SMS,Completed
15994,5271,2022-08-18,316.48,Apparel,Email,Completed
15995,4755,2022-11-27,200.45,Beauty,Email,Completed
15997,5417,2024-11-07,287.58,Home & Kitchen,Paid Social,Completed
15998,1748,2024-11-24,176.45,Home & Kitchen,Google Search,Completed
15999,4012,2023-02-12,772.45,Sports,Organic,Completed
16001,1585,2023-08-08,166.03,Sports,SMS,Completed
16002,3214,2023-12-27,82.62,Sports,Google Search,Completed
16003,3946,2023-06-11,254.19,Electronics,Email,Completed
16004,1497,2024-08-31,477.8,Electronics,Google Search,Completed
16006,4215,2022-05-12,456.96,Beauty,Paid Social,Completed
16007,3230,2022-03-27,242.32,Beauty,SMS,Completed
16008,4474,2023-09-18,457.75,Beauty,Google Search,Completed
16009,5072,2024-03-14,253.95,Home & Kitchen,Email,Completed
16013,3587,2024-05-30,592.22,Home & Kitchen,Organic,Completed
16014,5938,2024-08-01,4273.43,Beauty,Paid Social,Completed
16016,3656,2023-01-26,232.87,Electronics,SMS,Completed
16017,2754,2022-08-01,216.64,Sports,Google Search,Completed
16019,1417,2022-06-12,380.09,Electronics,Google Search,Completed
16020,4713,2022-08-21,191.29,Apparel,Email,Completed
16021,3957,2022-12-18,784.26,Sports,Paid Social,Completed
16024,2558,2022-02-02,348.89,Electronics,Email,Completed
16025,2482,2024-04-11,391.5,Electronics,Organic,Completed
16026,4727,2023-08-05,117.33,Apparel,Organic,Completed
16027,4079,2022-03-24,681.51,Beauty,SMS,Completed
16028,3306,2024-09-21,360.47,Sports,Email,Completed
16029,3004,2022-09-18,368.98,Electronics,Google Search,Completed
16030,4677,2023-09-19,356.78,Electronics,Google Search,Completed
16031,1440,2022-11-30,36.91,Sports,SMS,Completed
16032,1510,2024-11-13,266.44,Home & Kitchen,Paid Social,Completed
16035,1656,2022-05-12,551.68,Sports,Email,Completed
16039,3242,2023-12-20,270.41,Electronics,SMS,Completed
16041,3777,2022-11-01,261.65,Electronics,Email,Completed
16042,1890,2024-03-04,99.86,Apparel,SMS,Completed
16043,4876,2023-10-30,198.15,Sports,Email,Completed
16044,4953,2022-03-11,466.34,Beauty,Organic,Completed
16045,1609,2022-07-30,1350.36,Sports,Email,Completed
16046,5891,2022-05-03,113.61,Sports,Email,Completed
16047,5535,2022-08-07,299.88,Beauty,Paid Social,Completed
16048,5545,2024-04-16,235.6,Apparel,Organic,Completed
16051,5587,2024-09-07,312.15,Beauty,Paid Social,Completed
16052,3122,2023-10-05,263.23,Beauty,Organic,Completed
16053,3567,2022-05-14,81.49,Sports,Email,Completed
16054,2837,2024-03-10,252.28,Beauty,Google Search,Completed
16057,4262,2023-03-05,135.95,Home & Kitchen,Google Search,Completed
16059,3449,2024-08-10,213.22,Apparel,Google Search,Completed
16060,3238,2023-03-27,453.18,Electronics,SMS,Completed
16064,4948,2023-11-23,259.76,Home & Kitchen,Email,Completed
16065,4575,2022-04-14,252.53,Beauty,Organic,Completed
16070,5847,2023-12-28,115.29,Apparel,Organic,Completed
16072,4851,2023-07-02,399.83,Sports,Paid Social,Completed
16073,5209,2024-10-12,152.45,Apparel,Email,Completed
16074,1148,2023-07-10,151.23,Beauty,SMS,Completed
16076,4891,2023-01-03,374.83,Home & Kitchen,Google Search,Completed
16077,3393,2023-02-08,537.58,Apparel,Google Search,Completed
16078,5551,2023-05-15,182.9,Beauty,Email,Completed
16079,3824,2022-04-19,111.45,Beauty,Email,Completed
16081,3055,2023-01-19,91.76,Apparel,Paid Social,Completed
16082,5052,2024-06-27,143.15,Sports,Paid Social,Completed
16083,4256,2023-02-14,469.55,Home & Kitchen,Email,Completed
16085,5439,2024-07-27,65.4,Beauty,Paid Social,Completed
16086,2253,2024-09-17,154.23,Beauty,Paid Social,Completed
16089,3859,2024-04-01,1885.22,Sports,Google Search,Completed
16091,1511,2023-01-17,280.48,Beauty,Google Search,Completed
16094,3373,2024-08-04,60.09,Home & Kitchen,Organic,Completed
16096,4732,2023-09-17,483.59,Home & Kitchen,SMS,Completed
16097,3756,2022-07-20,74.69,Sports,Email,Completed
16100,5037,2024-03-01,77.54,Electronics,Google Search,Completed
16107,4211,2022-11-15,619.79,Beauty,SMS,Completed
16109,4382,2022-01-13,68.88,Apparel,Organic,Completed
16110,3385,2023-04-18,143.2,Beauty,Email,Completed
16112,5972,2022-04-11,295.52,Sports,Organic,Completed
16113,5842,2022-10-31,585.94,Apparel,Organic,Completed
16115,2370,2024-11-17,513.22,Home & Kitchen,Paid Social,Completed
16116,3755,2022-08-07,207.41,Sports,Google Search,Completed
16117,3001,2023-08-10,55.36,Beauty,Paid Social,Completed
16118,3084,2024-10-12,733.78,Beauty,Paid Social,Completed
16119,3615,2022-08-27,262.69,Sports,Google Search,Completed
16120,5791,2022-12-10,769.8,Home & Kitchen,Email,Completed
16121,4284,2022-11-17,652.21,Electronics,SMS,Completed
16122,4727,2024-12-26,567.19,Sports,Email,Completed
16124,1875,2023-08-14,100.0,Home & Kitchen,Organic,Completed
16125,3539,2024-03-17,1318.69,Electronics,Paid Social,Completed
16127,2516,2024-11-24,510.65,Sports,Paid Social,Completed
16128,3149,2024-08-18,270.42,Electronics,Google Search,Completed
16130,4980,2023-12-23,226.3,Electronics,SMS,Completed
16131,1232,2023-09-24,877.97,Electronics,Email,Completed
16132,4272,2023-10-07,466.57,Sports,Paid Social,Completed
16134,4375,2022-03-30,349.45,Apparel,Email,Completed
16136,3951,2024-09-17,435.79,Apparel,Organic,Completed
16138,3278,2022-06-17,198.97,Sports,Organic,Completed
16140,4001,2023-01-17,208.88,Sports,Email,Completed
16142,5056,2024-03-09,220.84,Electronics,Organic,Completed
16145,4712,2023-09-15,72.28,Home & Kitchen,Paid Social,Completed
16146,3801,2024-08-19,264.26,Electronics,Organic,Completed
16147,2592,2024-01-05,116.71,Beauty,Google Search,Completed
16148,5173,2024-05-07,125.96,Home & Kitchen,Google Search,Completed
16149,2775,2023-09-27,419.83,Sports,Email,Completed
16152,2948,2022-02-20,665.88,Electronics,SMS,Completed
16154,5166,2022-01-28,235.8,Sports,Organic,Completed
16155,1021,2024-02-18,1144.07,Home & Kitchen,Paid Social,Completed
16156,1251,2022-01-19,648.58,Home & Kitchen,SMS,Completed
16157,5949,2024-03-19,175.83,Beauty,Paid Social,Completed
16160,5080,2022-03-17,185.09,Sports,Paid Social,Completed
16161,5316,2024-02-05,963.15,Home & Kitchen,Email,Completed
16162,2184,2024-12-03,393.76,Home & Kitchen,SMS,Completed
16164,4565,2023-11-20,77.95,Sports,Organic,Completed
16166,4295,2022-04-07,126.63,Electronics,Paid Social,Completed
16171,1359,2023-02-16,101.5,Beauty,Google Search,Completed
16172,2718,2024-11-12,168.22,Sports,SMS,Completed
16174,5241,2022-09-17,102.51,Home & Kitchen,Paid Social,Completed
16175,1079,2022-09-16,362.05,Electronics,Google Search,Completed
16177,1526,2023-11-16,120.4,Electronics,SMS,Completed
16178,2062,2024-06-11,180.35,Electronics,Organic,Completed
16180,2701,2023-10-07,863.05,Home & Kitchen,Google Search,Completed
16182,2117,2024-10-23,96.65,Home & Kitchen,Organic,Completed
16183,5739,2023-07-07,904.89,Beauty,Paid Social,Completed
16184,4347,2024-08-04,720.42,Home & Kitchen,Email,Completed
16189,3263,2023-02-25,441.58,Sports,SMS,Completed
16190,1911,2024-09-28,434.03,Electronics,Google Search,Completed
16193,4720,2024-12-17,304.21,Beauty,SMS,Completed
16195,2510,2022-05-07,175.31,Home & Kitchen,Paid Social,Completed
16197,5471,2022-12-25,281.76,Beauty,SMS,Completed
16199,3108,2022-06-02,105.2,Electronics,Google Search,Completed
16200,5158,2024-01-05,213.27,Beauty,Paid Social,Completed
16203,3098,2022-08-25,54.11,Sports,Paid Social,Completed
16204,3969,2023-08-08,218.04,Electronics,Email,Completed
16206,1010,2022-01-12,123.53,Electronics,Organic,Completed
16208,1963,2023-04-16,475.76,Apparel,Paid Social,Completed
16210,2493,2022-11-14,95.96,Electronics,Organic,Completed
16211,5879,2022-01-24,111.12,Sports,Organic,Completed
16213,5043,2022-05-24,693.46,Home & Kitchen,Paid Social,Completed
16214,5415,2024-05-31,402.07,Home & Kitchen,Email,Completed
16216,2827,2022-02-19,424.01,Electronics,Google Search,Completed
16220,2080,2023-07-15,1351.96,Apparel,SMS,Completed
16222,1990,2023-02-24,781.05,Beauty,Email,Completed
16226,3945,2024-12-29,582.92,Home & Kitchen,Paid Social,Completed
16227,4668,2023-12-13,120.97,Apparel,SMS,Completed
16228,5765,2022-02-07,118.63,Home & Kitchen,SMS,Completed
16229,3667,2023-02-15,672.71,Beauty,Organic,Completed
16230,2250,2024-06-18,82.77,Electronics,Google Search,Completed
16232,2229,2022-12-04,766.65,Apparel,Email,Completed
16238,3379,2024-02-14,158.84,Home & Kitchen,Paid Social,Completed
16239,4296,2023-01-31,160.13,Home & Kitchen,SMS,Completed
16243,4963,2022-09-07,351.95,Electronics,Paid Social,Completed
16247,3436,2022-03-16,544.18,Sports,Google Search,Completed
16248,3756,2022-10-02,526.01,Electronics,Email,Completed
16249,1072,2023-06-06,152.97,Apparel,Google Search,Completed
16250,2934,2024-04-03,530.93,Electronics,Email,Completed
16251,2099,2024-04-28,245.03,Apparel,Email,Completed
16252,1735,2022-07-12,796.54,Home & Kitchen,Paid Social,Completed
16253,4084,2023-08-10,918.35,Electronics,Organic,Completed
16254,2513,2023-03-30,498.83,Home & Kitchen,Email,Completed
16255,5443,2023-08-04,295.38,Apparel,SMS,Completed
16256,1762,2022-12-27,327.02,Home & Kitchen,Google Search,Completed
16257,5613,2022-08-13,294.2,Home & Kitchen,Google Search,Completed
16259,1862,2024-02-19,114.07,Beauty,Google Search,Completed
16260,5990,2023-11-01,410.94,Beauty,SMS,Completed
16263,3937,2023-11-01,182.18,Apparel,SMS,Completed
16264,2453,2024-07-10,113.78,Beauty,Paid Social,Completed
16265,4397,2024-02-23,141.12,Home & Kitchen,Organic,Completed
16266,2358,2023-02-27,1468.79,Electronics,Organic,Completed
16267,5950,2022-12-31,141.68,Home & Kitchen,SMS,Completed
16268,5497,2024-05-02,144.62,Home & Kitchen,Google Search,Completed
16269,1211,2022-05-17,118.91,Apparel,Google Search,Completed
16270,3478,2023-03-24,290.38,Electronics,Email,Completed
16274,3199,2023-10-01,39.09,Beauty,Email,Completed
16275,4281,2022-02-01,114.27,Beauty,SMS,Completed
16276,3648,2023-09-25,188.94,Electronics,SMS,Completed
16277,5350,2023-01-04,450.58,Sports,Google Search,Completed
16278,2958,2024-01-14,145.83,Sports,Google Search,Completed
16280,5215,2024-05-01,277.13,Home & Kitchen,Google Search,Completed
16281,2996,2024-12-07,167.5,Electronics,Email,Completed
16285,2857,2022-03-05,495.38,Apparel,Paid Social,Completed
16286,3556,2022-09-30,283.89,Apparel,Organic,Completed
16290,2739,2022-02-04,366.15,Apparel,Google Search,Completed
16291,5361,2023-04-16,282.86,Electronics,Paid Social,Completed
16292,3968,2023-10-23,265.42,Sports,Email,Completed
16294,5177,2022-06-26,113.69,Home & Kitchen,Organic,Completed
16295,3368,2024-05-26,1071.3,Electronics,Paid Social,Completed
16296,3965,2023-12-27,399.13,Beauty,Google Search,Completed
16297,2817,2022-03-11,96.08,Sports,Organic,Completed
16298,5740,2023-04-13,62.55,Sports,Organic,Completed
16299,2997,2024-02-27,98.51,Beauty,Paid Social,Completed
16300,4894,2023-05-14,119.95,Electronics,Email,Completed
16301,3333,2022-03-18,414.6,Electronics,SMS,Completed
16302,3931,2022-10-26,54.7,Home & Kitchen,Paid Social,Completed
16303,2188,2023-02-21,909.17,Sports,Organic,Completed
16305,5046,2024-09-10,641.25,Sports,Google Search,Completed
16306,5289,2024-01-22,260.86,Sports,Organic,Completed
16308,5032,2023-03-02,157.4,Electronics,Paid Social,Completed
16310,1550,2023-03-03,304.38,Beauty,Paid Social,Completed
16311,1169,2022-12-18,304.35,Sports,Paid Social,Completed
16312,2982,2022-10-15,92.91,Beauty,SMS,Completed
16314,3651,2023-11-10,196.67,Sports,Email,Completed
16315,1885,2022-04-20,764.72,Apparel,Email,Completed
16318,5658,2022-10-22,359.82,Sports,Paid Social,Completed
16319,2652,2023-03-22,198.09,Beauty,Email,Completed
16320,5127,2024-11-27,120.04,Sports,Organic,Completed
16323,4423,2024-02-23,454.71,Apparel,SMS,Completed
16324,2635,2024-10-24,197.52,Apparel,Google Search,Completed
16330,2318,2022-03-04,211.48,Sports,Paid Social,Completed
16331,4139,2023-01-09,222.35,Home & Kitchen,SMS,Completed
16332,3071,2023-11-16,209.48,Electronics,Organic,Completed
16333,3743,2022-09-04,347.56,Sports,SMS,Completed
16334,5155,2024-09-10,454.12,Electronics,Paid Social,Completed
16337,5976,2024-11-23,319.3,Home & Kitchen,SMS,Completed
16339,1418,2024-01-23,248.57,Sports,Organic,Completed
16340,1158,2022-04-27,209.08,Home & Kitchen,SMS,Completed
16341,1594,2022-01-25,477.2,Home & Kitchen,Email,Completed
16343,5316,2022-04-11,342.17,Beauty,Google Search,Completed
16344,5562,2023-10-22,212.48,Apparel,Google Search,Completed
16345,1449,2024-03-15,242.06,Electronics,Google Search,Completed
16348,5485,2024-03-17,441.75,Beauty,Paid Social,Completed
16349,1135,2022-07-31,231.8,Electronics,Paid Social,Completed
16350,3898,2023-08-06,204.54,Home & Kitchen,SMS,Completed
16351,2244,2023-01-31,183.17,Home & Kitchen,Email,Completed
16352,5583,2022-10-09,177.22,Apparel,Paid Social,Completed
16357,4605,2024-01-26,205.82,Apparel,Organic,Completed
16359,1051,2023-02-20,229.15,Sports,Paid Social,Completed
16360,3094,2023-11-23,158.23,Home & Kitchen,SMS,Completed
16363,1900,2022-12-19,313.09,Electronics,Google Search,Completed
16364,1088,2022-11-12,613.55,Electronics,Paid Social,Completed
16366,4969,2022-01-09,288.98,Apparel,Google Search,Completed
16369,3687,2023-06-15,121.4,Electronics,Email,Completed
16370,4172,2024-01-24,126.4,Apparel,Paid Social,Completed
16371,5470,2022-03-24,152.0,Beauty,SMS,Completed
16372,5829,2024-02-29,203.77,Apparel,SMS,Completed
16373,2662,2023-09-16,146.4,Electronics,SMS,Completed
16374,5544,2022-06-30,569.08,Beauty,Paid Social,Completed
16377,5558,2023-02-11,37.18,Sports,Google Search,Completed
16378,2538,2023-01-31,218.33,Sports,Organic,Completed
16379,2607,2023-03-04,488.04,Home & Kitchen,SMS,Completed
16382,4046,2022-10-23,177.14,Sports,Google Search,Completed
16383,4951,2023-05-25,208.97,Electronics,Paid Social,Completed
16385,2673,2023-03-01,200.25,Sports,Organic,Completed
16386,2278,2022-04-21,51.3,Electronics,Organic,Completed
16388,5203,2023-06-22,303.82,Beauty,Google Search,Completed
16389,2789,2023-06-07,226.77,Apparel,Organic,Completed
16391,5989,2024-01-02,489.98,Electronics,SMS,Completed
16393,3255,2022-10-30,347.9,Beauty,SMS,Completed
16394,2484,2022-03-12,515.49,Home & Kitchen,Email,Completed
16395,4182,2022-06-25,124.43,Apparel,Paid Social,Completed
16396,1900,2024-04-24,78.1,Sports,Organic,Completed
16397,5757,2022-02-05,156.31,Apparel,Organic,Completed
16398,4821,2022-02-09,130.5,Apparel,Paid Social,Completed
16399,5172,2022-07-31,251.59,Sports,Paid Social,Completed
16400,4531,2022-05-14,318.56,Beauty,Email,Completed
16401,3105,2023-07-05,154.1,Home & Kitchen,Google Search,Completed
16403,1094,2024-12-20,958.25,Electronics,Paid Social,Completed
16405,3760,2024-08-15,115.84,Sports,SMS,Completed
16406,1095,2022-05-05,195.06,Beauty,Organic,Completed
16409,2043,2022-04-20,107.86,Home & Kitchen,Paid Social,Completed
16410,2712,2023-04-21,141.63,Beauty,Email,Completed
16412,5153,2022-05-04,691.67,Electronics,Google Search,Completed
16413,4115,2023-01-13,634.36,Beauty,Email,Completed
16414,5579,2024-10-25,126.6,Home & Kitchen,Email,Completed
16417,2729,2024-05-10,104.49,Apparel,SMS,Completed
16419,4913,2022-09-27,401.72,Electronics,Organic,Completed
16420,2648,2023-02-27,52.79,Apparel,SMS,Completed
16421,1301,2023-01-16,139.33,Home & Kitchen,Paid Social,Completed
16422,5560,2022-11-23,62.93,Sports,Organic,Completed
16423,5951,2024-02-27,250.6,Beauty,Paid Social,Completed
16426,4899,2024-07-21,814.19,Apparel,Paid Social,Completed
16427,3312,2022-11-15,372.32,Sports,Organic,Completed
16428,3766,2022-04-10,67.29,Apparel,Paid Social,Completed
16429,3660,2023-08-01,227.15,Electronics,SMS,Completed
16430,3726,2022-05-07,309.85,Sports,Google Search,Completed
16432,4292,2024-10-06,538.6,Beauty,Organic,Completed
16433,3783,2023-08-07,129.76,Beauty,SMS,Completed
16437,4916,2022-10-26,236.57,Electronics,SMS,Completed
16438,1974,2024-07-03,255.4,Electronics,SMS,Completed
16439,3917,2023-07-16,263.98,Electronics,SMS,Completed
16440,1956,2023-08-07,326.83,Beauty,SMS,Completed
16441,2182,2023-10-19,246.82,Sports,SMS,Completed
16442,2613,2024-11-28,669.81,Home & Kitchen,SMS,Completed
16445,2849,2023-04-20,343.96,Apparel,Paid Social,Completed
16446,5252,2024-09-03,300.29,Home & Kitchen,Paid Social,Completed
16447,5428,2023-10-14,201.4,Home & Kitchen,Organic,Completed
16448,4024,2024-11-29,1033.5,Apparel,Email,Completed
16450,4347,2024-03-23,672.27,Electronics,Organic,Completed
16452,1048,2024-10-11,139.08,Apparel,Paid Social,Completed
16453,3588,2022-03-03,218.64,Home & Kitchen,SMS,Completed
16455,2115,2024-07-29,103.46,Apparel,Email,Completed
16457,5273,2023-11-07,223.16,Apparel,Email,Completed
16458,2736,2022-06-27,155.55,Home & Kitchen,SMS,Completed
16460,2878,2022-01-21,198.28,Beauty,Email,Completed
16461,1002,2022-02-22,86.63,Beauty,SMS,Completed
16462,1493,2024-12-12,117.91,Home & Kitchen,SMS,Completed
16463,4704,2022-06-07,281.05,Beauty,Google Search,Completed
16464,2433,2023-12-09,320.92,Beauty,Email,Completed
16465,2326,2022-08-26,137.89,Beauty,Organic,Completed
16466,2018,2022-09-30,129.9,Sports,Paid Social,Completed
16468,5620,2022-01-28,843.19,Sports,Email,Completed
16469,5029,2022-03-26,740.97,Beauty,SMS,Completed
16470,4627,2022-01-30,240.25,Sports,Email,Completed
16474,4185,2023-04-09,445.02,Home & Kitchen,SMS,Completed
16475,2788,2023-09-22,64.59,Apparel,Google Search,Completed
16476,1108,2022-10-04,330.75,Beauty,Organic,Completed
16480,4899,2024-04-15,36.68,Beauty,Organic,Completed
16481,5876,2024-08-12,120.54,Beauty,Paid Social,Completed
16483,3886,2022-12-28,52.27,Sports,Organic,Completed
16488,4158,2024-05-13,275.45,Electronics,Paid Social,Completed
16491,4840,2022-03-04,288.93,Electronics,Google Search,Completed
16492,5547,2024-08-14,168.19,Beauty,Google Search,Completed
16493,1264,2023-08-04,304.55,Apparel,Organic,Completed
16494,2638,2023-06-26,1106.77,Electronics,Email,Completed
16495,4236,2022-07-10,462.53,Beauty,Paid Social,Completed
16497,1833,2023-08-01,197.16,Beauty,Email,Completed
16498,5173,2023-12-21,71.28,Home & Kitchen,Google Search,Completed
16502,5258,2024-07-05,75.21,Sports,SMS,Completed
16506,5508,2024-04-06,469.31,Beauty,Email,Completed
16510,2853,2023-02-28,212.86,Home & Kitchen,Organic,Completed
16513,4446,2022-07-16,476.84,Home & Kitchen,SMS,Completed
16514,4884,2023-11-14,626.15,Electronics,Organic,Completed
16515,2388,2024-09-11,107.22,Home & Kitchen,Organic,Completed
16516,1465,2022-05-30,168.71,Home & Kitchen,Paid Social,Completed
16517,1706,2023-01-17,146.15,Sports,Email,Completed
16519,1557,2023-05-06,494.62,Apparel,Organic,Completed
16520,5751,2024-01-26,227.22,Home & Kitchen,Google Search,Completed
16521,5562,2024-08-09,484.83,Apparel,Google Search,Completed
16522,5833,2022-12-20,218.99,Home & Kitchen,SMS,Completed
16523,2720,2023-05-11,429.12,Home & Kitchen,Paid Social,Completed
16524,2008,2023-03-18,153.93,Beauty,Organic,Completed
16525,1084,2023-10-21,96.47,Sports,Organic,Completed
16529,4157,2022-08-28,295.14,Sports,Google Search,Completed
16531,3358,2022-08-28,472.76,Sports,Email,Completed
16532,5773,2023-06-08,144.17,Home & Kitchen,Paid Social,Completed
16533,1564,2023-02-18,75.22,Apparel,Organic,Completed
16535,1054,2022-08-31,30.84,Apparel,SMS,Completed
16538,2875,2022-11-30,437.61,Apparel,Google Search,Completed
16539,3946,2022-09-16,282.81,Home & Kitchen,SMS,Completed
16540,3758,2024-08-14,381.83,Apparel,Email,Completed
16542,1103,2024-12-25,426.61,Electronics,Email,Completed
16543,1276,2022-09-14,407.31,Sports,SMS,Completed
16545,5642,2024-05-14,516.38,Electronics,Google Search,Completed
16546,5455,2023-01-10,89.7,Home & Kitchen,Paid Social,Completed
16547,1948,2024-09-29,444.48,Apparel,Paid Social,Completed
16548,3165,2022-03-18,285.56,Apparel,Email,Completed
16549,3356,2024-12-23,334.87,Beauty,Paid Social,Completed
16552,1597,2022-03-19,206.75,Beauty,Google Search,Completed
16553,4737,2022-10-09,60.34,Beauty,Paid Social,Completed
16555,1646,2023-09-08,369.08,Sports,Paid Social,Completed
16562,1420,2024-11-15,1009.9,Sports,Paid Social,Completed
16565,1544,2022-04-29,238.73,Apparel,Paid Social,Completed
16566,1990,2023-05-04,1030.62,Home & Kitchen,Email,Completed
16567,2322,2023-09-11,486.42,Sports,SMS,Completed
16568,1091,2024-10-08,113.62,Home & Kitchen,Email,Completed
16571,5238,2024-03-16,102.97,Home & Kitchen,Google Search,Completed
16574,2956,2023-08-24,345.36,Sports,Email,Completed
16575,1758,2023-11-24,330.07,Apparel,SMS,Completed
16577,1360,2022-10-03,178.28,Sports,Email,Completed
16578,2106,2024-04-07,477.46,Beauty,SMS,Completed
16581,5700,2023-06-09,467.3,Apparel,Email,Completed
16583,2818,2022-07-04,165.94,Apparel,Email,Completed
16584,5691,2024-02-26,108.6,Apparel,Paid Social,Completed
16585,3305,2022-08-05,282.77,Home & Kitchen,Organic,Completed
16586,3461,2024-06-26,76.72,Sports,Google Search,Completed
16587,1672,2022-02-01,138.65,Electronics,Organic,Completed
16588,3642,2024-09-10,163.76,Apparel,Email,Completed
16589,2287,2024-01-18,393.76,Home & Kitchen,Email,Completed
16590,5413,2024-07-10,132.98,Sports,Email,Completed
16591,1436,2023-01-03,242.9,Electronics,Paid Social,Completed
16592,1840,2022-12-02,83.52,Beauty,Organic,Completed
16593,3033,2022-10-12,265.42,Beauty,SMS,Completed
16599,3199,2024-09-27,192.51,Apparel,SMS,Completed
16601,2831,2022-03-11,113.25,Electronics,Email,Completed
16602,3311,2023-10-22,170.4,Home & Kitchen,Email,Completed
16603,5172,2023-11-22,156.09,Electronics,Email,Completed
16604,2554,2022-09-11,378.04,Apparel,Paid Social,Completed
16605,2121,2023-12-14,135.96,Apparel,SMS,Completed
16607,1111,2023-02-26,296.28,Electronics,SMS,Completed
16608,3795,2023-07-16,48.44,Apparel,Organic,Completed
16609,1004,2023-03-23,440.62,Sports,Email,Completed
16610,4822,2024-10-13,86.76,Sports,Google Search,Completed
16611,4546,2023-07-02,93.66,Apparel,Google Search,Completed
16612,4388,2022-10-31,97.46,Beauty,SMS,Completed
16613,4607,2022-10-30,760.32,Electronics,SMS,Completed
16614,2884,2024-06-16,700.59,Home & Kitchen,Paid Social,Completed
16615,5196,2022-01-24,130.29,Electronics,Paid Social,Completed
16617,4624,2023-05-21,883.76,Apparel,Email,Completed
16619,5172,2024-12-08,1314.04,Home & Kitchen,Paid Social,Completed
16621,1365,2023-12-06,222.38,Home & Kitchen,SMS,Completed
16623,5718,2024-07-07,144.81,Beauty,Organic,Completed
16625,1014,2022-11-15,220.11,Beauty,Organic,Completed
16626,5801,2022-09-02,120.17,Sports,Paid Social,Completed
16627,3771,2024-04-30,286.46,Apparel,Paid Social,Completed
16629,3426,2023-09-28,276.57,Apparel,Google Search,Completed
16631,5429,2024-04-11,444.61,Home & Kitchen,Organic,Completed
16634,1196,2024-03-25,192.38,Sports,Google Search,Completed
16636,5184,2023-01-05,277.85,Beauty,Google Search,Completed
16637,1873,2023-09-07,252.27,Beauty,SMS,Completed
16638,4862,2023-07-07,526.21,Beauty,Email,Completed
16639,3400,2022-05-09,789.1,Home & Kitchen,Organic,Completed
16640,2745,2024-04-05,1474.46,Beauty,Organic,Completed
16643,4917,2024-08-11,299.92,Home & Kitchen,SMS,Completed
16644,1727,2023-08-19,125.72,Home & Kitchen,Google Search,Completed
16645,4157,2022-02-20,182.38,Home & Kitchen,Organic,Completed
16647,4596,2024-10-12,645.33,Beauty,Google Search,Completed
16651,1524,2023-08-01,784.33,Electronics,Organic,Completed
16652,2637,2022-10-15,150.52,Beauty,Google Search,Completed
16656,4376,2022-10-18,225.52,Beauty,Google Search,Completed
16657,1765,2024-10-13,204.27,Sports,Google Search,Completed
16658,2882,2023-01-25,230.23,Apparel,Paid Social,Completed
16661,4305,2022-07-29,271.15,Sports,Organic,Completed
16664,5280,2024-09-13,464.19,Beauty,Paid Social,Completed
16667,2489,2023-03-14,68.52,Electronics,SMS,Completed
16669,1913,2024-11-23,159.58,Beauty,SMS,Completed
16670,5433,2022-09-29,113.53,Home & Kitchen,Paid Social,Completed
16671,4731,2023-10-17,243.61,Beauty,Email,Completed
16672,2128,2023-09-16,109.19,Beauty,Google Search,Completed
16674,3396,2024-12-27,228.38,Home & Kitchen,SMS,Completed
16675,4798,2023-12-29,194.79,Electronics,Email,Completed
16676,3800,2024-10-02,272.43,Home & Kitchen,Organic,Completed
16678,4170,2024-10-26,227.79,Electronics,Google Search,Completed
16679,1506,2022-04-14,189.48,Electronics,Organic,Completed
16682,1443,2022-07-05,70.18,Electronics,Email,Completed
16683,3230,2024-06-08,234.32,Home & Kitchen,Email,Completed
16684,1277,2024-03-01,702.22,Sports,SMS,Completed
16686,4587,2023-07-03,305.69,Home & Kitchen,SMS,Completed
16688,4119,2024-11-07,1492.66,Sports,Google Search,Completed
16689,4666,2022-10-29,280.09,Home & Kitchen,Paid Social,Completed
16690,2095,2022-03-12,171.33,Apparel,SMS,Completed
16692,3352,2024-11-18,281.84,Beauty,Google Search,Completed
16697,2674,2023-08-08,1236.99,Sports,Paid Social,Completed
16699,5840,2023-02-20,162.54,Electronics,Email,Completed
16701,5394,2023-09-23,405.21,Electronics,Organic,Completed
16702,2741,2024-11-25,284.76,Apparel,Paid Social,Completed
16703,2269,2024-02-28,351.0,Apparel,SMS,Completed
16704,1116,2024-04-05,182.77,Apparel,Email,Completed
16706,3713,2022-05-02,101.13,Apparel,Organic,Completed
16707,5626,2023-10-24,1153.83,Beauty,Email,Completed
16713,4797,2022-03-09,251.2,Beauty,Paid Social,Completed
16714,3575,2022-02-07,1103.76,Electronics,SMS,Completed
16715,2681,2022-02-04,345.44,Apparel,Google Search,Completed
16716,4888,2024-10-06,249.75,Sports,SMS,Completed
16717,1206,2023-05-28,414.35,Apparel,Email,Completed
16718,5897,2024-06-30,164.89,Sports,Organic,Completed
16720,4793,2023-01-16,87.9,Sports,Google Search,Completed
16722,3737,2022-05-29,341.69,Electronics,Organic,Completed
16723,5533,2024-10-20,465.16,Beauty,Paid Social,Completed
16726,4245,2023-02-24,187.81,Beauty,Email,Completed
16727,3025,2023-01-17,317.6,Electronics,SMS,Completed
16729,3242,2024-08-20,140.17,Home & Kitchen,Google Search,Completed
16730,4738,2023-10-19,191.78,Apparel,Google Search,Completed
16732,1261,2024-05-02,127.28,Apparel,Email,Completed
16733,2290,2024-08-13,60.63,Apparel,Email,Completed
16735,2104,2023-12-29,347.48,Sports,Email,Completed
16736,3893,2023-04-08,223.25,Electronics,Organic,Completed
16737,4771,2022-06-09,275.6,Beauty,SMS,Completed
16738,4416,2023-11-26,216.33,Apparel,Email,Completed
16740,1061,2023-10-10,508.18,Sports,Email,Completed
16743,4194,2024-02-13,120.78,Electronics,SMS,Completed
16744,3894,2022-03-04,340.81,Sports,Email,Completed
16747,4687,2022-07-01,700.1,Sports,Paid Social,Completed
16748,2757,2022-04-18,690.51,Home & Kitchen,Email,Completed
16751,1887,2023-05-15,227.79,Beauty,SMS,Completed
16752,2472,2022-12-11,822.47,Home & Kitchen,Paid Social,Completed
16753,5809,2024-05-14,247.88,Sports,SMS,Completed
16754,3857,2024-05-01,935.55,Electronics,Email,Completed
16756,4920,2023-10-20,147.02,Home & Kitchen,Paid Social,Completed
16757,2827,2024-02-23,186.09,Home & Kitchen,SMS,Completed
16760,5132,2022-08-25,292.33,Beauty,Paid Social,Completed
16761,3892,2024-02-12,350.48,Sports,Google Search,Completed
16762,2002,2022-11-09,597.37,Apparel,Paid Social,Completed
16765,3942,2023-08-31,553.23,Sports,SMS,Completed
16766,3448,2022-07-14,615.43,Home & Kitchen,Email,Completed
16770,2765,2023-01-02,1088.66,Home & Kitchen,Google Search,Completed
16772,3279,2023-03-24,112.98,Apparel,Google Search,Completed
16773,1114,2023-05-24,550.59,Apparel,Email,Completed
16774,5154,2024-02-22,41.32,Electronics,Paid Social,Completed
16775,2403,2024-06-20,198.5,Apparel,Paid Social,Completed
16777,5325,2022-08-27,96.45,Apparel,Paid Social,Completed
16778,3443,2022-04-26,225.46,Beauty,SMS,Completed
16780,2431,2022-06-04,463.6,Sports,Organic,Completed
16781,3837,2022-03-02,1071.46,Home & Kitchen,Paid Social,Completed
16782,3200,2022-12-01,364.33,Home & Kitchen,SMS,Completed
16784,4632,2024-11-21,285.05,Sports,SMS,Completed
16785,5307,2022-10-28,129.66,Sports,Email,Completed
16786,2201,2023-03-17,138.64,Beauty,Google Search,Completed
16787,5003,2024-09-12,230.71,Electronics,Email,Completed
16788,5101,2022-11-03,136.76,Sports,Organic,Completed
16790,5038,2023-06-21,217.25,Beauty,Google Search,Completed
16791,2113,2022-12-16,316.65,Apparel,Paid Social,Completed
16792,4892,2022-12-03,112.79,Home & Kitchen,SMS,Completed
16795,2450,2022-12-17,620.88,Apparel,Organic,Completed
16798,4189,2023-05-28,118.21,Sports,SMS,Completed
16799,2122,2022-11-11,85.64,Apparel,Google Search,Completed
16802,2848,2023-11-09,472.94,Apparel,Paid Social,Completed
16804,2661,2024-04-19,69.46,Apparel,Google Search,Completed
16805,3378,2022-12-31,494.37,Home & Kitchen,Email,Completed
16806,4017,2023-01-01,114.88,Sports,SMS,Completed
16807,5588,2024-11-19,131.44,Sports,Google Search,Completed
16811,5629,2022-06-26,475.67,Sports,SMS,Completed
16814,2370,2023-04-11,349.85,Sports,Google Search,Completed
16818,3146,2022-05-05,92.93,Home & Kitchen,Paid Social,Completed
16821,5160,2023-01-08,189.3,Apparel,Google Search,Completed
16824,5753,2022-07-05,162.95,Apparel,Organic,Completed
16825,5752,2024-03-11,378.09,Apparel,Organic,Completed
16826,5559,2022-04-25,56.74,Sports,Google Search,Completed
16827,4214,2022-03-10,916.87,Sports,Paid Social,Completed
16828,2265,2024-08-04,364.18,Beauty,Google Search,Completed
16831,3850,2023-07-02,93.66,Apparel,SMS,Completed
16832,1208,2022-11-19,514.59,Home & Kitchen,Paid Social,Completed
16833,3216,2022-03-18,353.78,Beauty,Email,Completed
16835,1367,2023-11-23,421.72,Sports,Google Search,Completed
16837,5834,2024-06-29,219.19,Electronics,Email,Completed
16839,1920,2023-12-27,120.53,Sports,Paid Social,Completed
16841,1602,2024-03-14,202.75,Beauty,Paid Social,Completed
16842,5390,2023-07-28,211.53,Electronics,Email,Completed
16843,1460,2022-12-04,284.35,Home & Kitchen,Google Search,Completed
16844,3969,2022-08-29,264.59,Apparel,Organic,Completed
16845,2023,2022-11-20,253.3,Apparel,Organic,Completed
16849,3794,2024-08-09,107.4,Electronics,Organic,Completed
16851,3206,2024-02-05,1034.2,Sports,Google Search,Completed
16852,4001,2023-12-05,390.55,Electronics,SMS,Completed
16856,4628,2022-02-08,1315.26,Home & Kitchen,SMS,Completed
16859,2800,2024-11-27,62.26,Apparel,Paid Social,Completed
16860,1641,2023-09-06,109.21,Home & Kitchen,SMS,Completed
16862,2648,2022-07-20,295.29,Apparel,Google Search,Completed
16865,4661,2024-02-17,220.78,Electronics,SMS,Completed
16867,3137,2022-02-06,208.96,Beauty,Paid Social,Completed
16868,3009,2023-12-09,358.33,Sports,Paid Social,Completed
16869,1573,2024-11-12,604.9,Beauty,SMS,Completed
16873,4718,2022-10-28,185.08,Beauty,Paid Social,Completed
16874,2740,2024-07-23,308.12,Sports,Paid Social,Completed
16877,3941,2023-01-29,337.51,Beauty,Google Search,Completed
16879,3485,2022-04-08,99.8,Beauty,Google Search,Completed
16880,2015,2023-03-17,514.97,Home & Kitchen,Email,Completed
16885,4278,2023-01-12,703.95,Home & Kitchen,Email,Completed
16886,4799,2023-10-29,189.7,Electronics,SMS,Completed
16888,2460,2024-05-20,350.9,Sports,Google Search,Completed
16889,3709,2024-01-25,195.74,Sports,SMS,Completed
16891,4145,2023-01-07,188.93,Home & Kitchen,Organic,Completed
16894,5534,2023-07-04,136.18,Home & Kitchen,Organic,Completed
16896,1920,2023-02-27,200.27,Beauty,Organic,Completed
16897,4781,2023-10-24,578.21,Sports,Email,Completed
16898,2994,2024-03-12,222.79,Home & Kitchen,Email,Completed
16899,4600,2023-12-07,108.01,Sports,Paid Social,Completed
16900,4707,2024-09-28,268.66,Home & Kitchen,Email,Completed
16903,5736,2024-07-28,58.35,Sports,SMS,Completed
16908,1654,2024-11-12,68.08,Electronics,SMS,Completed
16912,2297,2023-06-15,78.78,Electronics,Paid Social,Completed
16913,1388,2023-08-14,204.16,Home & Kitchen,Paid Social,Completed
16915,2206,2023-06-07,216.14,Apparel,Organic,Completed
16916,4033,2022-09-13,385.31,Apparel,SMS,Completed
16918,4819,2024-05-23,895.64,Beauty,Email,Completed
16920,2512,2024-09-26,54.47,Apparel,Email,Completed
16921,2998,2024-02-15,318.45,Beauty,SMS,Completed
16922,3944,2022-09-05,157.02,Apparel,SMS,Completed
16923,4494,2022-05-01,279.36,Sports,Organic,Completed
16925,4483,2022-09-10,158.89,Home & Kitchen,Organic,Completed
16926,3742,2024-04-08,194.76,Electronics,Organic,Completed
16927,3870,2024-08-28,146.86,Apparel,Google Search,Completed
16928,5427,2023-02-28,301.03,Beauty,SMS,Completed
16929,1668,2023-07-05,211.58,Beauty,SMS,Completed
16931,2981,2024-11-27,193.01,Sports,SMS,Completed
16936,2861,2024-05-10,58.45,Beauty,SMS,Completed
16937,5398,2023-10-30,242.23,Apparel,Email,Completed
16939,1213,2022-04-23,156.12,Beauty,SMS,Completed
16942,3547,2023-08-29,112.94,Apparel,SMS,Completed
16943,5531,2022-03-16,90.51,Home & Kitchen,Organic,Completed
16945,4206,2024-08-09,179.48,Beauty,Paid Social,Completed
16946,4411,2024-03-17,613.59,Sports,Paid Social,Completed
16947,2559,2023-11-05,520.42,Apparel,Paid Social,Completed
16948,1316,2024-07-30,167.58,Home & Kitchen,Organic,Completed
16954,3446,2023-10-23,379.72,Home & Kitchen,Google Search,Completed
16956,1254,2024-09-07,450.11,Beauty,SMS,Completed
16957,5263,2022-04-18,129.49,Apparel,SMS,Completed
16958,1590,2023-09-21,18.95,Electronics,SMS,Completed
16959,3690,2022-12-03,134.49,Apparel,SMS,Completed
16960,5653,2023-07-09,416.46,Sports,SMS,Completed
16961,3429,2023-10-20,66.84,Home & Kitchen,Google Search,Completed
16962,5536,2022-05-24,1160.17,Beauty,Email,Completed
16963,3453,2024-05-02,209.77,Electronics,Organic,Completed
16964,1795,2022-11-17,1532.12,Sports,Paid Social,Completed
16965,3334,2024-08-02,150.41,Electronics,Email,Completed
16966,2695,2022-04-22,390.34,Beauty,Google Search,Completed
16967,4823,2023-05-12,378.63,Beauty,Google Search,Completed
16968,5956,2022-10-24,67.46,Electronics,Email,Completed
16970,5206,2024-06-12,382.19,Home & Kitchen,SMS,Completed
16973,3321,2024-12-15,69.55,Electronics,SMS,Completed
16975,2422,2022-06-25,92.06,Apparel,SMS,Completed
16976,2948,2024-07-31,108.0,Apparel,Organic,Completed
16977,2958,2023-03-27,101.41,Sports,Email,Completed
16978,4377,2024-02-26,292.24,Apparel,Paid Social,Completed
16981,5242,2024-02-21,237.22,Home & Kitchen,Paid Social,Completed
16982,1929,2024-08-30,69.42,Apparel,Organic,Completed
16983,5030,2022-10-03,318.54,Electronics,Google Search,Completed
16985,4561,2022-05-03,103.5,Sports,Paid Social,Completed
16986,2713,2024-05-24,32.25,Electronics,SMS,Completed
16990,5663,2023-01-12,107.08,Electronics,Organic,Completed
16991,4986,2024-10-18,185.43,Beauty,Organic,Completed
16992,5623,2024-10-13,808.73,Apparel,Paid Social,Completed
16994,1934,2022-08-15,158.46,Sports,Email,Completed
16995,2763,2024-06-09,164.89,Home & Kitchen,Organic,Completed
16997,2127,2022-10-26,279.15,Apparel,SMS,Completed
16998,4436,2022-10-03,186.16,Beauty,Organic,Completed
16999,4455,2023-02-11,225.5,Home & Kitchen,Paid Social,Completed
17002,5316,2022-06-01,188.8,Apparel,Google Search,Completed
17007,2920,2023-06-26,269.45,Home & Kitchen,Paid Social,Completed
17010,2387,2023-06-03,55.92,Electronics,Email,Completed
17011,2719,2023-09-18,653.77,Beauty,Google Search,Completed
17012,2400,2023-09-29,369.98,Sports,Paid Social,Completed
17013,4720,2024-02-27,355.47,Sports,Organic,Completed
17014,1642,2022-11-19,1318.0,Sports,Google Search,Completed
17015,2767,2023-12-30,101.03,Apparel,Google Search,Completed
17017,4051,2023-09-16,285.07,Electronics,Organic,Completed
17022,3528,2023-01-10,546.59,Apparel,Paid Social,Completed
17023,2142,2022-10-05,306.26,Sports,Email,Completed
17024,4235,2024-04-22,524.68,Sports,Paid Social,Completed
17025,4428,2023-01-24,142.01,Home & Kitchen,SMS,Completed
17027,5300,2023-06-20,99.56,Electronics,Email,Completed
17028,4445,2024-04-20,679.8,Electronics,Organic,Completed
17029,4415,2024-03-16,1035.25,Sports,Email,Completed
17030,4570,2024-06-11,132.14,Electronics,Organic,Completed
17031,1697,2023-11-20,300.7,Electronics,SMS,Completed
17035,2143,2023-09-07,126.31,Electronics,Paid Social,Completed
17036,4664,2022-12-16,266.1,Home & Kitchen,Email,Completed
17039,2854,2022-03-16,39.51,Home & Kitchen,Email,Completed
17040,3543,2024-07-06,92.43,Electronics,Paid Social,Completed
17041,5776,2023-10-17,292.44,Beauty,Email,Completed
17042,2597,2023-05-24,84.21,Electronics,Paid Social,Completed
17044,3925,2023-11-23,1960.74,Beauty,Organic,Completed
17045,1762,2022-12-17,394.29,Home & Kitchen,SMS,Completed
17046,3761,2022-06-28,201.62,Beauty,Email,Completed
17048,1506,2024-06-08,342.9,Sports,SMS,Completed
17050,1845,2023-08-17,191.86,Beauty,Paid Social,Completed
17051,2655,2022-04-14,197.12,Electronics,Paid Social,Completed
17053,2411,2024-04-22,171.4,Home & Kitchen,Organic,Completed
17054,5884,2023-11-23,463.85,Apparel,Organic,Completed
17055,1099,2024-09-16,208.79,Electronics,Organic,Completed
17057,4870,2022-04-25,131.78,Sports,Email,Completed
17058,2212,2024-10-14,350.71,Home & Kitchen,Email,Completed
17059,5769,2024-08-17,50.3,Sports,Google Search,Completed
17061,2967,2022-02-04,487.39,Home & Kitchen,SMS,Completed
17064,4869,2024-04-24,448.61,Home & Kitchen,SMS,Completed
17065,5414,2022-10-26,194.76,Electronics,Organic,Completed
17068,5724,2022-03-13,307.84,Beauty,Paid Social,Completed
17069,2554,2022-11-05,256.76,Apparel,Organic,Completed
17073,2995,2022-08-27,170.66,Apparel,Paid Social,Completed
17074,4317,2024-09-08,998.38,Electronics,SMS,Completed
17076,2465,2023-07-13,1189.02,Sports,Organic,Completed
17079,5706,2023-01-30,722.73,Apparel,Google Search,Completed
17080,5988,2022-04-07,153.06,Sports,Google Search,Completed
17081,5071,2024-10-05,129.08,Electronics,Organic,Completed
17082,2900,2024-01-29,76.23,Home & Kitchen,SMS,Completed
17083,1013,2022-05-04,139.87,Sports,Paid Social,Completed
17084,5371,2022-08-10,206.49,Beauty,Paid Social,Completed
17085,4210,2024-09-24,72.16,Home & Kitchen,Email,Completed
17088,2438,2023-10-20,44.98,Electronics,Google Search,Completed
17089,1074,2022-06-27,31.59,Apparel,Email,Completed
17091,1301,2024-11-19,153.27,Home & Kitchen,SMS,Completed
17092,5792,2023-10-20,636.36,Beauty,SMS,Completed
17093,2771,2022-02-27,99.51,Home & Kitchen,Email,Completed
17094,4305,2022-09-28,1472.76,Electronics,Google Search,Completed
17096,2400,2023-01-02,233.8,Beauty,Organic,Completed
17097,2022,2022-09-23,127.3,Apparel,Paid Social,Completed
17099,1053,2023-03-04,113.47,Beauty,Email,Completed
17100,1919,2024-09-27,190.67,Sports,Paid Social,Completed
17102,1147,2024-12-12,414.67,Home & Kitchen,Organic,Completed
17103,2447,2023-11-08,83.0,Apparel,Paid Social,Completed
17105,1138,2023-11-29,215.99,Electronics,SMS,Completed
17106,1059,2023-04-10,179.18,Electronics,Google Search,Completed
17107,3909,2023-04-23,38.29,Apparel,Google Search,Completed
17108,5393,2024-11-23,160.88,Beauty,Paid Social,Completed
17109,4198,2023-09-28,233.91,Sports,Google Search,Completed
17110,2827,2024-01-25,336.94,Home & Kitchen,Google Search,Completed
17111,2253,2024-11-27,357.41,Beauty,Email,Completed
17112,5140,2023-09-01,488.87,Beauty,Google Search,Completed
17114,4662,2023-06-18,232.28,Home & Kitchen,SMS,Completed
17115,3182,2022-05-28,204.96,Beauty,Organic,Completed
17116,5690,2024-11-11,381.34,Electronics,Email,Completed
17117,4197,2023-06-28,238.47,Sports,SMS,Completed
17122,5563,2022-10-22,55.15,Home & Kitchen,Email,Completed
17128,3784,2022-10-14,778.61,Apparel,Email,Completed
17130,4764,2024-10-22,299.82,Sports,SMS,Completed
17132,3884,2023-12-23,168.51,Electronics,SMS,Completed
17134,4826,2023-07-04,87.84,Beauty,Organic,Completed
17135,4074,2023-01-23,1514.26,Sports,Google Search,Completed
17136,2903,2024-07-06,208.96,Apparel,SMS,Completed
17138,2750,2024-02-01,1018.49,Home & Kitchen,SMS,Completed
17140,4110,2022-06-13,599.68,Sports,Google Search,Completed
17142,3321,2023-12-20,702.57,Apparel,Paid Social,Completed
17143,4764,2022-05-25,75.46,Home & Kitchen,Organic,Completed
17145,3182,2022-09-11,211.42,Home & Kitchen,Paid Social,Completed
17146,5932,2022-10-23,374.81,Apparel,Organic,Completed
17148,3006,2022-01-29,159.78,Electronics,SMS,Completed
17149,5403,2023-01-27,963.2,Apparel,Email,Completed
17152,5483,2023-06-05,220.43,Home & Kitchen,Email,Completed
17153,2509,2023-07-12,821.31,Beauty,Paid Social,Completed
17155,4131,2022-08-29,88.53,Home & Kitchen,Paid Social,Completed
17157,4394,2023-10-29,113.45,Beauty,Paid Social,Completed
17158,1505,2022-10-20,170.33,Apparel,Organic,Completed
17159,5287,2023-11-20,74.63,Apparel,Paid Social,Completed
17161,1546,2024-04-10,628.21,Sports,SMS,Completed
17162,4115,2023-08-13,250.73,Beauty,Paid Social,Completed
17163,1846,2024-03-01,291.0,Home & Kitchen,Paid Social,Completed
17165,3411,2024-09-12,429.79,Apparel,Email,Completed
17168,3886,2024-11-11,217.69,Apparel,SMS,Completed
17171,2170,2024-12-17,72.61,Apparel,Google Search,Completed
17173,5124,2024-10-17,103.28,Electronics,Google Search,Completed
17174,2103,2022-10-18,1130.8,Beauty,Google Search,Completed
17175,3951,2024-09-22,330.04,Home & Kitchen,SMS,Completed
17176,3466,2022-10-23,401.24,Home & Kitchen,Paid Social,Completed
17177,5292,2024-05-28,142.81,Beauty,Google Search,Completed
17178,1811,2023-07-27,166.43,Beauty,Email,Completed
17180,1532,2024-11-21,78.49,Home & Kitchen,Email,Completed
17181,1777,2023-06-22,243.25,Electronics,SMS,Completed
17182,4398,2022-02-18,247.82,Electronics,Email,Completed
17183,3420,2024-10-02,352.28,Electronics,Paid Social,Completed
17185,1169,2023-07-10,354.37,Apparel,Google Search,Completed
17186,1277,2022-07-20,156.18,Home & Kitchen,SMS,Completed
17189,2896,2022-08-30,562.68,Beauty,Email,Completed
17191,3920,2022-08-22,29.62,Apparel,Paid Social,Completed
17192,4337,2022-09-07,69.99,Apparel,Organic,Completed
17194,1469,2024-08-04,163.07,Home & Kitchen,Google Search,Completed
17196,4447,2024-12-30,309.77,Electronics,Email,Completed
17197,4660,2024-11-23,130.04,Home & Kitchen,SMS,Completed
17199,5325,2024-09-22,896.41,Electronics,Email,Completed
17200,5440,2024-08-07,495.56,Apparel,Paid Social,Completed
17203,3551,2023-09-20,404.99,Apparel,Google Search,Completed
17204,3559,2024-02-05,73.38,Sports,Google Search,Completed
17205,5314,2023-10-21,70.13,Apparel,SMS,Completed
17206,4634,2022-11-28,405.2,Home & Kitchen,SMS,Completed
17209,1151,2022-04-05,456.71,Home & Kitchen,Paid Social,Completed
17210,1139,2022-01-25,993.66,Electronics,Google Search,Completed
17211,5984,2022-09-13,190.57,Sports,Google Search,Completed
17212,2576,2023-09-28,102.29,Sports,Paid Social,Completed
17213,3055,2024-02-17,567.57,Home & Kitchen,Google Search,Completed
17214,5788,2022-06-06,201.69,Apparel,Google Search,Completed
17215,3453,2024-03-31,62.72,Sports,Paid Social,Completed
17217,1376,2024-05-21,389.48,Beauty,Google Search,Completed
17218,5743,2024-12-01,461.52,Beauty,Organic,Completed
17219,2557,2023-06-03,242.73,Electronics,Email,Completed
17221,2969,2022-04-24,248.33,Electronics,Paid Social,Completed
17222,3983,2024-11-14,211.49,Beauty,SMS,Completed
17223,4257,2023-06-12,68.24,Sports,Paid Social,Completed
17226,4869,2023-05-21,544.62,Beauty,SMS,Completed
17227,5624,2024-03-29,131.89,Home & Kitchen,Google Search,Completed
17230,3748,2024-12-24,143.05,Beauty,SMS,Completed
17231,5060,2022-08-25,140.8,Home & Kitchen,Email,Completed
17232,5750,2024-03-17,73.84,Beauty,SMS,Completed
17233,5644,2024-01-29,710.66,Home & Kitchen,Email,Completed
17237,5614,2022-03-09,1059.5,Apparel,Paid Social,Completed
17238,5576,2024-08-12,314.86,Home & Kitchen,Email,Completed
17240,4474,2024-08-07,315.4,Electronics,Email,Completed
17249,5007,2023-04-16,112.16,Beauty,Google Search,Completed
17251,2232,2024-07-21,543.56,Sports,SMS,Completed
17252,4085,2022-04-30,88.26,Home & Kitchen,SMS,Completed
17253,5260,2024-04-01,611.72,Electronics,SMS,Completed
17254,1778,2022-04-20,134.46,Beauty,Paid Social,Completed
17255,1686,2023-02-21,234.0,Home & Kitchen,SMS,Completed
17256,2588,2024-12-29,499.04,Sports,Email,Completed
17257,2114,2023-04-18,196.19,Beauty,SMS,Completed
17258,1219,2023-06-07,379.77,Home & Kitchen,Paid Social,Completed
17259,4268,2023-01-10,117.93,Electronics,Email,Completed
17261,4626,2022-11-14,440.59,Beauty,Organic,Completed
17263,3488,2024-08-29,271.9,Beauty,Organic,Completed
17264,1503,2024-02-07,301.11,Electronics,Google Search,Completed
17265,5048,2023-06-05,201.07,Apparel,Organic,Completed
17267,4652,2022-10-10,191.26,Apparel,Paid Social,Completed
17269,3758,2022-09-11,250.83,Electronics,SMS,Completed
17270,3065,2022-04-18,309.75,Beauty,Paid Social,Completed
17271,2846,2022-09-13,273.34,Sports,Google Search,Completed
17272,2020,2022-07-09,184.37,Sports,SMS,Completed
17274,1989,2023-02-15,394.71,Apparel,Email,Completed
17275,1120,2024-05-12,295.78,Beauty,Email,Completed
17276,5655,2023-06-08,283.49,Electronics,Email,Completed
17277,1030,2022-11-30,200.31,Electronics,Google Search,Completed
17278,2129,2022-04-11,105.32,Electronics,SMS,Completed
17279,5774,2024-11-07,212.71,Home & Kitchen,SMS,Completed
17282,3386,2024-10-18,2548.38,Home & Kitchen,Email,Completed
17283,5786,2023-01-17,535.4,Sports,Paid Social,Completed
17285,5417,2023-06-09,373.66,Home & Kitchen,SMS,Completed
17288,1489,2022-01-21,964.54,Apparel,Paid Social,Completed
17291,1340,2022-06-10,298.72,Apparel,Paid Social,Completed
17292,5047,2023-01-04,266.32,Sports,SMS,Completed
17296,1570,2023-12-13,54.39,Sports,Organic,Completed
17297,3561,2024-03-09,379.55,Electronics,Paid Social,Completed
17298,3509,2024-07-23,164.86,Electronics,Email,Completed
17299,3521,2023-02-03,214.16,Apparel,Email,Completed
17301,3481,2023-09-17,390.92,Sports,SMS,Completed
17302,2947,2023-12-30,408.35,Sports,SMS,Completed
17303,5305,2022-01-27,149.06,Electronics,Email,Completed
17306,3799,2022-03-26,848.07,Apparel,Organic,Completed
17307,3022,2022-06-22,99.51,Home & Kitchen,Email,Completed
17308,3749,2024-08-11,389.93,Electronics,Email,Completed
17309,5524,2022-07-18,280.53,Sports,Email,Completed
17310,2269,2024-03-28,451.93,Home & Kitchen,Organic,Completed
17311,4786,2023-01-22,181.54,Home & Kitchen,Google Search,Completed
17314,2474,2023-02-16,564.05,Home & Kitchen,Email,Completed
17315,1048,2022-04-16,42.37,Sports,Organic,Completed
17318,1548,2022-06-14,295.99,Beauty,Google Search,Completed
17319,4822,2022-01-02,2166.16,Electronics,Paid Social,Completed
17321,2807,2023-05-13,81.08,Apparel,Organic,Completed
17324,2254,2023-03-14,368.78,Electronics,SMS,Completed
17325,4129,2024-01-23,72.94,Sports,Email,Completed
17330,1846,2022-10-28,85.36,Apparel,SMS,Completed
17335,1618,2024-11-24,154.79,Sports,Paid Social,Completed
17337,5293,2024-05-22,226.58,Electronics,SMS,Completed
17339,2563,2022-05-10,1891.88,Beauty,SMS,Completed
17340,4704,2022-06-19,153.74,Electronics,Organic,Completed
17341,4906,2024-10-24,204.89,Sports,SMS,Completed
17342,1168,2023-07-12,119.74,Sports,SMS,Completed
17345,2715,2023-07-04,846.34,Sports,Email,Completed
17346,2572,2022-02-01,1199.44,Home & Kitchen,Organic,Completed
17347,1286,2023-07-31,440.41,Electronics,Email,Completed
17350,3325,2024-01-23,228.1,Apparel,Organic,Completed
17351,4181,2022-05-13,702.82,Sports,Paid Social,Completed
17352,4153,2023-12-07,148.05,Apparel,Organic,Completed
17353,3345,2023-06-07,929.05,Apparel,Google Search,Completed
17354,3644,2023-04-21,220.98,Electronics,SMS,Completed
17355,2340,2023-01-26,720.67,Apparel,Paid Social,Completed
17356,3732,2024-11-13,1017.33,Sports,Paid Social,Completed
17358,1555,2024-01-23,254.16,Electronics,Email,Completed
17360,3529,2023-01-02,448.74,Apparel,Google Search,Completed
17361,5846,2023-07-02,708.55,Electronics,Organic,Completed
17362,5775,2022-06-10,476.43,Sports,Email,Completed
17363,3038,2023-12-09,329.88,Sports,SMS,Completed
17365,3676,2024-07-25,286.94,Home & Kitchen,Organic,Completed
17366,2252,2023-10-17,104.98,Apparel,Organic,Completed
17367,4150,2023-04-20,350.31,Sports,SMS,Completed
17368,3092,2023-06-06,169.06,Beauty,Paid Social,Completed
17373,1818,2023-04-26,431.94,Home & Kitchen,Paid Social,Completed
17374,3910,2024-10-16,155.2,Beauty,Email,Completed
17376,1108,2022-02-23,215.73,Home & Kitchen,Google Search,Completed
17379,2297,2022-09-05,89.24,Apparel,Email,Completed
17380,5013,2024-01-06,483.62,Beauty,Email,Completed
17381,3596,2022-06-13,36.57,Apparel,Organic,Completed
17382,2694,2023-08-13,292.16,Electronics,Google Search,Completed
17383,3912,2024-06-13,289.4,Beauty,Email,Completed
17384,5120,2024-09-12,410.65,Home & Kitchen,Google Search,Completed
17386,5231,2024-05-29,180.52,Home & Kitchen,Paid Social,Completed
17387,5172,2022-01-24,356.34,Apparel,Google Search,Completed
17388,1063,2023-11-12,409.65,Home & Kitchen,SMS,Completed
17391,2257,2022-04-16,71.14,Apparel,Google Search,Completed
17392,2513,2024-01-06,140.7,Electronics,Google Search,Completed
17394,1934,2023-02-09,88.94,Beauty,Paid Social,Completed
17395,2540,2022-07-08,255.65,Beauty,Paid Social,Completed
17396,3106,2024-04-23,85.88,Sports,Paid Social,Completed
17397,2445,2023-04-22,399.05,Beauty,SMS,Completed
17399,4914,2022-02-21,474.09,Electronics,Paid Social,Completed
17400,1525,2022-02-12,113.32,Home & Kitchen,SMS,Completed
17401,2814,2022-07-27,425.05,Home & Kitchen,SMS,Completed
17402,1619,2024-09-25,286.74,Apparel,SMS,Completed
17403,5427,2024-01-06,386.22,Electronics,Organic,Completed
17404,5389,2023-08-12,175.69,Electronics,Email,Completed
17406,4210,2022-03-24,988.47,Home & Kitchen,Paid Social,Completed
17408,1378,2023-04-02,128.99,Sports,Google Search,Completed
17410,2721,2024-09-10,136.67,Electronics,Email,Completed
17411,2666,2024-05-08,75.03,Apparel,SMS,Completed
17412,2686,2024-04-10,925.75,Beauty,Google Search,Completed
17413,1767,2024-12-08,424.77,Home & Kitchen,Email,Completed
17414,3568,2022-04-26,148.43,Sports,Google Search,Completed
17415,1228,2022-09-01,465.72,Electronics,Google Search,Completed
17419,1959,2022-11-27,96.86,Electronics,SMS,Completed
17420,3254,2022-02-02,145.53,Electronics,Email,Completed
17422,5562,2022-12-31,333.8,Beauty,Paid Social,Completed
17424,2056,2024-06-16,182.66,Beauty,Email,Completed
17426,5832,2023-05-22,140.57,Apparel,Organic,Completed
17429,5632,2022-05-25,129.04,Sports,Organic,Completed
17433,1853,2022-04-15,372.76,Electronics,Organic,Completed
17434,2118,2022-07-19,374.42,Home & Kitchen,Email,Completed
17435,1854,2022-06-03,289.69,Electronics,Paid Social,Completed
17437,3106,2022-10-11,866.63,Beauty,SMS,Completed
17438,3404,2022-10-23,176.04,Home & Kitchen,SMS,Completed
17439,4783,2024-10-03,224.63,Sports,SMS,Completed
17440,5588,2023-05-01,417.91,Apparel,Google Search,Completed
17441,4522,2024-01-10,355.37,Sports,Email,Completed
17446,2794,2023-10-26,357.48,Home & Kitchen,Google Search,Completed
17447,2103,2023-11-24,1004.1,Home & Kitchen,Google Search,Completed
17448,4963,2024-09-12,228.22,Sports,Paid Social,Completed
17449,4845,2024-01-16,234.66,Electronics,SMS,Completed
17450,4164,2023-05-23,229.16,Apparel,Email,Completed
17452,1544,2023-10-02,2195.85,Home & Kitchen,Google Search,Completed
17453,3762,2024-05-17,266.15,Apparel,Organic,Completed
17454,3804,2022-06-19,120.2,Beauty,Organic,Completed
17458,2449,2024-01-26,285.48,Sports,Google Search,Completed
17459,5068,2022-03-16,1050.16,Beauty,SMS,Completed
17460,3606,2023-03-06,194.32,Home & Kitchen,Organic,Completed
17461,1586,2022-06-14,311.45,Home & Kitchen,SMS,Completed
17463,4490,2023-09-30,418.45,Sports,SMS,Completed
17464,4534,2023-11-25,39.34,Electronics,SMS,Completed
17465,1496,2022-03-06,195.2,Apparel,SMS,Completed
17466,2059,2024-04-24,220.97,Beauty,SMS,Completed
17468,5696,2022-10-18,452.93,Sports,Organic,Completed
17469,4996,2023-01-06,732.41,Beauty,Paid Social,Completed
17477,3418,2023-11-07,348.87,Home & Kitchen,Paid Social,Completed
17478,3782,2024-03-02,373.37,Beauty,Email,Completed
17479,2569,2022-12-29,117.78,Apparel,Email,Completed
17480,4516,2024-10-27,246.21,Beauty,Paid Social,Completed
17482,5955,2022-11-03,525.25,Electronics,Organic,Completed
17488,2757,2022-11-08,646.56,Home & Kitchen,Email,Completed
17490,4105,2023-05-11,167.86,Sports,Organic,Completed
17491,3568,2024-09-28,1187.01,Apparel,SMS,Completed
17493,2341,2024-05-08,612.65,Home & Kitchen,Email,Completed
17494,2129,2022-02-10,64.28,Beauty,Organic,Completed
17495,2208,2022-04-17,151.8,Electronics,Email,Completed
17497,3453,2022-03-25,163.25,Beauty,Paid Social,Completed
17499,5669,2022-08-25,63.02,Apparel,Google Search,Completed
17500,4766,2024-04-21,117.29,Home & Kitchen,Email,Completed
17502,5870,2022-04-05,87.45,Beauty,Organic,Completed
17504,5215,2022-05-23,86.75,Apparel,SMS,Completed
17505,2342,2023-07-15,308.08,Apparel,SMS,Completed
17506,2787,2022-09-29,223.15,Apparel,Google Search,Completed
17508,3649,2023-10-11,95.12,Home & Kitchen,Organic,Completed
17511,5258,2024-03-16,634.16,Sports,Organic,Completed
17512,4869,2024-11-11,213.77,Sports,Google Search,Completed
17515,2858,2022-02-24,242.09,Apparel,Email,Completed
17517,4647,2024-08-19,154.62,Apparel,Paid Social,Completed
17519,3775,2023-12-14,107.58,Apparel,SMS,Completed
17520,1428,2023-11-20,738.46,Home & Kitchen,Google Search,Completed
17522,3803,2024-03-11,787.22,Sports,Email,Completed
17523,1489,2024-08-16,762.25,Apparel,SMS,Completed
17524,3244,2023-02-07,357.92,Electronics,SMS,Completed
17525,3348,2024-05-24,525.95,Apparel,Organic,Completed
17528,4630,2024-12-11,652.41,Home & Kitchen,Google Search,Completed
17531,4679,2022-01-04,489.56,Sports,Organic,Completed
17532,3124,2024-02-01,211.76,Beauty,Google Search,Completed
17533,2790,2022-01-10,97.59,Beauty,Paid Social,Completed
17534,3536,2023-02-10,465.85,Sports,Email,Completed
17535,2154,2024-08-23,116.57,Apparel,Email,Completed
17536,1147,2022-04-23,348.73,Apparel,Email,Completed
17537,3102,2023-06-12,322.15,Sports,Paid Social,Completed
17538,4735,2023-05-05,273.35,Home & Kitchen,Email,Completed
17539,5613,2023-10-01,301.34,Sports,Email,Completed
17540,1028,2023-08-27,199.2,Sports,Organic,Completed
17541,3227,2023-03-05,121.83,Electronics,Google Search,Completed
17542,5216,2023-09-12,379.06,Home & Kitchen,Organic,Completed
17544,1651,2023-10-22,549.81,Beauty,Paid Social,Completed
17546,1711,2024-05-04,169.68,Sports,Organic,Completed
17547,3885,2022-05-12,2289.69,Sports,Google Search,Completed
17548,4159,2023-10-04,381.1,Electronics,SMS,Completed
17549,3903,2023-10-04,315.85,Apparel,Organic,Completed
17550,3312,2023-08-25,462.78,Home & Kitchen,Email,Completed
17552,1562,2022-06-11,296.36,Electronics,Google Search,Completed
17555,5546,2023-10-08,71.68,Sports,Paid Social,Completed
17557,4572,2024-11-08,200.75,Electronics,SMS,Completed
17559,2199,2023-07-29,238.31,Electronics,Google Search,Completed
17560,5452,2024-04-06,126.19,Electronics,SMS,Completed
17561,4645,2022-11-09,285.75,Home & Kitchen,Google Search,Completed
17564,1840,2023-03-19,355.04,Home & Kitchen,Google Search,Completed
17565,3658,2024-04-03,136.97,Beauty,Email,Completed
17566,5501,2024-09-18,386.03,Apparel,Organic,Completed
17567,4192,2022-11-22,509.54,Home & Kitchen,Organic,Completed
17572,2143,2022-12-04,549.8,Home & Kitchen,Paid Social,Completed
17573,3086,2023-11-26,173.11,Sports,Google Search,Completed
17574,5739,2024-02-10,163.79,Apparel,SMS,Completed
17575,1833,2022-10-08,236.53,Apparel,Paid Social,Completed
17578,1303,2023-06-24,236.62,Sports,SMS,Completed
17579,1198,2022-10-02,104.62,Sports,Google Search,Completed
17580,5903,2022-04-25,102.12,Home & Kitchen,Email,Completed
17583,3456,2022-02-06,578.57,Beauty,SMS,Completed
17584,2182,2023-08-21,1403.15,Home & Kitchen,Organic,Completed
17585,4670,2023-09-17,879.14,Electronics,SMS,Completed
17587,2788,2023-10-21,639.31,Electronics,Email,Completed
17588,5481,2023-05-03,276.37,Apparel,Organic,Completed
17589,2565,2023-04-22,386.22,Apparel,Email,Completed
17591,3021,2024-09-17,684.2,Home & Kitchen,Google Search,Completed
17593,3007,2023-03-25,192.22,Electronics,Email,Completed
17594,4058,2023-02-06,228.84,Electronics,Paid Social,Completed
17596,3494,2023-01-02,343.0,Sports,Email,Completed
17597,5325,2023-02-14,827.31,Electronics,Organic,Completed
17598,5926,2023-04-02,223.76,Apparel,Paid Social,Completed
17601,2524,2022-07-17,156.98,Sports,Email,Completed
17603,1834,2024-09-22,100.09,Beauty,Organic,Completed
17604,5104,2023-08-01,46.01,Sports,Google Search,Completed
17605,2162,2023-01-13,123.57,Electronics,Paid Social,Completed
17607,4992,2023-01-31,320.71,Apparel,Paid Social,Completed
17611,4859,2024-10-13,190.97,Apparel,Organic,Completed
17612,1315,2024-04-06,92.94,Sports,SMS,Completed
17613,4642,2024-06-29,285.35,Beauty,SMS,Completed
17614,2760,2022-01-14,1007.65,Apparel,Organic,Completed
17618,4574,2022-01-14,610.66,Beauty,Email,Completed
17620,5810,2023-11-04,827.57,Electronics,Paid Social,Completed
17621,5890,2023-10-18,393.69,Beauty,Google Search,Completed
17622,2665,2022-05-07,108.28,Apparel,Paid Social,Completed
17624,2077,2024-02-05,205.25,Sports,Organic,Completed
17625,2956,2024-09-15,105.28,Electronics,Organic,Completed
17626,1020,2022-02-12,67.71,Home & Kitchen,Paid Social,Completed
17627,2684,2024-04-16,655.39,Home & Kitchen,SMS,Completed
17628,1192,2022-12-24,51.91,Beauty,Email,Completed
17629,3157,2024-01-30,892.29,Home & Kitchen,Paid Social,Completed
17632,5315,2022-11-08,1549.94,Apparel,Paid Social,Completed
17633,1319,2022-11-25,422.74,Beauty,Google Search,Completed
17634,1590,2022-05-05,145.78,Home & Kitchen,Email,Completed
17635,4987,2023-06-11,1019.8,Home & Kitchen,Paid Social,Completed
17637,3907,2022-08-03,292.51,Sports,Email,Completed
17639,4224,2022-06-14,168.19,Beauty,Email,Completed
17643,3636,2024-09-20,49.65,Sports,SMS,Completed
17644,3357,2024-05-13,52.82,Sports,Google Search,Completed
17648,2702,2023-06-03,188.25,Beauty,Paid Social,Completed
17650,2286,2024-03-04,668.63,Sports,Paid Social,Completed
17651,2325,2023-09-02,324.96,Home & Kitchen,Email,Completed
17652,2367,2022-04-15,1081.96,Electronics,Organic,Completed
17656,1279,2024-05-12,94.28,Sports,Google Search,Completed
17657,1336,2023-10-09,272.11,Sports,Paid Social,Completed
17658,2602,2024-05-02,278.16,Electronics,Paid Social,Completed
17659,4719,2024-01-17,91.49,Beauty,Paid Social,Completed
17662,4204,2022-07-25,110.61,Electronics,SMS,Completed
17663,3356,2023-06-28,3237.97,Home & Kitchen,Google Search,Completed
17665,3909,2024-09-18,209.58,Sports,SMS,Completed
17669,4391,2023-04-04,157.32,Beauty,Organic,Completed
17671,2761,2023-01-21,263.43,Beauty,Google Search,Completed
17673,3970,2024-12-28,352.45,Beauty,Organic,Completed
17675,1093,2024-02-22,649.02,Beauty,Email,Completed
17676,4812,2022-04-10,1235.58,Electronics,Email,Completed
17679,1137,2023-05-24,132.04,Beauty,Organic,Completed
17680,4545,2023-02-10,218.84,Beauty,Paid Social,Completed
17681,5933,2022-08-07,33.51,Sports,Google Search,Completed
17682,3208,2024-10-04,166.91,Apparel,SMS,Completed
17683,4678,2022-08-26,366.15,Apparel,Paid Social,Completed
17685,5598,2023-11-09,199.49,Home & Kitchen,Organic,Completed
17689,5917,2022-02-23,113.13,Home & Kitchen,Organic,Completed
17690,4028,2024-07-31,121.09,Apparel,Paid Social,Completed
17693,2770,2022-02-11,98.66,Apparel,Organic,Completed
17695,3936,2022-10-17,51.94,Beauty,Organic,Completed
17696,4273,2022-07-17,183.47,Home & Kitchen,Organic,Completed
17699,3314,2022-09-22,443.78,Home & Kitchen,Email,Completed
17702,4892,2024-12-20,566.33,Apparel,Google Search,Completed
17703,5360,2024-02-17,140.13,Electronics,Email,Completed
17707,5410,2022-02-11,581.61,Electronics,Paid Social,Completed
17708,5647,2024-05-07,139.14,Electronics,Organic,Completed
17709,4067,2023-03-06,102.65,Electronics,Email,Completed
17711,4774,2023-11-13,249.87,Home & Kitchen,SMS,Completed
17714,1883,2023-07-28,625.62,Sports,SMS,Completed
17715,3291,2023-07-19,710.68,Sports,Organic,Completed
17716,5515,2022-08-19,82.17,Beauty,Email,Completed
17717,4952,2022-12-23,113.6,Electronics,Paid Social,Completed
17718,1218,2024-12-25,201.99,Beauty,Email,Completed
17719,4289,2024-11-12,223.36,Sports,SMS,Completed
17720,3226,2023-07-24,360.49,Home & Kitchen,Organic,Completed
17721,4369,2023-11-21,179.77,Sports,Email,Completed
17722,2193,2022-05-22,205.64,Sports,Organic,Completed
17724,1777,2023-09-28,645.57,Beauty,Paid Social,Completed
17725,3599,2024-02-09,58.35,Home & Kitchen,Organic,Completed
17729,5633,2022-06-13,550.63,Apparel,Google Search,Completed
17730,5616,2023-09-17,550.08,Sports,SMS,Completed
17731,3599,2023-07-28,158.06,Home & Kitchen,SMS,Completed
17732,5067,2023-01-06,72.65,Apparel,Google Search,Completed
17733,1673,2022-02-26,320.78,Electronics,Paid Social,Completed
17734,5844,2023-11-14,186.44,Home & Kitchen,Email,Completed
17735,5280,2023-03-28,478.18,Sports,Google Search,Completed
17738,2677,2023-08-20,430.86,Electronics,SMS,Completed
17739,3600,2022-11-06,517.79,Home & Kitchen,SMS,Completed
17743,1608,2024-09-22,521.57,Home & Kitchen,Organic,Completed
17746,4278,2023-10-23,395.95,Beauty,Email,Completed
17747,2610,2022-06-05,204.83,Home & Kitchen,Google Search,Completed
17748,1584,2022-07-19,408.53,Home & Kitchen,SMS,Completed
17750,5710,2023-12-01,570.18,Sports,Paid Social,Completed
17753,2147,2023-01-30,286.98,Home & Kitchen,SMS,Completed
17754,4134,2023-10-06,126.04,Apparel,Email,Completed
17755,5859,2022-12-02,686.45,Electronics,Organic,Completed
17756,5315,2022-07-09,504.29,Electronics,Organic,Completed
17758,4289,2022-10-26,320.43,Electronics,Organic,Completed
17759,1059,2022-06-16,818.01,Beauty,Organic,Completed
17760,4458,2024-07-14,447.42,Sports,Organic,Completed
17762,4221,2024-06-20,411.93,Sports,SMS,Completed
17763,3565,2022-05-10,273.56,Electronics,Google Search,Completed
17764,5476,2024-05-04,136.35,Apparel,SMS,Completed
17765,3267,2024-02-23,177.7,Home & Kitchen,Email,Completed
17768,5718,2022-02-03,677.92,Apparel,Organic,Completed
17769,5582,2023-05-26,597.19,Sports,Paid Social,Completed
17771,3867,2023-04-02,123.32,Electronics,SMS,Completed
17772,1924,2024-01-20,154.08,Sports,Email,Completed
17773,3047,2022-10-06,287.96,Electronics,Google Search,Completed
17774,5691,2024-12-25,120.21,Home & Kitchen,SMS,Completed
17775,4041,2022-04-04,490.49,Apparel,Organic,Completed
17776,1385,2022-02-12,88.26,Electronics,Paid Social,Completed
17779,1807,2022-10-13,87.98,Electronics,Organic,Completed
17780,3762,2023-10-03,225.92,Electronics,SMS,Completed
17782,2609,2023-03-08,103.66,Apparel,Email,Completed
17784,4602,2023-04-19,305.38,Home & Kitchen,Email,Completed
17785,1470,2022-07-23,133.88,Electronics,Paid Social,Completed
17786,5174,2023-04-06,970.62,Apparel,Email,Completed
17788,3245,2024-05-10,122.11,Beauty,Paid Social,Completed
17790,3524,2023-10-14,873.71,Beauty,Organic,Completed
17792,3290,2024-01-25,269.66,Sports,Email,Completed
17794,2937,2023-01-20,314.31,Home & Kitchen,SMS,Completed
17798,3446,2024-10-29,473.08,Beauty,Organic,Completed
17800,1402,2022-07-04,508.32,Home & Kitchen,Organic,Completed
17802,3440,2023-07-18,524.86,Electronics,Email,Completed
17803,1867,2023-07-25,446.94,Sports,Google Search,Completed
17804,4499,2023-01-02,359.14,Electronics,SMS,Completed
17807,1951,2022-05-10,143.15,Beauty,Paid Social,Completed
17809,5330,2024-10-02,158.07,Home & Kitchen,Google Search,Completed
17812,5183,2024-11-21,190.28,Beauty,Google Search,Completed
17813,2871,2022-10-24,92.27,Home & Kitchen,Email,Completed
17814,3758,2023-07-15,240.52,Home & Kitchen,Organic,Completed
17815,2991,2023-10-17,118.57,Electronics,Organic,Completed
17816,5815,2022-03-23,963.55,Home & Kitchen,Email,Completed
17817,4352,2024-06-29,97.08,Sports,SMS,Completed
17818,3357,2024-02-17,175.51,Home & Kitchen,Organic,Completed
17819,4768,2023-09-12,831.62,Sports,Paid Social,Completed
17820,1432,2022-02-21,614.33,Electronics,Email,Completed
17821,5046,2024-05-09,602.07,Sports,Email,Completed
17822,4349,2022-10-10,66.63,Home & Kitchen,Google Search,Completed
17826,1792,2024-09-06,429.43,Electronics,SMS,Completed
17827,5908,2023-04-30,661.09,Home & Kitchen,Email,Completed
17829,1931,2022-05-13,148.83,Beauty,SMS,Completed
17832,5913,2023-02-17,348.97,Home & Kitchen,Paid Social,Completed
17833,1133,2024-04-29,433.51,Apparel,Google Search,Completed
17835,2225,2024-03-24,96.01,Electronics,Paid Social,Completed
17837,1257,2022-02-07,324.78,Sports,SMS,Completed
17838,1639,2022-03-07,36.22,Home & Kitchen,SMS,Completed
17840,4333,2024-01-30,242.73,Home & Kitchen,SMS,Completed
17843,2746,2023-12-08,228.06,Home & Kitchen,SMS,Completed
17844,5981,2022-04-07,191.52,Beauty,Email,Completed
17846,2040,2024-02-18,120.25,Electronics,Google Search,Completed
17848,3206,2024-09-26,76.51,Home & Kitchen,Email,Completed
17849,2510,2023-11-09,348.16,Home & Kitchen,Email,Completed
17854,5393,2024-07-06,837.12,Sports,SMS,Completed
17855,4346,2023-04-30,210.9,Beauty,Email,Completed
17856,1598,2022-10-04,265.09,Apparel,Organic,Completed
17857,3111,2023-04-29,266.5,Apparel,Google Search,Completed
17858,2437,2023-02-10,91.59,Sports,Email,Completed
17859,5296,2024-06-15,382.02,Apparel,Paid Social,Completed
17860,1188,2024-06-20,233.87,Sports,SMS,Completed
17861,3782,2023-05-22,214.74,Home & Kitchen,Email,Completed
17862,2546,2022-12-06,49.42,Electronics,Organic,Completed
17863,5808,2022-12-27,922.05,Sports,Google Search,Completed
17864,5921,2022-09-18,1515.3,Apparel,Email,Completed
17865,4143,2023-08-20,31.8,Home & Kitchen,Organic,Completed
17866,4302,2024-11-10,270.66,Electronics,Email,Completed
17867,3551,2024-02-16,275.91,Electronics,Email,Completed
17868,4475,2024-06-02,1023.51,Home & Kitchen,Organic,Completed
17869,2934,2024-02-18,138.52,Beauty,Google Search,Completed
17870,5385,2022-10-24,772.01,Sports,SMS,Completed
17872,5463,2022-09-05,231.73,Home & Kitchen,Google Search,Completed
17874,2994,2022-07-09,368.49,Beauty,Email,Completed
17877,5256,2024-09-03,593.98,Beauty,Google Search,Completed
17878,3580,2022-12-07,225.81,Electronics,SMS,Completed
17882,1033,2023-10-10,170.42,Sports,Email,Completed
17884,4102,2023-12-17,645.63,Apparel,Google Search,Completed
17891,2778,2023-12-20,111.26,Electronics,Google Search,Completed
17892,3871,2024-07-18,355.24,Beauty,Email,Completed
17893,5746,2024-09-02,355.48,Beauty,Email,Completed
17898,2655,2022-06-30,630.47,Beauty,Paid Social,Completed
17899,2384,2024-05-24,1697.95,Beauty,Organic,Completed
17902,5432,2024-05-31,142.74,Apparel,Email,Completed
17903,3536,2023-10-05,913.44,Sports,Organic,Completed
17905,2597,2022-12-29,261.85,Sports,Organic,Completed
17906,5825,2024-03-29,385.66,Electronics,Paid Social,Completed
17907,5823,2023-06-16,67.7,Beauty,Email,Completed
17908,2583,2023-03-03,967.38,Electronics,Paid Social,Completed
17909,2749,2022-06-04,429.64,Beauty,Paid Social,Completed
17912,5437,2024-03-12,93.27,Sports,Google Search,Completed
17915,3515,2024-07-23,280.47,Sports,Email,Completed
17916,4291,2023-05-16,509.67,Apparel,Google Search,Completed
17917,1396,2023-03-20,122.11,Sports,Google Search,Completed
17919,2895,2022-09-17,129.94,Sports,Email,Completed
17921,3968,2023-05-13,175.4,Electronics,Email,Completed
17922,1917,2024-05-13,186.19,Apparel,Google Search,Completed
17928,2314,2022-01-22,100.57,Beauty,Google Search,Completed
17932,3892,2024-03-29,728.11,Beauty,SMS,Completed
17934,4359,2024-08-19,796.53,Home & Kitchen,SMS,Completed
17935,1150,2023-08-19,67.11,Beauty,Paid Social,Completed
17936,5509,2024-07-23,183.23,Electronics,SMS,Completed
17937,3224,2023-02-22,506.84,Beauty,Organic,Completed
17942,3751,2024-06-13,1148.17,Home & Kitchen,Organic,Completed
17943,2749,2022-06-06,363.39,Home & Kitchen,Paid Social,Completed
17944,5176,2022-01-22,399.69,Electronics,Google Search,Completed
17945,1252,2023-05-08,118.22,Apparel,Google Search,Completed
17946,2434,2023-07-18,172.08,Beauty,SMS,Completed
17947,2022,2022-05-14,278.68,Electronics,Google Search,Completed
17948,3688,2024-12-17,216.11,Sports,Email,Completed
17949,1340,2023-09-28,96.97,Apparel,Email,Completed
17950,2089,2024-12-18,544.84,Sports,Google Search,Completed
17951,4332,2023-12-03,163.03,Beauty,Google Search,Completed
17952,3386,2023-05-17,240.43,Electronics,Email,Completed
17953,5071,2022-11-04,89.66,Electronics,SMS,Completed
17955,2658,2022-07-22,205.08,Apparel,SMS,Completed
17957,4221,2023-04-12,27.42,Beauty,Organic,Completed
17958,1528,2022-11-08,133.23,Home & Kitchen,SMS,Completed
17959,1410,2024-10-21,490.49,Beauty,Organic,Completed
17961,2438,2022-10-24,1358.19,Beauty,Paid Social,Completed
17963,4049,2024-10-27,495.85,Beauty,Email,Completed
17964,1864,2024-10-25,426.08,Beauty,Organic,Completed
17966,2021,2024-07-30,195.78,Sports,Paid Social,Completed
17967,5792,2022-12-04,419.85,Apparel,Organic,Completed
17973,1278,2023-12-08,148.68,Sports,Email,Completed
17974,2145,2024-03-04,420.09,Apparel,Email,Completed
17975,4990,2023-10-22,148.72,Home & Kitchen,Email,Completed
17978,4899,2024-10-02,140.82,Apparel,SMS,Completed
17981,2307,2023-11-12,464.46,Home & Kitchen,SMS,Completed
17982,2563,2023-06-21,607.47,Beauty,Email,Completed
17983,2821,2024-09-30,280.63,Sports,Paid Social,Completed
17986,4343,2022-08-25,522.13,Electronics,Google Search,Completed
17988,4156,2023-12-21,608.98,Sports,Email,Completed
17989,2024,2022-02-13,383.53,Electronics,Email,Completed
17990,5418,2024-02-22,760.24,Electronics,Email,Completed
17993,5607,2023-08-27,306.82,Sports,Google Search,Completed
17994,4781,2023-06-23,189.69,Electronics,Email,Completed
17996,3937,2022-04-13,177.17,Beauty,Google Search,Completed
17998,2032,2023-07-10,72.02,Home & Kitchen,Google Search,Completed
17999,5659,2023-12-26,322.23,Home & Kitchen,SMS,Completed
18000,2876,2024-10-09,287.21,Home & Kitchen,SMS,Completed
18001,4450,2022-02-17,276.92,Sports,Organic,Completed
18002,4665,2024-02-29,130.12,Apparel,Google Search,Completed
18003,3770,2023-10-27,87.22,Electronics,Google Search,Completed
18005,5812,2022-01-01,233.64,Sports,Email,Completed
18006,1927,2024-06-06,227.91,Electronics,Organic,Completed
18008,5352,2023-02-23,241.99,Sports,Google Search,Completed
18009,4392,2023-12-10,119.31,Sports,Organic,Completed
18010,4528,2023-04-05,286.1,Electronics,Google Search,Completed
18011,4179,2023-01-22,53.39,Apparel,Email,Completed
18012,4216,2022-11-28,622.13,Home & Kitchen,Google Search,Completed
18015,5820,2022-06-09,215.03,Home & Kitchen,Paid Social,Completed
18016,4344,2022-05-28,340.1,Electronics,Paid Social,Completed
18018,5349,2024-03-26,315.08,Electronics,Email,Completed
18020,5852,2024-10-22,526.65,Sports,Organic,Completed
18021,4027,2022-10-10,313.59,Home & Kitchen,Google Search,Completed
18022,3953,2022-11-17,98.3,Beauty,Organic,Completed
18023,3009,2024-11-20,80.2,Beauty,Email,Completed
18024,3801,2023-08-18,133.74,Electronics,Google Search,Completed
18025,4559,2024-10-31,829.99,Beauty,Paid Social,Completed
18028,5103,2024-04-04,655.14,Sports,SMS,Completed
18029,2112,2024-06-06,1049.91,Beauty,Paid Social,Completed
18030,5477,2023-11-28,254.8,Apparel,Organic,Completed
18032,4826,2022-08-31,427.29,Electronics,Email,Completed
18037,1509,2023-10-05,330.47,Electronics,Google Search,Completed
18038,4063,2024-05-18,118.3,Sports,Email,Completed
18040,2082,2022-01-13,811.56,Apparel,Paid Social,Completed
18042,1955,2022-07-16,246.52,Electronics,Google Search,Completed
18044,2524,2024-09-28,270.72,Sports,Google Search,Completed
18045,5121,2022-01-26,564.29,Home & Kitchen,Paid Social,Completed
18046,5086,2022-06-04,223.62,Beauty,SMS,Completed
18050,4241,2023-10-02,346.58,Sports,SMS,Completed
18051,4598,2022-11-06,657.46,Sports,Email,Completed
18052,1958,2024-08-16,255.01,Beauty,Email,Completed
18053,2627,2023-07-02,301.79,Home & Kitchen,Organic,Completed
18054,4209,2022-09-30,371.0,Electronics,Email,Completed
18055,4692,2023-02-06,593.15,Electronics,Email,Completed
18056,5717,2024-09-14,791.8,Apparel,Organic,Completed
18057,3779,2022-05-23,524.53,Apparel,Google Search,Completed
18058,1367,2023-12-10,278.92,Electronics,Organic,Completed
18060,4431,2023-05-26,519.96,Apparel,Organic,Completed
18062,5590,2022-08-03,37.22,Beauty,Paid Social,Completed
18063,2976,2023-12-12,61.66,Beauty,Paid Social,Completed
18064,2558,2023-05-11,206.39,Beauty,SMS,Completed
18066,1110,2023-09-29,107.64,Sports,SMS,Completed
18068,3272,2022-08-28,271.2,Home & Kitchen,Organic,Completed
18069,4690,2022-11-29,158.54,Electronics,Google Search,Completed
18071,2808,2023-04-09,80.11,Electronics,Google Search,Completed
18072,1636,2022-02-20,276.14,Home & Kitchen,SMS,Completed
18073,4275,2023-01-06,850.61,Home & Kitchen,Email,Completed
18074,2500,2022-11-19,208.47,Home & Kitchen,Email,Completed
18075,1861,2022-06-30,452.77,Apparel,Organic,Completed
18076,3279,2022-08-10,441.03,Home & Kitchen,SMS,Completed
18077,4177,2023-04-02,183.48,Home & Kitchen,Paid Social,Completed
18078,3128,2022-03-24,81.75,Beauty,Organic,Completed
18079,3149,2023-03-06,150.72,Home & Kitchen,Email,Completed
18080,5386,2023-01-31,313.99,Electronics,Paid Social,Completed
18081,5529,2022-09-20,569.0,Beauty,SMS,Completed
18084,5277,2022-06-07,249.71,Sports,Paid Social,Completed
18085,4818,2024-08-26,125.44,Apparel,Email,Completed
18086,4437,2022-02-21,775.7,Apparel,Organic,Completed
18087,5823,2024-11-06,218.81,Electronics,Google Search,Completed
18088,5266,2023-01-11,303.56,Home & Kitchen,Email,Completed
18090,3381,2022-02-07,435.46,Home & Kitchen,Organic,Completed
18091,3035,2022-12-28,117.35,Sports,Google Search,Completed
18092,1961,2024-05-29,350.27,Sports,Google Search,Completed
18093,5545,2023-06-12,880.5,Beauty,SMS,Completed
18097,1384,2023-02-18,138.22,Beauty,SMS,Completed
18099,5718,2023-06-20,274.34,Electronics,Organic,Completed
18100,3064,2023-02-06,506.03,Sports,Paid Social,Completed
18101,4251,2024-10-13,236.36,Electronics,Paid Social,Completed
18102,3549,2023-08-31,375.28,Apparel,Email,Completed
18103,5595,2022-09-06,265.17,Beauty,SMS,Completed
18105,5432,2023-09-10,191.61,Apparel,Paid Social,Completed
18106,3814,2023-01-30,76.0,Apparel,Organic,Completed
18107,3856,2024-05-07,542.59,Home & Kitchen,Paid Social,Completed
18108,1481,2023-10-27,219.24,Home & Kitchen,Paid Social,Completed
18110,5973,2022-05-11,266.06,Apparel,Organic,Completed
18112,2885,2022-05-22,710.47,Electronics,Organic,Completed
18114,5584,2022-03-08,172.78,Home & Kitchen,Organic,Completed
18115,4100,2023-05-24,347.59,Apparel,Paid Social,Completed
18116,1764,2023-12-14,124.21,Apparel,Organic,Completed
18117,4229,2022-10-22,1027.17,Beauty,Organic,Completed
18118,5794,2024-07-17,190.19,Apparel,SMS,Completed
18119,4556,2022-04-06,210.24,Beauty,Email,Completed
18124,1955,2024-04-15,488.92,Sports,Organic,Completed
18125,4571,2023-06-24,100.15,Sports,Google Search,Completed
18126,4153,2022-09-27,140.41,Electronics,Paid Social,Completed
18128,2890,2024-05-09,12.67,Electronics,SMS,Completed
18129,1803,2023-10-06,1327.21,Electronics,SMS,Completed
18130,1945,2023-01-21,79.27,Sports,Organic,Completed
18131,4175,2022-07-28,126.18,Electronics,Google Search,Completed
18132,2650,2024-09-09,363.6,Beauty,Paid Social,Completed
18133,1915,2023-06-24,321.16,Sports,Paid Social,Completed
18135,4902,2024-10-11,308.03,Home & Kitchen,Google Search,Completed
18136,4351,2022-09-02,830.92,Electronics,Paid Social,Completed
18142,5358,2023-06-27,368.33,Beauty,Organic,Completed
18145,2159,2022-12-22,94.51,Apparel,Paid Social,Completed
18146,5380,2023-10-26,122.3,Home & Kitchen,Google Search,Completed
18148,4220,2024-12-18,301.91,Beauty,Email,Completed
18149,4287,2023-10-12,555.34,Home & Kitchen,Email,Completed
18150,3348,2022-02-05,276.89,Electronics,Email,Completed
18151,3789,2023-01-15,66.31,Sports,Paid Social,Completed
18152,5832,2024-12-27,723.97,Sports,Organic,Completed
18153,2658,2022-09-25,147.66,Sports,Paid Social,Completed
18155,1567,2024-05-02,187.33,Electronics,Email,Completed
18156,4586,2023-07-10,208.29,Electronics,Organic,Completed
18157,4372,2022-07-06,323.63,Beauty,Paid Social,Completed
18159,4003,2022-09-10,1398.02,Electronics,SMS,Completed
18160,3892,2024-06-02,177.48,Apparel,SMS,Completed
18161,2939,2024-01-07,214.13,Home & Kitchen,Paid Social,Completed
18164,1488,2024-12-06,208.57,Sports,SMS,Completed
18165,4711,2023-12-14,545.08,Electronics,Organic,Completed
18166,2465,2023-06-04,155.4,Electronics,Organic,Completed
18169,4091,2023-10-26,594.04,Home & Kitchen,Google Search,Completed
18171,1833,2022-12-28,147.38,Electronics,Google Search,Completed
18173,1607,2022-08-15,353.68,Beauty,Organic,Completed
18175,2313,2022-06-11,313.7,Home & Kitchen,Email,Completed
18177,1715,2024-02-29,237.75,Home & Kitchen,Organic,Completed
18178,5069,2023-10-13,192.74,Home & Kitchen,Organic,Completed
18179,1494,2024-02-08,511.76,Home & Kitchen,Email,Completed
18180,1896,2023-05-27,492.29,Sports,Email,Completed
18182,2641,2022-09-02,1325.89,Beauty,Email,Completed
18183,3707,2022-02-15,314.96,Electronics,Organic,Completed
18184,5110,2024-04-09,1340.62,Sports,Paid Social,Completed
18186,1786,2024-10-04,917.7,Apparel,Email,Completed
18187,5154,2024-10-28,362.27,Beauty,Organic,Completed
18188,4558,2024-07-17,545.48,Beauty,Email,Completed
18191,3813,2024-05-28,239.64,Electronics,Email,Completed
18192,4203,2022-10-02,307.94,Electronics,Organic,Completed
18193,3898,2024-01-11,646.33,Beauty,Email,Completed
18194,5629,2024-10-16,439.27,Sports,SMS,Completed
18195,1542,2023-02-19,516.57,Sports,Google Search,Completed
18196,5311,2022-01-16,370.1,Home & Kitchen,Organic,Completed
18198,2024,2022-03-13,68.93,Beauty,Email,Completed
18199,4075,2022-12-24,174.76,Apparel,Email,Completed
18201,5012,2024-08-01,251.37,Electronics,Paid Social,Completed
18202,1535,2022-03-16,74.91,Sports,Email,Completed
18203,2202,2022-03-29,165.21,Sports,Google Search,Completed
18207,3007,2023-09-15,608.54,Beauty,Google Search,Completed
18208,5599,2022-09-04,222.03,Beauty,SMS,Completed
18211,4376,2024-06-22,86.68,Electronics,Organic,Completed
18212,1120,2024-10-11,502.48,Home & Kitchen,Google Search,Completed
18213,5347,2023-02-06,45.91,Electronics,SMS,Completed
18214,1465,2023-03-31,321.28,Apparel,Organic,Completed
18215,5813,2024-07-28,467.38,Sports,Google Search,Completed
18217,5082,2024-04-22,86.89,Home & Kitchen,Paid Social,Completed
18218,1188,2023-01-19,244.13,Beauty,Google Search,Completed
18219,2195,2024-07-23,899.49,Home & Kitchen,Email,Completed
18220,3304,2022-01-15,380.12,Electronics,SMS,Completed
18224,4167,2023-11-25,859.64,Apparel,Email,Completed
18227,4969,2022-01-25,547.36,Home & Kitchen,Google Search,Completed
18228,5936,2023-08-11,116.09,Electronics,Paid Social,Completed
18229,1081,2022-12-15,365.71,Electronics,Paid Social,Completed
18230,5916,2022-07-06,199.91,Sports,Google Search,Completed
18231,3069,2023-08-29,120.61,Apparel,SMS,Completed
18232,1127,2024-03-04,219.82,Beauty,Email,Completed
18234,1997,2024-06-07,260.84,Electronics,Google Search,Completed
18236,3518,2024-07-25,197.36,Sports,Paid Social,Completed
18237,1821,2024-02-22,191.02,Sports,Google Search,Completed
18238,3608,2022-11-09,212.11,Sports,Organic,Completed
18240,1045,2024-11-18,32.23,Home & Kitchen,Email,Completed
18243,5536,2022-05-12,438.99,Electronics,Email,Completed
18244,5473,2022-09-16,178.95,Sports,Organic,Completed
18247,1207,2024-10-31,512.79,Beauty,SMS,Completed
18249,1446,2024-08-21,84.57,Apparel,Paid Social,Completed
18250,1474,2022-08-26,619.32,Home & Kitchen,Organic,Completed
18251,4459,2024-08-12,367.08,Home & Kitchen,Email,Completed
18252,5832,2022-05-08,166.01,Sports,Email,Completed
18254,1789,2023-01-16,116.36,Home & Kitchen,Google Search,Completed
18258,4631,2023-03-21,43.92,Apparel,Google Search,Completed
18260,5437,2022-06-14,99.73,Electronics,Organic,Completed
18261,2593,2022-11-12,500.58,Sports,Google Search,Completed
18263,5901,2024-10-11,1409.22,Home & Kitchen,SMS,Completed
18266,2940,2022-03-02,124.04,Beauty,SMS,Completed
18267,3952,2023-01-12,246.73,Apparel,Organic,Completed
18268,1431,2022-08-21,102.55,Sports,Google Search,Completed
18269,4302,2024-10-06,36.28,Sports,Paid Social,Completed
18270,1810,2022-12-10,408.27,Sports,Paid Social,Completed
18271,2543,2022-03-02,1288.41,Sports,Paid Social,Completed
18272,4985,2022-12-02,742.2,Beauty,Organic,Completed
18274,2854,2024-10-04,154.66,Apparel,Organic,Completed
18275,5339,2023-10-23,234.6,Apparel,Email,Completed
18276,4159,2024-02-06,609.81,Apparel,SMS,Completed
18277,5981,2022-03-24,154.25,Beauty,Paid Social,Completed
18281,1518,2024-08-19,762.54,Apparel,Google Search,Completed
18282,1335,2024-02-25,317.58,Beauty,Paid Social,Completed
18283,2048,2023-03-03,235.55,Electronics,Organic,Completed
18284,5855,2023-08-15,240.17,Apparel,Paid Social,Completed
18288,1951,2023-09-22,103.28,Apparel,Google Search,Completed
18293,2564,2024-06-26,75.76,Sports,Google Search,Completed
18294,3055,2022-10-21,350.49,Apparel,Paid Social,Completed
18295,4809,2022-04-30,412.21,Sports,Organic,Completed
18297,5765,2022-05-23,158.06,Beauty,Paid Social,Completed
18298,1573,2023-07-25,1412.11,Home & Kitchen,Paid Social,Completed
18302,1568,2024-07-14,57.08,Beauty,Paid Social,Completed
18303,4902,2023-05-14,215.35,Electronics,Google Search,Completed
18304,3156,2024-10-26,1278.25,Electronics,Email,Completed
18305,3033,2024-04-01,78.78,Apparel,Email,Completed
18306,3047,2023-02-06,313.57,Electronics,Paid Social,Completed
18307,3250,2022-08-23,185.02,Electronics,Organic,Completed
18308,2635,2023-08-09,316.16,Home & Kitchen,Email,Completed
18309,2617,2022-11-16,329.19,Electronics,Email,Completed
18310,2506,2023-10-03,282.14,Home & Kitchen,Paid Social,Completed
18311,1357,2024-07-01,77.92,Electronics,SMS,Completed
18312,2273,2023-12-12,125.23,Beauty,Email,Completed
18313,3610,2023-02-07,176.59,Beauty,SMS,Completed
18314,1696,2023-10-17,268.37,Sports,Email,Completed
18315,5421,2023-09-20,723.61,Beauty,Organic,Completed
18316,1117,2022-12-31,1384.41,Home & Kitchen,Paid Social,Completed
18317,4533,2022-11-23,222.64,Home & Kitchen,Google Search,Completed
18318,4905,2022-04-23,172.71,Home & Kitchen,Google Search,Completed
18321,4910,2024-04-04,1078.84,Sports,Organic,Completed
18323,3667,2022-07-05,431.11,Sports,Paid Social,Completed
18324,1108,2022-07-27,615.74,Electronics,Organic,Completed
18325,3637,2023-08-29,117.68,Apparel,Email,Completed
18326,3930,2022-12-06,693.04,Sports,Paid Social,Completed
18327,4020,2024-08-16,109.48,Beauty,Email,Completed
18328,4374,2022-12-22,74.64,Electronics,Paid Social,Completed
18330,2751,2023-04-29,451.48,Beauty,SMS,Completed
18331,5616,2023-04-18,53.26,Apparel,Google Search,Completed
18332,1926,2024-07-27,60.98,Apparel,Paid Social,Completed
18333,3764,2022-06-17,577.59,Sports,Organic,Completed
18334,3549,2022-08-27,216.38,Home & Kitchen,Organic,Completed
18335,5978,2022-07-30,330.64,Home & Kitchen,Organic,Completed
18336,5832,2024-12-05,390.84,Home & Kitchen,Paid Social,Completed
18338,3919,2022-02-25,153.55,Home & Kitchen,Paid Social,Completed
18340,1738,2024-12-24,119.71,Electronics,Email,Completed
18342,1718,2023-02-06,514.89,Apparel,Paid Social,Completed
18344,2248,2024-08-03,278.56,Home & Kitchen,Google Search,Completed
18346,1097,2022-10-04,195.2,Home & Kitchen,Email,Completed
18347,1553,2023-04-16,199.68,Sports,Google Search,Completed
18348,4882,2023-01-03,267.01,Apparel,Paid Social,Completed
18353,2552,2023-02-04,185.1,Apparel,Google Search,Completed
18358,4794,2024-09-22,199.63,Home & Kitchen,Organic,Completed
18359,3460,2022-04-04,369.05,Home & Kitchen,Organic,Completed
18363,5221,2022-01-28,101.21,Apparel,Google Search,Completed
18364,2899,2023-09-27,437.0,Apparel,Email,Completed
18365,5177,2023-03-13,152.02,Sports,Organic,Completed
18367,2641,2024-01-16,273.79,Apparel,Paid Social,Completed
18368,4297,2023-08-19,139.09,Electronics,Google Search,Completed
18371,1061,2023-12-22,22.44,Beauty,Google Search,Completed
18372,3593,2022-02-20,3846.77,Home & Kitchen,Organic,Completed
18373,1906,2024-02-26,87.64,Electronics,Google Search,Completed
18375,5304,2023-08-14,170.36,Electronics,Email,Completed
18376,4369,2023-07-31,318.74,Sports,SMS,Completed
18377,5223,2024-11-22,148.48,Apparel,Organic,Completed
18379,1905,2022-08-09,77.69,Sports,Paid Social,Completed
18380,2822,2023-04-10,559.47,Electronics,Google Search,Completed
18381,3511,2024-02-17,52.95,Home & Kitchen,Email,Completed
18384,2618,2024-05-03,432.92,Sports,Paid Social,Completed
18385,2465,2024-10-16,321.72,Beauty,Email,Completed
18390,2712,2024-08-16,95.66,Home & Kitchen,Organic,Completed
18391,2158,2023-12-30,1921.24,Beauty,Paid Social,Completed
18393,4133,2022-11-03,177.65,Home & Kitchen,Email,Completed
18394,5105,2023-12-20,316.28,Home & Kitchen,Google Search,Completed
18395,1572,2024-06-02,170.99,Electronics,Email,Completed
18396,5976,2023-04-25,307.49,Home & Kitchen,SMS,Completed
18397,1986,2022-01-17,55.64,Apparel,Email,Completed
18400,2190,2023-10-25,337.52,Apparel,Google Search,Completed
18401,3085,2023-08-10,831.19,Electronics,SMS,Completed
18402,2002,2022-12-14,1111.72,Sports,SMS,Completed
18403,2095,2024-11-09,170.38,Sports,SMS,Completed
18407,1802,2022-06-28,115.57,Home & Kitchen,SMS,Completed
18408,1837,2024-05-22,300.82,Home & Kitchen,SMS,Completed
18410,1072,2023-11-13,433.58,Apparel,Email,Completed
18411,1974,2024-03-09,163.14,Apparel,Paid Social,Completed
18412,1783,2024-12-29,151.17,Home & Kitchen,Google Search,Completed
18415,2525,2024-12-25,420.22,Home & Kitchen,Paid Social,Completed
18416,5447,2023-09-08,129.27,Apparel,SMS,Completed
18417,1549,2023-05-10,77.8,Sports,Organic,Completed
18418,2751,2022-03-18,362.41,Home & Kitchen,SMS,Completed
18420,1863,2023-06-24,1130.1,Apparel,Paid Social,Completed
18421,1788,2024-12-24,1781.8,Beauty,SMS,Completed
18422,2172,2024-05-27,825.01,Home & Kitchen,Organic,Completed
18428,2514,2023-04-05,781.7,Sports,Email,Completed
18429,3544,2022-11-08,234.87,Electronics,Organic,Completed
18433,1226,2024-06-24,379.03,Apparel,Google Search,Completed
18434,5710,2022-03-07,1488.1,Apparel,Email,Completed
18439,2038,2022-02-05,394.39,Beauty,Email,Completed
18440,1314,2022-02-25,384.73,Beauty,SMS,Completed
18441,1853,2024-10-23,196.96,Beauty,Paid Social,Completed
18442,1943,2023-08-04,178.25,Beauty,Paid Social,Completed
18445,4347,2023-03-06,242.24,Electronics,Google Search,Completed
18448,2163,2022-07-25,532.22,Home & Kitchen,Organic,Completed
18449,2942,2024-05-03,272.54,Beauty,Paid Social,Completed
18450,2861,2023-08-04,78.69,Beauty,SMS,Completed
18451,4534,2023-02-03,403.07,Sports,SMS,Completed
18452,2995,2024-12-07,415.84,Sports,Email,Completed
18453,4615,2024-09-25,165.96,Beauty,SMS,Completed
18454,2360,2022-02-27,106.36,Beauty,Email,Completed
18459,1220,2024-07-14,274.16,Electronics,Google Search,Completed
18461,2618,2023-08-21,138.03,Sports,Paid Social,Completed
18462,3002,2023-08-05,256.39,Electronics,Organic,Completed
18464,5096,2024-01-24,44.35,Home & Kitchen,SMS,Completed
18467,4013,2023-10-17,186.37,Electronics,Google Search,Completed
18468,5798,2023-03-12,83.76,Home & Kitchen,Email,Completed
18469,3794,2022-01-09,502.65,Electronics,Google Search,Completed
18470,3945,2024-12-15,686.12,Beauty,Paid Social,Completed
18473,3211,2022-03-15,111.35,Electronics,Email,Completed
18474,5229,2024-02-13,148.64,Home & Kitchen,Organic,Completed
18475,5031,2024-05-23,235.64,Electronics,Paid Social,Completed
18476,2414,2024-09-21,514.12,Home & Kitchen,SMS,Completed
18477,1488,2023-05-29,400.07,Apparel,SMS,Completed
18478,5097,2022-05-26,273.71,Electronics,Paid Social,Completed
18479,5526,2023-11-17,1432.13,Apparel,Email,Completed
18480,3317,2023-10-14,86.54,Apparel,Paid Social,Completed
18481,4219,2022-09-03,155.32,Home & Kitchen,Organic,Completed
18483,1094,2023-03-14,190.72,Electronics,Email,Completed
18484,1771,2024-02-19,207.43,Home & Kitchen,Email,Completed
18485,4754,2022-01-02,488.8,Electronics,Email,Completed
18486,3719,2024-12-08,120.67,Home & Kitchen,SMS,Completed
18489,5467,2022-11-19,135.4,Apparel,Google Search,Completed
18490,3980,2024-04-27,608.12,Electronics,Email,Completed
18491,5404,2022-01-09,646.69,Apparel,Paid Social,Completed
18492,2082,2022-11-08,188.83,Sports,Google Search,Completed
18494,4081,2022-05-19,118.42,Electronics,SMS,Completed
18495,1026,2024-03-08,53.17,Electronics,Google Search,Completed
18498,3422,2024-11-10,241.95,Apparel,Paid Social,Completed
18499,3719,2023-01-27,1122.81,Sports,Paid Social,Completed
18500,5594,2024-10-10,114.81,Home & Kitchen,Google Search,Completed
18501,5813,2024-05-13,86.86,Beauty,SMS,Completed
18502,1656,2024-02-22,114.15,Home & Kitchen,Google Search,Completed
18503,3763,2022-12-26,91.58,Electronics,Email,Completed
18504,5912,2022-12-25,100.98,Beauty,Email,Completed
18507,4056,2022-05-08,63.72,Beauty,Google Search,Completed
18508,5491,2024-02-06,412.07,Beauty,SMS,Completed
18509,3662,2023-01-29,65.37,Beauty,Email,Completed
18510,1711,2024-05-23,276.49,Beauty,Email,Completed
18512,4174,2024-12-06,237.84,Sports,SMS,Completed
18514,2043,2022-01-01,235.86,Electronics,Paid Social,Completed
18516,3074,2022-06-25,210.52,Home & Kitchen,Organic,Completed
18517,4604,2024-11-04,87.24,Electronics,Google Search,Completed
18518,1747,2024-01-27,326.14,Home & Kitchen,SMS,Completed
18519,5886,2023-04-24,195.9,Electronics,Organic,Completed
18520,1866,2024-03-23,450.17,Home & Kitchen,Paid Social,Completed
18521,1998,2022-06-13,560.43,Electronics,Paid Social,Completed
18525,3564,2023-02-07,121.75,Home & Kitchen,SMS,Completed
18527,1218,2023-08-02,370.34,Electronics,Organic,Completed
18528,3804,2022-06-18,219.68,Beauty,Email,Completed
18530,2542,2024-07-21,80.72,Beauty,SMS,Completed
18531,1928,2023-08-03,274.4,Sports,Organic,Completed
18532,1133,2024-02-09,169.21,Beauty,Paid Social,Completed
18533,5946,2024-10-17,618.8,Beauty,SMS,Completed
18535,5071,2022-06-16,191.87,Sports,Google Search,Completed
18536,1103,2024-03-18,335.1,Beauty,Paid Social,Completed
18537,3998,2024-09-18,1100.06,Sports,Paid Social,Completed
18540,1014,2022-10-04,368.04,Beauty,Organic,Completed
18542,4450,2022-05-06,493.41,Beauty,SMS,Completed
18543,3904,2022-03-19,221.11,Home & Kitchen,SMS,Completed
18544,4627,2024-01-31,661.53,Beauty,Email,Completed
18545,1636,2024-11-03,58.17,Home & Kitchen,SMS,Completed
18547,5038,2024-02-26,54.26,Apparel,SMS,Completed
18549,2138,2022-11-07,247.5,Apparel,Organic,Completed
18552,1418,2024-02-23,61.99,Beauty,Paid Social,Completed
18553,3074,2023-05-01,354.89,Apparel,Paid Social,Completed
18554,5414,2024-12-30,91.77,Apparel,SMS,Completed
18555,5242,2022-12-20,491.67,Beauty,SMS,Completed
18556,1264,2024-10-30,219.26,Sports,Email,Completed
18557,4379,2023-04-17,747.17,Electronics,Organic,Completed
18558,3297,2024-03-15,183.89,Beauty,Google Search,Completed
18560,4046,2023-03-29,288.56,Home & Kitchen,Organic,Completed
18561,2896,2024-07-23,398.06,Home & Kitchen,SMS,Completed
18562,2920,2024-09-13,522.56,Apparel,Google Search,Completed
18563,4593,2023-01-16,283.43,Apparel,Email,Completed
18564,1938,2024-04-14,331.72,Electronics,Email,Completed
18565,2098,2024-03-27,383.36,Home & Kitchen,SMS,Completed
18567,5467,2023-07-13,328.86,Beauty,Paid Social,Completed
18570,2369,2023-06-27,82.87,Electronics,Google Search,Completed
18573,4950,2023-06-14,63.71,Apparel,Paid Social,Completed
18575,4505,2022-07-08,371.58,Sports,Email,Completed
18577,1953,2022-07-22,343.36,Sports,SMS,Completed
18578,4241,2024-12-17,208.81,Electronics,Organic,Completed
18580,4046,2023-05-29,2814.18,Electronics,Email,Completed
18582,4974,2022-09-04,184.76,Beauty,SMS,Completed
18584,5711,2023-12-09,564.58,Electronics,Organic,Completed
18585,2037,2023-04-30,203.6,Electronics,SMS,Completed
18586,3228,2022-02-19,204.83,Beauty,SMS,Completed
18587,5854,2023-09-12,173.94,Apparel,Email,Completed
18588,3171,2023-12-12,153.27,Sports,SMS,Completed
18589,2814,2024-07-30,160.88,Electronics,Google Search,Completed
18591,4463,2023-05-21,458.92,Beauty,Google Search,Completed
18592,4986,2022-02-28,514.62,Electronics,Paid Social,Completed
18593,5571,2024-08-03,277.4,Electronics,Paid Social,Completed
18594,3304,2022-05-17,775.36,Electronics,Email,Completed
18595,1818,2024-05-16,404.61,Sports,Organic,Completed
18596,1645,2024-06-22,147.95,Sports,SMS,Completed
18597,5878,2022-02-22,493.0,Electronics,SMS,Completed
18598,2969,2022-06-30,517.18,Beauty,Email,Completed
18599,1514,2024-12-25,280.71,Electronics,SMS,Completed
18600,3061,2022-11-09,195.37,Home & Kitchen,Paid Social,Completed
18601,1395,2023-10-20,83.27,Electronics,Organic,Completed
18603,5371,2023-07-16,55.5,Home & Kitchen,Google Search,Completed
18605,5723,2023-07-17,254.14,Electronics,SMS,Completed
18606,2717,2022-10-01,583.55,Beauty,Paid Social,Completed
18609,2808,2022-02-19,610.07,Sports,Paid Social,Completed
18610,2562,2023-08-31,98.43,Apparel,SMS,Completed
18611,1927,2022-02-20,384.79,Apparel,Google Search,Completed
18612,3679,2023-07-05,64.9,Apparel,SMS,Completed
18613,5752,2022-01-31,114.06,Sports,Google Search,Completed
18614,1176,2022-04-23,122.88,Apparel,Paid Social,Completed
18615,1314,2023-04-30,140.75,Sports,Paid Social,Completed
18616,5852,2023-06-08,137.92,Beauty,Email,Completed
18620,1549,2023-05-22,72.52,Apparel,SMS,Completed
18622,3131,2024-08-07,526.38,Home & Kitchen,Organic,Completed
18623,5148,2024-05-31,242.78,Home & Kitchen,Google Search,Completed
18624,2269,2022-12-21,26.09,Sports,SMS,Completed
18625,4448,2024-06-09,162.78,Beauty,Organic,Completed
18626,5748,2023-08-29,142.01,Home & Kitchen,Organic,Completed
18627,3699,2023-10-29,161.63,Electronics,SMS,Completed
18628,3248,2023-08-23,700.14,Apparel,SMS,Completed
18629,2291,2024-08-04,418.62,Beauty,Google Search,Completed
18630,3570,2024-07-12,461.42,Home & Kitchen,Email,Completed
18634,4181,2024-02-19,261.6,Beauty,SMS,Completed
18638,5921,2023-03-27,389.7,Home & Kitchen,SMS,Completed
18639,3672,2023-05-04,46.32,Home & Kitchen,SMS,Completed
18642,1018,2023-08-20,457.81,Beauty,Paid Social,Completed
18644,4232,2023-04-23,832.18,Electronics,SMS,Completed
18645,1804,2023-03-17,176.67,Beauty,Paid Social,Completed
18646,1110,2023-10-05,202.26,Apparel,Paid Social,Completed
18647,3909,2023-09-27,47.02,Apparel,Google Search,Completed
18648,1413,2024-06-12,242.33,Beauty,SMS,Completed
18649,4594,2023-05-17,1092.56,Apparel,SMS,Completed
18650,2892,2023-07-22,242.18,Apparel,SMS,Completed
18651,2595,2023-01-07,289.55,Beauty,SMS,Completed
18653,1662,2022-09-21,351.83,Apparel,Organic,Completed
18654,4150,2022-08-15,144.17,Home & Kitchen,Organic,Completed
18656,2170,2023-03-08,584.15,Beauty,Google Search,Completed
18657,5882,2022-11-04,430.99,Sports,Google Search,Completed
18660,1823,2024-08-10,143.86,Electronics,Paid Social,Completed
18663,2295,2022-09-23,195.24,Home & Kitchen,Email,Completed
18668,2039,2024-07-21,154.67,Apparel,Google Search,Completed
18670,3666,2023-09-19,338.93,Apparel,SMS,Completed
18672,5263,2024-10-26,320.8,Sports,Google Search,Completed
18674,4953,2023-10-07,162.44,Beauty,Paid Social,Completed
18675,2937,2024-08-13,149.58,Home & Kitchen,Paid Social,Completed
18679,2247,2022-12-20,469.45,Sports,Google Search,Completed
18681,4373,2024-11-05,157.94,Electronics,Paid Social,Completed
18683,1064,2022-08-08,299.27,Home & Kitchen,Paid Social,Completed
18687,3157,2024-10-30,113.15,Beauty,Google Search,Completed
18688,1688,2024-07-28,352.37,Beauty,Organic,Completed
18690,2859,2022-11-27,381.06,Apparel,Organic,Completed
18693,4482,2024-08-07,330.84,Apparel,Organic,Completed
18695,1541,2023-12-16,203.82,Apparel,Paid Social,Completed
18697,4442,2024-04-08,120.03,Sports,Google Search,Completed
18699,5510,2024-02-26,378.27,Beauty,Google Search,Completed
18700,4098,2023-05-09,88.27,Electronics,Google Search,Completed
18704,1410,2023-03-11,452.61,Home & Kitchen,Paid Social,Completed
18705,2991,2023-04-21,565.07,Electronics,Google Search,Completed
18706,1173,2022-02-20,37.96,Home & Kitchen,Paid Social,Completed
18707,3135,2024-09-30,234.21,Sports,Email,Completed
18708,4394,2023-03-13,220.09,Electronics,SMS,Completed
18709,1630,2023-02-28,160.35,Beauty,Google Search,Completed
18711,5790,2024-12-28,562.59,Home & Kitchen,Organic,Completed
18713,4007,2022-04-30,134.48,Sports,Organic,Completed
18714,3765,2023-11-15,136.38,Electronics,Paid Social,Completed
18715,3689,2023-08-16,387.49,Sports,Google Search,Completed
18716,5457,2022-03-04,155.25,Sports,Paid Social,Completed
18720,4941,2023-09-16,283.69,Beauty,Paid Social,Completed
18723,3674,2022-01-07,113.85,Apparel,Google Search,Completed
18725,3597,2022-08-21,30.46,Electronics,Paid Social,Completed
18727,2719,2022-01-01,296.01,Beauty,Google Search,Completed
18728,5410,2023-02-20,98.77,Home & Kitchen,Paid Social,Completed
18730,4610,2023-04-10,539.91,Home & Kitchen,Organic,Completed
18731,3404,2024-01-19,472.75,Home & Kitchen,Organic,Completed
18733,3749,2023-01-11,170.26,Electronics,Google Search,Completed
18735,1965,2024-01-27,325.46,Apparel,Paid Social,Completed
18736,5571,2022-05-05,329.56,Apparel,Google Search,Completed
18737,1933,2023-11-04,461.76,Home & Kitchen,Email,Completed
18739,3983,2022-01-13,130.88,Home & Kitchen,SMS,Completed
18740,5374,2023-04-12,268.22,Beauty,Organic,Completed
18741,1203,2024-08-13,358.02,Beauty,Email,Completed
18742,4197,2024-12-02,159.64,Electronics,Google Search,Completed
18743,2344,2023-01-29,242.12,Apparel,Organic,Completed
18744,2273,2023-04-07,144.71,Beauty,Google Search,Completed
18747,4895,2024-03-22,97.18,Home & Kitchen,Paid Social,Completed
18748,2019,2024-09-16,178.36,Apparel,SMS,Completed
18750,2040,2024-09-12,497.24,Sports,Paid Social,Completed
18751,3201,2024-11-24,136.07,Apparel,Email,Completed
18756,4383,2024-07-10,28.05,Home & Kitchen,Email,Completed
18757,1335,2024-09-23,576.26,Home & Kitchen,Google Search,Completed
18758,2781,2024-07-20,311.08,Home & Kitchen,Google Search,Completed
18760,4441,2023-02-04,220.35,Sports,Paid Social,Completed
18761,3088,2022-02-13,410.5,Apparel,Email,Completed
18762,4782,2022-06-25,527.41,Sports,SMS,Completed
18763,1587,2024-06-23,283.08,Home & Kitchen,Email,Completed
18764,5846,2023-04-22,74.21,Apparel,SMS,Completed
18765,3357,2022-12-16,1347.9,Home & Kitchen,SMS,Completed
18769,1935,2023-01-24,932.21,Electronics,Organic,Completed
18770,1212,2022-07-27,484.58,Sports,Email,Completed
18772,4351,2024-09-29,205.98,Electronics,Organic,Completed
18774,1245,2023-09-18,203.79,Home & Kitchen,SMS,Completed
18775,5588,2024-01-14,81.62,Beauty,Email,Completed
18778,2204,2023-05-27,111.52,Electronics,Google Search,Completed
18779,4462,2022-10-20,152.01,Beauty,Email,Completed
18785,4612,2022-06-17,508.21,Home & Kitchen,Paid Social,Completed
18786,1056,2024-01-24,415.15,Sports,Email,Completed
18787,4650,2024-03-05,314.88,Apparel,Paid Social,Completed
18788,1763,2022-11-14,36.04,Sports,Paid Social,Completed
18791,1460,2022-01-15,152.43,Apparel,Organic,Completed
18793,3256,2024-08-10,277.44,Apparel,Organic,Completed
18794,3257,2023-05-16,273.97,Home & Kitchen,Organic,Completed
18795,2203,2022-06-12,74.43,Home & Kitchen,Paid Social,Completed
18797,2988,2023-03-07,313.91,Home & Kitchen,SMS,Completed
18798,4661,2024-01-06,194.5,Sports,Google Search,Completed
18800,1004,2024-07-06,626.84,Sports,Paid Social,Completed
18801,1520,2022-12-31,265.87,Home & Kitchen,Email,Completed
18802,5156,2024-08-23,387.03,Electronics,Google Search,Completed
18803,3488,2023-09-24,83.14,Electronics,Email,Completed
18804,5489,2023-06-29,223.03,Electronics,Email,Completed
18808,2732,2023-02-17,304.73,Electronics,Paid Social,Completed
18810,5446,2022-04-24,318.65,Sports,Email,Completed
18811,2631,2022-05-05,35.66,Sports,Paid Social,Completed
18813,1592,2023-06-17,386.13,Sports,Google Search,Completed
18814,4028,2022-02-09,96.43,Electronics,Email,Completed
18816,3950,2023-03-07,565.21,Sports,Google Search,Completed
18817,5838,2022-02-06,279.96,Electronics,Paid Social,Completed
18821,1558,2024-11-03,175.36,Electronics,Paid Social,Completed
18822,2861,2023-12-29,314.1,Home & Kitchen,SMS,Completed
18824,3616,2024-05-01,468.91,Electronics,Email,Completed
18826,3716,2022-11-09,111.02,Electronics,Paid Social,Completed
18827,4056,2022-06-22,156.6,Sports,Organic,Completed
18830,2064,2024-07-03,2397.67,Apparel,SMS,Completed
18833,3559,2023-09-12,386.79,Electronics,SMS,Completed
18834,1251,2023-04-21,285.18,Sports,Organic,Completed
18835,3892,2023-08-12,627.17,Sports,SMS,Completed
18840,5497,2023-12-03,280.34,Beauty,SMS,Completed
18841,5736,2024-02-19,186.7,Home & Kitchen,Paid Social,Completed
18843,4447,2022-02-22,92.2,Home & Kitchen,SMS,Completed
18848,3610,2023-08-03,194.59,Sports,Organic,Completed
18849,2598,2022-07-23,397.4,Beauty,Organic,Completed
18850,2929,2023-03-09,289.93,Home & Kitchen,Google Search,Completed
18851,1525,2022-07-15,322.48,Apparel,Organic,Completed
18855,2270,2023-06-15,397.46,Apparel,Paid Social,Completed
18856,4124,2024-08-21,2004.3,Apparel,Paid Social,Completed
18857,1753,2022-06-27,359.26,Apparel,Organic,Completed
18861,5670,2022-11-19,937.39,Beauty,Organic,Completed
18862,3509,2024-11-11,654.88,Beauty,Paid Social,Completed
18864,5366,2024-02-21,115.3,Electronics,SMS,Completed
18865,2263,2022-03-12,291.87,Beauty,Organic,Completed
18866,1144,2024-08-01,291.36,Apparel,SMS,Completed
18867,1491,2023-01-28,339.71,Home & Kitchen,Email,Completed
18868,3635,2022-09-02,586.29,Apparel,Email,Completed
18872,4892,2022-04-05,107.62,Home & Kitchen,Organic,Completed
18874,2643,2024-07-15,574.61,Electronics,Email,Completed
18875,4983,2024-02-14,57.35,Sports,SMS,Completed
18877,3289,2022-05-29,92.7,Home & Kitchen,Email,Completed
18878,1171,2024-11-29,211.31,Beauty,Google Search,Completed
18879,2019,2022-12-29,166.98,Sports,Google Search,Completed
18880,2403,2023-05-15,60.34,Beauty,Organic,Completed
18881,4422,2023-11-23,393.81,Beauty,Email,Completed
18882,4464,2024-11-11,114.07,Beauty,Email,Completed
18883,3555,2023-04-06,303.16,Beauty,Google Search,Completed
18884,5684,2024-02-10,1093.01,Beauty,Google Search,Completed
18885,2598,2022-04-21,113.7,Apparel,Email,Completed
18886,3177,2024-07-12,387.68,Apparel,Google Search,Completed
18888,2514,2023-04-21,70.19,Sports,Email,Completed
18889,1247,2022-02-03,890.38,Beauty,Email,Completed
18893,2899,2023-10-29,139.46,Apparel,Organic,Completed
18895,3309,2023-05-11,232.66,Sports,Paid Social,Completed
18896,3538,2024-01-13,487.07,Home & Kitchen,Google Search,Completed
18898,2775,2024-08-02,169.64,Electronics,Paid Social,Completed
18899,5828,2023-09-06,129.97,Home & Kitchen,SMS,Completed
18901,2212,2022-07-06,212.05,Beauty,Organic,Completed
18902,1092,2024-12-22,167.43,Apparel,SMS,Completed
18905,4881,2022-06-19,158.44,Sports,Google Search,Completed
18906,4748,2024-03-13,121.61,Apparel,Email,Completed
18908,4739,2023-01-06,133.52,Apparel,Paid Social,Completed
18909,1342,2024-06-28,204.5,Home & Kitchen,Email,Completed
18910,1815,2024-05-15,87.77,Apparel,Paid Social,Completed
18913,4574,2023-10-03,119.0,Sports,Google Search,Completed
18915,2293,2023-12-14,190.59,Apparel,SMS,Completed
18916,1485,2023-08-29,1087.13,Electronics,Organic,Completed
18919,4677,2024-11-25,312.12,Sports,Paid Social,Completed
18922,5192,2023-11-19,306.87,Sports,Google Search,Completed
18923,4642,2022-05-15,603.51,Electronics,Organic,Completed
18924,1960,2023-09-02,192.3,Home & Kitchen,Organic,Completed
18927,3104,2022-03-27,98.4,Sports,Organic,Completed
18928,4999,2022-12-23,101.19,Sports,Paid Social,Completed
18929,5500,2023-04-09,62.12,Home & Kitchen,Email,Completed
18930,4435,2022-02-04,510.5,Home & Kitchen,SMS,Completed
18931,4728,2024-08-26,86.5,Sports,Paid Social,Completed
18933,5748,2024-05-07,731.91,Sports,Paid Social,Completed
18934,5542,2023-05-04,1383.06,Sports,SMS,Completed
18937,3363,2023-05-01,237.82,Electronics,Email,Completed
18938,5938,2022-10-18,74.69,Sports,SMS,Completed
18940,3428,2022-01-09,158.53,Sports,Google Search,Completed
18944,1480,2022-07-27,985.05,Sports,Paid Social,Completed
18945,1816,2024-01-25,136.78,Beauty,Google Search,Completed
18947,4675,2024-07-04,531.44,Sports,Paid Social,Completed
18948,4659,2022-05-31,545.79,Sports,SMS,Completed
18950,5502,2022-05-15,152.29,Apparel,Organic,Completed
18951,5358,2022-03-23,155.33,Beauty,Paid Social,Completed
18952,4290,2023-07-22,815.77,Apparel,Google Search,Completed
18953,5076,2023-06-01,187.78,Apparel,SMS,Completed
18954,5866,2023-03-06,287.8,Apparel,Organic,Completed
18955,4957,2023-03-06,829.13,Apparel,Paid Social,Completed
18956,3979,2024-11-23,141.04,Home & Kitchen,Google Search,Completed
18957,2996,2024-06-01,145.46,Beauty,Organic,Completed
18958,1644,2022-07-09,195.22,Apparel,Email,Completed
18959,1606,2024-07-23,318.76,Home & Kitchen,Organic,Completed
18960,5622,2022-01-27,97.82,Beauty,Email,Completed
18961,2504,2022-12-16,94.1,Sports,Google Search,Completed
18962,2265,2024-04-10,169.72,Apparel,Organic,Completed
18964,2857,2024-11-25,347.72,Beauty,SMS,Completed
18965,2253,2022-06-21,185.81,Electronics,Google Search,Completed
18966,4541,2024-02-24,378.26,Beauty,Email,Completed
18967,4245,2024-09-29,95.15,Beauty,Email,Completed
18968,1967,2022-06-08,257.86,Electronics,Email,Completed
18970,1750,2024-07-17,705.21,Sports,SMS,Completed
18971,5936,2022-08-24,331.82,Apparel,Google Search,Completed
18973,1458,2024-10-09,89.2,Home & Kitchen,Email,Completed
18974,5344,2023-09-17,332.9,Beauty,Email,Completed
18975,5039,2024-04-24,51.84,Home & Kitchen,Google Search,Completed
18978,3276,2023-05-08,235.91,Sports,Organic,Completed
18981,1911,2022-05-29,179.46,Sports,Organic,Completed
18983,1996,2023-10-03,347.29,Apparel,Paid Social,Completed
18984,2868,2024-08-23,92.04,Sports,Email,Completed
18985,5617,2022-01-23,307.11,Apparel,SMS,Completed
18986,4975,2024-05-21,155.03,Electronics,Google Search,Completed
18990,3757,2024-09-24,334.26,Electronics,Google Search,Completed
18991,1262,2024-08-18,317.14,Electronics,SMS,Completed
18993,3715,2022-06-26,307.15,Apparel,SMS,Completed
18995,4969,2022-05-12,79.02,Electronics,Organic,Completed
18996,2665,2023-02-02,63.64,Electronics,Organic,Completed
18997,2038,2023-05-26,395.58,Electronics,Email,Completed
18998,2145,2024-03-15,95.12,Apparel,Google Search,Completed
18999,4989,2023-04-23,264.69,Home & Kitchen,Organic,Completed
19001,3620,2022-09-08,161.04,Sports,SMS,Completed
19002,3322,2022-11-04,854.02,Electronics,Organic,Completed
19003,2868,2022-03-07,107.13,Sports,Email,Completed
19006,3432,2024-12-04,314.82,Apparel,Organic,Completed
19007,4943,2023-01-25,272.56,Sports,Organic,Completed
19009,4358,2024-11-12,154.5,Sports,Email,Completed
19011,5136,2024-07-31,854.81,Electronics,Paid Social,Completed
19012,5036,2024-06-15,98.55,Electronics,Paid Social,Completed
19014,2171,2024-02-14,136.56,Sports,Google Search,Completed
19018,3801,2022-09-05,506.23,Apparel,Paid Social,Completed
19020,5546,2023-03-03,282.73,Apparel,Email,Completed
19021,1908,2022-06-15,245.4,Apparel,Google Search,Completed
19022,3230,2023-06-26,256.77,Beauty,Google Search,Completed
19023,1877,2023-09-25,400.92,Beauty,Paid Social,Completed
19026,1320,2024-01-26,93.73,Electronics,SMS,Completed
19027,3141,2023-11-04,166.35,Beauty,Google Search,Completed
19028,1886,2024-05-13,184.43,Electronics,SMS,Completed
19030,2786,2022-11-09,69.44,Home & Kitchen,SMS,Completed
19032,5847,2022-03-01,195.25,Sports,SMS,Completed
19034,2040,2022-06-14,91.42,Beauty,Google Search,Completed
19035,3661,2022-09-24,159.95,Beauty,SMS,Completed
19036,4387,2023-03-25,40.03,Apparel,Paid Social,Completed
19037,5626,2023-07-30,477.74,Apparel,Email,Completed
19040,4749,2024-07-24,377.09,Beauty,Paid Social,Completed
19041,4170,2024-08-30,19.98,Electronics,Email,Completed
19042,1638,2024-11-23,204.61,Apparel,SMS,Completed
19044,3567,2023-03-24,109.39,Home & Kitchen,Google Search,Completed
19046,5918,2023-03-26,514.72,Apparel,Paid Social,Completed
19048,3315,2024-04-20,764.44,Electronics,Google Search,Completed
19049,4530,2024-12-16,586.26,Home & Kitchen,Paid Social,Completed
19050,3976,2023-03-20,370.73,Apparel,Google Search,Completed
19051,5732,2024-12-27,112.89,Apparel,SMS,Completed
19053,3859,2023-08-15,196.53,Apparel,Organic,Completed
19056,5416,2022-05-20,159.98,Home & Kitchen,SMS,Completed
19057,1177,2023-02-23,158.98,Apparel,Paid Social,Completed
19059,5109,2023-06-19,1568.45,Beauty,Google Search,Completed
19065,2211,2022-09-21,157.78,Electronics,SMS,Completed
19066,3506,2024-06-27,274.66,Beauty,Google Search,Completed
19067,1987,2024-10-15,193.33,Home & Kitchen,Google Search,Completed
19068,3025,2024-06-26,381.25,Beauty,SMS,Completed
19069,3089,2023-09-26,353.21,Home & Kitchen,Google Search,Completed
19070,3241,2022-04-12,35.58,Sports,SMS,Completed
19071,1434,2023-10-29,283.38,Apparel,Google Search,Completed
19072,4026,2022-09-19,294.59,Sports,Organic,Completed
19073,3474,2023-03-17,568.74,Home & Kitchen,SMS,Completed
19074,2087,2023-07-13,246.6,Beauty,Organic,Completed
19078,3652,2022-07-22,72.2,Apparel,Email,Completed
19079,4969,2024-03-10,402.99,Apparel,Organic,Completed
19081,4736,2024-02-23,183.97,Sports,Google Search,Completed
19082,2887,2023-04-12,134.36,Apparel,Paid Social,Completed
19083,1303,2022-08-19,642.6,Sports,Google Search,Completed
19084,4085,2022-10-27,368.73,Electronics,Email,Completed
19085,1294,2023-05-24,196.66,Home & Kitchen,Organic,Completed
19089,2706,2024-05-20,50.4,Home & Kitchen,Organic,Completed
19092,3779,2023-11-05,277.83,Beauty,Google Search,Completed
19095,5029,2024-07-10,282.11,Sports,SMS,Completed
19097,3867,2024-05-09,206.96,Apparel,Email,Completed
19098,2399,2024-12-23,409.08,Beauty,SMS,Completed
19099,3247,2023-07-22,333.54,Beauty,Organic,Completed
19101,2668,2022-08-12,785.09,Sports,Google Search,Completed
19104,3135,2023-10-30,77.6,Beauty,SMS,Completed
19106,5834,2023-02-15,99.14,Home & Kitchen,Google Search,Completed
19109,2416,2024-09-20,193.15,Beauty,Email,Completed
19110,2985,2022-01-26,80.4,Apparel,SMS,Completed
19112,5925,2022-01-28,201.55,Electronics,Email,Completed
19114,2900,2024-01-26,323.6,Electronics,SMS,Completed
19115,3943,2023-12-21,143.73,Beauty,Organic,Completed
19118,2146,2023-10-26,1037.52,Apparel,Organic,Completed
19120,3854,2024-12-16,100.59,Apparel,Email,Completed
19122,1711,2024-04-30,110.55,Home & Kitchen,Organic,Completed
19123,1173,2022-04-13,191.28,Home & Kitchen,Email,Completed
19124,3453,2023-02-10,643.61,Beauty,Email,Completed
19126,2074,2023-11-04,306.6,Home & Kitchen,Paid Social,Completed
19129,2621,2024-04-22,294.6,Beauty,SMS,Completed
19131,4655,2022-07-23,271.63,Apparel,Email,Completed
19132,5247,2023-01-26,873.94,Electronics,Email,Completed
19134,1637,2023-07-17,193.09,Home & Kitchen,Organic,Completed
19135,4942,2024-05-25,50.7,Electronics,Email,Completed
19137,2551,2022-03-25,199.07,Sports,Email,Completed
19138,1603,2023-06-14,339.5,Electronics,Paid Social,Completed
19139,4913,2022-05-13,214.11,Home & Kitchen,Email,Completed
19141,1857,2023-04-06,201.03,Electronics,Organic,Completed
19147,2614,2022-12-15,340.9,Electronics,Google Search,Completed
19148,3545,2022-01-06,898.62,Electronics,Paid Social,Completed
19149,5063,2024-01-26,265.01,Sports,SMS,Completed
19150,2823,2024-04-27,275.9,Beauty,Email,Completed
19151,4178,2022-04-14,125.32,Electronics,Paid Social,Completed
19153,2197,2024-10-20,386.47,Apparel,Organic,Completed
19154,4669,2022-11-26,118.96,Home & Kitchen,SMS,Completed
19155,1801,2023-09-06,316.45,Apparel,SMS,Completed
19156,1225,2023-03-31,194.88,Apparel,Paid Social,Completed
19157,5029,2022-08-03,147.03,Electronics,SMS,Completed
19158,3142,2023-01-22,124.61,Sports,SMS,Completed
19160,1313,2023-02-18,377.91,Home & Kitchen,Google Search,Completed
19161,1245,2022-10-09,81.59,Apparel,Email,Completed
19164,5517,2022-07-19,137.63,Electronics,Paid Social,Completed
19165,5364,2022-11-05,208.38,Electronics,Organic,Completed
19170,1535,2023-08-16,203.56,Apparel,Google Search,Completed
19171,1531,2024-07-13,734.01,Home & Kitchen,Google Search,Completed
19172,5221,2023-02-19,132.51,Electronics,Email,Completed
19173,2748,2022-03-07,141.41,Electronics,Paid Social,Completed
19174,5615,2023-11-22,182.13,Apparel,SMS,Completed
19176,2991,2024-07-29,322.88,Beauty,Organic,Completed
19177,3344,2022-06-03,208.67,Sports,Paid Social,Completed
19178,2542,2024-06-23,137.72,Electronics,Email,Completed
19179,2952,2024-10-08,365.89,Apparel,Google Search,Completed
19180,3953,2023-04-04,130.65,Electronics,SMS,Completed
19181,5396,2022-03-25,479.56,Beauty,Organic,Completed
19182,4889,2022-06-19,52.58,Sports,Paid Social,Completed
19183,3714,2023-07-14,298.21,Home & Kitchen,Google Search,Completed
19184,5827,2024-04-22,231.95,Sports,Paid Social,Completed
19188,2428,2023-07-22,1295.23,Beauty,Email,Completed
19189,4893,2024-08-09,410.06,Sports,Google Search,Completed
19191,5022,2022-06-28,309.26,Beauty,SMS,Completed
19193,4665,2022-06-30,46.7,Beauty,Email,Completed
19195,1082,2022-02-10,408.7,Apparel,Paid Social,Completed
19196,2035,2024-06-09,89.62,Sports,SMS,Completed
19197,5344,2022-07-31,252.98,Beauty,Google Search,Completed
19198,2130,2022-01-24,79.72,Home & Kitchen,SMS,Completed
19200,2947,2022-05-21,419.2,Electronics,Paid Social,Completed
19202,2837,2022-04-10,75.63,Beauty,Paid Social,Completed
19203,4005,2024-01-07,47.31,Electronics,Email,Completed
19204,1383,2022-09-30,328.76,Electronics,Email,Completed
19207,1357,2022-07-03,101.8,Electronics,Organic,Completed
19208,3417,2023-05-20,170.26,Home & Kitchen,Organic,Completed
19209,2273,2023-08-11,132.11,Home & Kitchen,Organic,Completed
19210,3139,2024-12-14,117.22,Electronics,Google Search,Completed
19211,5933,2023-10-10,115.16,Beauty,Email,Completed
19214,4510,2023-09-03,785.29,Beauty,Organic,Completed
19215,2701,2022-08-09,495.54,Electronics,SMS,Completed
19216,2149,2024-11-20,176.63,Sports,Organic,Completed
19218,5208,2024-05-26,335.5,Sports,Organic,Completed
19220,5345,2022-07-26,118.8,Sports,Google Search,Completed
19221,1476,2022-07-01,350.72,Home & Kitchen,Organic,Completed
19222,5593,2023-12-17,369.58,Sports,Paid Social,Completed
19224,3685,2024-06-13,270.0,Electronics,Organic,Completed
19225,2285,2024-01-02,204.8,Electronics,Google Search,Completed
19226,5304,2023-08-21,357.57,Beauty,Organic,Completed
19227,5715,2022-05-27,144.51,Apparel,Google Search,Completed
19229,5883,2024-04-21,80.17,Beauty,Organic,Completed
19231,2819,2024-09-05,125.47,Home & Kitchen,Email,Completed
19233,3605,2023-11-28,102.72,Home & Kitchen,Paid Social,Completed
19234,1566,2023-06-02,133.91,Beauty,SMS,Completed
19235,2126,2024-09-29,119.18,Sports,Google Search,Completed
19236,2690,2024-07-24,161.47,Beauty,Paid Social,Completed
19240,5115,2024-02-20,194.23,Electronics,SMS,Completed
19242,3344,2023-12-17,1494.67,Electronics,Email,Completed
19246,2175,2024-03-18,782.47,Home & Kitchen,Paid Social,Completed
19251,4292,2022-03-26,316.24,Beauty,Email,Completed
19254,5041,2024-07-28,662.72,Beauty,Email,Completed
19256,3020,2023-04-08,465.49,Home & Kitchen,SMS,Completed
19257,1930,2022-05-27,77.48,Home & Kitchen,Paid Social,Completed
19259,4930,2023-04-17,235.24,Apparel,Google Search,Completed
19260,1896,2024-12-26,438.46,Electronics,Google Search,Completed
19263,1583,2024-12-01,148.47,Beauty,Email,Completed
19264,3469,2022-04-16,31.96,Beauty,SMS,Completed
19265,1236,2023-06-19,196.01,Sports,Google Search,Completed
19267,2083,2022-05-30,80.34,Apparel,Google Search,Completed
19269,2486,2023-01-07,2031.25,Home & Kitchen,Google Search,Completed
19270,3942,2022-12-25,127.0,Beauty,Organic,Completed
19271,4007,2022-03-27,550.62,Sports,Paid Social,Completed
19273,2337,2023-04-27,290.7,Home & Kitchen,Google Search,Completed
19274,3111,2024-07-04,501.79,Sports,SMS,Completed
19275,4238,2022-03-13,37.4,Electronics,SMS,Completed
19278,2125,2022-12-16,422.21,Electronics,Google Search,Completed
19281,3216,2023-08-02,839.13,Apparel,Paid Social,Completed
19283,5698,2022-07-16,272.21,Electronics,Google Search,Completed
19284,3418,2024-07-01,1498.68,Home & Kitchen,SMS,Completed
19285,4777,2022-10-25,130.01,Beauty,Paid Social,Completed
19286,5938,2023-12-27,207.0,Electronics,SMS,Completed
19288,2935,2022-08-29,501.55,Apparel,Organic,Completed
19289,2318,2022-05-05,365.8,Home & Kitchen,Email,Completed
19291,1773,2024-08-20,325.66,Electronics,SMS,Completed
19292,5349,2023-12-17,2582.93,Beauty,Google Search,Completed
19294,4120,2023-12-25,437.4,Home & Kitchen,SMS,Completed
19296,5217,2022-07-29,606.98,Electronics,Organic,Completed
19297,3826,2022-04-10,400.23,Sports,Google Search,Completed
19298,3553,2024-04-06,195.77,Beauty,Organic,Completed
19299,4675,2023-11-30,168.45,Beauty,Google Search,Completed
19302,4302,2024-09-23,155.86,Sports,Email,Completed
19303,5967,2023-08-26,216.14,Home & Kitchen,Organic,Completed
19305,1620,2023-08-18,157.2,Electronics,SMS,Completed
19306,4237,2024-01-20,521.49,Home & Kitchen,Paid Social,Completed
19308,5547,2023-10-18,167.13,Home & Kitchen,Google Search,Completed
19310,3052,2023-04-16,266.44,Apparel,Google Search,Completed
19311,1618,2024-12-20,101.89,Home & Kitchen,Paid Social,Completed
19312,5132,2023-12-12,74.28,Beauty,Email,Completed
19316,1377,2022-06-07,398.88,Sports,Google Search,Completed
19318,4232,2024-10-31,326.61,Home & Kitchen,Organic,Completed
19320,3930,2024-01-09,214.07,Electronics,SMS,Completed
19321,5345,2023-07-04,80.35,Sports,Email,Completed
19323,1369,2024-05-29,129.12,Home & Kitchen,Google Search,Completed
19325,3630,2024-06-27,314.46,Beauty,Google Search,Completed
19326,3578,2023-11-09,201.39,Home & Kitchen,Email,Completed
19327,3929,2024-11-19,83.16,Beauty,Google Search,Completed
19328,2045,2022-11-24,467.78,Sports,Organic,Completed
19329,1780,2022-04-20,355.26,Electronics,Google Search,Completed
19337,1379,2023-05-09,27.44,Sports,SMS,Completed
19338,2675,2022-03-22,204.09,Electronics,Email,Completed
19339,5344,2023-05-30,501.24,Beauty,Email,Completed
19340,4565,2024-10-12,944.78,Apparel,SMS,Completed
19341,2239,2024-05-23,106.17,Home & Kitchen,Email,Completed
19342,1069,2024-01-03,233.62,Home & Kitchen,Google Search,Completed
19343,2905,2022-09-09,415.95,Beauty,SMS,Completed
19345,5339,2022-08-31,91.16,Home & Kitchen,Paid Social,Completed
19347,5163,2022-12-31,44.51,Beauty,SMS,Completed
19348,4641,2024-05-05,170.16,Sports,Google Search,Completed
19349,2629,2023-01-09,125.47,Sports,Google Search,Completed
19350,3996,2023-04-06,44.08,Sports,Organic,Completed
19351,2698,2023-07-15,347.23,Sports,SMS,Completed
19352,5959,2024-12-09,197.26,Sports,Organic,Completed
19354,1300,2023-08-26,328.69,Beauty,Google Search,Completed
19357,3166,2023-12-22,242.8,Sports,Paid Social,Completed
19358,5718,2022-08-09,211.66,Apparel,Paid Social,Completed
19360,4153,2024-12-28,434.09,Sports,SMS,Completed
19362,3422,2022-06-20,83.16,Home & Kitchen,Organic,Completed
19363,4541,2022-02-23,1208.89,Home & Kitchen,Organic,Completed
19365,2360,2022-10-20,192.93,Apparel,Email,Completed
19366,2489,2023-09-22,932.96,Apparel,Google Search,Completed
19367,1809,2023-08-29,264.24,Apparel,Organic,Completed
19368,3934,2024-02-17,181.52,Apparel,Organic,Completed
19369,1099,2024-01-18,437.42,Sports,Google Search,Completed
19370,3777,2024-10-03,108.87,Beauty,Google Search,Completed
19371,1538,2024-10-04,63.1,Apparel,Google Search,Completed
19372,2132,2022-09-25,136.24,Home & Kitchen,Paid Social,Completed
19376,3642,2024-07-05,280.76,Beauty,Organic,Completed
19380,5888,2022-12-19,852.73,Apparel,Google Search,Completed
19381,1360,2024-02-27,223.47,Apparel,SMS,Completed
19383,3117,2024-06-23,97.26,Home & Kitchen,Organic,Completed
19385,2754,2024-06-06,394.48,Beauty,Organic,Completed
19386,2721,2022-02-26,131.14,Sports,SMS,Completed
19388,2323,2022-10-11,79.06,Sports,Paid Social,Completed
19389,3935,2022-05-03,107.8,Sports,Google Search,Completed
19390,3425,2024-03-03,429.91,Electronics,Email,Completed
19391,5510,2023-04-30,75.23,Beauty,Google Search,Completed
19392,5646,2022-05-11,433.26,Sports,SMS,Completed
19393,4138,2024-06-24,103.45,Apparel,SMS,Completed
19395,3753,2023-06-16,59.54,Sports,SMS,Completed
19396,3389,2024-07-22,191.45,Home & Kitchen,Paid Social,Completed
19397,4483,2022-02-26,372.84,Beauty,Email,Completed
19399,2908,2024-02-17,130.48,Electronics,Paid Social,Completed
19400,3156,2024-10-15,57.17,Home & Kitchen,Google Search,Completed
19402,1383,2024-09-11,400.73,Sports,Organic,Completed
19404,4895,2023-02-13,143.23,Sports,Organic,Completed
19405,4807,2024-02-07,526.13,Electronics,Email,Completed
19406,3650,2024-05-23,262.55,Sports,Organic,Completed
19407,4908,2023-11-17,350.42,Electronics,Paid Social,Completed
19409,5983,2022-05-17,103.29,Home & Kitchen,Email,Completed
19411,4151,2023-08-18,170.59,Apparel,Email,Completed
19416,1343,2024-07-11,265.28,Home & Kitchen,Organic,Completed
19417,1664,2024-08-11,246.06,Sports,Google Search,Completed
19418,1974,2023-12-28,553.17,Sports,Organic,Completed
19421,4226,2024-07-19,324.66,Apparel,Google Search,Completed
19424,3843,2024-10-06,121.96,Beauty,Email,Completed
19425,2909,2022-11-24,102.26,Electronics,Email,Completed
19426,4859,2024-02-04,96.95,Apparel,SMS,Completed
19427,4868,2024-10-01,333.18,Electronics,Google Search,Completed
19429,4830,2024-01-20,59.61,Electronics,SMS,Completed
19430,2080,2023-11-13,1082.6,Sports,Paid Social,Completed
19431,4246,2023-07-30,499.87,Electronics,SMS,Completed
19432,2422,2022-01-15,94.37,Electronics,SMS,Completed
19433,4177,2024-06-06,183.3,Sports,Google Search,Completed
19434,5934,2024-09-10,117.16,Beauty,SMS,Completed
19435,3685,2024-02-01,656.31,Apparel,SMS,Completed
19436,1903,2023-12-26,444.04,Apparel,Google Search,Completed
19439,5771,2023-12-30,462.55,Electronics,Organic,Completed
19442,5936,2024-02-24,223.41,Home & Kitchen,Google Search,Completed
19444,5910,2023-06-14,106.03,Home & Kitchen,Google Search,Completed
19445,4153,2022-06-25,191.97,Electronics,Organic,Completed
19446,5663,2024-12-26,234.39,Home & Kitchen,Email,Completed
19448,2317,2024-03-03,673.49,Apparel,Email,Completed
19449,2307,2023-07-05,383.79,Apparel,Email,Completed
19450,3688,2022-11-24,361.25,Beauty,Organic,Completed
19453,1514,2023-03-30,303.82,Apparel,Email,Completed
19454,3488,2022-08-01,231.38,Electronics,SMS,Completed
19458,2794,2024-03-22,297.16,Beauty,Paid Social,Completed
19461,2184,2023-12-21,323.3,Apparel,SMS,Completed
19463,2087,2023-02-02,162.73,Home & Kitchen,Paid Social,Completed
19464,3941,2023-10-07,167.52,Apparel,Paid Social,Completed
19465,5234,2023-02-19,292.84,Electronics,Google Search,Completed
19466,4891,2022-04-25,560.58,Sports,Organic,Completed
19467,1252,2024-03-01,509.47,Apparel,Google Search,Completed
19468,4844,2022-12-26,128.03,Electronics,SMS,Completed
19471,4039,2024-08-21,153.64,Beauty,Email,Completed
19472,5439,2022-07-21,487.08,Home & Kitchen,Paid Social,Completed
19473,4088,2023-04-29,1699.23,Sports,Email,Completed
19474,3616,2022-09-28,206.17,Apparel,SMS,Completed
19475,5733,2023-08-06,151.49,Electronics,Paid Social,Completed
19476,3518,2024-02-24,102.03,Beauty,Email,Completed
19479,1690,2023-04-06,73.69,Apparel,Google Search,Completed
19481,3094,2024-01-27,42.06,Home & Kitchen,SMS,Completed
19482,2671,2024-09-04,406.72,Beauty,SMS,Completed
19484,2426,2023-03-31,112.25,Home & Kitchen,Email,Completed
19485,4398,2022-09-19,149.03,Beauty,SMS,Completed
19486,2688,2023-02-16,83.48,Home & Kitchen,Organic,Completed
19488,2223,2023-05-08,462.51,Apparel,Email,Completed
19489,3291,2023-12-14,723.08,Electronics,Google Search,Completed
19492,3535,2024-11-21,348.93,Apparel,Google Search,Completed
19493,5997,2022-06-04,365.68,Beauty,SMS,Completed
19495,5637,2024-01-29,393.07,Home & Kitchen,Paid Social,Completed
19496,4229,2024-03-02,490.49,Home & Kitchen,Paid Social,Completed
19498,3060,2024-03-11,297.33,Sports,SMS,Completed
19499,5616,2022-04-21,1030.53,Sports,SMS,Completed
19500,1947,2022-06-20,457.14,Apparel,Email,Completed
19501,2071,2022-06-04,128.7,Sports,Email,Completed
19503,5214,2022-03-25,917.33,Apparel,Google Search,Completed
19504,3866,2022-04-27,2062.38,Beauty,Organic,Completed
19505,4615,2022-05-20,154.95,Electronics,Google Search,Completed
19508,1085,2023-06-20,357.42,Home & Kitchen,Paid Social,Completed
19509,3166,2022-02-13,128.26,Electronics,SMS,Completed
19510,2526,2023-12-22,389.46,Home & Kitchen,SMS,Completed
19513,4865,2024-10-03,479.68,Apparel,Paid Social,Completed
19514,1552,2022-04-27,1063.67,Electronics,Google Search,Completed
19518,2505,2023-02-16,284.7,Home & Kitchen,Paid Social,Completed
19519,1638,2022-07-13,221.47,Sports,Paid Social,Completed
19520,4606,2024-03-23,123.67,Beauty,Organic,Completed
19523,1308,2023-04-12,62.34,Beauty,SMS,Completed
19527,5172,2022-11-29,322.99,Beauty,SMS,Completed
19531,5226,2023-04-17,189.03,Electronics,Email,Completed
19533,2251,2022-03-19,410.22,Apparel,Organic,Completed
19535,1563,2023-02-05,337.64,Home & Kitchen,Organic,Completed
19538,1101,2023-05-01,2330.79,Sports,Paid Social,Completed
19543,3825,2022-03-01,140.09,Beauty,Email,Completed
19545,1281,2023-01-06,394.67,Electronics,Email,Completed
19546,1982,2022-05-13,654.91,Sports,Email,Completed
19548,4131,2022-03-28,28.04,Beauty,Organic,Completed
19549,2122,2024-06-02,1236.25,Home & Kitchen,Paid Social,Completed
19550,1724,2024-07-01,143.44,Beauty,Paid Social,Completed
19551,3345,2022-04-11,226.04,Electronics,Paid Social,Completed
19553,4100,2022-08-28,108.89,Electronics,Email,Completed
19554,2022,2022-10-13,388.53,Beauty,Google Search,Completed
19556,4663,2023-11-10,314.9,Sports,Paid Social,Completed
19557,1585,2022-02-12,1335.06,Apparel,Google Search,Completed
19560,3534,2024-03-24,222.46,Electronics,Google Search,Completed
19561,3784,2023-12-27,133.0,Beauty,Organic,Completed
19563,4611,2023-05-27,40.31,Sports,SMS,Completed
19564,3959,2022-04-20,113.89,Beauty,SMS,Completed
19568,4826,2022-10-04,197.11,Beauty,SMS,Completed
19569,5716,2023-09-29,136.3,Home & Kitchen,Organic,Completed
19570,2761,2024-07-14,307.51,Sports,Google Search,Completed
19571,2487,2022-07-28,145.74,Electronics,Paid Social,Completed
19572,4512,2024-04-28,65.77,Sports,SMS,Completed
19573,1703,2024-03-05,142.01,Electronics,Email,Completed
19574,1356,2024-04-29,101.21,Electronics,Organic,Completed
19576,3781,2023-08-16,137.65,Apparel,Email,Completed
19578,1259,2024-09-13,141.88,Apparel,Paid Social,Completed
19579,5789,2022-06-20,318.19,Sports,Google Search,Completed
19580,3047,2022-08-24,385.81,Beauty,Google Search,Completed
19581,2945,2024-07-17,141.98,Sports,SMS,Completed
19583,1506,2022-05-06,449.96,Home & Kitchen,Google Search,Completed
19585,5919,2023-03-20,77.29,Electronics,Email,Completed
19586,5368,2024-04-21,123.7,Sports,Paid Social,Completed
19589,1554,2024-11-15,52.33,Apparel,Email,Completed
19590,2666,2023-08-02,790.68,Apparel,Organic,Completed
19591,2542,2022-03-25,129.24,Beauty,SMS,Completed
19592,3660,2024-08-15,299.81,Beauty,Google Search,Completed
19593,4354,2022-02-04,468.58,Sports,Paid Social,Completed
19594,4396,2024-08-27,203.2,Beauty,Organic,Completed
19597,2954,2024-12-14,195.57,Electronics,Email,Completed
19598,2145,2023-03-28,176.84,Apparel,Google Search,Completed
19600,2540,2023-12-08,169.96,Home & Kitchen,SMS,Completed
19602,2818,2022-03-04,879.79,Electronics,Email,Completed
19603,2865,2022-03-20,102.35,Apparel,Paid Social,Completed
19604,1199,2024-11-27,1172.73,Apparel,Organic,Completed
19605,4025,2023-10-30,285.99,Beauty,SMS,Completed
19606,2090,2024-07-28,233.9,Electronics,Paid Social,Completed
19607,2474,2023-11-19,85.43,Beauty,Email,Completed
19610,1467,2022-07-24,381.27,Beauty,Email,Completed
19612,1900,2023-12-10,706.6,Home & Kitchen,Email,Completed
19615,3146,2023-01-25,149.58,Sports,Google Search,Completed
19617,3247,2022-12-12,783.46,Apparel,SMS,Completed
19618,1552,2023-02-27,166.89,Beauty,Organic,Completed
19620,2827,2024-08-09,275.17,Sports,Email,Completed
19622,5667,2024-09-28,85.9,Beauty,Email,Completed
19623,2202,2024-03-07,229.84,Apparel,Google Search,Completed
19624,1448,2022-12-19,481.86,Beauty,Paid Social,Completed
19625,3024,2024-10-07,191.26,Electronics,SMS,Completed
19626,5960,2022-04-19,493.13,Apparel,Email,Completed
19627,3648,2024-10-10,68.54,Electronics,SMS,Completed
19628,5756,2023-10-01,227.03,Apparel,Organic,Completed
19629,3599,2023-12-20,42.8,Apparel,Email,Completed
19632,3120,2023-11-08,460.29,Apparel,Paid Social,Completed
19633,1226,2023-05-07,20.13,Beauty,SMS,Completed
19635,2429,2022-09-18,75.2,Home & Kitchen,Email,Completed
19636,5250,2024-08-22,154.95,Apparel,Organic,Completed
19637,4923,2024-01-09,114.73,Electronics,Organic,Completed
19638,4281,2022-01-24,436.62,Electronics,Paid Social,Completed
19639,5000,2024-10-21,292.79,Beauty,Email,Completed
19640,1003,2022-08-25,475.38,Electronics,Paid Social,Completed
19643,1717,2024-09-29,111.58,Apparel,Organic,Completed
19644,4353,2022-08-01,387.55,Apparel,Organic,Completed
19646,4917,2024-11-21,139.65,Electronics,Email,Completed
19647,5576,2022-11-13,112.65,Apparel,Google Search,Completed
19648,3224,2022-06-20,314.13,Electronics,Email,Completed
19651,3804,2023-09-09,202.78,Apparel,Paid Social,Completed
19652,1742,2023-06-08,196.54,Home & Kitchen,Email,Completed
19654,2098,2024-06-07,626.9,Home & Kitchen,Organic,Completed
19657,3132,2024-12-12,63.53,Sports,Google Search,Completed
19659,5456,2022-04-17,471.17,Home & Kitchen,Google Search,Completed
19661,3497,2024-07-03,401.17,Apparel,Email,Completed
19663,5565,2024-01-29,93.54,Beauty,Organic,Completed
19664,3728,2024-01-03,676.26,Sports,Google Search,Completed
19669,4860,2023-04-17,264.35,Electronics,Paid Social,Completed
19671,5710,2024-04-05,345.1,Apparel,SMS,Completed
19674,1007,2024-03-01,653.23,Home & Kitchen,Paid Social,Completed
19684,4250,2024-01-14,190.92,Beauty,Paid Social,Completed
19685,3202,2024-11-22,206.75,Home & Kitchen,Paid Social,Completed
19686,3612,2022-11-06,122.19,Electronics,Organic,Completed
19690,4991,2022-12-24,159.84,Electronics,Google Search,Completed
19692,1741,2022-05-11,102.75,Beauty,Organic,Completed
19693,1392,2024-08-22,86.07,Home & Kitchen,Google Search,Completed
19694,1639,2023-10-09,131.1,Home & Kitchen,Google Search,Completed
19695,5813,2023-11-21,462.21,Home & Kitchen,Paid Social,Completed
19696,2615,2024-08-01,486.2,Beauty,Paid Social,Completed
19698,4417,2024-06-24,207.4,Apparel,Google Search,Completed
19699,2621,2022-06-01,237.04,Apparel,SMS,Completed
19700,2948,2022-08-17,418.29,Electronics,Email,Completed
19701,1583,2023-10-12,46.83,Sports,Email,Completed
19702,2203,2024-04-14,340.0,Sports,Paid Social,Completed
19703,5478,2023-08-24,450.86,Home & Kitchen,Email,Completed
19704,2705,2023-12-25,450.11,Apparel,Google Search,Completed
19707,5336,2022-04-01,869.54,Beauty,Paid Social,Completed
19710,3160,2024-09-26,209.94,Beauty,Paid Social,Completed
19712,3212,2024-05-20,188.44,Beauty,Email,Completed
19713,4524,2024-02-26,121.25,Beauty,Organic,Completed
19717,4675,2023-08-27,225.1,Home & Kitchen,Organic,Completed
19719,4451,2024-11-15,150.81,Electronics,Organic,Completed
19721,3989,2023-10-31,485.47,Beauty,Google Search,Completed
19722,2777,2024-10-23,124.31,Electronics,Organic,Completed
19724,3478,2022-11-27,190.58,Electronics,Paid Social,Completed
19726,4900,2022-07-08,208.27,Electronics,SMS,Completed
19727,4233,2024-07-14,352.5,Electronics,SMS,Completed
19734,5288,2023-01-05,364.06,Apparel,Paid Social,Completed
19738,5280,2022-08-27,360.03,Apparel,Google Search,Completed
19741,1846,2022-02-06,648.31,Apparel,Email,Completed
19743,1090,2022-07-07,381.54,Sports,Email,Completed
19744,5796,2024-09-24,656.56,Sports,Email,Completed
19746,3638,2022-05-03,208.04,Sports,Email,Completed
19749,5207,2022-07-16,112.99,Beauty,Email,Completed
19751,2887,2024-08-11,105.34,Beauty,SMS,Completed
19753,3542,2022-05-10,261.68,Sports,Paid Social,Completed
19754,4167,2023-02-05,37.33,Beauty,Google Search,Completed
19756,1464,2022-08-02,487.52,Electronics,Paid Social,Completed
19759,2159,2022-04-27,79.72,Sports,Google Search,Completed
19760,5780,2022-11-14,292.76,Beauty,Email,Completed
19763,5966,2023-11-08,86.01,Beauty,Paid Social,Completed
19767,5141,2024-07-04,183.94,Home & Kitchen,Google Search,Completed
19769,3573,2024-08-29,413.99,Electronics,Organic,Completed
19770,1292,2022-10-14,307.7,Electronics,SMS,Completed
19771,3539,2024-07-15,484.15,Sports,Email,Completed
19773,2569,2024-01-18,205.07,Sports,Google Search,Completed
19775,1763,2022-05-17,317.77,Sports,Google Search,Completed
19776,3390,2023-06-25,306.23,Beauty,Google Search,Completed
19778,4429,2023-11-04,277.71,Apparel,Organic,Completed
19780,2845,2024-06-24,379.28,Home & Kitchen,Email,Completed
19781,4272,2023-01-07,68.5,Apparel,Organic,Completed
19783,5561,2022-12-19,135.83,Sports,Organic,Completed
19788,3081,2023-07-21,105.79,Home & Kitchen,Organic,Completed
19789,5437,2023-12-06,271.59,Electronics,Paid Social,Completed
19793,2673,2022-07-31,526.4,Home & Kitchen,Paid Social,Completed
19794,2246,2022-05-27,175.19,Beauty,SMS,Completed
19795,3076,2023-11-25,447.48,Electronics,Google Search,Completed
19796,3890,2023-01-22,104.7,Electronics,Paid Social,Completed
19797,4539,2023-01-12,386.64,Electronics,Paid Social,Completed
19798,1353,2024-04-09,22.82,Apparel,Paid Social,Completed
19800,4605,2024-03-27,155.09,Home & Kitchen,Organic,Completed
19801,5624,2024-10-05,95.04,Apparel,Organic,Completed
19803,5261,2024-10-01,1104.06,Sports,Email,Completed
19804,5491,2024-03-07,352.18,Electronics,Organic,Completed
19805,5052,2023-08-24,207.02,Home & Kitchen,Email,Completed
19807,1319,2024-05-25,421.96,Home & Kitchen,SMS,Completed
19809,4753,2024-04-30,592.92,Sports,Google Search,Completed
19810,2544,2024-12-18,656.47,Sports,SMS,Completed
19811,3365,2022-08-03,148.03,Beauty,Email,Completed
19813,1479,2022-09-30,111.26,Home & Kitchen,Email,Completed
19814,5483,2024-08-25,257.49,Apparel,Organic,Completed
19815,4541,2022-11-13,229.95,Sports,SMS,Completed
19817,5120,2024-09-08,116.0,Sports,Google Search,Completed
19820,4224,2022-04-10,99.12,Home & Kitchen,Email,Completed
19821,3896,2024-08-30,184.87,Beauty,Paid Social,Completed
19824,5589,2022-06-26,242.23,Sports,SMS,Completed
19826,1911,2023-06-03,2673.71,Electronics,Google Search,Completed
19828,1269,2022-03-28,87.07,Electronics,Google Search,Completed
19830,3581,2024-10-16,359.31,Apparel,Google Search,Completed
19832,3383,2024-05-14,150.47,Sports,Paid Social,Completed
19833,5737,2024-02-19,480.39,Apparel,Email,Completed
19835,4728,2023-04-26,152.49,Sports,Organic,Completed
19837,4313,2024-07-19,146.17,Home & Kitchen,Paid Social,Completed
19839,4491,2022-03-14,353.22,Apparel,Paid Social,Completed
19841,3416,2022-08-11,155.08,Sports,Google Search,Completed
19842,3075,2023-08-24,1965.65,Electronics,Email,Completed
19843,4426,2024-07-18,86.95,Electronics,Email,Completed
19846,2287,2022-02-23,342.88,Electronics,Email,Completed
19847,2612,2024-08-10,287.96,Home & Kitchen,Email,Completed
19849,1918,2024-12-02,408.0,Home & Kitchen,Organic,Completed
19850,5001,2022-03-06,237.37,Home & Kitchen,Paid Social,Completed
19851,1588,2024-06-30,918.87,Apparel,Organic,Completed
19852,5956,2023-12-15,155.41,Sports,Organic,Completed
19853,1277,2024-01-08,136.85,Beauty,Organic,Completed
19855,5902,2022-07-07,865.72,Electronics,Organic,Completed
19856,2103,2023-10-10,368.31,Apparel,Organic,Completed
19857,4360,2022-12-15,759.74,Apparel,Email,Completed
19858,1289,2022-02-21,190.73,Beauty,Organic,Completed
19860,5254,2022-03-04,570.06,Home & Kitchen,Email,Completed
19861,1027,2024-07-22,503.13,Electronics,SMS,Completed
19864,2983,2023-01-07,141.63,Beauty,Google Search,Completed
19867,5501,2024-06-30,361.59,Home & Kitchen,Google Search,Completed
19868,3415,2024-05-09,177.15,Home & Kitchen,Paid Social,Completed
19869,3790,2024-11-15,1276.47,Apparel,Paid Social,Completed
19870,4980,2022-01-07,1252.18,Apparel,Email,Completed
19871,2751,2024-07-31,310.26,Beauty,Organic,Completed
19878,2226,2024-03-03,259.21,Electronics,SMS,Completed
19879,5816,2024-04-03,596.2,Beauty,Google Search,Completed
19880,4189,2022-03-01,36.25,Apparel,SMS,Completed
19884,4576,2024-05-13,173.7,Home & Kitchen,Email,Completed
19885,1554,2024-02-27,551.27,Beauty,Paid Social,Completed
19886,3877,2023-10-30,243.79,Electronics,Email,Completed
19887,5888,2023-11-04,34.6,Electronics,Google Search,Completed
19888,4418,2023-08-15,233.03,Home & Kitchen,Organic,Completed
19890,1282,2023-04-24,143.33,Apparel,Organic,Completed
19892,3966,2023-08-27,633.23,Apparel,Email,Completed
19894,5520,2022-10-20,292.28,Electronics,Email,Completed
19896,5318,2023-02-26,632.27,Electronics,Email,Completed
19897,2170,2024-06-20,89.51,Electronics,Organic,Completed
19898,1296,2022-07-11,711.5,Beauty,Email,Completed
19905,4131,2022-02-18,56.48,Beauty,Organic,Completed
19907,1120,2023-04-06,77.96,Sports,Organic,Completed
19912,1565,2024-11-24,121.61,Apparel,Organic,Completed
19914,3332,2024-04-22,244.82,Electronics,Paid Social,Completed
19915,4639,2023-04-03,397.03,Sports,Paid Social,Completed
19917,2617,2023-12-15,64.54,Home & Kitchen,Email,Completed
19918,4343,2024-04-20,445.74,Home & Kitchen,SMS,Completed
19920,4048,2022-09-05,1634.05,Home & Kitchen,Paid Social,Completed
19924,5006,2022-12-12,395.69,Electronics,Email,Completed
19926,1301,2023-11-18,198.62,Apparel,Google Search,Completed
19927,1107,2022-06-05,169.66,Beauty,Paid Social,Completed
19928,2548,2024-07-02,56.57,Home & Kitchen,Paid Social,Completed
19929,2096,2024-12-29,234.91,Home & Kitchen,Email,Completed
19930,1690,2023-01-26,253.53,Sports,Paid Social,Completed
19931,5320,2023-07-18,310.51,Apparel,SMS,Completed
19932,2038,2024-10-21,376.39,Electronics,Paid Social,Completed
19934,2019,2024-11-14,314.25,Electronics,Email,Completed
19936,4280,2024-09-19,389.78,Beauty,Organic,Completed
19937,3722,2023-05-11,83.19,Apparel,Google Search,Completed
19939,3169,2024-03-31,317.99,Sports,Organic,Completed
19940,5569,2024-04-22,439.03,Apparel,Organic,Completed
19941,3229,2024-11-21,218.45,Sports,Paid Social,Completed
19942,5238,2022-05-09,185.36,Apparel,Email,Completed
19943,2508,2022-04-16,204.63,Home & Kitchen,Google Search,Completed
19944,2510,2022-08-04,121.93,Home & Kitchen,SMS,Completed
19945,4370,2023-10-20,203.34,Electronics,Email,Completed
19947,4227,2023-04-16,224.61,Home & Kitchen,Organic,Completed
19948,2113,2022-02-11,195.75,Beauty,Paid Social,Completed
19949,4711,2022-10-11,211.27,Electronics,Paid Social,Completed
19950,1806,2022-09-01,1042.8,Electronics,SMS,Completed
19951,1349,2022-01-18,490.25,Beauty,Google Search,Completed
19952,5201,2024-03-22,486.76,Sports,Paid Social,Completed
19954,3427,2022-09-02,382.52,Sports,Email,Completed
19956,3273,2024-09-06,989.57,Electronics,Google Search,Completed
19958,2694,2022-10-11,290.37,Home & Kitchen,SMS,Completed
19962,1029,2024-10-09,184.97,Home & Kitchen,Organic,Completed
19964,1528,2022-03-01,87.02,Beauty,Paid Social,Completed
19966,5526,2024-09-06,2370.99,Electronics,Organic,Completed
19968,2763,2022-05-05,159.41,Sports,Paid Social,Completed
19973,1527,2022-01-02,85.99,Apparel,Email,Completed
19974,4535,2022-08-04,273.15,Beauty,SMS,Completed
19975,3862,2022-12-28,425.14,Home & Kitchen,SMS,Completed
19976,5134,2023-08-27,236.89,Home & Kitchen,Google Search,Completed
19977,1661,2024-02-11,756.92,Home & Kitchen,Organic,Completed
19978,4969,2024-07-23,261.73,Home & Kitchen,SMS,Completed
19979,3678,2024-08-31,181.66,Electronics,Google Search,Completed
19981,3921,2023-06-11,339.15,Electronics,Paid Social,Completed
19983,5612,2024-02-09,105.37,Sports,SMS,Completed
19984,3206,2024-05-13,98.95,Electronics,Google Search,Completed
19985,3271,2022-07-06,22.97,Home & Kitchen,Paid Social,Completed
19987,5270,2024-06-25,220.68,Beauty,Email,Completed
19992,1058,2022-09-30,216.04,Apparel,Email,Completed
19993,3348,2023-09-30,766.38,Apparel,Organic,Completed
19994,1545,2024-06-05,523.81,Beauty,Paid Social,Completed
19997,3521,2022-08-17,133.81,Electronics,SMS,Completed
19998,5105,2022-05-12,118.55,Apparel,SMS,Completed
19999,5866,2022-08-19,134.1,Electronics,SMS,Completed
20000,1942,2024-12-08,207.76,Electronics,Paid Social,Completed
20002,2304,2023-03-20,195.67,Home & Kitchen,Organic,Completed
20003,3473,2022-01-06,321.57,Electronics,Google Search,Completed
20004,4159,2023-12-11,172.34,Sports,Organic,Completed
20005,4376,2022-05-13,425.98,Electronics,Organic,Completed
20007,4944,2024-07-18,665.8,Apparel,Email,Completed
20008,3711,2022-08-18,107.33,Apparel,Email,Completed
20009,4679,2022-08-22,154.39,Sports,SMS,Completed
20010,5894,2024-10-30,669.97,Sports,Organic,Completed
20012,2754,2024-08-02,193.26,Sports,SMS,Completed
20013,1312,2023-10-01,253.76,Beauty,Paid Social,Completed
20014,2907,2022-11-20,196.46,Beauty,Email,Completed
20018,3836,2023-02-08,127.68,Sports,Organic,Completed
20019,4867,2023-03-20,990.19,Beauty,Organic,Completed
20020,5437,2023-04-22,242.49,Apparel,Paid Social,Completed
20021,3542,2023-10-27,328.33,Electronics,Paid Social,Completed
20022,1065,2022-02-07,191.29,Electronics,Organic,Completed
20023,5715,2023-09-05,252.12,Electronics,SMS,Completed
20027,4701,2023-07-15,117.93,Apparel,Email,Completed
20028,5278,2024-01-03,193.87,Home & Kitchen,Paid Social,Completed
20029,2729,2023-10-14,1018.56,Electronics,Paid Social,Completed
20033,1731,2022-01-14,78.14,Sports,Email,Completed
20036,4164,2023-07-22,623.06,Home & Kitchen,SMS,Completed
20037,4000,2022-04-27,306.12,Apparel,Email,Completed
20039,4901,2024-12-24,196.12,Home & Kitchen,Organic,Completed
20040,2397,2022-07-13,179.51,Electronics,Google Search,Completed
20041,1890,2024-04-27,349.31,Electronics,Email,Completed
20044,4057,2022-08-25,268.96,Sports,SMS,Completed
20047,4832,2022-10-30,63.95,Sports,Google Search,Completed
20048,4641,2024-02-04,193.6,Sports,Email,Completed
20050,5258,2024-12-12,439.03,Electronics,Organic,Completed
20051,4346,2024-05-25,121.64,Sports,Google Search,Completed
20052,5374,2024-03-02,84.18,Beauty,SMS,Completed
20053,1843,2023-03-27,159.27,Electronics,Paid Social,Completed
20054,5194,2024-10-30,333.0,Beauty,Organic,Completed
20056,4774,2023-01-28,265.3,Beauty,Email,Completed
20057,1967,2024-04-13,106.89,Home & Kitchen,Paid Social,Completed
20058,1864,2024-11-15,338.21,Home & Kitchen,Google Search,Completed
20059,4372,2024-06-29,265.99,Sports,Paid Social,Completed
20060,2945,2024-05-31,251.31,Beauty,Email,Completed
20061,5636,2024-12-25,83.85,Beauty,Paid Social,Completed
20062,2611,2024-11-25,336.0,Sports,Email,Completed
20063,2270,2023-07-11,168.16,Apparel,Organic,Completed
20064,1396,2024-01-02,166.97,Beauty,Organic,Completed
20066,2835,2022-03-13,389.46,Sports,Email,Completed
20070,5790,2024-12-11,124.71,Home & Kitchen,SMS,Completed
20072,1168,2022-06-01,325.24,Electronics,Organic,Completed
20073,3135,2022-12-10,303.05,Sports,Paid Social,Completed
20076,3794,2024-11-20,224.26,Home & Kitchen,Email,Completed
20077,1442,2023-09-05,237.92,Home & Kitchen,Organic,Completed
20079,5166,2024-08-06,652.52,Apparel,SMS,Completed
20081,2580,2023-11-14,260.92,Sports,Google Search,Completed
20082,1543,2022-05-03,76.98,Beauty,Paid Social,Completed
20086,1230,2022-08-27,271.63,Electronics,Google Search,Completed
20087,1029,2023-08-20,20.77,Electronics,SMS,Completed
20088,1720,2024-03-18,764.97,Beauty,Email,Completed
20089,3888,2024-06-12,224.76,Beauty,SMS,Completed
20092,4810,2023-08-29,310.4,Sports,Organic,Completed
20093,2349,2022-04-19,341.94,Electronics,Organic,Completed
20094,5680,2023-11-29,96.38,Beauty,Paid Social,Completed
20095,5133,2024-05-08,706.99,Sports,Paid Social,Completed
20096,3636,2024-10-10,618.33,Sports,Email,Completed
20097,5498,2024-06-02,320.67,Sports,Organic,Completed
20099,4631,2022-02-15,250.5,Electronics,SMS,Completed
20100,2747,2024-09-03,168.61,Sports,SMS,Completed
20102,5818,2022-06-04,640.45,Electronics,Organic,Completed
20103,5964,2022-12-24,175.85,Home & Kitchen,Google Search,Completed
20104,4901,2024-05-30,166.48,Sports,Paid Social,Completed
20106,2925,2022-07-05,242.51,Apparel,Email,Completed
20107,2177,2024-09-21,289.53,Beauty,Paid Social,Completed
20108,3881,2023-09-25,107.14,Sports,Organic,Completed
20109,1749,2023-11-10,49.85,Home & Kitchen,Google Search,Completed
20110,2833,2022-05-12,182.29,Electronics,SMS,Completed
20111,2902,2023-03-17,301.05,Apparel,Google Search,Completed
20112,2971,2023-03-05,959.13,Electronics,SMS,Completed
20113,1689,2023-07-13,458.66,Apparel,Email,Completed
20114,5096,2022-02-19,1659.73,Electronics,Google Search,Completed
20116,5997,2023-02-17,356.6,Electronics,Organic,Completed
20120,3590,2024-10-10,37.36,Apparel,Paid Social,Completed
20123,5720,2024-09-16,696.46,Electronics,Email,Completed
20124,3957,2024-01-05,128.18,Home & Kitchen,Organic,Completed
20125,3027,2022-10-02,344.04,Electronics,Organic,Completed
20126,1440,2022-11-19,216.98,Apparel,SMS,Completed
20129,2047,2022-07-31,165.51,Beauty,Google Search,Completed
20131,1527,2022-03-06,188.49,Beauty,Google Search,Completed
20132,4580,2024-07-13,368.79,Electronics,SMS,Completed
20133,1457,2024-09-19,61.0,Electronics,Paid Social,Completed
20137,2225,2022-06-14,70.29,Apparel,Organic,Completed
20141,2311,2024-08-09,29.94,Apparel,Paid Social,Completed
20142,4288,2024-05-28,60.87,Apparel,Paid Social,Completed
20143,2314,2022-02-16,370.51,Electronics,Google Search,Completed
20144,1298,2024-01-23,376.17,Apparel,Email,Completed
20145,4397,2024-03-04,454.78,Beauty,Paid Social,Completed
20146,5799,2022-10-16,398.83,Beauty,Google Search,Completed
20147,3592,2023-08-19,257.03,Sports,Google Search,Completed
20150,2249,2024-01-26,1153.05,Home & Kitchen,Google Search,Completed
20154,2025,2023-07-04,202.03,Home & Kitchen,Paid Social,Completed
20155,3285,2024-04-25,126.98,Electronics,SMS,Completed
20156,4448,2023-08-23,257.89,Sports,Organic,Completed
20157,5922,2024-05-10,361.96,Beauty,Email,Completed
20158,3267,2024-04-04,61.57,Electronics,Paid Social,Completed
20161,1580,2023-02-20,370.12,Sports,Paid Social,Completed
20162,4220,2022-12-15,465.2,Electronics,Google Search,Completed
20163,1652,2024-05-31,212.31,Electronics,Organic,Completed
20165,3143,2023-09-16,297.73,Beauty,Paid Social,Completed
20168,1930,2022-08-03,63.82,Sports,Paid Social,Completed
20169,3806,2022-02-18,97.87,Apparel,Email,Completed
20172,3990,2023-01-04,444.32,Electronics,Organic,Completed
20173,2572,2024-02-08,1222.3,Beauty,Google Search,Completed
20174,5617,2024-11-30,298.4,Sports,SMS,Completed
20176,1453,2023-06-30,400.17,Sports,Paid Social,Completed
20177,3805,2023-01-09,77.31,Home & Kitchen,SMS,Completed
20178,1258,2023-05-02,128.65,Electronics,Organic,Completed
20180,1158,2022-12-19,84.71,Sports,SMS,Completed
20181,5268,2022-01-18,494.52,Sports,Email,Completed
20182,5955,2022-03-03,211.38,Electronics,SMS,Completed
20184,4496,2023-05-06,294.04,Sports,Email,Completed
20186,5764,2023-05-23,193.88,Sports,SMS,Completed
20187,3219,2022-11-25,114.17,Electronics,SMS,Completed
20189,2046,2022-01-05,228.37,Home & Kitchen,Organic,Completed
20191,4301,2023-10-29,288.89,Apparel,Google Search,Completed
20192,4939,2024-03-27,271.03,Apparel,Google Search,Completed
20194,2291,2023-07-15,266.35,Beauty,Google Search,Completed
20195,5439,2022-05-27,982.54,Beauty,Google Search,Completed
20196,1107,2024-10-11,158.1,Electronics,Paid Social,Completed
20197,5047,2024-11-16,75.87,Electronics,Google Search,Completed
20199,1170,2024-06-14,461.85,Apparel,Google Search,Completed
20200,3024,2024-01-15,411.58,Apparel,Paid Social,Completed
20201,3514,2023-08-19,329.35,Electronics,Organic,Completed
20203,3559,2022-06-20,780.03,Electronics,Google Search,Completed
20204,3495,2024-04-19,604.93,Home & Kitchen,Organic,Completed
20206,3083,2023-03-06,2319.35,Home & Kitchen,Organic,Completed
20207,2180,2022-01-01,143.37,Apparel,Paid Social,Completed
20212,4162,2022-01-28,188.17,Beauty,Organic,Completed
20213,2280,2022-02-28,46.3,Electronics,Email,Completed
20214,3292,2022-08-20,1395.48,Sports,Organic,Completed
20215,4349,2023-11-06,886.77,Beauty,Organic,Completed
20216,3360,2023-07-17,805.41,Beauty,Google Search,Completed
20217,4977,2024-03-26,76.37,Home & Kitchen,Google Search,Completed
20218,4702,2022-03-31,541.79,Home & Kitchen,Email,Completed
20219,3862,2023-11-25,217.66,Beauty,Email,Completed
20221,1879,2022-02-12,126.37,Beauty,Organic,Completed
20222,5439,2022-05-13,783.61,Beauty,SMS,Completed
20223,2833,2022-06-02,316.71,Home & Kitchen,Paid Social,Completed
20224,1575,2022-11-13,248.12,Apparel,Organic,Completed
20226,2601,2024-09-27,286.76,Beauty,Google Search,Completed
20229,4548,2023-11-01,177.23,Sports,SMS,Completed
20230,1272,2023-09-30,80.34,Home & Kitchen,Google Search,Completed
20231,4601,2023-05-19,298.38,Sports,Email,Completed
20233,4045,2024-12-24,91.39,Beauty,Email,Completed
20234,1742,2023-03-14,315.68,Apparel,SMS,Completed
20235,4106,2024-11-29,193.47,Home & Kitchen,Paid Social,Completed
20236,1275,2022-09-25,325.34,Sports,Paid Social,Completed
20237,5017,2023-05-14,93.57,Sports,Email,Completed
20239,4856,2022-07-06,234.93,Sports,Email,Completed
20242,3642,2022-09-08,281.73,Electronics,Google Search,Completed
20243,2137,2024-01-28,182.39,Electronics,Organic,Completed
20244,2085,2024-08-14,124.22,Home & Kitchen,SMS,Completed
20246,1300,2023-07-30,163.12,Home & Kitchen,Paid Social,Completed
20247,4507,2023-12-30,307.67,Apparel,SMS,Completed
20248,5889,2024-05-28,380.02,Electronics,Organic,Completed
20250,2340,2023-11-03,270.61,Home & Kitchen,Email,Completed
20252,4016,2022-12-21,236.5,Electronics,Organic,Completed
20256,1336,2022-02-26,163.25,Apparel,SMS,Completed
20257,4536,2022-06-20,359.42,Electronics,Email,Completed
20258,3182,2024-12-23,286.75,Sports,Google Search,Completed
20260,3574,2022-12-16,25.8,Home & Kitchen,Paid Social,Completed
20261,5825,2024-05-04,383.64,Electronics,Paid Social,Completed
20264,1842,2024-11-18,308.95,Sports,Email,Completed
20267,5171,2023-05-06,56.97,Electronics,Email,Completed
20269,5015,2023-02-21,163.48,Sports,Organic,Completed
20271,2946,2022-04-16,368.58,Electronics,Organic,Completed
20272,5315,2024-02-27,653.22,Apparel,Google Search,Completed
20273,1255,2024-11-18,436.07,Electronics,Email,Completed
20275,1040,2024-02-04,225.93,Home & Kitchen,Google Search,Completed
20277,3033,2022-01-31,725.72,Beauty,Organic,Completed
20279,2352,2024-12-19,575.16,Electronics,Organic,Completed
20281,2450,2023-11-24,600.71,Beauty,Google Search,Completed
20284,4872,2023-04-01,314.85,Apparel,Email,Completed
20285,3094,2023-03-06,123.83,Electronics,Paid Social,Completed
20286,5677,2024-09-25,123.6,Sports,SMS,Completed
20287,5501,2022-03-08,277.09,Sports,Email,Completed
20288,3013,2022-10-05,243.49,Beauty,Google Search,Completed
20290,2934,2022-02-06,87.94,Sports,Google Search,Completed
20291,1681,2024-10-18,214.87,Apparel,Email,Completed
20293,2881,2022-01-21,313.63,Home & Kitchen,SMS,Completed
20294,4864,2023-02-17,238.47,Sports,SMS,Completed
20295,3651,2024-07-30,403.76,Electronics,Google Search,Completed
20296,5807,2022-08-16,110.56,Apparel,Email,Completed
20297,4515,2022-07-06,630.5,Electronics,Email,Completed
20298,4605,2022-07-02,288.06,Sports,Paid Social,Completed
20299,2445,2022-01-06,3665.87,Sports,Email,Completed
20300,2862,2022-12-02,123.25,Apparel,Organic,Completed
20303,5733,2022-06-13,561.28,Home & Kitchen,Paid Social,Completed
20304,2282,2023-12-19,366.08,Home & Kitchen,Paid Social,Completed
20307,5989,2023-07-23,523.79,Home & Kitchen,Google Search,Completed
20309,3746,2022-07-19,541.74,Apparel,Organic,Completed
20311,3840,2022-08-24,588.66,Beauty,Paid Social,Completed
20312,1198,2023-07-05,370.58,Electronics,Email,Completed
20313,5258,2024-04-10,115.82,Apparel,Google Search,Completed
20314,2234,2024-07-07,258.93,Sports,Google Search,Completed
20315,1277,2024-07-09,284.31,Home & Kitchen,Email,Completed
20316,1975,2022-12-15,246.08,Home & Kitchen,Google Search,Completed
20319,4334,2022-02-21,391.95,Beauty,Organic,Completed
20320,5030,2023-01-08,253.74,Electronics,Google Search,Completed
20322,5618,2024-10-18,690.78,Electronics,Organic,Completed
20327,5036,2022-05-25,119.99,Electronics,Email,Completed
20331,1385,2022-12-24,82.14,Sports,Paid Social,Completed
20334,2452,2024-02-19,373.0,Sports,Paid Social,Completed
20337,2336,2022-04-20,116.72,Apparel,SMS,Completed
20338,3054,2022-06-02,155.11,Apparel,Email,Completed
20339,5301,2023-01-03,510.02,Sports,Paid Social,Completed
20340,5883,2024-09-09,320.52,Electronics,Email,Completed
20342,5752,2022-11-24,531.95,Electronics,Paid Social,Completed
20343,2980,2023-07-02,195.92,Beauty,SMS,Completed
20344,3333,2022-05-16,110.43,Home & Kitchen,Email,Completed
20345,4377,2023-05-31,301.29,Apparel,Organic,Completed
20346,4936,2022-08-14,474.28,Beauty,Email,Completed
20348,4202,2022-04-08,705.36,Sports,SMS,Completed
20350,5262,2022-11-14,207.38,Beauty,SMS,Completed
20351,4550,2024-02-01,98.29,Sports,SMS,Completed
20353,5136,2023-11-10,290.37,Home & Kitchen,Email,Completed
20354,2796,2024-04-14,87.97,Beauty,Organic,Completed
20355,3167,2022-09-07,233.54,Beauty,SMS,Completed
20356,4392,2023-04-13,237.14,Electronics,Organic,Completed
20357,2064,2022-08-23,390.59,Electronics,Google Search,Completed
20358,2110,2024-07-25,527.55,Apparel,SMS,Completed
20359,2055,2023-04-15,364.44,Electronics,Paid Social,Completed
20360,1335,2024-02-06,1384.36,Sports,Organic,Completed
20363,1105,2023-12-02,35.62,Beauty,Paid Social,Completed
20364,3641,2023-04-25,325.01,Beauty,Organic,Completed
20367,5475,2022-09-23,317.64,Electronics,Google Search,Completed
20371,5897,2022-09-08,95.69,Sports,SMS,Completed
20372,2038,2022-06-27,394.45,Beauty,Paid Social,Completed
20373,5575,2023-02-12,92.67,Sports,Paid Social,Completed
20375,2828,2024-01-08,358.74,Home & Kitchen,Google Search,Completed
20377,1384,2023-03-12,111.84,Electronics,Google Search,Completed
20378,5227,2024-11-06,86.21,Electronics,Google Search,Completed
20379,4755,2022-11-07,269.49,Beauty,Organic,Completed
20382,2436,2022-03-18,413.08,Home & Kitchen,Email,Completed
20383,2442,2022-05-03,238.85,Apparel,Google Search,Completed
20384,1672,2023-05-17,553.21,Electronics,SMS,Completed
20387,1977,2024-07-21,56.81,Electronics,Google Search,Completed
20390,4008,2023-10-25,393.96,Sports,Email,Completed
20398,1446,2024-07-16,208.42,Beauty,Google Search,Completed
20399,4098,2024-03-16,1203.29,Home & Kitchen,SMS,Completed
20400,3366,2022-12-17,326.69,Sports,Paid Social,Completed
20401,4022,2024-12-01,384.38,Sports,Organic,Completed
20402,3183,2022-08-08,250.83,Beauty,Paid Social,Completed
20403,4594,2022-05-16,89.5,Apparel,SMS,Completed
20405,1464,2023-08-05,234.4,Sports,Organic,Completed
20406,4569,2023-02-10,58.2,Beauty,SMS,Completed
20407,1326,2023-10-17,151.26,Beauty,Email,Completed
20409,3524,2023-06-28,205.42,Electronics,Email,Completed
20410,1107,2022-11-06,332.4,Sports,Email,Completed
20411,5218,2022-10-17,440.59,Beauty,Google Search,Completed
20413,2776,2023-01-04,265.23,Home & Kitchen,Paid Social,Completed
20414,4507,2022-06-03,177.55,Beauty,Email,Completed
20416,5590,2023-06-05,146.44,Sports,Email,Completed
20419,5446,2022-06-02,125.41,Apparel,SMS,Completed
20420,1385,2022-11-10,179.53,Electronics,Paid Social,Completed
20422,1925,2022-11-25,157.24,Home & Kitchen,SMS,Completed
20423,3899,2022-09-22,129.81,Sports,Email,Completed
20424,1528,2024-10-06,177.11,Beauty,Paid Social,Completed
20425,1380,2024-08-03,758.46,Home & Kitchen,Google Search,Completed
20426,2916,2022-07-09,1143.27,Apparel,Organic,Completed
20427,2332,2022-05-19,286.62,Electronics,Paid Social,Completed
20430,1660,2024-04-10,103.85,Sports,Google Search,Completed
20431,4525,2024-07-21,343.35,Sports,Organic,Completed
20432,3524,2022-10-28,79.15,Home & Kitchen,Email,Completed
20433,2808,2022-03-27,98.71,Electronics,SMS,Completed
20434,3919,2022-12-22,232.45,Apparel,Email,Completed
20436,4797,2023-02-14,33.5,Electronics,Organic,Completed
20437,3724,2023-01-22,114.81,Sports,SMS,Completed
20439,5265,2022-05-23,128.61,Electronics,Organic,Completed
20442,1545,2022-10-20,886.41,Apparel,Email,Completed
20443,3477,2023-06-18,483.45,Electronics,SMS,Completed
20445,4315,2024-04-17,216.37,Beauty,Google Search,Completed
20446,3439,2023-01-04,429.02,Home & Kitchen,Organic,Completed
20448,3957,2022-12-27,147.26,Electronics,Organic,Completed
20450,2256,2024-07-09,201.44,Sports,Organic,Completed
20451,4017,2022-12-10,518.83,Sports,Google Search,Completed
20452,1566,2022-09-05,493.44,Beauty,Organic,Completed
20453,1691,2024-02-05,183.7,Electronics,Email,Completed
20454,4111,2024-05-08,136.1,Apparel,SMS,Completed
20456,2852,2024-12-14,192.53,Beauty,Paid Social,Completed
20457,5836,2024-06-12,561.09,Apparel,Paid Social,Completed
20458,1921,2024-12-11,251.55,Home & Kitchen,SMS,Completed
20459,5852,2024-02-09,384.24,Electronics,Email,Completed
20460,4353,2023-05-15,146.9,Apparel,Email,Completed
20461,2648,2024-12-19,803.26,Home & Kitchen,Google Search,Completed
20463,1903,2022-07-05,420.01,Electronics,Google Search,Completed
20464,1788,2023-08-01,116.42,Home & Kitchen,Google Search,Completed
20469,5711,2023-09-21,497.34,Sports,Email,Completed
20470,3237,2024-02-07,460.64,Electronics,Email,Completed
20471,1554,2024-09-08,430.28,Home & Kitchen,Google Search,Completed
20472,5741,2022-05-31,150.88,Electronics,Email,Completed
20473,1547,2024-11-30,167.67,Apparel,Google Search,Completed
20474,2525,2024-02-03,358.36,Apparel,Organic,Completed
20476,3490,2023-04-30,438.76,Sports,Organic,Completed
20477,4899,2023-07-15,63.18,Beauty,Organic,Completed
20483,3221,2024-12-11,434.33,Apparel,Google Search,Completed
20486,5526,2022-12-30,667.16,Beauty,Organic,Completed
20488,4398,2024-11-28,223.3,Beauty,Email,Completed
20491,4843,2023-07-23,422.24,Apparel,Email,Completed
20495,5331,2023-10-05,62.41,Sports,Paid Social,Completed
20497,3065,2022-11-15,64.17,Apparel,Organic,Completed
20499,5659,2024-11-17,201.86,Home & Kitchen,Google Search,Completed
20500,5778,2023-12-12,64.85,Sports,Google Search,Completed
20501,1114,2024-10-09,82.15,Sports,Organic,Completed
20502,2996,2023-05-29,265.45,Home & Kitchen,Email,Completed
20503,2740,2023-03-14,95.51,Electronics,Google Search,Completed
20507,3398,2023-04-13,66.88,Beauty,Organic,Completed
20512,2269,2024-06-12,365.35,Home & Kitchen,Paid Social,Completed
20513,1670,2023-05-25,254.99,Beauty,SMS,Completed
20514,2660,2023-12-15,354.6,Sports,Organic,Completed
20515,2254,2022-01-05,509.65,Home & Kitchen,Organic,Completed
20516,5914,2023-09-10,219.3,Beauty,Paid Social,Completed
20517,1880,2022-04-22,135.27,Home & Kitchen,Google Search,Completed
20518,1523,2024-03-15,218.23,Home & Kitchen,SMS,Completed
20521,4945,2023-01-24,50.35,Apparel,Google Search,Completed
20522,4860,2023-05-21,565.02,Beauty,Paid Social,Completed
20525,5295,2022-12-08,110.93,Sports,Email,Completed
20530,5089,2023-06-04,472.27,Beauty,Google Search,Completed
20531,1649,2022-09-19,162.57,Electronics,Organic,Completed
20533,1777,2023-02-08,317.62,Home & Kitchen,SMS,Completed
20534,4926,2023-07-09,20.36,Electronics,Organic,Completed
20535,2716,2024-07-08,458.47,Electronics,Email,Completed
20537,5270,2023-01-05,285.84,Electronics,Paid Social,Completed
20541,1549,2023-07-12,297.68,Beauty,Paid Social,Completed
20542,1411,2023-08-17,288.65,Electronics,Paid Social,Completed
20544,1162,2023-08-29,166.53,Sports,Google Search,Completed
20545,2250,2023-02-10,344.91,Beauty,Google Search,Completed
20547,3979,2023-09-08,105.64,Apparel,Organic,Completed
20548,1017,2023-04-20,774.24,Apparel,Paid Social,Completed
20549,4577,2022-12-17,180.56,Sports,Organic,Completed
20552,4408,2023-10-04,774.93,Beauty,Paid Social,Completed
20554,3476,2024-02-28,147.67,Sports,SMS,Completed
20555,5108,2024-04-21,136.4,Apparel,Organic,Completed
20557,4608,2023-08-01,463.72,Apparel,SMS,Completed
20559,5979,2023-12-07,133.25,Apparel,Google Search,Completed
20562,5577,2022-01-16,822.6,Beauty,Google Search,Completed
20563,1601,2024-12-30,271.9,Sports,Paid Social,Completed
20564,1568,2023-07-13,345.93,Home & Kitchen,Paid Social,Completed
20565,3447,2023-04-20,337.91,Electronics,Google Search,Completed
20566,2363,2023-11-13,44.37,Apparel,Email,Completed
20567,5944,2023-07-13,631.62,Sports,Google Search,Completed
20568,3718,2023-07-01,474.32,Electronics,Email,Completed
20569,3377,2023-08-19,325.1,Home & Kitchen,Google Search,Completed
20570,5513,2024-05-27,307.24,Beauty,Google Search,Completed
20571,1483,2024-05-31,272.93,Electronics,Paid Social,Completed
20572,5144,2023-12-14,1336.88,Sports,SMS,Completed
20576,2016,2022-04-27,636.65,Sports,Google Search,Completed
20578,1814,2024-01-11,142.33,Electronics,Organic,Completed
20581,5231,2022-02-15,184.32,Apparel,Organic,Completed
20585,4801,2023-05-11,1092.12,Electronics,Paid Social,Completed
20587,3761,2024-06-07,261.79,Electronics,SMS,Completed
20588,1924,2022-11-24,147.47,Beauty,Organic,Completed
20589,5012,2022-08-16,138.89,Electronics,Organic,Completed
20593,5732,2024-08-30,128.0,Apparel,Email,Completed
20594,5241,2022-11-18,652.88,Beauty,Email,Completed
20596,3058,2022-12-14,35.67,Sports,Google Search,Completed
20598,1992,2024-11-29,618.9,Sports,Organic,Completed
20599,3653,2024-07-12,274.27,Sports,Google Search,Completed
20600,5809,2024-12-30,387.5,Home & Kitchen,Email,Completed
20601,1116,2023-04-20,1114.66,Beauty,Email,Completed
20602,2606,2023-12-01,31.55,Electronics,Organic,Completed
20603,2684,2023-12-21,392.53,Home & Kitchen,Paid Social,Completed
20604,1279,2022-01-02,117.83,Sports,Email,Completed
20605,1315,2023-01-06,612.23,Apparel,Paid Social,Completed
20606,5164,2022-12-12,191.53,Electronics,Google Search,Completed
20610,2218,2024-02-26,92.5,Apparel,Organic,Completed
20611,2512,2023-10-08,188.0,Electronics,Google Search,Completed
20614,4539,2024-03-10,194.64,Beauty,Email,Completed
20615,5109,2023-09-27,76.0,Electronics,Organic,Completed
20617,5608,2023-07-04,161.66,Sports,Google Search,Completed
20620,4380,2024-04-11,179.11,Apparel,Email,Completed
20622,3199,2024-08-04,1144.22,Electronics,SMS,Completed
20623,5009,2024-10-18,100.36,Home & Kitchen,Google Search,Completed
20624,2530,2024-06-06,611.5,Beauty,Paid Social,Completed
20628,2519,2024-08-21,224.19,Beauty,Google Search,Completed
20629,1079,2023-11-04,274.46,Electronics,Organic,Completed
20631,1085,2022-04-10,206.91,Apparel,Email,Completed
20632,1424,2023-04-19,342.88,Electronics,Email,Completed
20634,4306,2024-01-15,233.18,Apparel,SMS,Completed
20635,4235,2024-03-09,117.55,Home & Kitchen,Paid Social,Completed
20636,4436,2024-01-23,206.95,Home & Kitchen,Email,Completed
20639,2960,2024-08-03,178.28,Electronics,Google Search,Completed
20641,1993,2023-07-13,1314.3,Electronics,Email,Completed
20642,1333,2023-01-22,1290.21,Beauty,Email,Completed
20643,2921,2024-02-16,38.37,Sports,Email,Completed
20644,3682,2022-09-01,404.78,Apparel,SMS,Completed
20645,2302,2024-05-09,195.34,Apparel,Google Search,Completed
20646,1630,2024-02-09,104.43,Sports,Email,Completed
20647,5375,2023-07-29,783.96,Home & Kitchen,Organic,Completed
20648,4372,2023-09-02,219.07,Home & Kitchen,SMS,Completed
20651,4309,2024-04-03,419.53,Beauty,Email,Completed
20652,2045,2024-02-07,187.37,Electronics,Google Search,Completed
20653,5477,2024-04-05,188.82,Apparel,Organic,Completed
20654,3131,2022-06-11,263.94,Electronics,SMS,Completed
20655,5146,2024-02-11,783.48,Sports,SMS,Completed
20656,4090,2023-06-16,561.07,Electronics,Google Search,Completed
20657,4321,2024-09-11,201.12,Sports,Organic,Completed
20658,2891,2022-09-04,228.39,Sports,Paid Social,Completed
20659,5710,2023-04-29,1020.17,Beauty,Google Search,Completed
20660,5599,2023-03-27,91.29,Electronics,Paid Social,Completed
20662,1673,2022-11-17,122.49,Home & Kitchen,SMS,Completed
20663,4540,2023-06-20,1329.75,Sports,Organic,Completed
20664,2049,2023-06-12,94.04,Apparel,Organic,Completed
20666,2408,2022-01-23,312.87,Sports,Organic,Completed
20667,1855,2023-06-25,282.95,Home & Kitchen,Google Search,Completed
20669,1511,2022-08-02,670.89,Sports,SMS,Completed
20670,5902,2024-07-09,174.47,Electronics,Google Search,Completed
20671,1312,2024-06-09,333.27,Electronics,Paid Social,Completed
20672,1195,2023-02-20,290.66,Sports,Google Search,Completed
20673,5438,2024-08-10,130.0,Apparel,SMS,Completed
20675,2974,2023-07-25,271.71,Sports,Organic,Completed
20678,2681,2024-03-19,665.22,Home & Kitchen,Paid Social,Completed
20679,4155,2024-08-09,105.51,Home & Kitchen,Paid Social,Completed
20680,4141,2022-05-07,126.46,Home & Kitchen,Email,Completed
20681,4781,2024-11-12,1236.82,Beauty,Google Search,Completed
20684,1751,2023-03-01,212.03,Apparel,Paid Social,Completed
20685,1386,2022-09-07,97.03,Sports,Google Search,Completed
20686,1824,2022-03-18,84.21,Sports,Email,Completed
20687,3724,2023-08-12,166.69,Electronics,Paid Social,Completed
20688,5998,2022-11-23,183.94,Home & Kitchen,Paid Social,Completed
20689,4995,2023-11-23,124.7,Home & Kitchen,Paid Social,Completed
20691,2382,2023-04-06,512.43,Electronics,Email,Completed
20692,4613,2022-10-15,313.32,Electronics,Paid Social,Completed
20693,3555,2023-12-09,176.03,Apparel,Google Search,Completed
20699,4754,2022-06-08,464.82,Home & Kitchen,Paid Social,Completed
20701,5927,2024-09-17,292.88,Home & Kitchen,SMS,Completed
20702,3923,2023-08-15,1557.42,Electronics,Organic,Completed
20703,2513,2023-04-08,112.09,Electronics,Email,Completed
20704,1290,2022-10-31,339.36,Home & Kitchen,Paid Social,Completed
20706,1665,2023-09-18,652.11,Home & Kitchen,Paid Social,Completed
20708,5270,2023-07-04,172.85,Home & Kitchen,Email,Completed
20709,3701,2022-01-18,391.06,Electronics,Paid Social,Completed
20713,3357,2022-07-09,394.38,Home & Kitchen,Organic,Completed
20714,1435,2022-11-21,635.43,Electronics,SMS,Completed
20715,2366,2023-08-23,935.53,Electronics,Organic,Completed
20716,2351,2022-04-21,269.13,Apparel,SMS,Completed
20717,2086,2023-11-21,239.16,Beauty,SMS,Completed
20719,3365,2023-05-28,127.93,Apparel,Email,Completed
20720,1491,2024-06-17,193.2,Home & Kitchen,SMS,Completed
20722,1650,2024-03-16,338.56,Apparel,Paid Social,Completed
20725,3902,2024-10-13,262.57,Home & Kitchen,Paid Social,Completed
20726,5467,2023-01-07,211.75,Electronics,Google Search,Completed
20728,4414,2023-07-20,490.91,Home & Kitchen,SMS,Completed
20730,3895,2022-03-26,502.92,Home & Kitchen,Paid Social,Completed
20733,4090,2022-12-24,392.69,Electronics,Paid Social,Completed
20734,3934,2022-12-14,120.59,Electronics,SMS,Completed
20738,1578,2023-03-13,134.28,Beauty,Organic,Completed
20739,1326,2024-06-02,477.44,Apparel,Email,Completed
20742,5996,2023-02-01,432.62,Home & Kitchen,Google Search,Completed
20744,2061,2022-12-31,47.97,Apparel,SMS,Completed
20745,3334,2024-06-11,261.96,Beauty,Google Search,Completed
20748,5308,2024-04-14,153.41,Home & Kitchen,Paid Social,Completed
20751,1240,2023-09-04,361.57,Home & Kitchen,Email,Completed
20756,3115,2022-09-13,1796.5,Electronics,SMS,Completed
20758,2295,2024-06-11,1203.18,Sports,Google Search,Completed
20762,3353,2024-05-21,63.73,Home & Kitchen,Paid Social,Completed
20763,5081,2024-02-01,516.92,Apparel,Paid Social,Completed
20764,5312,2022-11-17,174.56,Beauty,Google Search,Completed
20766,2493,2023-03-21,358.59,Beauty,Paid Social,Completed
20769,3903,2022-09-15,172.08,Home & Kitchen,SMS,Completed
20770,5189,2023-08-14,416.62,Home & Kitchen,Google Search,Completed
20771,1812,2024-12-08,142.47,Sports,Organic,Completed
20772,1635,2022-10-29,172.43,Beauty,Organic,Completed
20773,5556,2024-03-03,353.29,Beauty,Email,Completed
20777,2200,2024-04-28,227.3,Beauty,Email,Completed
20778,2765,2022-12-25,155.73,Electronics,Paid Social,Completed
20779,5613,2023-07-25,838.77,Sports,Email,Completed
20784,4328,2024-10-12,90.14,Home & Kitchen,Organic,Completed
20786,2890,2024-11-12,199.71,Beauty,Paid Social,Completed
20788,5869,2024-04-03,413.89,Beauty,Google Search,Completed
20789,3553,2022-03-24,204.08,Electronics,SMS,Completed
20790,4496,2022-02-12,86.2,Beauty,Google Search,Completed
20793,4124,2022-09-21,34.34,Home & Kitchen,Email,Completed
20794,3239,2024-08-06,226.12,Apparel,SMS,Completed
20795,1422,2023-06-14,802.19,Apparel,Paid Social,Completed
20796,4517,2023-08-27,383.06,Sports,Email,Completed
20800,5097,2022-10-12,141.88,Sports,Organic,Completed
20801,4392,2022-03-10,339.22,Sports,Email,Completed
20802,4541,2024-06-29,169.43,Home & Kitchen,Paid Social,Completed
20805,3584,2024-03-14,66.55,Apparel,SMS,Completed
20807,5114,2024-01-12,135.43,Beauty,Paid Social,Completed
20808,3434,2023-06-16,172.99,Electronics,Google Search,Completed
20809,3481,2022-04-18,123.14,Beauty,SMS,Completed
20810,5952,2022-05-24,128.79,Beauty,Email,Completed
20811,3502,2023-09-27,124.5,Beauty,Email,Completed
20813,1568,2024-11-03,405.47,Electronics,Organic,Completed
20814,3478,2023-09-14,157.92,Apparel,SMS,Completed
20817,5906,2022-06-19,376.24,Apparel,SMS,Completed
20818,4540,2022-12-07,78.17,Beauty,Email,Completed
20822,3458,2024-05-28,55.91,Electronics,Organic,Completed
20823,1230,2023-05-04,481.44,Apparel,Paid Social,Completed
20825,5793,2023-08-30,61.79,Beauty,Google Search,Completed
20826,5265,2024-04-01,431.06,Electronics,SMS,Completed
20827,2207,2024-01-09,81.95,Sports,Organic,Completed
20829,2074,2023-10-19,1763.47,Home & Kitchen,SMS,Completed
20830,5104,2022-10-26,63.49,Apparel,SMS,Completed
20832,3323,2024-05-06,230.74,Electronics,Paid Social,Completed
20834,5211,2022-07-14,311.36,Apparel,Email,Completed
20835,2598,2022-05-01,356.36,Electronics,Google Search,Completed
20836,4712,2022-11-10,109.16,Sports,Organic,Completed
20837,2122,2023-05-27,1339.55,Sports,SMS,Completed
20838,5289,2022-12-19,69.79,Apparel,Organic,Completed
20839,4452,2022-12-19,192.4,Electronics,Organic,Completed
20840,2149,2023-10-09,216.13,Home & Kitchen,Organic,Completed
20841,2519,2022-12-14,251.02,Home & Kitchen,SMS,Completed
20845,2180,2022-03-03,579.67,Electronics,Email,Completed
20848,5326,2022-08-11,506.8,Sports,Organic,Completed
20849,2880,2022-12-17,243.64,Home & Kitchen,Google Search,Completed
20850,4866,2022-05-29,193.78,Sports,Paid Social,Completed
20851,2724,2022-08-17,224.51,Electronics,Paid Social,Completed
20852,4694,2022-02-14,287.67,Apparel,Email,Completed
20853,1944,2022-10-05,288.04,Apparel,Email,Completed
20855,4274,2022-11-04,439.21,Sports,SMS,Completed
20856,4932,2023-08-24,202.69,Beauty,Google Search,Completed
20859,1884,2023-12-02,61.63,Beauty,Google Search,Completed
20861,3876,2022-08-04,864.69,Beauty,Email,Completed
20862,3218,2022-06-01,290.98,Beauty,Email,Completed
20863,4063,2024-06-30,186.14,Electronics,Google Search,Completed
20865,4302,2022-04-07,771.15,Sports,Google Search,Completed
20866,2148,2022-07-31,135.94,Home & Kitchen,Paid Social,Completed
20867,1626,2023-03-03,131.22,Home & Kitchen,Paid Social,Completed
20868,3473,2024-07-22,41.84,Apparel,Google Search,Completed
20869,3605,2023-10-13,404.23,Sports,SMS,Completed
20870,4291,2023-02-06,831.32,Beauty,Paid Social,Completed
20872,5944,2023-05-17,159.93,Sports,SMS,Completed
20873,3288,2023-08-08,55.05,Electronics,Organic,Completed
20875,4100,2024-04-09,316.87,Electronics,Organic,Completed
20876,1523,2023-05-16,147.21,Electronics,Organic,Completed
20878,4847,2023-03-10,411.4,Sports,Google Search,Completed
20879,5362,2023-03-20,449.39,Apparel,SMS,Completed
20881,2511,2023-05-17,709.88,Home & Kitchen,SMS,Completed
20882,1176,2023-08-01,299.63,Apparel,Email,Completed
20883,5842,2022-03-11,416.96,Apparel,Paid Social,Completed
20884,5739,2022-11-22,181.56,Electronics,Organic,Completed
20887,5876,2022-04-08,347.19,Apparel,Organic,Completed
20890,3925,2022-11-26,202.12,Electronics,Google Search,Completed
20891,1807,2024-05-30,51.59,Home & Kitchen,Email,Completed
20892,2133,2022-08-04,274.36,Beauty,Email,Completed
20893,2496,2023-10-17,82.23,Electronics,SMS,Completed
20894,2003,2024-09-04,19.64,Home & Kitchen,Email,Completed
20895,4575,2023-06-15,201.17,Sports,Email,Completed
20896,1901,2024-04-14,407.75,Apparel,SMS,Completed
20897,5417,2024-01-03,174.82,Beauty,Email,Completed
20899,3851,2022-03-01,185.83,Home & Kitchen,Email,Completed
20900,5190,2024-03-08,189.47,Electronics,Email,Completed
20901,3002,2023-08-30,64.25,Beauty,Email,Completed
20902,4629,2023-08-01,36.43,Electronics,Email,Completed
20904,5527,2024-04-10,153.06,Apparel,Email,Completed
20905,2307,2022-08-16,81.12,Sports,Google Search,Completed
20906,2886,2023-06-24,196.15,Home & Kitchen,Email,Completed
20907,1438,2022-03-03,82.29,Beauty,Email,Completed
20911,1437,2023-01-28,536.29,Electronics,Google Search,Completed
20914,2783,2022-08-24,147.44,Electronics,Email,Completed
20916,5198,2024-07-10,72.37,Apparel,Organic,Completed
20917,4204,2024-03-06,598.7,Beauty,Paid Social,Completed
20918,4523,2022-01-02,507.78,Electronics,Organic,Completed
20919,2738,2023-04-17,96.13,Beauty,Email,Completed
20920,5471,2022-10-08,588.4,Sports,Google Search,Completed
20922,3093,2022-07-01,129.38,Sports,Paid Social,Completed
20924,1488,2024-07-15,202.71,Home & Kitchen,Email,Completed
20926,1167,2023-01-02,139.76,Beauty,SMS,Completed
20927,3927,2023-09-02,244.83,Electronics,Google Search,Completed
20928,3585,2023-05-13,553.33,Apparel,Paid Social,Completed
20929,4921,2023-06-13,106.2,Electronics,Paid Social,Completed
20930,2534,2023-09-28,320.35,Beauty,SMS,Completed
20931,3647,2023-10-14,145.01,Beauty,SMS,Completed
20932,4217,2022-01-21,142.56,Home & Kitchen,Email,Completed
20939,4735,2024-05-17,82.84,Beauty,Paid Social,Completed
20940,4857,2022-01-29,333.72,Home & Kitchen,Paid Social,Completed
20941,3125,2023-09-28,1636.09,Home & Kitchen,Organic,Completed
20944,2039,2024-11-02,505.41,Sports,SMS,Completed
20946,1181,2023-10-19,80.9,Home & Kitchen,Google Search,Completed
20947,5940,2023-07-19,555.41,Apparel,SMS,Completed
20948,4737,2023-11-22,550.08,Electronics,Google Search,Completed
20949,3414,2022-12-30,1143.82,Electronics,Organic,Completed
20954,4761,2024-02-08,482.74,Home & Kitchen,Organic,Completed
20956,1354,2022-02-14,413.29,Beauty,Google Search,Completed
20958,1162,2024-06-18,213.18,Electronics,Paid Social,Completed
20959,4712,2022-03-12,65.76,Electronics,Paid Social,Completed
20961,3505,2023-09-02,145.29,Beauty,SMS,Completed
20964,2230,2023-03-23,283.89,Electronics,Organic,Completed
20965,3612,2024-11-24,99.15,Apparel,Google Search,Completed
20966,3030,2023-01-17,107.65,Home & Kitchen,SMS,Completed
20967,2472,2023-11-11,287.45,Electronics,SMS,Completed
20970,2984,2024-06-14,512.92,Apparel,Google Search,Completed
20971,4789,2022-08-17,398.12,Beauty,Paid Social,Completed
20972,3587,2022-10-22,502.75,Sports,Email,Completed
20973,3785,2023-05-02,372.98,Beauty,SMS,Completed
20974,4588,2023-02-21,20.43,Home & Kitchen,Paid Social,Completed
20976,5502,2023-01-08,77.5,Beauty,SMS,Completed
20977,1590,2024-08-14,232.67,Home & Kitchen,Email,Completed
20978,3434,2024-10-26,179.34,Sports,SMS,Completed
20979,3059,2023-08-24,492.24,Apparel,Paid Social,Completed
20980,3872,2022-08-15,62.15,Electronics,Email,Completed
20981,1237,2022-04-30,81.38,Home & Kitchen,Paid Social,Completed
20982,4525,2024-02-29,157.46,Apparel,Organic,Completed
20985,1952,2022-04-20,404.69,Apparel,Paid Social,Completed
20987,4655,2023-08-09,249.04,Home & Kitchen,SMS,Completed
20988,4750,2023-07-13,285.99,Electronics,SMS,Completed
20990,3808,2022-09-25,364.54,Beauty,Google Search,Completed
20992,5056,2023-12-20,388.64,Home & Kitchen,Paid Social,Completed
20993,4677,2022-07-26,991.2,Apparel,Email,Completed
20994,1920,2023-06-27,687.33,Apparel,Google Search,Completed
20995,3599,2022-05-19,224.86,Home & Kitchen,Organic,Completed
20996,4940,2024-08-12,404.9,Sports,Paid Social,Completed
20997,1102,2023-06-01,131.96,Apparel,Paid Social,Completed
21003,1249,2024-03-28,230.57,Beauty,Paid Social,Completed
21005,4715,2022-12-12,72.5,Sports,Paid Social,Completed
21007,1913,2024-06-09,380.98,Home & Kitchen,SMS,Completed
21008,4031,2024-12-01,307.25,Electronics,SMS,Completed
21009,5681,2023-11-22,189.03,Sports,Organic,Completed
21010,2641,2024-02-14,154.82,Electronics,Paid Social,Completed
21012,4972,2023-03-15,96.97,Sports,Google Search,Completed
21014,5018,2024-12-06,127.45,Home & Kitchen,Paid Social,Completed
21015,2917,2022-07-28,136.66,Apparel,Organic,Completed
21019,4282,2024-12-20,263.47,Electronics,Google Search,Completed
21020,3535,2024-09-14,410.29,Apparel,Email,Completed
21021,4358,2022-04-08,359.17,Home & Kitchen,SMS,Completed
21022,5011,2023-09-16,260.38,Apparel,Organic,Completed
21023,3965,2024-07-21,247.29,Home & Kitchen,Email,Completed
21025,4526,2023-01-20,248.32,Sports,Paid Social,Completed
21028,5381,2024-01-19,81.89,Sports,Email,Completed
21029,3183,2023-10-26,260.31,Electronics,Paid Social,Completed
21031,5975,2022-09-07,55.38,Apparel,SMS,Completed
21032,2339,2022-10-07,325.62,Sports,Email,Completed
21033,3825,2022-07-27,127.28,Apparel,Email,Completed
21034,2842,2023-11-11,349.36,Home & Kitchen,Email,Completed
21035,3069,2023-06-30,97.03,Electronics,Email,Completed
21036,1789,2024-11-17,1175.23,Beauty,Email,Completed
21037,5475,2022-07-30,317.95,Home & Kitchen,Organic,Completed
21038,5241,2023-05-23,565.62,Home & Kitchen,Organic,Completed
21039,5441,2023-12-03,198.43,Sports,Organic,Completed
21040,3038,2024-11-15,452.33,Home & Kitchen,SMS,Completed
21041,3521,2024-02-07,376.13,Beauty,Organic,Completed
21042,1693,2024-04-01,152.52,Beauty,Email,Completed
21046,1766,2023-01-13,79.04,Home & Kitchen,Email,Completed
21048,1249,2022-12-22,192.01,Apparel,Paid Social,Completed
21049,3185,2024-10-26,201.05,Electronics,Organic,Completed
21051,1097,2023-03-12,488.44,Beauty,Paid Social,Completed
21052,1229,2022-10-27,645.57,Beauty,SMS,Completed
21053,5613,2022-12-23,450.58,Electronics,Google Search,Completed
21055,3782,2022-07-30,259.9,Electronics,SMS,Completed
21057,4680,2024-09-14,89.47,Apparel,Paid Social,Completed
21058,4745,2023-07-27,290.62,Electronics,Paid Social,Completed
21060,5404,2022-05-24,538.31,Home & Kitchen,Email,Completed
21061,1034,2024-10-21,183.38,Electronics,Google Search,Completed
21064,3100,2023-05-18,234.27,Home & Kitchen,Email,Completed
21066,5731,2024-01-07,341.56,Home & Kitchen,Google Search,Completed
21067,5716,2023-10-29,128.55,Home & Kitchen,Google Search,Completed
21072,1565,2023-01-11,302.86,Home & Kitchen,Organic,Completed
21073,4067,2022-02-17,429.99,Apparel,SMS,Completed
21075,1792,2022-01-13,68.25,Electronics,Organic,Completed
21076,1330,2024-06-23,1184.18,Electronics,SMS,Completed
21077,4963,2024-12-25,431.89,Sports,Paid Social,Completed
21078,1379,2024-01-22,124.31,Beauty,Organic,Completed
21081,1521,2022-01-15,327.17,Home & Kitchen,Paid Social,Completed
21082,3271,2024-04-08,110.77,Sports,Email,Completed
21085,2034,2022-08-28,290.07,Electronics,SMS,Completed
21088,3586,2022-10-08,116.06,Apparel,Paid Social,Completed
21090,5327,2022-08-05,118.5,Home & Kitchen,Google Search,Completed
21092,4525,2023-07-15,495.17,Apparel,Email,Completed
21093,4255,2024-06-13,193.69,Sports,Paid Social,Completed
21094,2320,2023-02-12,188.26,Electronics,Organic,Completed
21096,2639,2024-10-29,291.35,Beauty,SMS,Completed
21097,5652,2022-04-24,371.42,Electronics,Paid Social,Completed
21099,1655,2022-10-03,234.94,Home & Kitchen,Google Search,Completed
21100,4404,2023-08-09,165.31,Electronics,Paid Social,Completed
21101,5803,2022-04-02,89.19,Electronics,Email,Completed
21102,1530,2023-04-28,192.44,Apparel,Organic,Completed
21104,2786,2023-07-24,406.7,Electronics,Paid Social,Completed
21105,2078,2022-06-29,241.67,Home & Kitchen,Paid Social,Completed
21106,1205,2024-10-27,232.53,Beauty,Organic,Completed
21107,4315,2022-02-02,73.63,Electronics,Email,Completed
21109,3329,2022-11-15,62.41,Sports,Organic,Completed
21110,4662,2024-04-07,149.56,Beauty,Organic,Completed
21111,2244,2023-01-06,190.5,Home & Kitchen,Paid Social,Completed
21112,5852,2024-11-05,357.22,Apparel,Google Search,Completed
21113,3831,2022-04-07,190.36,Home & Kitchen,SMS,Completed
21114,3624,2022-02-16,117.16,Electronics,Paid Social,Completed
21115,4064,2024-07-23,498.57,Beauty,SMS,Completed
21116,3965,2024-01-06,61.93,Home & Kitchen,SMS,Completed
21119,2461,2024-11-17,204.4,Beauty,SMS,Completed
21120,2892,2023-06-25,253.64,Electronics,Email,Completed
21121,2896,2023-09-07,174.46,Beauty,SMS,Completed
21122,2565,2023-08-04,110.33,Electronics,Paid Social,Completed
21123,4042,2024-03-14,93.22,Beauty,SMS,Completed
21124,3486,2024-02-14,104.08,Beauty,Paid Social,Completed
21125,2503,2022-01-18,88.42,Beauty,Google Search,Completed
21127,3101,2023-12-14,413.49,Sports,Paid Social,Completed
21131,1185,2023-01-26,392.16,Electronics,Google Search,Completed
21134,4554,2024-01-02,176.14,Electronics,SMS,Completed
21138,3553,2023-05-28,189.88,Apparel,Email,Completed
21139,3277,2022-03-13,106.61,Beauty,SMS,Completed
21140,3016,2023-09-05,147.5,Home & Kitchen,Paid Social,Completed
21141,4334,2024-05-11,661.83,Beauty,Google Search,Completed
21143,2896,2022-07-22,35.87,Beauty,Email,Completed
21144,5419,2024-05-20,50.82,Electronics,Paid Social,Completed
21146,1999,2022-05-04,23.95,Apparel,Organic,Completed
21148,5686,2022-07-21,1499.38,Home & Kitchen,Google Search,Completed
21149,2867,2022-05-04,510.72,Beauty,Organic,Completed
21151,5724,2022-04-28,521.75,Sports,Organic,Completed
21152,2274,2022-01-20,90.53,Electronics,SMS,Completed
21153,5227,2023-03-29,211.88,Beauty,Email,Completed
21154,5582,2022-07-01,249.9,Beauty,Organic,Completed
21155,4225,2023-11-07,978.17,Electronics,Google Search,Completed
21156,5963,2022-01-06,141.16,Home & Kitchen,Email,Completed
21157,2297,2024-06-04,423.63,Home & Kitchen,SMS,Completed
21158,5073,2024-12-13,133.87,Electronics,Google Search,Completed
21159,5771,2022-08-15,93.54,Sports,Paid Social,Completed
21160,2561,2024-11-05,99.42,Beauty,Paid Social,Completed
21161,2564,2023-09-23,65.02,Beauty,Paid Social,Completed
21163,4524,2023-12-15,452.24,Sports,SMS,Completed
21166,5763,2023-08-12,124.52,Electronics,SMS,Completed
21167,5880,2022-01-07,567.63,Home & Kitchen,Organic,Completed
21171,4704,2024-04-03,61.13,Beauty,SMS,Completed
21173,3570,2023-04-22,263.08,Sports,Google Search,Completed
21174,4000,2024-10-18,744.94,Sports,Paid Social,Completed
21176,3997,2023-12-31,271.99,Sports,Email,Completed
21178,5346,2024-09-02,140.63,Beauty,Organic,Completed
21180,4675,2023-09-03,240.98,Apparel,Email,Completed
21181,1117,2023-11-14,104.1,Electronics,Google Search,Completed
21182,1342,2024-05-21,71.15,Home & Kitchen,SMS,Completed
21183,2434,2024-05-01,826.14,Sports,Email,Completed
21184,2550,2022-09-24,151.38,Home & Kitchen,Google Search,Completed
21186,3991,2024-08-08,304.72,Sports,Google Search,Completed
21187,4548,2023-08-15,91.7,Apparel,Paid Social,Completed
21188,4534,2024-01-22,298.78,Sports,Organic,Completed
21189,4787,2022-08-23,315.6,Home & Kitchen,SMS,Completed
21190,1774,2022-07-02,274.02,Sports,Organic,Completed
21191,2215,2024-10-27,249.21,Beauty,Organic,Completed
21194,2280,2024-10-10,399.05,Home & Kitchen,Google Search,Completed
21195,2305,2024-02-04,92.63,Home & Kitchen,Google Search,Completed
21199,2175,2022-11-25,458.79,Sports,Email,Completed
21200,3276,2023-11-17,1177.33,Beauty,SMS,Completed
21201,5220,2023-03-14,133.42,Home & Kitchen,Organic,Completed
21204,5012,2022-08-28,148.39,Apparel,SMS,Completed
21205,4262,2024-02-08,333.03,Apparel,Organic,Completed
21206,2979,2024-09-05,328.31,Electronics,SMS,Completed
21208,4161,2023-11-21,736.65,Electronics,SMS,Completed
21209,1065,2024-12-25,153.52,Electronics,Paid Social,Completed
21211,3720,2023-10-17,60.98,Electronics,Email,Completed
21212,5373,2024-08-16,71.74,Apparel,Email,Completed
21213,5023,2022-07-19,226.38,Home & Kitchen,Google Search,Completed
21214,1022,2024-04-02,129.52,Electronics,Paid Social,Completed
21215,5418,2024-04-20,659.13,Electronics,Paid Social,Completed
21216,5862,2022-12-13,470.99,Electronics,Google Search,Completed
21217,2835,2022-04-02,352.23,Sports,Organic,Completed
21218,3369,2022-06-26,220.98,Apparel,Email,Completed
21219,2790,2024-02-11,107.69,Apparel,Organic,Completed
21220,3349,2023-07-27,22.32,Sports,SMS,Completed
21221,5140,2024-11-23,126.73,Apparel,Organic,Completed
21222,5459,2024-02-19,322.87,Sports,Email,Completed
21223,5197,2023-02-25,97.22,Electronics,SMS,Completed
21224,5360,2024-08-12,763.17,Home & Kitchen,Paid Social,Completed
21225,2143,2022-12-07,267.99,Apparel,Google Search,Completed
21226,4577,2022-07-24,417.9,Electronics,SMS,Completed
21228,1538,2022-09-18,111.59,Apparel,Organic,Completed
21229,3107,2024-01-23,195.14,Sports,Google Search,Completed
21230,1968,2023-04-27,401.58,Home & Kitchen,Organic,Completed
21232,5223,2022-11-18,327.23,Electronics,Paid Social,Completed
21234,4327,2023-08-13,389.42,Sports,Google Search,Completed
21235,2421,2024-07-20,305.03,Apparel,Email,Completed
21237,4982,2023-02-08,224.51,Apparel,Paid Social,Completed
21239,2865,2024-01-22,230.08,Sports,SMS,Completed
21240,2134,2022-11-29,250.42,Electronics,Paid Social,Completed
21241,1634,2022-08-04,132.17,Electronics,Organic,Completed
21242,5170,2022-03-22,693.61,Electronics,Paid Social,Completed
21244,2134,2024-01-28,1698.79,Sports,SMS,Completed
21245,3124,2022-08-25,435.42,Home & Kitchen,Email,Completed
21246,4214,2024-09-11,474.77,Sports,Organic,Completed
21247,4925,2022-12-08,261.62,Electronics,SMS,Completed
21249,5865,2023-04-24,141.11,Apparel,Email,Completed
21250,1913,2023-12-28,183.72,Home & Kitchen,Paid Social,Completed
21256,4065,2023-07-28,108.31,Sports,Email,Completed
21257,3970,2022-09-07,206.06,Electronics,Google Search,Completed
21258,5940,2023-08-17,50.26,Apparel,SMS,Completed
21260,4984,2023-05-18,558.35,Beauty,Google Search,Completed
21262,5021,2022-08-02,72.0,Beauty,Google Search,Completed
21263,2939,2022-06-17,298.5,Sports,Organic,Completed
21264,1019,2024-05-24,358.83,Electronics,Email,Completed
21265,5261,2022-07-19,301.4,Electronics,Email,Completed
21266,5423,2023-05-23,317.32,Home & Kitchen,Email,Completed
21268,2105,2023-11-07,621.96,Beauty,Google Search,Completed
21270,1587,2022-04-12,152.82,Sports,Organic,Completed
21272,5871,2023-12-20,273.95,Sports,Email,Completed
21274,5253,2024-11-26,77.34,Electronics,Paid Social,Completed
21275,1989,2024-07-18,297.23,Beauty,Paid Social,Completed
21276,1169,2022-10-09,132.69,Electronics,Organic,Completed
21277,4830,2024-11-07,99.7,Sports,Paid Social,Completed
21278,4480,2024-08-20,265.65,Sports,Email,Completed
21279,3148,2022-07-21,1071.6,Sports,Organic,Completed
21280,3328,2024-08-02,243.13,Apparel,SMS,Completed
21281,4074,2022-01-19,534.01,Apparel,Paid Social,Completed
21283,3227,2022-11-04,217.52,Beauty,Paid Social,Completed
21284,5116,2023-04-02,360.55,Home & Kitchen,Paid Social,Completed
21285,5716,2024-08-07,151.98,Sports,Paid Social,Completed
21286,5688,2024-02-17,72.84,Home & Kitchen,Paid Social,Completed
21287,2299,2024-12-18,83.56,Apparel,Email,Completed
21289,5875,2024-05-02,323.45,Beauty,Organic,Completed
21290,5585,2024-05-25,288.03,Apparel,Email,Completed
21292,4157,2024-01-16,237.62,Beauty,SMS,Completed
21293,3862,2022-09-21,156.54,Sports,Email,Completed
21294,4968,2022-11-12,87.46,Sports,Email,Completed
21295,5720,2022-12-12,55.61,Apparel,Google Search,Completed
21298,3177,2022-06-27,224.14,Apparel,SMS,Completed
21302,5677,2022-08-11,36.73,Home & Kitchen,Organic,Completed
21303,2325,2023-09-01,217.24,Home & Kitchen,Google Search,Completed
21304,2843,2022-08-19,570.11,Apparel,Organic,Completed
21305,3291,2024-03-15,271.29,Sports,Paid Social,Completed
21306,2317,2023-08-16,99.47,Apparel,SMS,Completed
21308,2927,2022-10-18,575.95,Electronics,Email,Completed
21311,2141,2022-07-31,93.02,Electronics,Organic,Completed
21312,3177,2022-10-06,177.42,Beauty,Paid Social,Completed
21313,3420,2023-07-12,672.9,Home & Kitchen,Google Search,Completed
21315,5954,2024-10-12,258.01,Home & Kitchen,Organic,Completed
21316,4830,2022-05-01,1662.98,Beauty,Google Search,Completed
21320,5497,2024-10-01,237.77,Electronics,Google Search,Completed
21321,4597,2023-11-07,130.04,Electronics,Paid Social,Completed
21322,4385,2023-09-20,260.02,Beauty,SMS,Completed
21323,1286,2022-11-25,202.12,Electronics,Google Search,Completed
21325,5438,2024-06-28,196.9,Sports,Paid Social,Completed
21326,2880,2022-04-16,583.47,Beauty,SMS,Completed
21327,2836,2023-04-17,233.91,Beauty,Email,Completed
21328,2989,2024-05-27,399.34,Home & Kitchen,Email,Completed
21329,1824,2024-08-18,314.11,Apparel,SMS,Completed
21330,3256,2024-02-23,342.09,Apparel,Google Search,Completed
21331,1638,2022-07-10,240.27,Beauty,SMS,Completed
21332,3301,2022-08-08,61.85,Home & Kitchen,Paid Social,Completed
21337,3839,2022-04-26,300.47,Beauty,SMS,Completed
21339,4472,2023-09-19,689.27,Electronics,SMS,Completed
21343,5045,2023-10-02,388.35,Apparel,Paid Social,Completed
21344,5593,2024-05-31,242.84,Apparel,Organic,Completed
21345,4858,2024-09-15,149.19,Apparel,Organic,Completed
21346,3815,2022-11-10,267.63,Sports,Email,Completed
21347,4352,2023-07-15,109.8,Electronics,Google Search,Completed
21349,2912,2022-11-27,124.73,Home & Kitchen,Organic,Completed
21350,2576,2024-09-06,213.77,Electronics,SMS,Completed
21352,2761,2022-06-19,147.93,Beauty,SMS,Completed
21353,4082,2022-09-03,168.59,Home & Kitchen,Paid Social,Completed
21355,5317,2023-09-16,300.12,Apparel,Organic,Completed
21356,2344,2022-11-01,720.37,Apparel,Google Search,Completed
21357,5599,2024-02-12,171.05,Home & Kitchen,Email,Completed
21358,3555,2023-09-27,435.53,Apparel,SMS,Completed
21360,4029,2024-09-20,302.77,Sports,SMS,Completed
21361,4165,2023-08-14,486.48,Sports,Google Search,Completed
21362,4401,2022-06-14,840.39,Electronics,Paid Social,Completed
21364,4475,2023-12-06,421.06,Home & Kitchen,Email,Completed
21365,1521,2023-05-02,154.89,Apparel,Google Search,Completed
21366,1338,2022-12-03,183.89,Apparel,Email,Completed
21368,3597,2022-08-30,191.1,Sports,Email,Completed
21369,2056,2022-02-03,303.38,Home & Kitchen,Email,Completed
21370,3158,2023-12-23,241.98,Apparel,Organic,Completed
21372,4731,2023-07-14,201.02,Apparel,Organic,Completed
21373,3817,2023-12-13,219.83,Electronics,SMS,Completed
21375,4436,2022-04-01,848.22,Beauty,Google Search,Completed
21376,4281,2024-02-28,236.89,Electronics,Paid Social,Completed
21377,1569,2024-11-21,107.06,Electronics,Organic,Completed
21378,2143,2022-02-26,1073.75,Beauty,Paid Social,Completed
21380,4153,2024-11-25,214.4,Electronics,SMS,Completed
21382,4973,2022-01-15,132.39,Home & Kitchen,Email,Completed
21384,3322,2023-10-15,118.62,Home & Kitchen,Google Search,Completed
21385,2452,2022-04-09,132.98,Beauty,Google Search,Completed
21387,2419,2022-01-11,70.59,Sports,Google Search,Completed
21388,4338,2024-05-13,550.57,Sports,Google Search,Completed
21389,5093,2022-04-19,398.78,Home & Kitchen,SMS,Completed
21390,3901,2023-06-15,218.77,Sports,Organic,Completed
21391,4622,2022-04-25,333.97,Electronics,Organic,Completed
21392,4072,2023-01-27,856.28,Beauty,Organic,Completed
21394,5350,2023-04-05,496.46,Home & Kitchen,Google Search,Completed
21397,5020,2023-02-06,224.21,Electronics,SMS,Completed
21398,2987,2022-07-09,289.57,Home & Kitchen,Email,Completed
21399,5784,2022-05-02,404.03,Beauty,Organic,Completed
21402,5220,2022-07-10,201.62,Electronics,Google Search,Completed
21403,1448,2024-02-09,296.15,Beauty,Google Search,Completed
21404,5540,2022-04-03,261.41,Sports,Paid Social,Completed
21407,1673,2022-10-01,244.2,Electronics,Paid Social,Completed
21408,2753,2023-09-27,126.53,Electronics,Email,Completed
21409,4248,2023-03-18,731.65,Sports,Email,Completed
21410,3946,2024-12-11,170.03,Sports,SMS,Completed
21412,1999,2023-03-13,95.44,Beauty,SMS,Completed
21415,4445,2024-06-01,989.02,Beauty,Google Search,Completed
21417,3883,2023-11-16,79.12,Sports,Paid Social,Completed
21418,3427,2024-07-08,607.92,Beauty,Paid Social,Completed
21419,3060,2023-06-23,115.91,Home & Kitchen,Organic,Completed
21420,5304,2022-04-04,101.28,Home & Kitchen,Organic,Completed
21421,2938,2024-02-18,276.9,Sports,Email,Completed
21422,5515,2022-08-25,164.45,Home & Kitchen,Organic,Completed
21424,1074,2022-04-25,369.21,Electronics,Google Search,Completed
21425,3192,2022-05-03,186.4,Apparel,Google Search,Completed
21426,1328,2024-09-13,407.18,Sports,Google Search,Completed
21430,1976,2023-07-07,399.37,Sports,SMS,Completed
21431,2284,2024-01-09,386.41,Beauty,Organic,Completed
21432,3026,2024-12-18,1310.9,Electronics,Paid Social,Completed
21433,4187,2023-10-05,617.97,Electronics,Google Search,Completed
21434,2287,2022-11-28,111.8,Beauty,Email,Completed
21435,3142,2024-07-22,114.37,Apparel,Paid Social,Completed
21437,4944,2024-10-24,391.13,Sports,Paid Social,Completed
21440,1208,2022-03-03,241.57,Apparel,Paid Social,Completed
21441,1498,2022-10-13,396.23,Electronics,Paid Social,Completed
21442,1318,2022-01-16,874.84,Sports,Email,Completed
21443,1968,2022-11-02,375.36,Sports,Email,Completed
21445,1542,2024-11-10,538.44,Electronics,Email,Completed
21449,2716,2022-03-31,97.62,Sports,Paid Social,Completed
21450,1986,2023-01-19,213.81,Beauty,Google Search,Completed
21451,3238,2024-11-15,153.03,Electronics,Paid Social,Completed
21452,2436,2022-10-06,144.67,Sports,SMS,Completed
21453,2807,2022-07-07,157.66,Beauty,Organic,Completed
21456,2978,2024-01-10,582.42,Beauty,Email,Completed
21457,2373,2023-02-07,91.58,Apparel,SMS,Completed
21459,3957,2023-09-01,155.25,Beauty,SMS,Completed
21460,5209,2024-11-25,132.43,Home & Kitchen,Email,Completed
21463,5950,2024-07-05,1453.86,Electronics,Google Search,Completed
21464,4151,2023-02-16,135.9,Electronics,Email,Completed
21465,5727,2023-08-15,396.57,Beauty,Email,Completed
21466,2734,2023-10-04,240.52,Home & Kitchen,Google Search,Completed
21468,2765,2023-08-13,387.21,Home & Kitchen,Google Search,Completed
21470,5851,2023-04-11,115.09,Beauty,Google Search,Completed
21472,4199,2024-01-30,289.6,Electronics,SMS,Completed
21474,5577,2024-08-28,149.44,Apparel,Organic,Completed
21478,1667,2023-09-17,355.95,Sports,Organic,Completed
21479,1005,2024-02-09,814.85,Home & Kitchen,Paid Social,Completed
21481,1469,2022-03-14,170.12,Apparel,Email,Completed
21482,5289,2022-03-23,165.8,Beauty,Email,Completed
21484,4383,2023-09-06,73.54,Home & Kitchen,Paid Social,Completed
21485,4554,2024-11-13,816.22,Apparel,Google Search,Completed
21487,5934,2024-05-11,83.8,Beauty,Email,Completed
21488,1657,2023-02-06,163.0,Beauty,Google Search,Completed
21489,1527,2022-09-22,162.92,Sports,Organic,Completed
21490,4055,2024-01-15,376.53,Home & Kitchen,Email,Completed
21492,4046,2023-04-30,36.47,Beauty,SMS,Completed
21493,2653,2024-02-12,653.05,Electronics,Organic,Completed
21494,3556,2024-09-15,39.21,Home & Kitchen,Paid Social,Completed
21496,3246,2022-07-16,179.56,Home & Kitchen,Email,Completed
21497,4034,2023-11-14,241.55,Beauty,Organic,Completed
21499,4347,2023-05-08,171.38,Beauty,Google Search,Completed
21501,5716,2023-03-07,197.66,Apparel,Paid Social,Completed
21502,4565,2022-01-02,124.42,Electronics,Paid Social,Completed
21503,4863,2023-01-06,399.22,Sports,Email,Completed
21508,2482,2023-05-02,159.9,Home & Kitchen,Organic,Completed
21510,1905,2022-02-21,241.16,Apparel,SMS,Completed
21511,2046,2024-09-18,410.18,Apparel,SMS,Completed
21512,2881,2024-02-21,464.57,Beauty,Email,Completed
21514,4752,2023-06-13,862.0,Sports,Google Search,Completed
21515,4525,2022-01-14,476.64,Beauty,Paid Social,Completed
21517,4047,2023-01-28,425.38,Home & Kitchen,Google Search,Completed
21519,1153,2023-08-02,609.57,Apparel,SMS,Completed
21521,5082,2024-09-26,346.75,Home & Kitchen,SMS,Completed
21522,5828,2024-08-11,229.17,Sports,Paid Social,Completed
21523,4310,2024-02-24,77.76,Home & Kitchen,Paid Social,Completed
21524,3662,2024-04-24,92.07,Sports,Google Search,Completed
21526,5228,2024-09-26,225.84,Sports,Google Search,Completed
21527,1530,2024-12-15,134.23,Home & Kitchen,Google Search,Completed
21532,5868,2023-03-15,56.56,Home & Kitchen,Paid Social,Completed
21533,4813,2024-04-18,205.64,Apparel,Email,Completed
21535,1123,2023-08-03,208.17,Beauty,Paid Social,Completed
21538,2787,2022-01-30,48.78,Apparel,Paid Social,Completed
21539,4674,2023-04-01,373.39,Home & Kitchen,Google Search,Completed
21542,5068,2022-05-15,181.25,Beauty,SMS,Completed
21543,4493,2022-11-12,128.3,Beauty,Organic,Completed
21548,3822,2024-10-12,245.73,Home & Kitchen,Paid Social,Completed
21549,1742,2023-12-29,196.76,Home & Kitchen,Google Search,Completed
21550,2472,2024-06-02,47.79,Home & Kitchen,SMS,Completed
21553,3913,2022-10-09,97.1,Home & Kitchen,Organic,Completed
21554,4003,2022-09-20,364.7,Home & Kitchen,Email,Completed
21555,5841,2024-07-11,37.54,Home & Kitchen,Google Search,Completed
21556,2937,2024-10-06,162.14,Sports,Organic,Completed
21557,4445,2022-11-30,90.06,Apparel,Google Search,Completed
21558,4422,2022-10-09,73.98,Beauty,Email,Completed
21559,3320,2023-09-04,68.97,Sports,Email,Completed
21560,3727,2023-10-02,187.56,Sports,Organic,Completed
21561,3230,2022-02-14,132.58,Electronics,Email,Completed
21563,5446,2024-11-02,93.48,Sports,Email,Completed
21566,5362,2023-08-29,175.49,Electronics,Google Search,Completed
21567,3338,2022-04-10,394.58,Home & Kitchen,Paid Social,Completed
21568,5073,2022-08-05,243.36,Electronics,Google Search,Completed
21569,5983,2024-01-06,127.28,Home & Kitchen,Email,Completed
21570,3873,2022-02-03,304.09,Beauty,Paid Social,Completed
21571,5764,2024-02-22,890.72,Beauty,Email,Completed
21572,3119,2024-07-17,189.28,Sports,SMS,Completed
21573,3262,2024-12-07,343.41,Electronics,Organic,Completed
21577,5862,2022-04-22,196.29,Beauty,Organic,Completed
21578,5413,2024-11-08,36.67,Sports,Google Search,Completed
21579,3873,2023-12-21,81.28,Sports,Organic,Completed
21581,3056,2024-12-17,959.6,Sports,Paid Social,Completed
21582,1939,2024-11-26,129.93,Beauty,Google Search,Completed
21583,5064,2023-01-02,837.02,Home & Kitchen,Paid Social,Completed
21584,3280,2022-05-03,100.2,Beauty,Organic,Completed
21586,4053,2023-08-13,231.59,Electronics,Email,Completed
21597,5874,2023-01-02,276.48,Electronics,Paid Social,Completed
21598,1887,2023-04-23,190.33,Beauty,Google Search,Completed
21599,5027,2022-01-03,159.68,Electronics,SMS,Completed
21600,2960,2022-07-02,282.37,Sports,SMS,Completed
21603,1641,2024-01-25,763.16,Apparel,Google Search,Completed
21606,5002,2024-10-17,373.66,Home & Kitchen,SMS,Completed
21607,4160,2024-02-14,36.69,Electronics,Google Search,Completed
21608,4497,2022-08-27,359.66,Electronics,Google Search,Completed
21610,5556,2023-07-09,339.91,Electronics,Email,Completed
21611,4529,2022-12-30,633.17,Apparel,SMS,Completed
21613,5994,2023-12-26,197.09,Electronics,Paid Social,Completed
21614,1328,2024-10-10,73.14,Electronics,Email,Completed
21616,4338,2022-09-08,777.14,Home & Kitchen,Organic,Completed
21618,4867,2022-02-15,621.58,Home & Kitchen,SMS,Completed
21619,1829,2023-07-03,404.98,Home & Kitchen,Paid Social,Completed
21620,5901,2023-07-23,233.93,Sports,SMS,Completed
21624,1448,2022-05-26,262.98,Apparel,Organic,Completed
21625,3675,2022-11-08,246.13,Beauty,Google Search,Completed
21630,1278,2023-12-01,367.25,Home & Kitchen,Organic,Completed
21632,1597,2022-08-06,84.77,Electronics,SMS,Completed
21635,2715,2023-01-04,270.91,Sports,Paid Social,Completed
21639,5277,2022-06-11,259.8,Home & Kitchen,Google Search,Completed
21640,1662,2023-10-28,413.63,Electronics,Paid Social,Completed
21641,4748,2024-10-13,208.5,Electronics,Email,Completed
21643,2200,2023-05-22,191.8,Beauty,Google Search,Completed
21644,2494,2024-05-01,285.85,Sports,Organic,Completed
21645,5487,2022-01-14,233.27,Home & Kitchen,SMS,Completed
21647,3293,2024-05-13,61.53,Home & Kitchen,SMS,Completed
21649,1838,2022-09-25,67.47,Sports,SMS,Completed
21654,5868,2024-10-11,215.77,Sports,Organic,Completed
21655,4696,2024-07-14,785.21,Electronics,Email,Completed
21656,5844,2023-07-17,157.95,Apparel,Paid Social,Completed
21657,1318,2023-09-07,265.75,Home & Kitchen,Organic,Completed
21659,2427,2022-09-26,72.09,Home & Kitchen,Paid Social,Completed
21661,1561,2023-05-03,78.39,Home & Kitchen,SMS,Completed
21662,3604,2022-10-26,333.32,Electronics,Email,Completed
21665,5338,2024-03-05,219.02,Apparel,Organic,Completed
21668,1340,2022-08-31,93.03,Sports,Paid Social,Completed
21669,1237,2023-01-10,122.43,Beauty,Organic,Completed
21670,4133,2024-08-25,173.09,Electronics,Google Search,Completed
21671,1886,2023-06-28,237.53,Beauty,Google Search,Completed
21673,2790,2024-11-23,400.04,Home & Kitchen,Organic,Completed
21674,4101,2024-11-07,209.36,Home & Kitchen,Google Search,Completed
21676,4674,2024-04-30,145.75,Apparel,Google Search,Completed
21677,1757,2022-11-08,176.58,Sports,Paid Social,Completed
21678,1326,2022-06-10,912.32,Home & Kitchen,Paid Social,Completed
21680,1735,2024-02-13,1716.52,Beauty,Paid Social,Completed
21681,4900,2023-06-17,365.39,Beauty,Organic,Completed
21684,4700,2023-08-15,205.99,Sports,Email,Completed
21685,3685,2022-12-01,88.65,Beauty,Google Search,Completed
21686,5038,2024-10-30,847.42,Sports,Paid Social,Completed
21687,3999,2022-05-05,65.31,Beauty,SMS,Completed
21688,4603,2024-08-14,358.05,Home & Kitchen,SMS,Completed
21689,2657,2024-06-18,115.11,Electronics,Google Search,Completed
21690,4369,2023-05-09,529.55,Sports,SMS,Completed
21691,1046,2022-04-21,67.68,Home & Kitchen,SMS,Completed
21692,2122,2023-07-15,454.23,Electronics,Email,Completed
21694,5159,2022-11-13,293.97,Apparel,Paid Social,Completed
21698,2860,2023-12-14,91.9,Electronics,Paid Social,Completed
21699,3294,2022-12-06,221.42,Apparel,SMS,Completed
21700,3298,2023-08-26,1243.34,Apparel,Email,Completed
21701,5685,2024-01-19,386.68,Electronics,Email,Completed
21702,2720,2022-07-14,137.84,Beauty,Email,Completed
21703,2743,2023-01-04,438.1,Sports,Organic,Completed
21707,5256,2023-10-07,433.88,Beauty,Email,Completed
21709,4711,2023-11-01,808.11,Sports,Email,Completed
21710,3432,2022-01-02,364.63,Sports,SMS,Completed
21712,1649,2024-10-03,58.69,Sports,SMS,Completed
21717,2778,2022-10-10,163.04,Apparel,SMS,Completed
21718,4910,2023-03-03,102.24,Beauty,Email,Completed
21719,5094,2023-06-18,271.71,Sports,Email,Completed
21721,3324,2024-07-17,142.54,Electronics,Email,Completed
21727,1500,2023-12-11,416.11,Electronics,SMS,Completed
21731,2621,2024-11-12,523.27,Beauty,Email,Completed
21732,2708,2022-11-17,113.79,Beauty,Email,Completed
21733,4416,2024-04-18,472.55,Sports,Google Search,Completed
21734,2105,2024-08-30,364.03,Sports,Google Search,Completed
21735,4198,2023-03-25,424.2,Beauty,Email,Completed
21739,2929,2024-10-22,239.21,Beauty,Email,Completed
21742,5519,2023-11-17,206.87,Beauty,SMS,Completed
21743,3182,2022-08-03,207.83,Beauty,Paid Social,Completed
21745,4412,2022-09-21,231.79,Sports,Organic,Completed
21746,1067,2022-12-09,191.91,Electronics,Email,Completed
21749,4882,2023-05-12,294.13,Sports,SMS,Completed
21751,3548,2022-11-14,1072.5,Electronics,Paid Social,Completed
21753,3491,2024-04-27,85.31,Home & Kitchen,Email,Completed
21755,4699,2023-06-17,236.54,Apparel,Organic,Completed
21756,4450,2024-03-28,928.87,Apparel,Paid Social,Completed
21759,1950,2023-09-25,186.13,Apparel,Organic,Completed
21760,4597,2024-05-12,220.59,Electronics,Google Search,Completed
21761,1173,2023-07-03,217.26,Sports,Organic,Completed
21762,3495,2023-09-09,59.99,Apparel,SMS,Completed
21763,1734,2022-05-27,109.81,Sports,Google Search,Completed
21764,2737,2024-07-16,469.27,Sports,Organic,Completed
21765,5492,2023-10-13,335.92,Beauty,SMS,Completed
21767,1273,2024-05-01,151.35,Home & Kitchen,Organic,Completed
21770,3205,2024-11-18,341.0,Sports,SMS,Completed
21775,5656,2024-08-17,55.91,Sports,Paid Social,Completed
21778,3328,2024-10-25,385.53,Home & Kitchen,Email,Completed
21780,2295,2023-04-19,143.8,Beauty,Google Search,Completed
21781,2277,2024-09-13,339.26,Sports,Paid Social,Completed
21782,2026,2024-10-21,1092.81,Home & Kitchen,SMS,Completed
21784,3239,2022-08-09,189.72,Electronics,Paid Social,Completed
21790,1960,2024-09-09,403.18,Electronics,Organic,Completed
21791,4966,2023-01-28,166.06,Home & Kitchen,Paid Social,Completed
21792,2199,2024-05-23,504.97,Electronics,Paid Social,Completed
21794,5345,2022-08-12,978.14,Beauty,Paid Social,Completed
21795,5626,2022-09-19,290.06,Sports,SMS,Completed
21797,1699,2023-03-19,184.79,Electronics,Google Search,Completed
21800,2997,2024-07-01,345.95,Home & Kitchen,Email,Completed
21801,3945,2023-04-15,122.85,Beauty,Google Search,Completed
21802,5019,2023-07-31,313.3,Sports,Paid Social,Completed
21804,1934,2022-09-30,313.93,Beauty,Email,Completed
21807,3140,2024-02-24,729.47,Electronics,SMS,Completed
21812,1725,2024-05-23,131.4,Sports,Paid Social,Completed
21813,2638,2024-03-07,158.61,Electronics,Google Search,Completed
21814,2939,2024-09-25,397.92,Home & Kitchen,Organic,Completed
21817,2246,2022-12-14,280.38,Apparel,SMS,Completed
21819,2618,2024-08-30,35.16,Beauty,Paid Social,Completed
21820,4821,2024-12-04,1013.67,Electronics,Paid Social,Completed
21822,2055,2022-07-03,141.65,Beauty,Organic,Completed
21825,3320,2023-01-01,221.04,Home & Kitchen,Paid Social,Completed
21827,2095,2022-09-05,380.52,Sports,Organic,Completed
21829,4059,2024-03-11,770.36,Apparel,Organic,Completed
21830,4193,2022-06-16,178.36,Electronics,Organic,Completed
21831,3680,2022-01-02,143.73,Beauty,Email,Completed
21832,3123,2022-03-26,530.79,Sports,Google Search,Completed
21833,1714,2024-12-26,489.99,Beauty,Paid Social,Completed
21834,1122,2023-06-15,296.91,Apparel,Google Search,Completed
21836,4858,2024-10-15,193.24,Apparel,Email,Completed
21837,3908,2022-04-19,156.19,Apparel,Paid Social,Completed
21838,4632,2022-09-16,137.92,Sports,Google Search,Completed
21839,2085,2023-09-17,736.71,Beauty,Google Search,Completed
21841,5989,2024-11-23,190.73,Apparel,SMS,Completed
21844,2357,2024-05-07,369.07,Sports,Paid Social,Completed
21845,2054,2023-03-12,151.13,Apparel,Paid Social,Completed
21848,3643,2024-08-31,233.71,Sports,Google Search,Completed
21849,1518,2023-10-06,316.84,Beauty,SMS,Completed
21852,4324,2024-12-25,361.06,Home & Kitchen,Paid Social,Completed
21854,4688,2024-04-06,246.06,Home & Kitchen,Email,Completed
21855,5114,2023-05-01,44.34,Electronics,Email,Completed
21857,3242,2023-01-23,302.69,Home & Kitchen,Paid Social,Completed
21860,2221,2022-11-24,1337.63,Home & Kitchen,Organic,Completed
21862,2787,2023-08-27,361.94,Apparel,SMS,Completed
21863,3498,2024-05-19,392.61,Beauty,Google Search,Completed
21865,5360,2023-07-25,360.65,Home & Kitchen,Paid Social,Completed
21866,3609,2022-09-22,126.86,Electronics,Google Search,Completed
21867,3635,2022-05-27,246.31,Apparel,Email,Completed
21870,2034,2024-07-14,198.05,Apparel,Google Search,Completed
21871,3237,2024-06-08,203.91,Sports,SMS,Completed
21873,2697,2024-06-15,238.64,Sports,Paid Social,Completed
21874,2599,2024-07-15,79.2,Sports,Google Search,Completed
21875,1393,2024-01-17,27.42,Electronics,Organic,Completed
21876,3839,2022-09-26,30.16,Home & Kitchen,SMS,Completed
21877,5911,2023-01-16,217.54,Electronics,Google Search,Completed
21878,5309,2024-05-05,363.22,Apparel,Paid Social,Completed
21879,2859,2023-12-04,294.47,Home & Kitchen,SMS,Completed
21880,1523,2023-04-28,605.18,Home & Kitchen,SMS,Completed
21885,4134,2024-05-18,1484.43,Electronics,Google Search,Completed
21886,2124,2024-01-31,303.3,Sports,Email,Completed
21888,4825,2022-04-27,91.59,Sports,Paid Social,Completed
21889,2726,2022-03-26,67.29,Apparel,Organic,Completed
21891,4836,2022-01-29,69.85,Home & Kitchen,Organic,Completed
21892,1898,2022-02-04,460.37,Apparel,SMS,Completed
21894,1076,2022-04-21,897.49,Apparel,Organic,Completed
21895,5629,2022-08-14,208.07,Beauty,Email,Completed
21896,4589,2023-07-08,176.6,Sports,Paid Social,Completed
21898,4515,2022-09-15,101.71,Apparel,SMS,Completed
21901,4107,2022-01-27,1480.41,Electronics,Google Search,Completed
21902,3870,2024-11-11,622.43,Beauty,Organic,Completed
21903,1297,2023-05-06,616.22,Home & Kitchen,Paid Social,Completed
21905,2121,2022-01-31,42.0,Home & Kitchen,Paid Social,Completed
21907,4666,2022-09-12,73.33,Beauty,Paid Social,Completed
21911,4890,2024-09-25,190.74,Sports,Paid Social,Completed
21913,4701,2024-01-12,222.58,Sports,Email,Completed
21914,2164,2024-05-24,235.44,Sports,SMS,Completed
21915,1031,2022-01-10,71.32,Beauty,Google Search,Completed
21916,1159,2023-01-02,646.58,Home & Kitchen,Organic,Completed
21917,1802,2023-04-26,212.33,Home & Kitchen,Google Search,Completed
21918,5315,2024-06-30,125.9,Home & Kitchen,Organic,Completed
21921,1463,2022-07-16,428.92,Home & Kitchen,Google Search,Completed
21924,2204,2024-04-11,387.29,Home & Kitchen,Email,Completed
21925,3306,2023-03-31,73.38,Sports,Email,Completed
21926,5164,2022-03-31,216.43,Home & Kitchen,Google Search,Completed
21930,5316,2022-05-05,243.16,Apparel,Email,Completed
21931,5675,2022-12-02,489.87,Electronics,Email,Completed
21932,1423,2023-03-03,89.45,Apparel,Paid Social,Completed
21934,2993,2023-09-08,91.33,Beauty,SMS,Completed
21935,3452,2024-07-21,100.91,Sports,SMS,Completed
21937,5393,2024-10-03,260.06,Electronics,SMS,Completed
21939,1916,2023-08-30,100.28,Sports,SMS,Completed
21940,1846,2022-04-27,168.58,Apparel,Google Search,Completed
21941,5750,2022-01-26,178.99,Beauty,Paid Social,Completed
21948,5297,2023-04-02,718.75,Beauty,Organic,Completed
21949,5752,2024-09-04,779.82,Home & Kitchen,Organic,Completed
21950,5551,2023-04-27,74.1,Apparel,Email,Completed
21951,4292,2022-06-05,114.25,Electronics,Organic,Completed
21952,2836,2022-09-25,40.66,Sports,Email,Completed
21953,1862,2024-03-28,209.24,Electronics,Organic,Completed
21954,1060,2024-04-28,138.58,Sports,SMS,Completed
21956,1922,2023-11-04,116.72,Home & Kitchen,Email,Completed
21959,1955,2024-09-28,206.9,Sports,Google Search,Completed
21961,1423,2022-10-09,1435.57,Beauty,Email,Completed
21962,4786,2024-04-05,242.6,Apparel,Email,Completed
21964,1978,2024-01-21,292.73,Beauty,Organic,Completed
21967,5349,2023-03-11,419.79,Electronics,Organic,Completed
21968,4727,2023-05-16,477.33,Home & Kitchen,Email,Completed
21972,3245,2023-07-21,121.28,Electronics,Google Search,Completed
21973,4527,2023-04-02,353.88,Sports,Google Search,Completed
21974,4530,2024-08-18,274.47,Home & Kitchen,Organic,Completed
21976,4117,2022-05-30,181.05,Beauty,Paid Social,Completed
21978,3858,2023-03-29,774.91,Beauty,Organic,Completed
21980,5402,2022-02-21,540.21,Beauty,SMS,Completed
21982,1186,2023-11-16,169.37,Sports,Google Search,Completed
21984,3436,2023-07-05,236.78,Beauty,Organic,Completed
21988,1769,2024-09-13,277.09,Electronics,Organic,Completed
21989,5344,2022-07-05,278.51,Home & Kitchen,Paid Social,Completed
21991,2451,2024-05-04,287.93,Beauty,Google Search,Completed
21993,5869,2022-08-05,163.81,Electronics,Email,Completed
21994,1931,2024-11-25,311.56,Beauty,Paid Social,Completed
21997,1238,2024-04-30,103.07,Beauty,Paid Social,Completed
21998,2940,2022-09-09,114.66,Beauty,SMS,Completed
22000,2153,2024-11-05,204.01,Apparel,Email,Completed
22002,3483,2022-09-02,1187.65,Apparel,Organic,Completed
22005,5674,2022-04-23,246.28,Home & Kitchen,Organic,Completed
22008,3821,2023-11-25,189.64,Sports,Email,Completed
22010,5041,2023-03-25,486.61,Home & Kitchen,SMS,Completed
22012,3684,2024-11-16,117.07,Sports,Email,Completed
22015,4068,2024-08-16,288.29,Apparel,Email,Completed
22016,5064,2023-07-06,94.69,Sports,Email,Completed
22017,3910,2024-10-29,631.14,Electronics,SMS,Completed
22018,4151,2023-11-14,217.11,Apparel,Google Search,Completed
22019,4294,2022-01-03,265.55,Sports,Google Search,Completed
22020,3234,2023-05-12,460.83,Home & Kitchen,Organic,Completed
22022,2629,2024-02-17,266.93,Apparel,Organic,Completed
22023,1022,2024-07-02,181.82,Electronics,Email,Completed
22024,3008,2023-06-02,207.72,Electronics,Email,Completed
22027,2010,2023-01-22,366.65,Apparel,Google Search,Completed
22028,5351,2023-03-15,1259.33,Electronics,SMS,Completed
22029,1320,2024-12-14,370.96,Sports,Email,Completed
22030,4459,2022-05-12,279.59,Beauty,Paid Social,Completed
22031,4168,2023-03-05,304.81,Apparel,Google Search,Completed
22033,1414,2022-06-01,639.93,Apparel,Organic,Completed
22034,3219,2024-10-13,215.29,Electronics,SMS,Completed
22036,3135,2022-07-28,81.51,Beauty,Google Search,Completed
22038,4792,2022-05-13,73.02,Apparel,Organic,Completed
22039,5347,2023-07-19,111.32,Home & Kitchen,SMS,Completed
22040,4413,2022-04-08,459.68,Apparel,Organic,Completed
22044,2670,2023-12-03,409.62,Beauty,Paid Social,Completed
22045,2641,2024-02-26,445.66,Apparel,Paid Social,Completed
22046,4921,2023-04-04,331.89,Electronics,Paid Social,Completed
22048,2821,2024-11-30,906.37,Electronics,SMS,Completed
22051,2986,2023-07-21,183.28,Beauty,SMS,Completed
22054,3623,2022-02-27,176.19,Electronics,SMS,Completed
22055,2409,2022-07-21,42.71,Sports,SMS,Completed
22057,5767,2022-07-10,152.09,Sports,Google Search,Completed
22058,4524,2024-03-27,177.62,Sports,Paid Social,Completed
22063,5815,2023-09-06,182.14,Sports,Google Search,Completed
22064,3847,2023-02-22,475.79,Electronics,SMS,Completed
22066,4072,2022-08-23,299.78,Apparel,Google Search,Completed
22068,1161,2022-09-08,255.57,Beauty,SMS,Completed
22069,4231,2024-05-21,603.23,Apparel,Paid Social,Completed
22070,2923,2024-05-10,334.16,Sports,SMS,Completed
22072,2155,2023-01-20,147.49,Home & Kitchen,Email,Completed
22073,3534,2024-11-26,382.97,Home & Kitchen,Google Search,Completed
22074,4725,2024-06-22,449.78,Sports,Email,Completed
22075,4079,2024-11-14,109.31,Electronics,Organic,Completed
22076,1559,2022-11-30,1257.66,Electronics,Paid Social,Completed
22077,3619,2024-06-07,504.88,Apparel,Paid Social,Completed
22080,2858,2023-04-24,72.51,Home & Kitchen,SMS,Completed
22081,5345,2024-02-19,742.99,Apparel,Paid Social,Completed
22082,4752,2023-03-23,468.4,Beauty,Organic,Completed
22083,3201,2023-07-21,252.06,Sports,Paid Social,Completed
22084,2233,2023-04-10,324.6,Apparel,Paid Social,Completed
22085,5517,2023-06-22,41.17,Sports,Google Search,Completed
22087,4068,2022-09-04,358.73,Electronics,Organic,Completed
22088,1679,2022-02-11,301.13,Electronics,Email,Completed
22089,1087,2023-05-15,273.7,Apparel,Google Search,Completed
22090,5648,2024-10-03,833.29,Electronics,Paid Social,Completed
22091,1657,2022-08-11,433.78,Beauty,SMS,Completed
22095,5080,2024-10-08,379.28,Home & Kitchen,SMS,Completed
22097,5763,2022-08-03,138.58,Sports,Email,Completed
22100,5418,2024-02-14,254.61,Electronics,Email,Completed
22101,1618,2024-06-06,613.36,Sports,Email,Completed
22102,5395,2024-12-27,275.35,Beauty,Google Search,Completed
22103,2787,2024-08-03,350.17,Sports,SMS,Completed
22105,5477,2024-05-25,673.1,Apparel,Organic,Completed
22107,1223,2024-08-19,62.08,Sports,SMS,Completed
22108,4329,2024-10-17,338.16,Electronics,Email,Completed
22112,2954,2024-01-31,107.37,Beauty,SMS,Completed
22113,5848,2024-03-10,377.38,Apparel,Google Search,Completed
22114,5759,2023-08-02,180.22,Electronics,Paid Social,Completed
22115,4192,2024-08-23,226.25,Beauty,SMS,Completed
22116,3145,2023-03-13,340.52,Apparel,Organic,Completed
22117,5747,2023-03-14,83.8,Beauty,Paid Social,Completed
22119,5258,2023-12-12,769.75,Beauty,Organic,Completed
22121,4087,2022-12-26,413.41,Electronics,Paid Social,Completed
22125,2909,2024-02-14,238.09,Beauty,Paid Social,Completed
22126,4410,2023-11-05,165.54,Electronics,Paid Social,Completed
22127,1885,2022-03-10,1085.52,Home & Kitchen,Email,Completed
22128,5879,2023-10-23,27.99,Home & Kitchen,SMS,Completed
22129,5946,2023-09-11,3517.8,Electronics,Email,Completed
22131,3700,2024-01-10,491.88,Apparel,Google Search,Completed
22133,1658,2024-05-06,185.55,Beauty,Email,Completed
22135,5516,2023-01-27,136.81,Beauty,Email,Completed
22136,1554,2022-08-26,181.55,Apparel,Organic,Completed
22139,4137,2024-07-12,205.77,Electronics,Paid Social,Completed
22140,2039,2023-11-21,255.32,Sports,Organic,Completed
22144,5792,2022-11-24,152.46,Electronics,Google Search,Completed
22146,5700,2024-07-19,303.11,Electronics,Google Search,Completed
22147,4409,2023-04-12,200.73,Sports,Google Search,Completed
22149,3664,2024-12-16,93.67,Electronics,SMS,Completed
22150,5164,2024-10-30,78.62,Beauty,Google Search,Completed
22151,5627,2022-05-04,229.1,Electronics,Paid Social,Completed
22153,2625,2023-10-26,333.38,Electronics,Paid Social,Completed
22156,2583,2024-04-04,134.03,Beauty,Paid Social,Completed
22159,2357,2022-01-26,140.44,Apparel,SMS,Completed
22160,3909,2022-06-20,74.47,Home & Kitchen,Email,Completed
22161,1043,2024-06-03,190.41,Home & Kitchen,Paid Social,Completed
22163,2810,2023-12-25,72.5,Home & Kitchen,SMS,Completed
22166,2052,2022-03-14,303.29,Home & Kitchen,Paid Social,Completed
22167,4005,2023-09-04,384.17,Sports,Google Search,Completed
22168,3586,2023-12-14,314.39,Home & Kitchen,Email,Completed
22170,2084,2024-05-18,209.06,Beauty,Paid Social,Completed
22172,3034,2022-07-23,319.27,Electronics,Paid Social,Completed
22174,1945,2023-01-03,121.79,Electronics,Google Search,Completed
22177,5527,2022-11-29,104.51,Home & Kitchen,SMS,Completed
22178,3240,2022-04-11,24.01,Apparel,Google Search,Completed
22179,3005,2024-05-28,177.75,Home & Kitchen,Paid Social,Completed
22181,1677,2024-08-19,387.19,Home & Kitchen,Paid Social,Completed
22185,2379,2024-03-20,205.74,Sports,SMS,Completed
22187,4797,2023-03-17,473.98,Beauty,Organic,Completed
22188,2370,2022-11-22,163.36,Beauty,Google Search,Completed
22193,4356,2022-12-24,429.81,Home & Kitchen,Organic,Completed
22194,4838,2024-04-03,310.15,Electronics,Paid Social,Completed
22197,4552,2024-05-01,169.28,Sports,Email,Completed
22199,2292,2023-05-25,577.35,Electronics,SMS,Completed
22201,3526,2023-02-28,139.72,Beauty,Paid Social,Completed
22204,5694,2024-03-07,154.08,Beauty,Email,Completed
22205,4977,2022-06-19,702.74,Beauty,Google Search,Completed
22206,5766,2022-04-04,322.13,Beauty,Paid Social,Completed
22212,1598,2022-06-20,795.27,Electronics,Google Search,Completed
22213,4551,2022-10-17,237.17,Apparel,Paid Social,Completed
22214,1991,2022-12-16,98.96,Beauty,Email,Completed
22215,2746,2023-04-17,403.67,Beauty,SMS,Completed
22216,5117,2023-02-02,164.9,Apparel,Google Search,Completed
22217,3528,2023-07-15,210.13,Sports,Email,Completed
22220,4906,2023-09-08,160.74,Electronics,Organic,Completed
22223,5593,2023-01-23,149.55,Beauty,Google Search,Completed
22224,3154,2022-10-10,296.61,Electronics,Paid Social,Completed
22227,1351,2023-09-21,191.75,Apparel,Organic,Completed
22228,4813,2023-09-19,536.67,Sports,Organic,Completed
22229,3923,2022-12-17,1181.25,Sports,Email,Completed
22230,2463,2024-02-06,113.3,Home & Kitchen,Google Search,Completed
22231,1067,2024-08-31,389.45,Apparel,Email,Completed
22235,4351,2023-03-13,221.79,Electronics,Organic,Completed
22236,5034,2023-06-16,416.47,Home & Kitchen,Email,Completed
22238,5929,2022-05-05,210.46,Beauty,Email,Completed
22240,2635,2023-05-29,67.14,Home & Kitchen,Email,Completed
22241,3845,2022-06-03,349.87,Sports,Google Search,Completed
22244,3305,2023-11-12,261.65,Home & Kitchen,Email,Completed
22245,3946,2024-07-08,569.53,Sports,Google Search,Completed
22249,5138,2023-06-06,582.07,Apparel,Organic,Completed
22250,3536,2024-11-26,146.91,Beauty,Paid Social,Completed
22251,3153,2023-08-05,213.61,Beauty,Organic,Completed
22252,3614,2022-08-13,471.03,Apparel,Organic,Completed
22254,2683,2022-10-13,225.29,Home & Kitchen,Email,Completed
22255,2721,2023-12-28,1219.73,Sports,Organic,Completed
22256,4885,2024-11-25,273.87,Electronics,Google Search,Completed
22258,1287,2022-01-13,594.38,Apparel,Paid Social,Completed
22259,2095,2024-07-25,160.14,Beauty,Email,Completed
22262,4848,2022-12-11,2140.67,Sports,Paid Social,Completed
22263,5796,2023-05-14,177.5,Electronics,Paid Social,Completed
22266,5739,2022-02-16,202.9,Home & Kitchen,SMS,Completed
22267,3977,2024-09-29,92.89,Home & Kitchen,Organic,Completed
22269,4549,2024-07-30,187.21,Beauty,Organic,Completed
22270,5375,2022-03-21,250.13,Home & Kitchen,Paid Social,Completed
22271,2512,2023-04-10,173.86,Home & Kitchen,SMS,Completed
22272,1819,2024-09-30,178.61,Home & Kitchen,Paid Social,Completed
22273,2524,2023-06-24,412.9,Sports,Email,Completed
22275,3083,2022-06-15,76.71,Electronics,SMS,Completed
22276,1295,2024-09-05,400.44,Apparel,Email,Completed
22277,4758,2023-01-13,583.39,Apparel,Organic,Completed
22278,2756,2024-04-15,381.38,Beauty,Organic,Completed
22281,5195,2024-11-12,179.74,Sports,SMS,Completed
22282,4138,2024-08-02,347.65,Electronics,Paid Social,Completed
22283,3337,2023-05-10,632.53,Home & Kitchen,Organic,Completed
22286,2094,2024-01-28,256.85,Beauty,Google Search,Completed
22290,3035,2024-12-14,112.7,Electronics,Email,Completed
22291,5890,2024-03-24,113.06,Sports,Google Search,Completed
22292,2512,2022-06-24,1032.27,Beauty,Paid Social,Completed
22294,3951,2022-12-17,107.34,Electronics,Organic,Completed
22296,4092,2023-09-05,238.53,Electronics,Email,Completed
22299,4077,2024-11-20,327.78,Beauty,Organic,Completed
22301,1425,2024-02-03,135.09,Sports,Organic,Completed
22303,4302,2022-11-02,1734.42,Electronics,Paid Social,Completed
22304,3747,2022-07-14,224.2,Apparel,SMS,Completed
22305,5868,2023-09-06,224.77,Home & Kitchen,Google Search,Completed
22309,4478,2024-12-15,298.07,Home & Kitchen,SMS,Completed
22310,1242,2023-11-02,162.67,Electronics,Google Search,Completed
22311,1961,2022-06-21,155.23,Electronics,Organic,Completed
22313,1571,2023-10-06,94.26,Home & Kitchen,Paid Social,Completed
22314,4016,2023-07-09,483.02,Apparel,SMS,Completed
22317,2179,2022-03-10,76.46,Sports,Organic,Completed
22319,2077,2022-12-29,169.19,Electronics,SMS,Completed
22321,1922,2022-06-29,239.53,Apparel,Organic,Completed
22322,3688,2024-03-13,669.62,Sports,Organic,Completed
22323,3163,2023-09-17,165.56,Home & Kitchen,Email,Completed
22326,1875,2023-09-07,321.44,Electronics,Organic,Completed
22330,5446,2024-09-08,301.21,Home & Kitchen,SMS,Completed
22332,3540,2022-12-01,44.8,Home & Kitchen,Email,Completed
22333,4647,2022-01-10,156.72,Beauty,Paid Social,Completed
22335,1725,2024-02-18,222.76,Home & Kitchen,Google Search,Completed
22337,5464,2023-01-23,195.91,Sports,SMS,Completed
22338,5708,2023-09-01,44.11,Apparel,Google Search,Completed
22341,2975,2023-10-05,700.74,Beauty,Email,Completed
22342,3481,2023-10-19,216.97,Sports,Email,Completed
22343,4061,2024-10-16,296.43,Beauty,Paid Social,Completed
22344,3519,2023-11-21,334.9,Electronics,Email,Completed
22345,5921,2024-01-16,334.51,Apparel,Google Search,Completed
22347,4345,2022-08-22,277.81,Apparel,Email,Completed
22349,1040,2024-02-26,293.21,Sports,Google Search,Completed
22350,5862,2022-06-11,132.96,Home & Kitchen,Paid Social,Completed
22351,4620,2024-08-23,98.15,Electronics,SMS,Completed
22353,3402,2022-03-04,81.48,Apparel,Organic,Completed
22356,5716,2023-05-27,578.86,Electronics,SMS,Completed
22357,2922,2022-08-02,487.82,Home & Kitchen,Google Search,Completed
22358,4343,2022-09-01,144.11,Home & Kitchen,Paid Social,Completed
22359,3316,2024-12-30,177.81,Sports,Email,Completed
22361,1093,2023-02-28,286.55,Sports,Email,Completed
22362,4444,2023-08-05,121.94,Home & Kitchen,Email,Completed
22363,1924,2023-01-05,254.67,Electronics,Google Search,Completed
22365,1137,2023-12-29,392.97,Electronics,SMS,Completed
22367,5836,2022-08-05,113.65,Sports,Google Search,Completed
22368,5880,2024-08-06,311.68,Beauty,Paid Social,Completed
22369,4485,2024-10-16,270.7,Home & Kitchen,Organic,Completed
22370,2349,2022-09-23,97.39,Electronics,Organic,Completed
22371,2943,2024-09-03,54.95,Beauty,Paid Social,Completed
22373,2604,2024-06-01,269.27,Beauty,Paid Social,Completed
22374,2397,2023-05-07,200.86,Beauty,Paid Social,Completed
22376,2908,2022-12-28,128.07,Beauty,Paid Social,Completed
22377,5719,2023-12-21,340.71,Apparel,SMS,Completed
22378,4300,2024-11-24,575.98,Electronics,Paid Social,Completed
22380,1944,2024-11-17,83.43,Apparel,SMS,Completed
22381,1401,2024-08-13,499.54,Beauty,Paid Social,Completed
22383,1950,2023-06-02,184.05,Apparel,Google Search,Completed
22384,4146,2023-06-28,343.2,Home & Kitchen,SMS,Completed
22385,1346,2024-02-23,443.2,Sports,Google Search,Completed
22387,1054,2023-12-29,1258.01,Apparel,Google Search,Completed
22388,5976,2024-06-11,93.88,Electronics,SMS,Completed
22390,2961,2023-01-18,58.95,Electronics,SMS,Completed
22391,5441,2023-09-10,236.37,Apparel,SMS,Completed
22396,4278,2023-11-15,148.59,Home & Kitchen,SMS,Completed
22397,1957,2024-09-30,60.81,Home & Kitchen,Paid Social,Completed
22398,5145,2024-12-15,819.96,Home & Kitchen,SMS,Completed
22399,2568,2023-09-06,423.66,Home & Kitchen,SMS,Completed
22400,3417,2024-11-23,365.6,Sports,Google Search,Completed
22402,1687,2022-11-27,170.99,Beauty,SMS,Completed
22403,1517,2023-09-10,643.14,Sports,Google Search,Completed
22404,3772,2023-04-11,108.33,Electronics,SMS,Completed
22405,5339,2023-06-08,246.29,Electronics,SMS,Completed
22407,4133,2023-11-02,1087.76,Apparel,Organic,Completed
22408,3115,2023-01-26,202.5,Beauty,Organic,Completed
22409,3070,2022-04-30,133.7,Electronics,Organic,Completed
22410,5363,2024-05-06,1130.01,Electronics,Organic,Completed
22411,1332,2022-05-11,409.39,Beauty,SMS,Completed
22414,5819,2023-03-18,288.95,Electronics,Google Search,Completed
22415,3185,2023-11-11,1739.25,Beauty,Organic,Completed
22416,1592,2023-07-27,127.9,Sports,Google Search,Completed
22417,4409,2023-04-05,435.74,Beauty,Organic,Completed
22418,5580,2022-08-21,192.48,Home & Kitchen,Organic,Completed
22419,5991,2023-08-13,526.14,Apparel,Paid Social,Completed
22420,4053,2022-10-21,191.85,Electronics,Paid Social,Completed
22421,3315,2023-08-03,215.96,Electronics,SMS,Completed
22422,3317,2022-04-10,66.34,Sports,SMS,Completed
22423,4577,2023-09-20,217.14,Beauty,Email,Completed
22425,3340,2023-03-21,100.2,Home & Kitchen,SMS,Completed
22427,4828,2024-07-19,249.92,Electronics,Organic,Completed
22429,4304,2022-11-16,252.58,Home & Kitchen,SMS,Completed
22431,1547,2024-05-03,124.86,Beauty,Paid Social,Completed
22432,3478,2022-06-25,243.69,Electronics,Email,Completed
22433,2706,2024-12-28,234.1,Home & Kitchen,Organic,Completed
22434,4102,2023-04-27,153.46,Beauty,Paid Social,Completed
22435,3646,2023-06-05,247.97,Apparel,SMS,Completed
22437,3136,2022-03-27,458.09,Electronics,Email,Completed
22438,3643,2022-01-02,86.58,Home & Kitchen,Paid Social,Completed
22439,2273,2023-01-31,70.95,Apparel,Email,Completed
22441,1238,2024-05-28,258.06,Home & Kitchen,Email,Completed
22442,2895,2024-06-16,348.28,Apparel,Email,Completed
22446,2989,2023-12-25,179.43,Sports,Organic,Completed
22447,3683,2022-12-18,158.57,Beauty,Google Search,Completed
22448,4549,2023-03-25,320.98,Apparel,Organic,Completed
22450,3484,2023-06-27,2086.21,Apparel,SMS,Completed
22451,4280,2023-04-11,223.44,Electronics,Email,Completed
22452,1197,2023-09-09,9.98,Electronics,Organic,Completed
22454,5481,2022-07-10,199.95,Beauty,Organic,Completed
22455,1041,2023-03-12,334.95,Apparel,Paid Social,Completed
22456,2950,2023-02-10,353.46,Electronics,Email,Completed
22457,1643,2022-06-06,152.51,Beauty,Email,Completed
22464,1963,2023-06-30,516.81,Sports,SMS,Completed
22465,2861,2024-01-22,95.66,Sports,Google Search,Completed
22466,3844,2022-06-04,329.41,Electronics,Organic,Completed
22467,1108,2022-10-24,127.28,Beauty,Organic,Completed
22468,1378,2023-06-26,77.16,Beauty,SMS,Completed
22469,5833,2023-11-07,618.55,Beauty,Google Search,Completed
22471,4322,2023-09-04,337.77,Beauty,SMS,Completed
22472,1862,2022-07-28,460.0,Home & Kitchen,Email,Completed
22475,4246,2024-10-20,822.98,Electronics,Organic,Completed
22476,2992,2023-11-28,65.98,Beauty,Email,Completed
22478,2509,2024-12-24,1197.19,Sports,Paid Social,Completed
22479,1131,2022-11-09,875.5,Home & Kitchen,SMS,Completed
22480,5586,2022-03-04,141.35,Electronics,Organic,Completed
22482,1052,2024-10-03,113.9,Apparel,Google Search,Completed
22483,1919,2022-12-24,132.53,Sports,Paid Social,Completed
22484,4817,2022-07-11,387.59,Electronics,Google Search,Completed
22485,4751,2022-12-03,106.93,Electronics,SMS,Completed
22486,4538,2022-11-07,132.6,Beauty,Organic,Completed
22487,5521,2024-01-02,198.0,Apparel,SMS,Completed
22488,1684,2022-11-15,291.61,Home & Kitchen,Google Search,Completed
22493,5158,2022-04-17,98.71,Home & Kitchen,Organic,Completed
22494,4229,2024-12-01,649.59,Apparel,Paid Social,Completed
22495,2950,2022-05-15,294.55,Apparel,Organic,Completed
22496,3363,2023-05-14,306.22,Beauty,Organic,Completed
22498,5828,2022-04-02,196.45,Beauty,Paid Social,Completed
22499,2432,2022-01-17,446.79,Sports,Email,Completed
22500,2240,2024-09-21,453.41,Beauty,Organic,Completed
22502,3028,2022-01-20,455.61,Apparel,SMS,Completed
22503,5353,2023-05-26,313.75,Apparel,SMS,Completed
22504,3996,2024-12-30,123.96,Apparel,Email,Completed
22505,5677,2024-03-11,1039.64,Electronics,Email,Completed
22506,2039,2023-08-13,495.39,Sports,Email,Completed
22507,4594,2023-05-08,110.81,Apparel,Organic,Completed
22510,2559,2024-07-27,810.56,Apparel,Organic,Completed
22512,2932,2024-12-27,387.97,Beauty,Organic,Completed
22513,4595,2022-01-09,118.72,Sports,Google Search,Completed
22516,3884,2024-06-16,394.92,Beauty,Google Search,Completed
22517,4306,2022-08-02,306.57,Beauty,Google Search,Completed
22518,3367,2024-09-08,257.99,Home & Kitchen,SMS,Completed
22520,2868,2022-11-10,387.62,Home & Kitchen,Organic,Completed
22523,4549,2022-12-14,289.78,Electronics,Paid Social,Completed
22526,1815,2022-12-05,258.64,Electronics,SMS,Completed
22534,3354,2024-02-05,239.35,Apparel,Google Search,Completed
22535,5563,2024-04-23,187.7,Beauty,Paid Social,Completed
22536,5047,2023-11-03,317.01,Apparel,SMS,Completed
22538,3727,2024-06-26,116.71,Apparel,Email,Completed
22539,5586,2023-01-25,263.91,Home & Kitchen,Google Search,Completed
22540,5248,2024-07-09,434.92,Electronics,Google Search,Completed
22541,1050,2023-12-31,197.83,Sports,Email,Completed
22543,5220,2022-02-25,244.15,Electronics,Organic,Completed
22544,5712,2022-08-18,263.82,Home & Kitchen,Email,Completed
22545,3223,2024-07-30,887.5,Home & Kitchen,Email,Completed
22546,4042,2022-02-28,373.34,Apparel,Email,Completed
22548,4506,2022-10-14,298.22,Apparel,SMS,Completed
22549,4217,2023-10-27,281.02,Home & Kitchen,Organic,Completed
22551,2630,2024-09-23,37.11,Beauty,Email,Completed
22554,5500,2023-02-10,617.39,Sports,Organic,Completed
22555,2381,2022-12-24,326.61,Sports,Email,Completed
22556,2959,2024-03-17,228.86,Electronics,Paid Social,Completed
22560,5157,2023-04-12,171.48,Electronics,Google Search,Completed
22561,5022,2023-12-16,78.32,Home & Kitchen,Organic,Completed
22562,1342,2023-12-24,494.44,Sports,Email,Completed
22563,5345,2023-02-12,355.4,Beauty,Paid Social,Completed
22565,4144,2024-02-18,314.36,Beauty,Email,Completed
22566,1688,2022-09-21,560.58,Apparel,SMS,Completed
22567,2511,2022-09-02,42.72,Beauty,Google Search,Completed
22568,5352,2024-06-05,207.45,Electronics,Email,Completed
22570,5809,2023-04-06,246.0,Home & Kitchen,SMS,Completed
22571,4098,2023-10-03,152.56,Home & Kitchen,Google Search,Completed
22574,4170,2024-04-17,214.18,Electronics,Paid Social,Completed
22575,1545,2024-10-01,550.27,Electronics,Organic,Completed
22576,3744,2024-03-19,350.18,Apparel,Email,Completed
22577,4318,2023-02-01,197.12,Sports,Organic,Completed
22580,1848,2024-07-14,371.46,Sports,Email,Completed
22581,1033,2022-04-06,558.09,Beauty,SMS,Completed
22582,4711,2024-10-02,481.88,Beauty,Organic,Completed
22583,5313,2022-11-13,308.42,Electronics,Paid Social,Completed
22584,1151,2022-12-21,662.0,Beauty,SMS,Completed
22585,5998,2023-12-21,218.2,Apparel,Email,Completed
22586,5062,2022-10-29,451.79,Electronics,Google Search,Completed
22589,1542,2024-09-25,382.31,Sports,Organic,Completed
22591,4968,2022-02-15,362.55,Electronics,Google Search,Completed
22593,1989,2023-02-13,991.8,Electronics,Google Search,Completed
22594,1422,2022-05-09,299.8,Beauty,SMS,Completed
22596,1878,2022-09-24,92.0,Home & Kitchen,Google Search,Completed
22597,3704,2023-05-31,244.58,Sports,SMS,Completed
22601,2887,2022-08-15,480.17,Electronics,Google Search,Completed
22602,2092,2022-12-09,440.77,Beauty,Google Search,Completed
22604,1511,2023-06-02,482.46,Electronics,SMS,Completed
22605,3435,2024-04-03,295.31,Home & Kitchen,Email,Completed
22607,3226,2024-05-26,160.76,Beauty,SMS,Completed
22609,3322,2022-03-04,152.75,Electronics,Google Search,Completed
22611,1634,2023-08-27,442.93,Beauty,Paid Social,Completed
22613,5464,2023-11-15,106.08,Home & Kitchen,Organic,Completed
22615,3623,2022-10-12,163.63,Beauty,Google Search,Completed
22616,3501,2023-04-07,297.5,Sports,Email,Completed
22617,4000,2023-11-02,280.42,Home & Kitchen,Paid Social,Completed
22618,3808,2024-05-17,201.3,Sports,Organic,Completed
22619,5570,2022-06-05,46.94,Beauty,Email,Completed
22621,1249,2024-07-31,480.44,Home & Kitchen,SMS,Completed
22623,4178,2023-12-20,57.2,Home & Kitchen,Email,Completed
22624,5414,2024-04-26,148.47,Sports,Email,Completed
22626,1589,2024-06-08,724.8,Beauty,Organic,Completed
22628,4988,2023-02-10,62.96,Home & Kitchen,Organic,Completed
22629,4065,2023-03-26,132.21,Apparel,Email,Completed
22630,5739,2022-11-17,129.0,Electronics,Google Search,Completed
22632,2103,2023-02-02,243.25,Beauty,SMS,Completed
22634,1005,2024-01-05,51.14,Apparel,Email,Completed
22635,1120,2022-04-12,101.23,Home & Kitchen,Paid Social,Completed
22636,5659,2024-11-24,320.26,Beauty,SMS,Completed
22638,1462,2024-08-16,192.67,Home & Kitchen,Email,Completed
22639,2323,2024-12-13,89.75,Electronics,Paid Social,Completed
22640,3887,2022-08-16,670.63,Sports,Email,Completed
22641,2884,2023-05-04,33.59,Beauty,Organic,Completed
22642,2245,2024-05-24,856.65,Electronics,SMS,Completed
22643,5168,2024-10-30,345.62,Sports,SMS,Completed
22644,1021,2023-03-31,152.59,Home & Kitchen,SMS,Completed
22645,1742,2023-04-06,184.18,Home & Kitchen,Email,Completed
22647,4242,2024-06-01,387.72,Sports,SMS,Completed
22649,1946,2023-10-26,723.12,Apparel,Paid Social,Completed
22650,2740,2023-08-10,91.24,Beauty,SMS,Completed
22651,3998,2024-12-27,436.88,Sports,Paid Social,Completed
22652,3196,2024-03-13,490.71,Sports,SMS,Completed
22653,2319,2023-11-12,107.04,Electronics,Paid Social,Completed
22654,2198,2022-05-04,292.2,Electronics,Google Search,Completed
22655,2811,2023-12-11,248.74,Beauty,Organic,Completed
22656,5301,2022-04-17,359.07,Electronics,Organic,Completed
22657,5867,2022-01-11,284.08,Beauty,Paid Social,Completed
22658,2328,2024-04-10,221.93,Home & Kitchen,Email,Completed
22660,3267,2024-11-20,220.51,Beauty,SMS,Completed
22661,1978,2023-04-11,134.52,Apparel,Email,Completed
22662,1805,2022-08-02,142.02,Apparel,Organic,Completed
22663,3499,2023-05-30,202.06,Apparel,Google Search,Completed
22664,1806,2022-12-12,427.86,Sports,Email,Completed
22666,3065,2023-05-21,396.41,Apparel,Email,Completed
22667,2498,2023-09-13,48.7,Electronics,Email,Completed
22668,4439,2024-06-01,133.89,Beauty,SMS,Completed
22669,4773,2023-07-19,351.18,Beauty,Organic,Completed
22671,3841,2022-03-17,376.63,Apparel,Email,Completed
22672,1545,2022-07-28,152.84,Beauty,Organic,Completed
22676,2899,2022-12-07,204.38,Sports,SMS,Completed
22677,5016,2024-01-25,336.89,Apparel,Google Search,Completed
22679,5884,2022-02-09,94.31,Apparel,Email,Completed
22682,2451,2023-03-12,149.25,Electronics,Paid Social,Completed
22684,3393,2023-09-19,400.87,Electronics,Google Search,Completed
22685,1285,2022-02-17,102.77,Home & Kitchen,Organic,Completed
22687,1689,2023-01-28,448.79,Sports,SMS,Completed
22689,2650,2023-01-13,112.65,Electronics,Email,Completed
22691,1103,2024-10-10,76.44,Beauty,Email,Completed
22692,2674,2023-12-27,606.4,Beauty,Paid Social,Completed
22693,3414,2024-04-13,158.41,Apparel,Email,Completed
22694,2994,2024-04-03,418.33,Home & Kitchen,Google Search,Completed
22695,2477,2024-06-08,221.23,Electronics,Organic,Completed
22697,1110,2022-09-07,315.79,Apparel,SMS,Completed
22700,1865,2024-01-21,214.57,Electronics,Paid Social,Completed
22702,4623,2023-08-17,124.21,Apparel,Google Search,Completed
22704,5028,2024-12-06,278.66,Home & Kitchen,Google Search,Completed
22705,5335,2024-03-12,245.77,Beauty,Google Search,Completed
22706,5072,2024-12-11,333.02,Home & Kitchen,Google Search,Completed
22707,3028,2023-05-03,202.62,Apparel,SMS,Completed
22709,2104,2022-07-18,347.37,Apparel,Email,Completed
22712,5879,2023-08-15,252.9,Electronics,SMS,Completed
22714,2124,2024-07-13,192.74,Home & Kitchen,Paid Social,Completed
22716,5576,2022-11-09,190.73,Apparel,Paid Social,Completed
22717,1150,2022-04-08,594.32,Home & Kitchen,Google Search,Completed
22719,1521,2024-06-03,229.33,Electronics,SMS,Completed
22720,5332,2022-05-17,763.56,Sports,Google Search,Completed
22721,2278,2022-09-28,321.3,Sports,Google Search,Completed
22724,5123,2024-09-21,31.62,Home & Kitchen,Google Search,Completed
22727,1657,2024-09-13,141.96,Electronics,Organic,Completed
22729,3000,2022-08-11,569.8,Apparel,Organic,Completed
22731,2106,2024-09-19,176.61,Home & Kitchen,Google Search,Completed
22732,4154,2023-02-01,451.75,Home & Kitchen,Google Search,Completed
22736,2228,2024-05-17,541.06,Electronics,Organic,Completed
22737,5894,2023-12-04,267.93,Beauty,Paid Social,Completed
22739,2164,2024-05-06,640.39,Apparel,SMS,Completed
22740,4105,2023-10-28,152.6,Electronics,SMS,Completed
22741,3370,2022-08-28,676.93,Sports,SMS,Completed
22742,3930,2023-03-30,1248.99,Beauty,Google Search,Completed
22743,1821,2022-12-29,1672.85,Sports,SMS,Completed
22744,3950,2023-07-01,230.37,Home & Kitchen,SMS,Completed
22746,4680,2022-02-04,236.29,Electronics,Organic,Completed
22747,2698,2023-09-21,96.84,Home & Kitchen,Google Search,Completed
22751,3171,2023-03-30,115.21,Electronics,SMS,Completed
22752,5666,2023-07-18,377.71,Sports,SMS,Completed
22754,1659,2023-06-28,198.5,Apparel,SMS,Completed
22757,4961,2024-03-19,457.91,Apparel,Organic,Completed
22758,4469,2024-01-29,249.71,Electronics,Email,Completed
22761,5593,2024-07-09,630.03,Sports,Paid Social,Completed
22762,1079,2022-03-19,1072.66,Sports,Email,Completed
22763,1423,2023-03-31,196.14,Apparel,SMS,Completed
22765,5045,2023-11-16,52.38,Electronics,Organic,Completed
22766,4774,2024-06-08,200.5,Sports,Google Search,Completed
22767,2207,2022-07-01,149.51,Apparel,Email,Completed
22768,1738,2023-03-23,287.64,Electronics,Paid Social,Completed
22769,5674,2023-06-09,212.75,Beauty,Email,Completed
22770,3750,2022-08-12,44.65,Home & Kitchen,Google Search,Completed
22771,5123,2023-10-16,70.63,Sports,Email,Completed
22773,1667,2022-11-21,199.94,Apparel,SMS,Completed
22774,3631,2024-02-07,1535.22,Home & Kitchen,Email,Completed
22777,4001,2023-08-12,172.82,Home & Kitchen,Paid Social,Completed
22779,2996,2023-06-06,407.37,Electronics,Paid Social,Completed
22781,4083,2024-06-26,1259.01,Apparel,Google Search,Completed
22782,4014,2023-01-06,386.67,Beauty,Organic,Completed
22784,5926,2023-05-19,316.0,Sports,Paid Social,Completed
22785,4748,2024-04-10,491.06,Apparel,Email,Completed
22787,2138,2022-05-05,288.15,Sports,Organic,Completed
22788,2739,2024-07-19,316.46,Electronics,Organic,Completed
22791,4055,2022-04-19,47.73,Home & Kitchen,Email,Completed
22794,5246,2023-01-05,77.24,Home & Kitchen,SMS,Completed
22798,2508,2022-07-01,76.97,Beauty,Google Search,Completed
22801,2017,2022-01-05,164.1,Apparel,Google Search,Completed
22802,5009,2023-01-07,175.41,Beauty,Paid Social,Completed
22803,1962,2022-09-28,165.67,Home & Kitchen,Google Search,Completed
22805,2356,2024-07-22,945.4,Sports,Paid Social,Completed
22806,3568,2024-10-12,151.2,Apparel,Paid Social,Completed
22807,4996,2024-11-11,798.56,Apparel,Paid Social,Completed
22814,2510,2024-01-21,197.96,Beauty,Organic,Completed
22817,3641,2024-05-26,57.21,Home & Kitchen,Organic,Completed
22818,2225,2024-09-17,332.9,Home & Kitchen,Paid Social,Completed
22822,2647,2022-01-25,315.4,Apparel,Email,Completed
22824,4194,2022-01-21,703.65,Sports,SMS,Completed
22825,2624,2023-08-09,319.38,Apparel,Paid Social,Completed
22826,2181,2024-11-15,286.21,Electronics,Paid Social,Completed
22828,4899,2024-12-14,258.78,Sports,Organic,Completed
22830,1657,2024-06-11,122.6,Electronics,Organic,Completed
22831,1295,2023-04-30,485.89,Sports,Organic,Completed
22832,3357,2024-11-24,322.84,Home & Kitchen,Paid Social,Completed
22833,4530,2022-04-11,305.96,Sports,Email,Completed
22834,5466,2023-02-27,377.81,Beauty,Google Search,Completed
22837,4852,2023-10-21,389.92,Sports,Email,Completed
22842,1923,2024-03-01,504.69,Apparel,Google Search,Completed
22843,4697,2022-12-19,318.12,Electronics,Paid Social,Completed
22845,3132,2023-09-20,539.1,Home & Kitchen,Google Search,Completed
22846,5860,2024-01-01,263.46,Sports,SMS,Completed
22847,2028,2024-05-16,161.61,Apparel,SMS,Completed
22851,1741,2022-10-31,232.29,Beauty,Organic,Completed
22852,4834,2024-12-09,180.89,Apparel,Organic,Completed
22853,3593,2022-09-21,1902.51,Sports,Google Search,Completed
22855,5669,2023-03-19,492.46,Electronics,Google Search,Completed
22856,1578,2022-12-14,2087.15,Home & Kitchen,Organic,Completed
22859,2772,2022-10-15,181.5,Home & Kitchen,SMS,Completed
22860,1698,2022-02-03,105.32,Apparel,SMS,Completed
22861,4758,2024-04-28,138.57,Home & Kitchen,Email,Completed
22862,3905,2023-02-06,261.34,Sports,Paid Social,Completed
22863,5710,2024-09-29,92.32,Electronics,Email,Completed
22864,5024,2024-08-01,71.46,Sports,Organic,Completed
22867,5942,2023-11-17,234.84,Home & Kitchen,Organic,Completed
22868,3797,2024-11-16,494.17,Electronics,Paid Social,Completed
22871,3534,2022-09-23,484.37,Home & Kitchen,SMS,Completed
22872,3735,2024-12-04,108.03,Beauty,Email,Completed
22873,4615,2022-06-21,566.88,Electronics,Organic,Completed
22875,2257,2023-11-23,396.93,Beauty,Paid Social,Completed
22877,1629,2024-06-16,689.96,Home & Kitchen,Organic,Completed
22879,4710,2022-06-14,394.75,Home & Kitchen,Organic,Completed
22880,1305,2024-09-06,130.88,Electronics,Paid Social,Completed
22881,5885,2022-07-09,100.08,Electronics,Google Search,Completed
22882,1019,2022-09-24,312.97,Beauty,Organic,Completed
22884,2156,2023-10-04,399.29,Apparel,Paid Social,Completed
22885,2582,2023-04-05,356.95,Home & Kitchen,Google Search,Completed
22886,1017,2024-04-21,248.41,Electronics,Google Search,Completed
22887,3845,2022-05-05,605.78,Beauty,Organic,Completed
22888,4100,2023-06-07,133.99,Electronics,Email,Completed
22891,5852,2024-08-06,156.25,Home & Kitchen,Email,Completed
22892,3052,2022-08-15,119.46,Apparel,SMS,Completed
22893,4557,2023-07-13,407.84,Home & Kitchen,Organic,Completed
22894,1705,2023-04-23,543.08,Home & Kitchen,Organic,Completed
22896,2387,2023-03-07,63.84,Sports,Email,Completed
22897,3618,2022-06-19,1392.32,Home & Kitchen,SMS,Completed
22898,4982,2022-11-18,558.36,Sports,Paid Social,Completed
22900,1602,2024-02-21,64.08,Beauty,Paid Social,Completed
22903,5716,2024-08-16,141.0,Apparel,Paid Social,Completed
22904,2880,2023-04-17,272.7,Home & Kitchen,Google Search,Completed
22905,3226,2022-08-03,440.25,Electronics,Google Search,Completed
22906,3359,2024-03-18,419.4,Sports,Email,Completed
22910,4664,2023-04-01,502.35,Apparel,Organic,Completed
22911,2674,2023-09-27,116.38,Electronics,SMS,Completed
22914,3944,2022-07-15,432.2,Sports,Email,Completed
22916,2448,2024-02-24,474.39,Apparel,Google Search,Completed
22917,5655,2023-12-12,175.13,Home & Kitchen,Organic,Completed
22918,1284,2022-05-09,714.03,Sports,Email,Completed
22919,2229,2023-04-14,318.17,Home & Kitchen,Paid Social,Completed
22920,2332,2024-06-17,134.86,Home & Kitchen,Paid Social,Completed
22921,2495,2023-04-04,430.13,Electronics,Organic,Completed
22922,1920,2023-09-07,340.9,Apparel,Paid Social,Completed
22924,1137,2022-11-03,154.52,Electronics,Paid Social,Completed
22925,3414,2022-08-23,199.26,Apparel,Paid Social,Completed
22929,4201,2022-08-19,88.03,Beauty,Organic,Completed
22930,5529,2024-10-06,246.5,Home & Kitchen,Paid Social,Completed
22931,4691,2022-07-12,146.52,Home & Kitchen,Email,Completed
22932,5794,2024-08-25,144.14,Sports,Email,Completed
22934,4453,2023-03-12,78.81,Sports,Paid Social,Completed
22935,3366,2024-06-04,156.61,Home & Kitchen,Google Search,Completed
22937,1917,2022-09-11,145.7,Electronics,Google Search,Completed
22938,4412,2024-10-31,76.27,Electronics,Google Search,Completed
22939,2409,2024-08-13,514.44,Home & Kitchen,Organic,Completed
22940,5337,2023-04-03,195.0,Electronics,SMS,Completed
22941,1277,2024-08-02,217.26,Beauty,Google Search,Completed
22942,1007,2023-04-14,118.31,Home & Kitchen,Google Search,Completed
22943,4647,2024-12-25,120.1,Beauty,Paid Social,Completed
22945,1654,2023-02-14,48.45,Sports,SMS,Completed
22950,3197,2024-02-11,181.7,Beauty,Email,Completed
22951,4980,2022-06-09,149.02,Apparel,Organic,Completed
22954,5707,2022-01-03,187.28,Home & Kitchen,Paid Social,Completed
22957,4076,2022-12-23,1968.17,Sports,Google Search,Completed
22961,1331,2022-08-30,1863.96,Electronics,SMS,Completed
22964,4153,2023-11-22,666.2,Home & Kitchen,Paid Social,Completed
22965,3912,2022-01-19,216.57,Sports,Paid Social,Completed
22966,5053,2023-08-09,161.92,Sports,SMS,Completed
22967,4648,2024-07-29,378.29,Home & Kitchen,Email,Completed
22968,4220,2022-05-07,178.55,Beauty,SMS,Completed
22970,5878,2024-10-19,523.2,Apparel,Paid Social,Completed
22971,1295,2024-10-02,80.94,Beauty,SMS,Completed
22974,2993,2023-08-30,191.73,Sports,SMS,Completed
22975,5014,2023-10-15,368.21,Electronics,Organic,Completed
22976,2749,2024-10-22,72.89,Electronics,Email,Completed
22977,3217,2023-03-03,123.65,Sports,Google Search,Completed
22979,2949,2022-04-25,84.3,Apparel,Organic,Completed
22980,4644,2024-08-27,621.09,Apparel,SMS,Completed
22981,2107,2024-10-11,145.39,Beauty,Organic,Completed
22982,2247,2024-10-04,1206.46,Beauty,Google Search,Completed
22986,2454,2024-12-26,118.38,Beauty,Email,Completed
22989,5927,2023-11-09,978.23,Beauty,Email,Completed
22990,2827,2024-02-10,66.04,Beauty,Paid Social,Completed
22991,2720,2024-12-23,342.58,Electronics,Paid Social,Completed
22995,5229,2022-12-15,213.01,Beauty,Paid Social,Completed
22996,5445,2023-08-05,126.11,Sports,Google Search,Completed
22997,5697,2024-12-12,119.85,Home & Kitchen,Organic,Completed
22998,4488,2024-03-13,358.71,Electronics,Organic,Completed
23001,2574,2024-07-02,469.67,Home & Kitchen,Email,Completed
23006,3169,2023-06-24,1097.04,Beauty,Organic,Completed
23008,5589,2022-08-10,155.7,Beauty,SMS,Completed
23010,1108,2024-03-18,201.76,Beauty,Email,Completed
23011,1008,2024-03-08,1239.21,Electronics,Paid Social,Completed
23013,1063,2024-08-19,333.68,Beauty,Paid Social,Completed
23018,1065,2022-08-30,411.95,Sports,Email,Completed
23020,5442,2022-11-13,186.53,Beauty,Organic,Completed
23021,1474,2024-12-14,321.3,Apparel,SMS,Completed
23023,1467,2022-10-04,123.16,Sports,SMS,Completed
23027,1476,2023-02-21,355.77,Sports,Google Search,Completed
23028,3717,2023-10-01,144.9,Apparel,Email,Completed
23029,1427,2023-12-02,166.9,Beauty,Organic,Completed
23030,2123,2024-02-17,286.48,Sports,Google Search,Completed
23031,1113,2024-11-19,384.63,Beauty,Organic,Completed
23032,3512,2023-03-11,219.31,Beauty,Email,Completed
23033,2491,2022-01-09,244.9,Apparel,Organic,Completed
23036,3928,2023-06-18,291.31,Apparel,Email,Completed
23038,1886,2022-05-15,702.67,Home & Kitchen,SMS,Completed
23039,5988,2022-10-07,122.02,Sports,Paid Social,Completed
23040,1977,2023-11-14,200.63,Beauty,Google Search,Completed
23041,4819,2022-10-28,1056.66,Apparel,Organic,Completed
23042,1548,2023-01-11,92.64,Electronics,Email,Completed
23044,4898,2023-12-07,901.74,Home & Kitchen,Google Search,Completed
23045,1933,2023-04-06,972.15,Sports,Google Search,Completed
23046,1797,2022-01-31,240.7,Beauty,Email,Completed
23047,2258,2022-01-05,120.37,Electronics,Paid Social,Completed
23048,2369,2024-12-27,200.74,Sports,Paid Social,Completed
23049,5297,2023-06-03,254.78,Beauty,SMS,Completed
23051,4299,2023-12-04,786.38,Beauty,SMS,Completed
23052,3102,2023-11-20,148.36,Sports,SMS,Completed
23053,2842,2022-12-18,362.83,Home & Kitchen,Google Search,Completed
23057,4750,2022-03-24,160.29,Home & Kitchen,Google Search,Completed
23058,2742,2022-01-05,548.75,Sports,Email,Completed
23060,2135,2023-06-22,391.54,Beauty,Email,Completed
23062,5839,2022-03-15,916.37,Beauty,Google Search,Completed
23063,2585,2024-11-13,294.45,Beauty,Email,Completed
23064,4563,2023-11-25,182.7,Sports,Organic,Completed
23065,1569,2023-03-04,119.79,Sports,Email,Completed
23066,4522,2024-05-12,149.3,Apparel,Organic,Completed
23067,2525,2024-03-28,215.77,Sports,Email,Completed
23068,3551,2024-03-08,20.25,Apparel,Google Search,Completed
23069,2667,2024-02-05,930.58,Home & Kitchen,Google Search,Completed
23070,4483,2024-12-16,425.73,Electronics,Google Search,Completed
23071,2257,2024-03-26,655.99,Electronics,Email,Completed
23074,2664,2024-10-19,434.88,Electronics,SMS,Completed
23075,2051,2024-07-18,323.92,Beauty,Email,Completed
23076,2085,2024-07-01,192.5,Home & Kitchen,SMS,Completed
23077,4968,2024-04-15,369.97,Home & Kitchen,SMS,Completed
23080,2252,2022-07-18,220.35,Apparel,Paid Social,Completed
23081,2850,2022-11-04,172.31,Apparel,Paid Social,Completed
23091,1490,2024-10-29,887.18,Apparel,Google Search,Completed
23092,4997,2024-03-08,407.24,Home & Kitchen,Google Search,Completed
23093,5691,2022-07-04,152.21,Beauty,Google Search,Completed
23094,2588,2024-02-24,423.12,Home & Kitchen,Paid Social,Completed
23095,4460,2023-12-25,183.96,Sports,Email,Completed
23102,1419,2023-04-20,275.76,Beauty,SMS,Completed
23106,1878,2024-06-24,287.8,Home & Kitchen,SMS,Completed
23107,4606,2022-02-01,223.7,Apparel,Google Search,Completed
23108,2798,2023-03-01,107.64,Home & Kitchen,Organic,Completed
23109,4368,2023-05-14,284.4,Home & Kitchen,Google Search,Completed
23110,2856,2024-10-12,355.48,Electronics,Email,Completed
23113,1232,2022-10-30,270.13,Home & Kitchen,Paid Social,Completed
23115,2078,2024-11-13,251.43,Sports,Paid Social,Completed
23117,2815,2024-03-28,348.38,Electronics,Organic,Completed
23118,2445,2022-11-20,1001.05,Apparel,Email,Completed
23119,2304,2022-09-23,251.59,Apparel,Paid Social,Completed
23120,4286,2023-08-29,162.05,Electronics,Email,Completed
23122,1260,2023-06-07,201.68,Apparel,Paid Social,Completed
23123,5205,2024-04-18,88.93,Beauty,Email,Completed
23125,3250,2023-01-03,67.4,Electronics,SMS,Completed
23126,5433,2022-12-31,114.32,Apparel,Email,Completed
23128,4187,2024-03-07,521.62,Electronics,Google Search,Completed
23132,3915,2023-11-22,207.51,Beauty,Paid Social,Completed
23135,1620,2024-11-21,410.72,Home & Kitchen,Google Search,Completed
23136,5921,2024-06-13,92.9,Home & Kitchen,SMS,Completed
23137,2849,2024-03-08,362.17,Electronics,SMS,Completed
23138,1025,2024-08-13,279.34,Sports,Organic,Completed
23139,3612,2023-06-07,221.33,Home & Kitchen,Google Search,Completed
23140,5794,2023-02-22,216.04,Beauty,Google Search,Completed
23142,2350,2023-02-07,85.6,Beauty,Email,Completed
23143,2827,2023-09-07,23.62,Sports,Google Search,Completed
23145,5168,2024-11-11,295.0,Beauty,Email,Completed
23146,1996,2024-02-17,377.82,Electronics,Organic,Completed
23147,2838,2022-05-29,342.22,Beauty,Paid Social,Completed
23148,1702,2023-09-14,327.31,Sports,SMS,Completed
23149,1887,2022-09-21,1601.92,Electronics,Google Search,Completed
23153,3786,2024-02-04,344.21,Home & Kitchen,Email,Completed
23155,5160,2022-11-13,354.17,Home & Kitchen,Google Search,Completed
23157,4963,2022-09-29,243.38,Electronics,Email,Completed
23158,2949,2024-06-10,57.96,Home & Kitchen,Google Search,Completed
23159,1947,2023-11-30,121.85,Electronics,Organic,Completed
23161,1037,2024-06-19,404.3,Apparel,Paid Social,Completed
23163,4894,2022-11-11,140.57,Apparel,Google Search,Completed
23164,4494,2023-11-13,295.61,Beauty,Paid Social,Completed
23165,5985,2023-11-25,761.12,Home & Kitchen,Email,Completed
23166,4201,2023-04-11,67.37,Electronics,Organic,Completed
23168,1547,2022-03-17,179.71,Apparel,Organic,Completed
23169,2133,2024-11-09,311.72,Beauty,Paid Social,Completed
23173,1326,2022-02-13,173.39,Sports,Paid Social,Completed
23176,5171,2023-08-05,493.93,Electronics,Email,Completed
23178,4726,2022-05-26,738.89,Home & Kitchen,Google Search,Completed
23179,3655,2024-06-09,321.31,Beauty,Email,Completed
23180,2886,2024-11-20,535.07,Home & Kitchen,Organic,Completed
23181,3261,2024-02-06,80.47,Beauty,Google Search,Completed
23184,2111,2023-10-22,357.48,Beauty,Email,Completed
23185,4082,2023-06-18,668.89,Sports,Organic,Completed
23187,4147,2023-12-02,79.14,Home & Kitchen,SMS,Completed
23188,3077,2023-08-10,50.12,Electronics,Paid Social,Completed
23189,3627,2022-12-07,191.57,Electronics,SMS,Completed
23190,4352,2022-04-15,425.07,Apparel,Google Search,Completed
23191,2179,2024-06-23,362.42,Apparel,Organic,Completed
23192,1339,2022-10-26,240.76,Apparel,SMS,Completed
23194,2052,2024-05-06,1049.5,Home & Kitchen,Google Search,Completed
23195,3886,2024-12-12,1044.01,Electronics,Google Search,Completed
23197,4969,2022-04-17,440.15,Home & Kitchen,Email,Completed
23198,5097,2022-02-18,147.89,Sports,Organic,Completed
23202,3050,2023-12-04,104.29,Apparel,Email,Completed
23203,3865,2024-08-07,440.74,Beauty,Email,Completed
23205,5212,2022-04-24,256.78,Apparel,Email,Completed
23207,5231,2022-09-18,171.02,Electronics,Paid Social,Completed
23210,4761,2023-08-11,253.76,Home & Kitchen,Organic,Completed
23211,5208,2024-11-30,135.74,Beauty,Email,Completed
23212,4198,2022-06-29,42.87,Electronics,SMS,Completed
23213,4481,2023-10-13,1176.07,Home & Kitchen,Email,Completed
23217,2185,2022-08-17,166.04,Beauty,Email,Completed
23221,2973,2024-11-29,117.13,Home & Kitchen,Paid Social,Completed
23224,1359,2023-02-24,87.26,Home & Kitchen,Organic,Completed
23225,3200,2022-05-19,494.8,Sports,Organic,Completed
23226,1140,2023-12-06,315.5,Home & Kitchen,Email,Completed
23227,2815,2024-04-02,315.17,Electronics,Google Search,Completed
23230,4547,2023-12-18,215.81,Electronics,Organic,Completed
23231,2404,2022-09-29,72.37,Apparel,Paid Social,Completed
23232,2275,2022-05-28,226.65,Apparel,Google Search,Completed
23234,4381,2022-11-29,214.05,Apparel,Google Search,Completed
23237,3919,2024-04-17,2054.09,Home & Kitchen,Google Search,Completed
23238,5096,2022-02-24,59.43,Home & Kitchen,Paid Social,Completed
23239,3483,2023-09-19,226.51,Sports,Paid Social,Completed
23240,4548,2023-12-12,161.24,Sports,Paid Social,Completed
23242,2074,2023-07-18,120.39,Sports,Organic,Completed
23244,3111,2022-08-03,130.83,Apparel,Email,Completed
23245,2130,2024-05-25,103.46,Electronics,SMS,Completed
23246,4200,2022-05-30,31.09,Sports,Paid Social,Completed
23247,1137,2023-01-29,100.78,Apparel,Paid Social,Completed
23248,1933,2023-01-11,305.11,Home & Kitchen,Paid Social,Completed
23249,4286,2024-10-08,757.39,Apparel,Paid Social,Completed
23252,5570,2024-06-07,209.55,Electronics,Email,Completed
23253,1165,2022-02-08,157.15,Beauty,SMS,Completed
23254,2915,2024-06-29,181.14,Beauty,Email,Completed
23255,1347,2023-12-04,111.45,Beauty,Google Search,Completed
23257,5703,2024-09-29,157.47,Electronics,Google Search,Completed
23258,4133,2024-06-29,243.0,Sports,SMS,Completed
23260,4030,2022-05-15,270.89,Electronics,Organic,Completed
23261,1711,2024-08-05,144.33,Sports,Paid Social,Completed
23262,5153,2023-06-27,340.76,Electronics,Email,Completed
23263,1969,2023-12-21,526.6,Apparel,Google Search,Completed
23264,1467,2023-07-29,291.58,Beauty,Email,Completed
23265,3019,2024-06-08,36.69,Apparel,Paid Social,Completed
23266,5035,2022-01-21,157.97,Home & Kitchen,Google Search,Completed
23267,5075,2022-12-27,151.24,Home & Kitchen,Organic,Completed
23269,5747,2022-01-16,159.42,Apparel,Paid Social,Completed
23271,3867,2022-11-03,239.77,Beauty,Google Search,Completed
23272,5777,2022-10-14,468.88,Sports,Organic,Completed
23273,5261,2023-02-01,170.12,Sports,Paid Social,Completed
23274,4582,2024-05-15,40.05,Beauty,Paid Social,Completed
23275,5128,2024-07-14,421.86,Beauty,Organic,Completed
23279,4557,2022-02-09,266.3,Apparel,Organic,Completed
23280,5558,2023-04-04,170.96,Electronics,Google Search,Completed
23281,4302,2022-11-04,1094.86,Sports,Paid Social,Completed
23282,1387,2022-03-09,495.89,Beauty,Google Search,Completed
23283,1517,2022-05-24,289.86,Beauty,Google Search,Completed
23284,2225,2024-09-16,547.99,Apparel,Google Search,Completed
23285,1261,2024-12-22,278.08,Sports,Google Search,Completed
23287,4006,2024-05-03,105.55,Electronics,Paid Social,Completed
23289,3895,2024-06-28,142.48,Apparel,SMS,Completed
23293,3271,2023-12-31,354.26,Home & Kitchen,Email,Completed
23295,3629,2022-03-22,239.29,Home & Kitchen,Email,Completed
23297,1794,2023-09-22,245.41,Beauty,Paid Social,Completed
23298,4387,2023-01-28,109.84,Beauty,Google Search,Completed
23299,3656,2023-11-07,355.05,Home & Kitchen,SMS,Completed
23300,1080,2024-11-16,618.58,Sports,Paid Social,Completed
23301,3464,2024-08-10,275.94,Beauty,Paid Social,Completed
23303,3307,2022-08-16,623.23,Apparel,SMS,Completed
23304,1724,2023-09-16,821.98,Electronics,SMS,Completed
23307,5341,2022-09-30,586.16,Home & Kitchen,Organic,Completed
23308,5273,2024-06-14,566.9,Home & Kitchen,Paid Social,Completed
23310,3635,2022-01-03,82.24,Electronics,Email,Completed
23313,2661,2024-02-26,508.43,Home & Kitchen,Email,Completed
23315,5390,2023-06-03,181.23,Electronics,Email,Completed
23316,2012,2022-10-09,132.48,Electronics,Organic,Completed
23319,2865,2024-10-07,261.71,Home & Kitchen,Email,Completed
23321,5455,2022-05-05,62.69,Sports,SMS,Completed
23324,5792,2024-06-20,115.91,Apparel,Email,Completed
23326,2218,2023-02-21,142.91,Electronics,Email,Completed
23327,3136,2023-02-16,193.37,Sports,Paid Social,Completed
23329,3861,2022-09-21,223.44,Electronics,Email,Completed
23331,2960,2023-11-07,163.77,Beauty,Paid Social,Completed
23333,2956,2024-08-27,90.15,Home & Kitchen,Google Search,Completed
23334,5578,2023-04-01,74.15,Electronics,SMS,Completed
23335,5999,2022-05-22,153.05,Home & Kitchen,Email,Completed
23336,5190,2024-01-16,178.88,Sports,Organic,Completed
23337,2520,2023-05-17,2110.46,Sports,Paid Social,Completed
23338,2465,2022-09-02,468.75,Apparel,Google Search,Completed
23339,4653,2024-09-06,490.09,Beauty,Paid Social,Completed
23340,5000,2024-05-10,179.94,Home & Kitchen,Organic,Completed
23341,2620,2022-05-08,1243.54,Home & Kitchen,Email,Completed
23342,4584,2022-06-27,339.09,Apparel,Google Search,Completed
23344,2406,2023-08-14,340.52,Sports,Email,Completed
23345,3095,2024-12-22,506.08,Apparel,Paid Social,Completed
23346,3205,2023-08-04,303.66,Sports,Email,Completed
23347,3501,2023-09-13,298.18,Sports,SMS,Completed
23348,2669,2022-01-03,537.81,Apparel,Paid Social,Completed
23351,1848,2024-03-25,306.34,Electronics,Organic,Completed
23354,2759,2023-04-30,324.81,Beauty,Organic,Completed
23356,4909,2023-05-08,150.83,Beauty,Email,Completed
23359,3726,2022-03-19,41.04,Beauty,Google Search,Completed
23360,3125,2023-02-08,78.97,Electronics,Organic,Completed
23361,2480,2023-09-16,124.19,Electronics,Paid Social,Completed
23362,2958,2022-06-03,213.42,Electronics,Paid Social,Completed
23365,2635,2022-01-07,308.37,Sports,Email,Completed
23367,5929,2023-01-18,1283.32,Home & Kitchen,Paid Social,Completed
23370,5916,2022-09-24,128.59,Beauty,Paid Social,Completed
23371,4485,2022-07-02,393.17,Apparel,Paid Social,Completed
23372,5697,2022-05-15,135.54,Apparel,Organic,Completed
23376,3321,2022-03-13,219.43,Beauty,Email,Completed
23377,4196,2022-01-26,289.33,Home & Kitchen,Google Search,Completed
23379,2912,2024-07-02,90.71,Sports,Email,Completed
23380,2089,2023-04-02,127.95,Electronics,SMS,Completed
23381,2807,2023-05-11,1389.67,Home & Kitchen,Email,Completed
23382,2425,2023-04-04,120.01,Beauty,Google Search,Completed
23384,4200,2023-10-02,556.98,Beauty,Google Search,Completed
23387,3118,2024-06-26,299.9,Beauty,SMS,Completed
23389,4013,2024-12-17,423.55,Electronics,Organic,Completed
23393,1250,2024-11-05,490.98,Electronics,Email,Completed
23395,4943,2024-05-24,42.52,Apparel,Google Search,Completed
23397,5899,2022-08-12,398.07,Home & Kitchen,Paid Social,Completed
23398,5518,2024-02-13,135.24,Electronics,SMS,Completed
23400,4357,2022-01-30,565.56,Beauty,SMS,Completed
23401,1180,2022-08-02,173.4,Apparel,Organic,Completed
23402,5410,2024-03-17,185.26,Home & Kitchen,Email,Completed
23403,1228,2022-04-15,183.07,Apparel,Email,Completed
23407,2512,2022-03-11,115.08,Sports,Google Search,Completed
23409,1056,2022-04-02,452.02,Electronics,Email,Completed
23410,4716,2022-12-11,625.49,Electronics,Paid Social,Completed
23412,4941,2024-02-07,206.13,Home & Kitchen,Paid Social,Completed
23416,3580,2024-05-10,239.08,Electronics,Google Search,Completed
23419,4679,2024-07-02,175.1,Home & Kitchen,Paid Social,Completed
23422,3662,2023-12-03,192.38,Sports,Organic,Completed
23423,5621,2022-11-25,94.85,Apparel,Paid Social,Completed
23425,3524,2022-07-25,226.67,Home & Kitchen,Organic,Completed
23427,3684,2023-08-03,71.33,Electronics,SMS,Completed
23428,1996,2023-10-16,353.8,Beauty,SMS,Completed
23431,1890,2022-05-10,120.76,Home & Kitchen,SMS,Completed
23432,1727,2024-02-22,460.68,Home & Kitchen,Organic,Completed
23434,2894,2023-12-11,440.3,Apparel,Google Search,Completed
23442,2225,2024-03-22,107.46,Home & Kitchen,Email,Completed
23443,1107,2023-09-11,536.64,Beauty,SMS,Completed
23447,5141,2024-09-17,319.96,Electronics,Organic,Completed
23448,2700,2024-02-27,201.26,Sports,Google Search,Completed
23450,2855,2022-08-05,288.21,Sports,Email,Completed
23452,5002,2023-03-05,1364.06,Electronics,Paid Social,Completed
23456,1913,2024-12-25,204.7,Electronics,Email,Completed
23457,2324,2024-08-02,805.47,Apparel,Paid Social,Completed
23459,1980,2024-10-19,273.7,Electronics,Email,Completed
23460,4793,2022-02-17,545.29,Apparel,Email,Completed
23461,5867,2024-02-03,81.52,Beauty,Organic,Completed
23462,1897,2023-09-22,280.75,Sports,SMS,Completed
23464,1230,2024-10-25,682.74,Sports,Google Search,Completed
23465,4705,2024-08-03,270.35,Electronics,Email,Completed
23466,1454,2024-04-17,332.23,Electronics,Organic,Completed
23467,5694,2024-04-21,67.79,Electronics,Email,Completed
23469,1260,2023-10-08,903.61,Electronics,Google Search,Completed
23470,1749,2022-01-01,557.68,Electronics,Email,Completed
23471,5874,2023-12-24,195.36,Beauty,SMS,Completed
23472,5081,2023-06-18,219.84,Electronics,Organic,Completed
23474,3256,2022-02-21,1203.23,Beauty,Email,Completed
23475,4319,2022-10-28,821.24,Electronics,Organic,Completed
23476,5745,2023-01-05,132.89,Sports,SMS,Completed
23478,2754,2023-03-06,622.38,Sports,Email,Completed
23480,4344,2024-07-04,350.36,Apparel,Google Search,Completed
23481,3818,2023-07-06,324.96,Home & Kitchen,Organic,Completed
23482,1078,2023-08-16,792.58,Home & Kitchen,Organic,Completed
23484,4467,2024-12-27,345.03,Electronics,Email,Completed
23485,5513,2024-07-22,795.08,Beauty,Google Search,Completed
23489,1792,2024-05-04,225.51,Sports,Email,Completed
23492,1497,2023-06-24,384.97,Electronics,Google Search,Completed
23493,4847,2024-07-12,462.23,Home & Kitchen,Paid Social,Completed
23494,2537,2023-11-29,271.0,Electronics,Paid Social,Completed
23495,5851,2023-09-25,322.45,Electronics,Paid Social,Completed
23496,3100,2024-11-01,226.19,Sports,Paid Social,Completed
23497,5550,2024-10-11,223.6,Apparel,Google Search,Completed
23498,2770,2024-02-04,69.96,Beauty,Organic,Completed
23499,5390,2024-11-11,264.82,Electronics,Organic,Completed
23500,3268,2022-03-01,474.0,Sports,SMS,Completed
23501,1883,2023-12-12,415.93,Apparel,SMS,Completed
23502,4641,2023-01-28,292.25,Beauty,Email,Completed
23503,4579,2023-12-12,245.23,Home & Kitchen,Organic,Completed
23504,3873,2022-06-26,156.02,Beauty,Organic,Completed
23505,3610,2023-04-27,197.07,Beauty,Paid Social,Completed
23507,3095,2023-03-17,398.7,Apparel,Paid Social,Completed
23509,2352,2023-05-26,540.12,Apparel,SMS,Completed
23510,4661,2023-04-04,827.62,Sports,SMS,Completed
23513,5140,2022-02-03,138.22,Sports,Email,Completed
23516,1715,2024-05-27,226.57,Home & Kitchen,Google Search,Completed
23520,2332,2022-04-13,611.13,Apparel,Organic,Completed
23521,4109,2022-02-22,293.03,Home & Kitchen,Google Search,Completed
23522,2493,2024-03-30,139.77,Beauty,Email,Completed
23524,4362,2022-01-10,330.61,Beauty,Paid Social,Completed
23532,3778,2024-12-27,298.91,Electronics,Organic,Completed
23533,2522,2024-02-14,305.68,Sports,SMS,Completed
23535,2702,2022-09-22,376.68,Sports,Organic,Completed
23537,3210,2022-07-05,55.04,Apparel,SMS,Completed
23538,3478,2024-08-09,233.42,Apparel,Email,Completed
23539,3303,2023-11-07,215.46,Home & Kitchen,SMS,Completed
23540,3967,2022-01-01,923.75,Beauty,Google Search,Completed
23542,3706,2023-01-01,206.61,Electronics,Email,Completed
23543,2318,2022-04-02,184.87,Home & Kitchen,Email,Completed
23547,3111,2022-06-03,297.49,Home & Kitchen,SMS,Completed
23549,2660,2022-02-03,1518.79,Electronics,Email,Completed
23550,2059,2022-11-28,217.1,Electronics,Organic,Completed
23551,1958,2023-01-25,1684.83,Home & Kitchen,Organic,Completed
23553,5747,2024-10-23,59.28,Beauty,Organic,Completed
23554,3588,2023-01-08,367.58,Apparel,Google Search,Completed
23555,1943,2024-08-10,148.18,Electronics,Paid Social,Completed
23556,5263,2022-02-13,123.42,Apparel,SMS,Completed
23558,1629,2023-09-15,190.42,Electronics,Paid Social,Completed
23559,5029,2022-03-03,691.7,Sports,Google Search,Completed
23561,1647,2022-03-02,222.45,Apparel,Google Search,Completed
23563,3611,2024-11-09,778.57,Apparel,Google Search,Completed
23565,3577,2023-02-11,115.98,Apparel,Organic,Completed
23568,3052,2024-02-17,161.6,Apparel,Google Search,Completed
23573,3011,2022-08-09,161.35,Electronics,SMS,Completed
23574,1246,2023-03-20,489.61,Beauty,Email,Completed
23575,4953,2024-01-30,446.5,Sports,Email,Completed
23576,2929,2022-06-14,188.98,Home & Kitchen,SMS,Completed
23577,1595,2022-03-28,167.5,Sports,Paid Social,Completed
23578,4239,2024-01-28,71.9,Apparel,Organic,Completed
23579,4901,2024-05-24,287.15,Electronics,SMS,Completed
23580,2768,2024-05-03,184.39,Beauty,Google Search,Completed
23582,5581,2024-02-03,406.62,Apparel,Paid Social,Completed
23585,3485,2022-07-18,332.89,Home & Kitchen,Organic,Completed
23589,1044,2023-11-15,48.98,Beauty,SMS,Completed
23590,4247,2022-02-21,642.25,Electronics,Google Search,Completed
23591,3110,2023-05-02,63.28,Sports,SMS,Completed
23594,2483,2024-05-16,665.64,Beauty,Email,Completed
23595,3024,2024-06-16,919.84,Electronics,Organic,Completed
23596,4625,2022-02-24,411.99,Beauty,Organic,Completed
23600,1852,2024-12-27,148.34,Beauty,Organic,Completed
23601,1291,2024-06-15,255.84,Apparel,Organic,Completed
23602,3891,2022-01-30,127.29,Apparel,Paid Social,Completed
23603,4586,2022-08-23,132.77,Sports,Organic,Completed
23604,1190,2023-09-24,350.59,Sports,Paid Social,Completed
23606,5370,2022-07-12,150.98,Beauty,Organic,Completed
23608,2277,2024-01-03,333.41,Electronics,Paid Social,Completed
23609,1789,2024-05-21,160.07,Beauty,Paid Social,Completed
23611,4469,2023-09-12,223.19,Electronics,Google Search,Completed
23612,2090,2024-02-17,448.0,Electronics,Paid Social,Completed
23613,3294,2022-01-27,291.56,Sports,Organic,Completed
23614,3333,2023-07-28,53.97,Sports,Google Search,Completed
23615,2750,2022-05-24,396.68,Sports,SMS,Completed
23619,1513,2023-07-30,170.26,Beauty,Organic,Completed
23620,1101,2022-07-24,140.16,Electronics,Organic,Completed
23622,1457,2022-06-09,437.93,Electronics,Paid Social,Completed
23623,2356,2022-12-21,367.85,Home & Kitchen,Email,Completed
23624,1742,2022-10-31,497.16,Apparel,SMS,Completed
23626,1506,2024-04-15,622.51,Sports,Paid Social,Completed
23627,2458,2024-01-25,74.91,Apparel,Google Search,Completed
23628,2656,2024-10-02,340.53,Home & Kitchen,Organic,Completed
23629,4331,2022-01-18,540.05,Beauty,Google Search,Completed
23631,2563,2022-08-08,173.58,Apparel,Organic,Completed
23632,4269,2023-03-02,83.53,Electronics,Google Search,Completed
23634,1682,2023-09-09,121.18,Sports,Email,Completed
23635,2470,2023-03-02,245.19,Apparel,Email,Completed
23637,1372,2024-12-23,115.33,Electronics,Email,Completed
23638,5560,2024-09-09,190.62,Sports,SMS,Completed
23639,3602,2023-04-18,315.34,Electronics,Email,Completed
23640,5339,2024-11-24,264.69,Electronics,Paid Social,Completed
23642,2095,2024-12-27,333.89,Beauty,Organic,Completed
23644,2900,2024-04-21,576.16,Sports,Organic,Completed
23649,2428,2023-02-09,393.2,Electronics,Google Search,Completed
23653,3546,2022-05-06,130.21,Beauty,SMS,Completed
23654,1315,2024-01-17,157.04,Sports,SMS,Completed
23657,3547,2023-01-06,107.14,Apparel,Paid Social,Completed
23660,5141,2023-02-25,170.15,Apparel,Email,Completed
23661,5318,2023-08-12,452.01,Apparel,SMS,Completed
23663,2909,2022-05-04,593.53,Apparel,Email,Completed
23664,2539,2022-10-03,214.93,Apparel,Organic,Completed
23666,1781,2023-09-30,197.26,Beauty,Google Search,Completed
23667,4762,2023-11-27,191.34,Electronics,Google Search,Completed
23668,2502,2024-07-19,201.66,Electronics,Organic,Completed
23669,5182,2023-06-21,103.69,Apparel,SMS,Completed
23670,4189,2023-01-01,95.36,Electronics,Email,Completed
23671,3167,2022-05-06,113.79,Home & Kitchen,Email,Completed
23672,3634,2022-10-06,346.67,Sports,Organic,Completed
23673,5776,2024-10-17,481.91,Home & Kitchen,Organic,Completed
23674,2457,2022-01-08,69.01,Beauty,Google Search,Completed
23677,5705,2023-12-23,215.85,Electronics,Google Search,Completed
23679,3320,2023-12-21,229.89,Electronics,Organic,Completed
23680,2309,2024-11-07,810.32,Beauty,SMS,Completed
23682,4858,2022-04-11,77.53,Electronics,Google Search,Completed
23683,1902,2023-11-06,125.24,Beauty,SMS,Completed
23685,1314,2024-02-19,737.6,Sports,Paid Social,Completed
23687,4852,2022-02-19,218.24,Sports,Email,Completed
23689,1357,2024-09-03,217.29,Home & Kitchen,SMS,Completed
23693,3112,2022-11-23,118.08,Sports,Email,Completed
23696,1383,2023-10-09,425.67,Sports,Email,Completed
23697,5156,2022-09-22,177.39,Apparel,Google Search,Completed
23703,1837,2024-11-06,111.27,Home & Kitchen,SMS,Completed
23704,4770,2024-11-12,128.61,Electronics,Email,Completed
23705,2892,2024-04-21,137.62,Sports,Organic,Completed
23706,5070,2023-04-10,237.63,Sports,SMS,Completed
23709,3095,2023-12-28,290.52,Beauty,SMS,Completed
23710,4718,2023-04-14,181.39,Sports,Google Search,Completed
23711,1376,2024-12-25,191.88,Apparel,Organic,Completed
23712,2326,2022-06-20,601.44,Electronics,Paid Social,Completed
23713,5126,2022-04-16,275.12,Electronics,Organic,Completed
23714,3417,2023-03-29,376.74,Home & Kitchen,Google Search,Completed
23716,1521,2024-03-23,144.28,Electronics,Paid Social,Completed
23717,1936,2023-06-06,239.06,Home & Kitchen,Google Search,Completed
23719,4355,2022-09-19,250.83,Home & Kitchen,Paid Social,Completed
23721,4917,2023-09-04,91.55,Electronics,Paid Social,Completed
23723,2455,2024-10-29,460.78,Home & Kitchen,Google Search,Completed
23726,2423,2022-07-26,78.3,Sports,Paid Social,Completed
23727,1777,2023-09-13,176.62,Electronics,SMS,Completed
23732,1374,2022-06-11,347.61,Beauty,Organic,Completed
23733,5361,2022-09-15,311.78,Beauty,Organic,Completed
23734,1925,2024-03-07,242.37,Apparel,SMS,Completed
23737,3325,2022-02-21,52.39,Electronics,Email,Completed
23739,2565,2024-07-30,340.17,Apparel,Paid Social,Completed
23741,1267,2022-12-29,238.82,Sports,Google Search,Completed
23742,5799,2024-04-16,341.21,Apparel,Google Search,Completed
23744,1927,2023-08-08,494.09,Beauty,SMS,Completed
23746,3932,2022-03-10,231.21,Apparel,Organic,Completed
23747,3359,2024-03-03,91.97,Sports,Google Search,Completed
23748,2234,2022-07-07,151.91,Sports,Organic,Completed
23750,2884,2022-01-29,152.05,Beauty,Google Search,Completed
23757,3518,2024-07-26,112.4,Beauty,Organic,Completed
23759,3316,2022-06-29,648.38,Beauty,SMS,Completed
23762,5345,2024-07-17,86.44,Apparel,SMS,Completed
23764,2629,2024-06-25,198.33,Home & Kitchen,Email,Completed
23766,2720,2022-07-24,396.04,Apparel,Organic,Completed
23769,3605,2023-06-24,66.28,Beauty,SMS,Completed
23770,1282,2022-02-27,221.82,Home & Kitchen,SMS,Completed
23772,2165,2024-09-15,146.05,Electronics,Paid Social,Completed
23773,2248,2024-03-01,28.41,Beauty,Paid Social,Completed
23779,3209,2022-11-26,219.78,Beauty,Paid Social,Completed
23782,1691,2024-12-03,393.19,Sports,Organic,Completed
23785,3238,2022-08-26,243.15,Apparel,Organic,Completed
23786,2716,2023-08-23,224.45,Sports,Email,Completed
23787,2738,2023-05-06,967.67,Electronics,Google Search,Completed
23788,3268,2024-01-29,259.13,Apparel,SMS,Completed
23789,4326,2023-03-08,247.82,Sports,Organic,Completed
23791,2972,2024-01-14,177.52,Sports,SMS,Completed
23793,2588,2022-02-08,721.68,Beauty,Google Search,Completed
23794,3193,2024-04-04,211.63,Electronics,Paid Social,Completed
23795,1092,2022-10-08,1346.76,Apparel,Email,Completed
23798,2088,2024-03-08,333.15,Beauty,Organic,Completed
23801,1038,2024-07-25,133.33,Home & Kitchen,SMS,Completed
23802,4677,2024-03-18,675.51,Beauty,Google Search,Completed
23803,2779,2024-11-22,302.29,Home & Kitchen,Organic,Completed
23805,4822,2024-08-23,206.86,Sports,SMS,Completed
23806,3065,2023-12-25,338.99,Apparel,SMS,Completed
23808,4496,2022-09-25,440.97,Beauty,SMS,Completed
23810,4011,2024-06-28,112.79,Home & Kitchen,Paid Social,Completed
23811,2057,2022-07-08,144.57,Electronics,SMS,Completed
23812,2519,2022-08-09,318.29,Sports,Paid Social,Completed
23813,2233,2022-05-17,140.98,Beauty,Google Search,Completed
23814,2594,2024-04-28,180.41,Beauty,Email,Completed
23816,3668,2022-05-11,123.35,Sports,Email,Completed
23817,3989,2022-12-22,66.16,Home & Kitchen,Paid Social,Completed
23818,3716,2024-03-20,175.59,Apparel,SMS,Completed
23819,2194,2024-03-22,122.24,Apparel,Google Search,Completed
23821,2147,2022-10-04,127.01,Home & Kitchen,Email,Completed
23822,2944,2023-10-05,92.51,Electronics,Google Search,Completed
23823,4103,2022-09-14,533.63,Apparel,Google Search,Completed
23824,2989,2024-10-16,164.93,Electronics,Email,Completed
23826,4629,2022-03-06,158.91,Home & Kitchen,Email,Completed
23827,4515,2023-07-10,55.79,Electronics,Google Search,Completed
23829,1625,2023-10-05,31.44,Apparel,Organic,Completed
23830,2224,2023-09-23,27.74,Sports,Google Search,Completed
23832,1622,2024-11-14,416.98,Home & Kitchen,SMS,Completed
23834,1672,2023-11-27,284.36,Electronics,Email,Completed
23836,1543,2022-08-15,160.03,Sports,Email,Completed
23837,3981,2022-01-19,364.78,Sports,Google Search,Completed
23838,5017,2022-01-12,52.72,Sports,Organic,Completed
23839,4734,2023-09-12,169.98,Apparel,Organic,Completed
23840,2783,2024-04-25,627.34,Electronics,Paid Social,Completed
23841,1400,2022-01-15,156.05,Beauty,Email,Completed
23842,3188,2024-03-21,204.76,Beauty,Email,Completed
23843,3958,2023-12-26,658.13,Electronics,SMS,Completed
23845,4435,2023-04-21,72.72,Electronics,Email,Completed
23846,4109,2022-02-09,562.68,Electronics,Google Search,Completed
23847,4655,2024-03-19,653.84,Apparel,SMS,Completed
23848,2096,2024-12-08,110.24,Beauty,Organic,Completed
23851,5037,2023-04-13,260.42,Apparel,Organic,Completed
23854,3675,2022-06-15,401.27,Home & Kitchen,Paid Social,Completed
23855,4323,2024-03-18,461.09,Apparel,Paid Social,Completed
23860,3400,2022-04-18,50.58,Electronics,SMS,Completed
23861,5889,2023-07-14,709.58,Sports,Paid Social,Completed
23862,2165,2023-08-15,285.81,Sports,Google Search,Completed
23863,1864,2022-12-21,94.24,Sports,Organic,Completed
23864,1584,2023-11-26,133.06,Home & Kitchen,Google Search,Completed
23866,1354,2024-02-01,797.07,Beauty,SMS,Completed
23868,3860,2023-07-28,407.47,Apparel,Organic,Completed
23869,2589,2024-09-14,798.55,Apparel,Email,Completed
23870,4972,2024-09-16,364.26,Electronics,Organic,Completed
23871,2921,2023-04-10,155.67,Beauty,Email,Completed
23872,3357,2022-11-18,210.61,Apparel,Organic,Completed
23873,2452,2023-11-20,108.62,Sports,Paid Social,Completed
23874,3196,2024-09-02,189.97,Beauty,SMS,Completed
23875,1720,2023-05-22,91.72,Home & Kitchen,Google Search,Completed
23878,2536,2023-12-27,128.73,Home & Kitchen,Email,Completed
23880,3813,2022-02-05,91.7,Home & Kitchen,Organic,Completed
23882,3654,2024-07-24,269.01,Apparel,SMS,Completed
23883,4808,2022-04-28,692.44,Home & Kitchen,Paid Social,Completed
23885,4710,2024-03-31,120.5,Apparel,Paid Social,Completed
23886,2748,2024-03-07,147.95,Electronics,Organic,Completed
23887,1561,2024-03-31,202.12,Home & Kitchen,Paid Social,Completed
23889,5706,2023-05-05,180.88,Home & Kitchen,Email,Completed
23890,2105,2022-06-08,294.42,Beauty,Email,Completed
23891,1328,2024-12-28,143.65,Electronics,Organic,Completed
23894,3894,2024-10-19,161.85,Beauty,Google Search,Completed
23895,1540,2024-10-23,104.45,Apparel,Google Search,Completed
23897,5070,2022-03-04,27.99,Home & Kitchen,Email,Completed
23898,5435,2023-03-15,888.58,Electronics,Email,Completed
23900,4231,2024-12-15,263.46,Beauty,Email,Completed
23901,1774,2023-06-27,128.85,Home & Kitchen,Google Search,Completed
23903,3262,2023-07-31,139.22,Home & Kitchen,Organic,Completed
23904,5013,2023-11-16,306.23,Home & Kitchen,Paid Social,Completed
23905,1930,2024-04-27,490.31,Sports,Organic,Completed
23907,5282,2023-05-30,365.82,Home & Kitchen,Email,Completed
23908,4257,2022-10-01,193.75,Home & Kitchen,Paid Social,Completed
23909,2994,2024-05-05,1668.42,Sports,Paid Social,Completed
23910,1040,2023-04-17,147.92,Beauty,Paid Social,Completed
23911,5796,2022-11-05,270.9,Home & Kitchen,Google Search,Completed
23912,2125,2024-02-14,61.13,Beauty,Email,Completed
23914,4939,2023-08-10,178.42,Sports,Organic,Completed
23915,4235,2024-07-10,198.33,Home & Kitchen,Google Search,Completed
23918,4839,2024-09-05,681.91,Sports,SMS,Completed
23919,3432,2024-07-23,54.64,Beauty,Organic,Completed
23921,2040,2024-04-02,353.69,Apparel,Organic,Completed
23923,5814,2024-10-21,127.24,Home & Kitchen,Organic,Completed
23925,2857,2024-07-04,193.6,Beauty,Organic,Completed
23926,3996,2023-04-21,546.71,Beauty,Paid Social,Completed
23928,2584,2022-03-03,185.2,Electronics,Email,Completed
23929,2958,2022-02-15,123.23,Apparel,SMS,Completed
23930,3895,2023-06-07,127.05,Electronics,SMS,Completed
23931,4947,2023-01-23,207.83,Electronics,Google Search,Completed
23932,5280,2022-04-18,478.57,Electronics,Email,Completed
23933,5951,2022-09-08,224.37,Electronics,Email,Completed
23934,5718,2024-09-13,63.93,Home & Kitchen,Google Search,Completed
23937,2597,2022-11-15,393.42,Home & Kitchen,Organic,Completed
23938,4670,2023-07-08,145.74,Electronics,Paid Social,Completed
23939,4614,2024-01-17,80.52,Sports,Google Search,Completed
23940,2806,2023-07-07,515.16,Apparel,Paid Social,Completed
23942,1010,2023-06-18,591.3,Home & Kitchen,Google Search,Completed
23943,1934,2022-06-21,655.88,Home & Kitchen,Paid Social,Completed
23944,1765,2022-02-02,629.92,Home & Kitchen,Google Search,Completed
23946,3827,2023-05-26,400.99,Apparel,Email,Completed
23947,1045,2024-02-18,500.06,Home & Kitchen,Paid Social,Completed
23949,2263,2023-12-07,96.69,Sports,Organic,Completed
23950,5273,2022-05-12,253.37,Apparel,Paid Social,Completed
23951,4547,2023-04-08,129.56,Sports,SMS,Completed
23953,5645,2022-04-10,214.21,Electronics,Paid Social,Completed
23955,2486,2022-10-19,664.16,Sports,Organic,Completed
23957,3488,2024-10-08,126.6,Beauty,Email,Completed
23958,2613,2023-01-08,114.64,Electronics,Email,Completed
23960,4263,2024-05-28,59.65,Electronics,Organic,Completed
23962,4121,2024-11-28,312.89,Electronics,Paid Social,Completed
23963,1372,2022-06-24,122.37,Apparel,SMS,Completed
23964,5463,2022-12-15,323.56,Electronics,Google Search,Completed
23965,3114,2024-03-26,97.66,Home & Kitchen,Paid Social,Completed
23966,4478,2023-12-02,433.86,Apparel,Paid Social,Completed
23967,2668,2024-07-16,650.94,Apparel,Paid Social,Completed
23968,2385,2022-03-03,368.37,Apparel,SMS,Completed
23970,5526,2022-11-05,201.85,Home & Kitchen,Google Search,Completed
23972,5095,2024-04-24,1230.88,Beauty,Paid Social,Completed
23973,4435,2023-07-19,280.87,Sports,Organic,Completed
23980,5137,2022-08-27,318.33,Electronics,Organic,Completed
23981,5814,2022-06-22,189.83,Beauty,Email,Completed
23983,3711,2023-11-05,229.61,Beauty,Email,Completed
23986,2888,2022-12-11,161.22,Electronics,Paid Social,Completed
23988,4451,2022-08-19,80.94,Apparel,Google Search,Completed
23990,4709,2023-08-28,412.23,Beauty,Paid Social,Completed
23992,4089,2024-08-11,101.66,Electronics,Email,Completed
23995,4727,2022-03-18,545.24,Home & Kitchen,Paid Social,Completed
23996,3178,2022-03-06,487.36,Apparel,Organic,Completed
23997,3487,2024-09-30,1669.51,Apparel,Google Search,Completed
23998,1836,2024-01-13,444.32,Sports,Organic,Completed
23999,4377,2023-03-31,120.38,Electronics,Paid Social,Completed
24001,4841,2024-01-16,269.9,Home & Kitchen,Paid Social,Completed
24003,2155,2022-11-11,87.26,Home & Kitchen,Google Search,Completed
24004,3108,2022-07-17,138.15,Apparel,Paid Social,Completed
24005,4386,2023-01-11,257.19,Sports,SMS,Completed
24006,3864,2022-09-24,146.96,Sports,SMS,Completed
24007,3822,2024-09-22,286.01,Electronics,Google Search,Completed
24009,4662,2024-03-08,61.68,Electronics,Paid Social,Completed
24010,3938,2023-04-21,654.25,Home & Kitchen,Email,Completed
24011,3852,2023-11-02,569.74,Beauty,SMS,Completed
24012,3580,2022-04-24,943.01,Electronics,Paid Social,Completed
24013,2608,2023-02-23,445.54,Sports,Email,Completed
24014,1362,2022-10-27,247.81,Beauty,Organic,Completed
24016,5765,2023-11-11,574.43,Sports,Google Search,Completed
24017,5867,2022-04-22,230.78,Home & Kitchen,Paid Social,Completed
24018,2866,2022-08-26,373.43,Sports,Organic,Completed
24019,1236,2023-06-06,149.94,Electronics,Google Search,Completed
24020,4139,2024-03-09,339.36,Beauty,SMS,Completed
24022,4086,2024-04-27,353.7,Sports,Organic,Completed
24023,4091,2024-09-13,214.57,Sports,Email,Completed
24025,1726,2024-07-02,491.74,Apparel,Organic,Completed
24027,4221,2023-09-11,234.66,Beauty,Paid Social,Completed
24028,1927,2024-05-22,519.97,Beauty,Organic,Completed
24031,1994,2022-06-14,936.07,Sports,Organic,Completed
24032,3858,2022-11-16,63.78,Home & Kitchen,Paid Social,Completed
24035,3912,2023-05-07,518.54,Sports,Organic,Completed
24036,2774,2022-11-28,367.82,Apparel,Google Search,Completed
24037,3047,2023-07-20,306.46,Apparel,Organic,Completed
24038,5468,2022-07-12,195.11,Sports,Email,Completed
24040,2574,2024-09-19,181.32,Apparel,Paid Social,Completed
24041,2418,2023-06-30,68.48,Sports,SMS,Completed
24045,2222,2023-10-04,320.77,Electronics,Google Search,Completed
24046,4814,2024-01-18,58.96,Sports,Google Search,Completed
24047,1024,2022-02-13,43.39,Beauty,Email,Completed
24049,1376,2024-06-08,82.97,Sports,Google Search,Completed
24050,4036,2024-06-02,353.17,Home & Kitchen,Email,Completed
24052,2332,2024-09-15,88.51,Home & Kitchen,SMS,Completed
24053,1809,2022-07-03,1344.68,Beauty,Paid Social,Completed
24054,4653,2023-01-12,193.51,Home & Kitchen,Organic,Completed
24056,2822,2022-01-20,39.9,Home & Kitchen,SMS,Completed
24059,3197,2022-10-15,470.0,Electronics,Paid Social,Completed
24060,3800,2022-10-17,140.62,Apparel,Paid Social,Completed
24062,2432,2024-12-06,92.91,Home & Kitchen,Organic,Completed
24063,3340,2023-12-02,401.42,Home & Kitchen,Email,Completed
24065,5087,2023-12-20,124.89,Electronics,Paid Social,Completed
24067,3304,2024-10-18,371.1,Sports,SMS,Completed
24069,5475,2024-05-31,204.49,Apparel,Paid Social,Completed
24071,4952,2024-03-28,169.53,Apparel,SMS,Completed
24072,5641,2024-11-09,468.51,Electronics,Email,Completed
24073,3790,2024-10-26,148.58,Sports,Google Search,Completed
24074,1073,2022-06-12,102.56,Sports,Email,Completed
24076,3279,2024-09-17,290.44,Electronics,Paid Social,Completed
24078,2365,2022-08-19,303.42,Beauty,Google Search,Completed
24086,5435,2022-09-30,608.45,Beauty,Organic,Completed
24088,5853,2023-08-24,107.11,Sports,Paid Social,Completed
24089,3540,2023-03-09,88.69,Beauty,Paid Social,Completed
24090,3097,2022-09-19,401.01,Home & Kitchen,Organic,Completed
24091,1939,2024-03-22,319.96,Sports,SMS,Completed
24092,5087,2024-01-09,684.07,Apparel,Organic,Completed
24093,2043,2024-03-18,831.62,Beauty,Paid Social,Completed
24094,4382,2023-02-09,349.98,Apparel,Email,Completed
24096,5267,2024-01-09,381.44,Sports,Email,Completed
24097,2770,2024-03-24,573.25,Beauty,Email,Completed
24099,5239,2023-07-12,184.06,Sports,Paid Social,Completed
24100,5781,2024-08-05,25.69,Electronics,Paid Social,Completed
24101,1592,2023-08-06,378.16,Beauty,Email,Completed
24105,2881,2022-10-16,103.97,Sports,Organic,Completed
24106,2865,2022-03-12,270.73,Home & Kitchen,Google Search,Completed
24108,2153,2023-12-19,779.91,Electronics,SMS,Completed
24109,5156,2023-07-09,324.46,Electronics,Email,Completed
24113,2506,2023-03-21,288.2,Sports,Google Search,Completed
24114,2806,2023-05-18,425.64,Beauty,Organic,Completed
24115,1148,2023-12-28,72.91,Electronics,Google Search,Completed
24120,1960,2023-07-22,275.65,Home & Kitchen,Email,Completed
24122,5911,2023-02-12,493.7,Beauty,Google Search,Completed
24123,5377,2023-01-17,110.72,Home & Kitchen,Google Search,Completed
24124,4471,2023-03-13,715.1,Apparel,Google Search,Completed
24127,1462,2024-12-28,983.38,Home & Kitchen,SMS,Completed
24128,2044,2024-06-25,240.37,Sports,Email,Completed
24129,5004,2024-09-03,186.04,Electronics,Organic,Completed
24130,4063,2023-08-04,279.99,Electronics,Paid Social,Completed
24131,3787,2022-05-07,84.22,Beauty,Email,Completed
24132,4238,2023-10-13,293.52,Apparel,Google Search,Completed
24133,3610,2024-06-06,350.55,Home & Kitchen,Organic,Completed
24135,5561,2022-01-28,583.42,Sports,Organic,Completed
24136,2449,2023-11-24,144.41,Sports,Email,Completed
24137,5003,2023-05-01,225.1,Home & Kitchen,SMS,Completed
24138,2430,2024-09-15,170.25,Home & Kitchen,Email,Completed
24139,4919,2024-07-17,635.21,Home & Kitchen,Google Search,Completed
24141,2796,2022-08-05,256.41,Electronics,SMS,Completed
24142,2945,2022-09-14,244.5,Sports,Email,Completed
24143,1549,2024-07-28,310.65,Electronics,Email,Completed
24145,4784,2024-07-05,451.53,Beauty,Organic,Completed
24147,4559,2023-02-27,426.31,Sports,Google Search,Completed
24148,5825,2023-04-10,315.61,Apparel,Paid Social,Completed
24150,3884,2024-10-14,60.55,Apparel,Paid Social,Completed
24151,2120,2022-05-30,529.59,Electronics,Email,Completed
24152,4748,2024-11-26,264.38,Electronics,Email,Completed
24153,2488,2024-04-09,207.76,Sports,Organic,Completed
24154,4791,2023-11-09,134.04,Sports,Paid Social,Completed
24155,4783,2024-07-20,451.51,Apparel,SMS,Completed
24156,4065,2022-02-24,185.61,Beauty,SMS,Completed
24159,4350,2023-10-02,296.48,Electronics,Paid Social,Completed
24160,2594,2024-10-21,120.25,Home & Kitchen,SMS,Completed
24162,5999,2023-09-16,225.32,Sports,Organic,Completed
24163,3097,2022-03-09,333.68,Beauty,Email,Completed
24164,1731,2024-04-26,644.87,Beauty,Paid Social,Completed
24165,5969,2022-04-01,246.66,Beauty,Organic,Completed
24167,3567,2022-09-15,76.02,Electronics,Email,Completed
24170,4038,2023-01-06,333.76,Beauty,Google Search,Completed
24171,3825,2024-05-03,142.17,Home & Kitchen,Organic,Completed
24173,1909,2024-04-06,168.74,Beauty,Organic,Completed
24174,5452,2023-09-22,173.48,Home & Kitchen,Organic,Completed
24178,4713,2024-09-17,398.11,Apparel,Organic,Completed
24179,2463,2022-12-27,190.58,Beauty,SMS,Completed
24181,2570,2023-01-20,141.55,Sports,Email,Completed
24183,2152,2024-11-30,225.96,Sports,Email,Completed
24184,1970,2022-10-12,362.87,Electronics,Google Search,Completed
24185,4871,2023-03-13,168.94,Beauty,SMS,Completed
24186,1092,2022-02-15,536.74,Apparel,Google Search,Completed
24187,1476,2023-04-21,254.77,Electronics,Organic,Completed
24188,5789,2022-11-16,210.03,Sports,Organic,Completed
24190,2010,2023-09-13,887.2,Home & Kitchen,Organic,Completed
24191,1971,2022-11-10,248.11,Sports,Organic,Completed
24193,1273,2023-12-26,340.13,Electronics,Paid Social,Completed
24194,1160,2023-06-23,168.73,Apparel,SMS,Completed
24195,3375,2023-10-31,101.53,Beauty,Organic,Completed
24198,2658,2024-06-29,164.27,Electronics,SMS,Completed
24199,2208,2023-05-07,297.63,Electronics,Paid Social,Completed
24200,5070,2023-03-12,64.71,Electronics,Paid Social,Completed
24201,5495,2023-05-19,100.5,Apparel,Google Search,Completed
24202,4588,2023-03-01,570.83,Apparel,SMS,Completed
24203,5879,2022-02-22,348.26,Sports,Email,Completed
24205,4609,2024-02-14,86.78,Beauty,Email,Completed
24206,4713,2023-11-11,281.23,Apparel,Paid Social,Completed
24207,5764,2024-01-16,267.96,Sports,SMS,Completed
24209,3457,2023-12-04,131.43,Beauty,Organic,Completed
24210,1760,2024-06-01,437.2,Sports,Organic,Completed
24212,5059,2023-03-02,200.22,Home & Kitchen,Google Search,Completed
24216,1385,2023-01-30,282.81,Apparel,SMS,Completed
24219,2718,2022-03-17,95.85,Apparel,Google Search,Completed
24222,2342,2024-05-19,61.6,Sports,SMS,Completed
24223,5268,2023-10-04,658.47,Home & Kitchen,Paid Social,Completed
24224,3638,2024-11-19,306.5,Beauty,Organic,Completed
24225,2879,2023-04-08,479.89,Apparel,SMS,Completed
24230,5508,2022-01-16,679.22,Sports,Email,Completed
24232,2381,2023-11-05,218.53,Home & Kitchen,Paid Social,Completed
24233,5533,2024-06-09,113.25,Home & Kitchen,Organic,Completed
24234,1211,2023-02-10,149.04,Beauty,Google Search,Completed
24236,2774,2023-05-08,212.39,Sports,Google Search,Completed
24238,4028,2023-06-21,264.97,Home & Kitchen,Organic,Completed
24241,3219,2024-07-23,811.29,Beauty,SMS,Completed
24242,2693,2023-11-06,234.77,Sports,Organic,Completed
24245,2963,2022-04-15,96.68,Apparel,SMS,Completed
24246,3345,2022-03-30,204.87,Sports,Email,Completed
24247,2262,2022-08-28,328.9,Apparel,Google Search,Completed
24250,2818,2022-05-06,299.67,Sports,Google Search,Completed
24251,2175,2022-08-19,83.07,Beauty,Organic,Completed
24252,2320,2024-11-14,571.56,Sports,Google Search,Completed
24253,4766,2022-05-07,361.46,Home & Kitchen,Email,Completed
24260,5571,2024-01-07,411.53,Electronics,Organic,Completed
24261,5035,2023-08-05,441.46,Electronics,SMS,Completed
24262,4970,2023-02-02,355.97,Sports,Google Search,Completed
24265,3323,2022-04-01,41.15,Beauty,Organic,Completed
24266,3592,2024-12-23,100.25,Beauty,Email,Completed
24268,3489,2023-04-23,78.49,Beauty,Google Search,Completed
24269,5098,2022-06-27,663.03,Apparel,Email,Completed
24271,5186,2024-07-07,187.31,Home & Kitchen,Paid Social,Completed
24272,1661,2024-01-15,226.22,Apparel,SMS,Completed
24276,1280,2024-02-27,427.14,Electronics,Email,Completed
24277,1703,2023-02-22,163.58,Electronics,Email,Completed
24278,4647,2022-11-14,940.0,Electronics,Organic,Completed
24280,3399,2024-11-22,124.17,Beauty,Organic,Completed
24282,2774,2024-10-28,191.78,Sports,Paid Social,Completed
24283,5886,2022-04-13,83.09,Electronics,Organic,Completed
24284,2667,2024-06-01,661.13,Electronics,Google Search,Completed
24285,5071,2024-05-18,70.65,Electronics,Google Search,Completed
24286,2826,2022-12-24,570.53,Beauty,Paid Social,Completed
24287,3036,2022-10-25,190.64,Home & Kitchen,SMS,Completed
24288,3750,2024-10-25,896.36,Sports,SMS,Completed
24289,4287,2022-02-15,331.87,Beauty,Paid Social,Completed
24290,4177,2023-01-26,345.97,Beauty,Paid Social,Completed
24291,3865,2023-05-29,250.28,Electronics,SMS,Completed
24292,5936,2022-05-10,158.6,Sports,Organic,Completed
24295,1662,2024-12-16,169.24,Apparel,Organic,Completed
24296,5319,2024-07-21,180.47,Apparel,Email,Completed
24297,4143,2022-12-11,221.79,Home & Kitchen,Paid Social,Completed
24300,2808,2024-06-22,107.53,Electronics,Organic,Completed
24302,2553,2022-04-28,234.08,Electronics,Email,Completed
24303,5321,2022-01-23,241.27,Home & Kitchen,SMS,Completed
24304,1379,2022-11-20,530.92,Sports,Paid Social,Completed
24306,4444,2023-04-07,375.51,Apparel,Organic,Completed
24307,5379,2022-11-24,810.74,Apparel,Organic,Completed
24309,3108,2023-11-19,260.5,Beauty,SMS,Completed
24311,5731,2023-07-04,637.59,Beauty,Google Search,Completed
24312,5961,2024-04-26,145.31,Beauty,SMS,Completed
24314,1198,2022-06-13,609.43,Beauty,Email,Completed
24315,5445,2022-03-14,838.24,Sports,Organic,Completed
24319,1182,2024-05-17,350.55,Beauty,SMS,Completed
24321,4224,2022-07-06,170.63,Apparel,Paid Social,Completed
24322,3862,2022-11-28,185.0,Home & Kitchen,Organic,Completed
24323,5034,2023-12-01,813.14,Apparel,Organic,Completed
24324,4673,2024-03-19,54.82,Beauty,SMS,Completed
24325,3805,2023-07-09,184.25,Electronics,Paid Social,Completed
24327,2127,2024-08-21,173.54,Apparel,Paid Social,Completed
24330,4009,2024-09-06,359.64,Home & Kitchen,Paid Social,Completed
24331,2106,2022-04-01,208.4,Home & Kitchen,Email,Completed
24332,2865,2022-06-29,134.4,Beauty,Organic,Completed
24335,4121,2022-09-22,287.1,Electronics,Email,Completed
24337,1533,2024-11-04,934.64,Electronics,Google Search,Completed
24338,5103,2022-09-08,309.71,Apparel,SMS,Completed
24340,5005,2023-04-24,92.61,Home & Kitchen,Google Search,Completed
24341,2022,2022-08-21,150.25,Sports,Organic,Completed
24342,3667,2022-10-06,1188.8,Beauty,Paid Social,Completed
24343,5690,2022-01-15,186.2,Electronics,Organic,Completed
24344,3762,2023-12-13,228.61,Sports,Email,Completed
24345,4425,2024-10-26,189.02,Home & Kitchen,Email,Completed
24346,4351,2024-04-22,85.48,Sports,Email,Completed
24347,1455,2024-04-18,76.15,Apparel,Email,Completed
24350,3529,2024-05-29,169.55,Beauty,Google Search,Completed
24352,2590,2022-11-13,395.63,Electronics,Organic,Completed
24353,1120,2022-12-24,570.51,Home & Kitchen,Paid Social,Completed
24354,2157,2024-08-14,94.03,Apparel,Email,Completed
24356,3870,2023-07-20,92.88,Electronics,Google Search,Completed
24357,5846,2023-08-21,70.87,Beauty,SMS,Completed
24359,2114,2023-12-22,150.22,Electronics,Email,Completed
24360,3317,2022-09-10,95.32,Sports,Google Search,Completed
24363,1382,2023-10-07,408.95,Electronics,Google Search,Completed
24364,5210,2022-06-21,374.5,Home & Kitchen,SMS,Completed
24365,5635,2023-04-28,110.43,Beauty,Email,Completed
24366,4495,2023-11-24,244.62,Beauty,Google Search,Completed
24368,4475,2023-12-15,156.64,Sports,Organic,Completed
24370,2627,2023-12-21,76.02,Sports,SMS,Completed
24371,1341,2023-05-20,77.9,Electronics,Email,Completed
24372,2032,2024-08-31,180.85,Home & Kitchen,Email,Completed
24376,3541,2022-12-22,289.71,Apparel,Email,Completed
24377,5828,2023-12-25,704.54,Apparel,Organic,Completed
24378,4134,2024-04-11,101.83,Sports,Google Search,Completed
24381,4701,2023-03-24,183.65,Sports,Email,Completed
24382,2064,2023-10-04,239.37,Beauty,Paid Social,Completed
24384,4390,2024-10-26,75.3,Home & Kitchen,Google Search,Completed
24385,3296,2022-12-18,130.71,Apparel,Paid Social,Completed
24387,4392,2022-02-10,729.56,Beauty,Google Search,Completed
24388,5427,2023-03-01,85.75,Apparel,Paid Social,Completed
24390,1058,2022-02-02,263.58,Apparel,Email,Completed
24392,4888,2023-09-17,227.41,Sports,Email,Completed
24393,2853,2023-01-26,509.06,Electronics,Organic,Completed
24394,4150,2024-04-27,215.41,Sports,Paid Social,Completed
24396,2208,2023-05-26,244.76,Electronics,Organic,Completed
24397,3519,2023-05-18,99.19,Apparel,Paid Social,Completed
24398,5888,2022-01-07,177.31,Home & Kitchen,Organic,Completed
24399,4485,2022-08-21,198.73,Apparel,SMS,Completed
24401,1585,2024-07-12,47.5,Home & Kitchen,Email,Completed
24403,3241,2024-05-02,498.8,Apparel,Paid Social,Completed
24404,5504,2024-03-16,330.25,Electronics,Organic,Completed
24405,1324,2024-08-06,216.29,Sports,Email,Completed
24406,1270,2023-09-18,71.58,Beauty,Paid Social,Completed
24407,2270,2024-06-30,225.08,Apparel,SMS,Completed
24408,5750,2022-04-26,335.85,Electronics,Paid Social,Completed
24409,5672,2023-04-11,84.63,Sports,Google Search,Completed
24410,1474,2024-11-27,454.43,Sports,Paid Social,Completed
24411,3604,2022-12-06,59.36,Home & Kitchen,Email,Completed
24414,3885,2023-08-24,223.15,Apparel,SMS,Completed
24416,5693,2024-04-02,89.04,Home & Kitchen,SMS,Completed
24417,4353,2024-09-19,733.68,Home & Kitchen,Paid Social,Completed
24420,3362,2023-11-30,232.75,Beauty,Organic,Completed
24421,5026,2024-06-13,67.05,Sports,SMS,Completed
24422,2638,2022-01-13,80.84,Apparel,Organic,Completed
24425,5778,2022-11-03,451.36,Sports,Organic,Completed
24428,3163,2024-08-03,459.51,Beauty,Google Search,Completed
24431,4184,2024-06-02,114.76,Sports,SMS,Completed
24432,5937,2024-04-30,469.49,Home & Kitchen,Email,Completed
24434,5539,2023-10-04,382.76,Home & Kitchen,Paid Social,Completed
24436,2969,2022-03-09,1108.42,Home & Kitchen,Email,Completed
24437,3239,2022-03-04,38.2,Apparel,Email,Completed
24438,5617,2024-09-24,33.01,Apparel,SMS,Completed
24440,5681,2023-02-06,565.54,Beauty,SMS,Completed
24443,2057,2022-01-28,240.22,Apparel,Google Search,Completed
24444,5465,2023-10-09,356.49,Apparel,Paid Social,Completed
24446,4777,2023-03-27,860.77,Apparel,Email,Completed
24450,3422,2023-04-14,207.76,Beauty,Email,Completed
24452,1105,2022-06-24,89.79,Electronics,Google Search,Completed
24456,1880,2022-11-10,212.45,Sports,Organic,Completed
24459,1675,2023-04-19,189.26,Apparel,Email,Completed
24460,4706,2022-05-01,230.19,Home & Kitchen,Organic,Completed
24461,4240,2022-02-10,171.08,Sports,Organic,Completed
24463,5123,2022-07-04,284.15,Home & Kitchen,SMS,Completed
24464,1267,2024-07-30,264.79,Apparel,Organic,Completed
24467,4444,2024-07-07,527.23,Beauty,SMS,Completed
24471,4218,2022-01-19,306.76,Beauty,Organic,Completed
24472,5054,2022-10-22,312.99,Home & Kitchen,Google Search,Completed
24473,4235,2022-08-02,1168.81,Apparel,SMS,Completed
24475,5734,2023-06-15,335.48,Sports,Email,Completed
24476,3753,2023-09-29,184.12,Home & Kitchen,SMS,Completed
24477,1892,2024-12-08,201.73,Beauty,SMS,Completed
24478,1377,2024-10-26,184.81,Apparel,Paid Social,Completed
24480,4775,2023-04-22,333.49,Electronics,Organic,Completed
24481,4794,2023-04-17,160.24,Beauty,Organic,Completed
24482,2488,2023-11-19,524.31,Sports,Organic,Completed
24485,2526,2024-05-13,425.63,Home & Kitchen,Email,Completed
24486,5968,2022-04-20,35.38,Sports,Paid Social,Completed
24489,4465,2022-05-26,604.46,Sports,Google Search,Completed
24490,1017,2024-04-20,171.06,Electronics,Google Search,Completed
24493,3889,2022-04-01,44.11,Apparel,Paid Social,Completed
24494,4110,2023-09-20,315.33,Electronics,Email,Completed
24496,4366,2022-09-05,424.87,Apparel,Google Search,Completed
24497,1487,2022-10-31,228.89,Apparel,Paid Social,Completed
24498,1148,2023-12-07,98.42,Home & Kitchen,Organic,Completed
24500,4996,2022-09-27,499.01,Sports,Google Search,Completed
24502,4674,2024-12-30,370.03,Home & Kitchen,Google Search,Completed
24503,4924,2023-11-12,272.22,Home & Kitchen,Paid Social,Completed
24504,4991,2023-11-06,212.18,Home & Kitchen,Paid Social,Completed
24507,5248,2023-09-26,503.36,Beauty,Organic,Completed
24509,2796,2022-01-12,333.39,Sports,Google Search,Completed
24512,4246,2023-04-10,308.7,Apparel,SMS,Completed
24513,1983,2024-02-19,1307.04,Sports,Email,Completed
24514,1262,2022-01-16,377.49,Sports,Paid Social,Completed
24515,5069,2022-05-19,957.63,Apparel,Organic,Completed
24516,5406,2022-01-11,1378.37,Beauty,Paid Social,Completed
24517,1337,2024-10-12,208.15,Home & Kitchen,Email,Completed
24519,5891,2024-09-18,248.62,Sports,SMS,Completed
24520,3271,2024-07-09,137.76,Sports,Paid Social,Completed
24521,3471,2022-07-08,687.97,Beauty,SMS,Completed
24522,4579,2023-06-30,244.07,Beauty,SMS,Completed
24524,3232,2023-04-25,582.07,Apparel,Organic,Completed
24526,5631,2022-03-09,167.28,Home & Kitchen,Email,Completed
24529,1954,2024-02-15,323.82,Home & Kitchen,Paid Social,Completed
24530,1119,2022-01-28,414.99,Electronics,Google Search,Completed
24531,3738,2024-04-08,743.25,Sports,Google Search,Completed
24532,2937,2023-04-04,142.16,Beauty,Organic,Completed
24533,5067,2024-05-31,499.35,Sports,SMS,Completed
24535,1157,2022-04-10,2881.61,Home & Kitchen,Google Search,Completed
24536,1281,2023-01-07,750.46,Beauty,Email,Completed
24537,5496,2023-08-08,185.52,Sports,SMS,Completed
24539,3877,2022-05-22,312.08,Home & Kitchen,Organic,Completed
24541,5397,2024-12-12,513.1,Beauty,SMS,Completed
24543,3113,2024-06-03,219.77,Home & Kitchen,Paid Social,Completed
24545,3191,2023-02-05,184.27,Electronics,Organic,Completed
24548,3735,2024-05-25,800.25,Home & Kitchen,SMS,Completed
24549,3239,2022-09-13,333.38,Beauty,Organic,Completed
24550,5606,2023-08-17,110.86,Beauty,Paid Social,Completed
24551,3102,2024-06-26,114.22,Sports,Google Search,Completed
24552,5639,2022-06-05,169.08,Beauty,Paid Social,Completed
24553,1155,2023-10-08,576.72,Apparel,Organic,Completed
24554,1722,2023-09-08,324.48,Beauty,Organic,Completed
24556,3335,2022-04-11,153.5,Apparel,SMS,Completed
24557,2856,2024-04-17,260.9,Electronics,Google Search,Completed
24558,1868,2022-11-09,285.34,Electronics,Google Search,Completed
24559,5289,2023-04-25,73.53,Beauty,Organic,Completed
24560,3222,2022-05-05,120.0,Sports,Organic,Completed
24562,3748,2023-08-03,98.63,Electronics,SMS,Completed
24567,2103,2022-05-13,130.73,Home & Kitchen,Google Search,Completed
24568,5558,2024-12-08,281.29,Apparel,Organic,Completed
24569,3354,2023-04-02,151.74,Home & Kitchen,Paid Social,Completed
24573,1865,2024-05-05,245.7,Beauty,Email,Completed
24574,4144,2024-11-12,422.37,Home & Kitchen,Email,Completed
24576,4259,2022-06-15,407.87,Beauty,SMS,Completed
24578,5159,2024-11-10,316.7,Beauty,SMS,Completed
24581,5674,2023-08-23,131.89,Home & Kitchen,SMS,Completed
24586,1455,2022-06-06,758.85,Home & Kitchen,Organic,Completed
24588,2113,2022-08-10,151.17,Sports,SMS,Completed
24592,5494,2024-07-08,216.25,Sports,Paid Social,Completed
24594,2034,2023-05-27,213.53,Beauty,Google Search,Completed
24595,3797,2023-05-26,900.38,Sports,Email,Completed
24596,4643,2024-08-28,55.56,Electronics,Google Search,Completed
24598,1808,2024-02-25,200.25,Electronics,Google Search,Completed
24600,3439,2023-05-03,352.06,Home & Kitchen,SMS,Completed
24606,5980,2024-08-06,260.96,Apparel,Google Search,Completed
24607,4884,2022-05-21,377.26,Beauty,Email,Completed
24608,4818,2023-05-05,191.06,Beauty,SMS,Completed
24609,2416,2024-04-04,141.42,Home & Kitchen,Organic,Completed
24610,3846,2024-06-06,597.8,Electronics,Google Search,Completed
24611,4406,2022-03-26,136.68,Beauty,SMS,Completed
24612,4038,2022-10-26,50.24,Electronics,Email,Completed
24614,1286,2022-02-25,637.08,Home & Kitchen,Organic,Completed
24615,5736,2023-12-04,319.96,Sports,Google Search,Completed
24616,3027,2023-12-08,124.62,Beauty,Organic,Completed
24619,1740,2023-10-09,241.32,Beauty,SMS,Completed
24621,4418,2022-07-31,357.59,Beauty,Email,Completed
24624,3022,2024-07-16,567.33,Home & Kitchen,Organic,Completed
24625,1464,2023-02-06,275.32,Electronics,Paid Social,Completed
24626,3904,2024-10-17,654.22,Beauty,Google Search,Completed
24627,5995,2023-12-16,107.59,Electronics,Paid Social,Completed
24628,3560,2022-07-15,563.69,Sports,Organic,Completed
24632,5520,2022-09-04,283.12,Home & Kitchen,Email,Completed
24634,2094,2023-04-10,287.41,Apparel,SMS,Completed
24636,4986,2022-11-25,172.54,Electronics,Paid Social,Completed
24638,2825,2024-01-09,134.86,Sports,Email,Completed
24640,2821,2022-09-24,157.74,Apparel,Google Search,Completed
24641,3631,2023-03-13,182.88,Sports,Email,Completed
24642,2354,2023-08-31,392.07,Beauty,Organic,Completed
24648,2150,2023-10-31,148.54,Home & Kitchen,Google Search,Completed
24649,3548,2022-05-08,1427.86,Home & Kitchen,Organic,Completed
24650,2547,2023-08-09,293.98,Apparel,Email,Completed
24651,5259,2023-01-10,233.02,Beauty,SMS,Completed
24652,1486,2023-02-15,420.3,Electronics,Google Search,Completed
24653,2980,2024-06-27,164.05,Beauty,Google Search,Completed
24654,4363,2024-03-11,172.71,Sports,Google Search,Completed
24659,3804,2022-01-16,104.93,Electronics,Paid Social,Completed
24660,2449,2022-03-07,206.33,Apparel,Google Search,Completed
24661,3427,2023-04-26,192.86,Beauty,Paid Social,Completed
24662,1499,2023-01-15,138.83,Beauty,Google Search,Completed
24667,4988,2023-07-27,114.52,Apparel,Paid Social,Completed
24668,4147,2023-04-10,544.84,Sports,Paid Social,Completed
24669,1689,2024-03-25,148.44,Beauty,Google Search,Completed
24672,3200,2022-06-03,126.99,Sports,Organic,Completed
24673,2422,2023-11-16,508.97,Beauty,Organic,Completed
24674,2611,2023-03-23,177.15,Home & Kitchen,Google Search,Completed
24675,1113,2022-05-07,90.27,Beauty,SMS,Completed
24677,5723,2023-05-02,14.5,Sports,Paid Social,Completed
24682,3582,2024-08-31,454.36,Sports,Paid Social,Completed
24688,2894,2022-03-03,56.93,Apparel,Paid Social,Completed
24691,1421,2022-10-05,269.9,Electronics,Paid Social,Completed
24692,4498,2024-04-29,294.4,Sports,SMS,Completed
24696,1127,2022-08-02,48.8,Apparel,Organic,Completed
24697,5942,2024-12-25,673.65,Electronics,Paid Social,Completed
24700,1986,2023-10-19,53.77,Sports,Google Search,Completed
24701,1930,2024-08-30,412.25,Home & Kitchen,Paid Social,Completed
24703,1421,2024-05-23,47.47,Home & Kitchen,Paid Social,Completed
24704,2699,2023-01-16,91.66,Beauty,Google Search,Completed
24705,4851,2023-04-23,117.67,Sports,Email,Completed
24707,4411,2023-02-08,91.3,Sports,Google Search,Completed
24708,5422,2022-05-12,206.91,Home & Kitchen,Email,Completed
24709,2873,2023-06-09,420.22,Apparel,Paid Social,Completed
24711,1165,2024-02-06,181.33,Electronics,Paid Social,Completed
24715,3169,2023-11-22,90.44,Apparel,Google Search,Completed
24716,2869,2024-09-24,253.14,Electronics,SMS,Completed
24719,5351,2022-07-07,389.28,Apparel,Email,Completed
24720,2962,2022-03-03,164.73,Electronics,SMS,Completed
24721,3812,2024-12-12,541.75,Beauty,Organic,Completed
24723,2629,2022-04-06,230.6,Apparel,Paid Social,Completed
24724,3477,2023-09-20,544.9,Sports,Organic,Completed
24725,4417,2022-10-31,152.94,Sports,Paid Social,Completed
24730,3994,2022-04-20,587.35,Electronics,Paid Social,Completed
24731,4990,2024-02-03,155.32,Sports,Paid Social,Completed
24735,1714,2022-06-26,121.6,Apparel,Google Search,Completed
24736,3904,2023-11-15,150.5,Apparel,Google Search,Completed
24738,4162,2022-08-06,284.2,Apparel,Paid Social,Completed
24739,1009,2023-02-15,219.12,Beauty,Google Search,Completed
24740,5146,2023-09-05,269.42,Apparel,Organic,Completed
24742,2193,2023-01-25,223.93,Sports,Paid Social,Completed
24743,3937,2024-02-11,280.17,Sports,Organic,Completed
24744,3671,2022-05-08,84.21,Sports,Google Search,Completed
24745,1534,2022-12-21,119.14,Beauty,SMS,Completed
24746,5104,2024-03-20,128.67,Electronics,Paid Social,Completed
24750,2690,2022-05-24,311.22,Home & Kitchen,Paid Social,Completed
24753,2618,2022-09-04,195.16,Electronics,Organic,Completed
24754,5750,2023-07-19,174.16,Electronics,Email,Completed
24755,4758,2022-06-01,645.46,Beauty,SMS,Completed
24756,3441,2023-08-25,88.85,Apparel,SMS,Completed
24757,4621,2022-11-15,315.43,Sports,Google Search,Completed
24759,2811,2023-12-14,105.02,Beauty,Paid Social,Completed
24762,1968,2024-12-21,501.31,Apparel,Google Search,Completed
24763,3792,2022-08-22,304.51,Electronics,Google Search,Completed
24764,5707,2024-04-23,196.62,Beauty,Google Search,Completed
24765,2994,2024-12-03,276.75,Home & Kitchen,Organic,Completed
24768,3613,2022-03-06,208.58,Apparel,Email,Completed
24769,4228,2022-07-03,103.76,Apparel,Google Search,Completed
24770,2745,2023-08-13,164.32,Electronics,Organic,Completed
24771,2533,2023-02-01,176.41,Home & Kitchen,Email,Completed
24772,2249,2023-02-16,318.49,Sports,Email,Completed
24773,4661,2024-04-04,770.22,Electronics,SMS,Completed
24775,3269,2022-05-19,137.18,Beauty,Paid Social,Completed
24776,5027,2024-09-21,169.01,Sports,SMS,Completed
24777,4686,2024-10-21,127.86,Sports,Email,Completed
24779,5358,2022-06-04,745.54,Apparel,SMS,Completed
24785,1452,2024-07-23,212.84,Apparel,Paid Social,Completed
24786,2611,2024-10-10,168.43,Beauty,Email,Completed
24787,5173,2024-11-20,165.54,Home & Kitchen,SMS,Completed
24789,2762,2023-03-11,304.93,Beauty,SMS,Completed
24790,1211,2022-02-02,64.68,Electronics,Email,Completed
24791,2758,2024-11-08,167.11,Home & Kitchen,Google Search,Completed
24792,4414,2023-01-03,355.05,Beauty,Google Search,Completed
24794,1956,2024-08-16,113.75,Beauty,Google Search,Completed
24796,5883,2023-11-12,1544.99,Beauty,Google Search,Completed
24797,3920,2022-10-15,478.41,Apparel,SMS,Completed
24800,3982,2024-03-10,883.55,Electronics,Google Search,Completed
24801,1163,2024-06-24,68.16,Beauty,Organic,Completed
24802,4715,2024-04-25,459.6,Apparel,Paid Social,Completed
24804,1957,2024-11-11,346.93,Home & Kitchen,SMS,Completed
24806,5870,2022-03-06,342.05,Home & Kitchen,Organic,Completed
24807,5928,2023-12-30,967.92,Home & Kitchen,Organic,Completed
24808,5897,2022-07-08,344.04,Apparel,Paid Social,Completed
24809,3474,2022-01-03,202.48,Electronics,Paid Social,Completed
24813,2247,2023-06-23,410.42,Home & Kitchen,Paid Social,Completed
24815,4010,2022-01-07,50.75,Sports,Organic,Completed
24818,1220,2022-11-22,711.24,Home & Kitchen,Organic,Completed
24819,4407,2022-07-12,126.13,Home & Kitchen,Google Search,Completed
24820,1998,2023-01-31,613.94,Electronics,SMS,Completed
24822,5246,2022-04-23,74.36,Electronics,Google Search,Completed
24824,2228,2024-03-29,498.06,Beauty,SMS,Completed
24830,2380,2024-06-22,244.71,Apparel,Organic,Completed
24831,5139,2024-11-22,277.11,Sports,Organic,Completed
24833,3043,2023-12-06,475.24,Apparel,Google Search,Completed
24835,5857,2024-07-06,934.86,Apparel,SMS,Completed
24837,2627,2023-11-05,314.71,Beauty,Email,Completed
24838,3893,2023-04-21,260.3,Electronics,SMS,Completed
24841,1161,2023-02-10,212.65,Electronics,Paid Social,Completed
24842,4606,2022-03-26,153.5,Electronics,Email,Completed
24843,3945,2022-09-22,243.31,Sports,Organic,Completed
24844,3510,2023-06-25,139.39,Home & Kitchen,Paid Social,Completed
24845,3620,2024-08-17,206.46,Home & Kitchen,Email,Completed
24846,4904,2023-07-14,268.58,Apparel,Paid Social,Completed
24847,2774,2023-08-31,394.94,Sports,Google Search,Completed
24848,1688,2022-10-10,286.95,Sports,Google Search,Completed
24849,2467,2024-12-24,282.64,Beauty,Email,Completed
24850,3815,2023-02-14,661.68,Electronics,Organic,Completed
24851,1220,2024-04-13,399.11,Sports,Organic,Completed
24852,4579,2023-07-31,148.26,Beauty,Google Search,Completed
24855,4422,2024-11-14,679.13,Home & Kitchen,Organic,Completed
24856,3782,2022-09-25,184.78,Beauty,Organic,Completed
24858,1427,2024-05-10,161.86,Electronics,Paid Social,Completed
24860,2471,2024-07-25,276.6,Electronics,Google Search,Completed
24862,3123,2023-10-25,76.17,Sports,Google Search,Completed
24863,3223,2024-07-30,736.96,Home & Kitchen,Paid Social,Completed
24864,4799,2023-06-29,131.13,Sports,Google Search,Completed
24865,4110,2023-06-30,178.5,Electronics,Google Search,Completed
24866,1238,2024-08-11,372.05,Beauty,SMS,Completed
24868,5762,2024-11-29,135.88,Beauty,Organic,Completed
24869,1089,2022-01-19,117.81,Beauty,Email,Completed
24870,2961,2022-05-25,580.73,Beauty,Email,Completed
24872,5947,2024-01-10,237.47,Home & Kitchen,Paid Social,Completed
24873,4185,2022-12-25,128.3,Apparel,Google Search,Completed
24875,4143,2022-11-28,135.08,Beauty,Organic,Completed
24876,3402,2023-07-26,83.9,Sports,SMS,Completed
24877,4236,2024-03-17,159.82,Beauty,SMS,Completed
24878,3377,2023-08-07,156.72,Sports,Google Search,Completed
24879,3951,2022-07-04,207.47,Apparel,Google Search,Completed
24880,2950,2024-07-06,488.9,Sports,Paid Social,Completed
24883,3447,2023-04-26,47.74,Sports,Organic,Completed
24885,2153,2023-04-30,294.24,Home & Kitchen,Email,Completed
24888,1627,2022-12-24,650.5,Sports,Organic,Completed
24891,4797,2022-08-17,252.87,Sports,SMS,Completed
24894,3566,2022-10-08,165.73,Sports,Email,Completed
24895,3734,2023-03-25,501.39,Sports,Organic,Completed
24896,1902,2023-01-30,249.18,Home & Kitchen,Organic,Completed
24898,1048,2024-12-18,412.18,Beauty,Paid Social,Completed
24899,1396,2023-11-20,456.61,Electronics,Organic,Completed
24900,4240,2024-06-07,143.64,Beauty,Organic,Completed
24901,2964,2024-08-04,189.94,Electronics,SMS,Completed
24902,4616,2022-12-28,249.41,Home & Kitchen,SMS,Completed
24903,2273,2022-04-03,411.0,Apparel,Google Search,Completed
24904,4891,2022-06-28,171.45,Sports,Organic,Completed
24905,3938,2024-12-12,126.75,Apparel,Email,Completed
24909,4195,2023-07-18,474.61,Sports,Google Search,Completed
24910,3402,2024-12-25,251.79,Electronics,SMS,Completed
24911,2021,2024-10-28,85.74,Beauty,Google Search,Completed
24912,5274,2023-04-22,756.26,Electronics,SMS,Completed
24915,3350,2022-06-07,83.64,Beauty,SMS,Completed
24916,5036,2024-06-18,158.14,Apparel,Email,Completed
24918,3926,2023-10-14,61.33,Apparel,SMS,Completed
24920,5638,2023-09-24,1249.07,Sports,Google Search,Completed
24921,4152,2022-05-07,277.29,Home & Kitchen,Email,Completed
24922,5800,2022-08-06,243.94,Electronics,Google Search,Completed
24923,4349,2022-02-01,130.32,Electronics,Paid Social,Completed
24924,2976,2023-03-19,716.94,Beauty,Google Search,Completed
24925,1067,2024-02-28,479.83,Beauty,Email,Completed
24930,4802,2024-12-30,139.52,Apparel,Organic,Completed
24933,1270,2023-07-23,71.04,Electronics,Email,Completed
24934,1637,2023-11-10,194.71,Beauty,Paid Social,Completed
24935,2410,2024-10-31,101.95,Apparel,Email,Completed
24937,1623,2023-02-25,388.96,Sports,Paid Social,Completed
24938,4755,2023-03-13,122.8,Home & Kitchen,Paid Social,Completed
24940,2298,2023-07-04,120.74,Electronics,Organic,Completed
24941,2794,2022-04-19,295.3,Apparel,Google Search,Completed
24942,3652,2024-07-20,131.69,Home & Kitchen,Organic,Completed
24943,5929,2024-01-24,215.09,Electronics,Google Search,Completed
24946,1301,2024-02-24,184.86,Beauty,Email,Completed
24948,5801,2024-04-13,47.36,Home & Kitchen,Google Search,Completed
24949,3361,2023-01-17,206.05,Sports,Organic,Completed
24950,3723,2024-12-07,137.91,Apparel,Email,Completed
24953,5481,2023-01-08,664.11,Apparel,Paid Social,Completed
24954,4399,2022-06-21,470.57,Sports,SMS,Completed
24955,3238,2024-01-17,533.44,Electronics,Google Search,Completed
24956,2830,2023-01-19,129.06,Beauty,Email,Completed
24957,1094,2024-09-26,47.13,Apparel,Email,Completed
24958,1455,2024-10-22,317.23,Apparel,SMS,Completed
24959,4604,2022-08-13,135.82,Apparel,Organic,Completed
24960,2879,2024-10-04,124.2,Electronics,SMS,Completed
24962,5405,2022-06-18,80.75,Home & Kitchen,Google Search,Completed
24963,2210,2022-08-11,393.04,Electronics,Email,Completed
24965,3494,2023-01-08,71.02,Electronics,SMS,Completed
24967,1548,2023-05-23,185.47,Home & Kitchen,Organic,Completed
24970,5777,2023-11-13,951.8,Electronics,Organic,Completed
24971,2557,2024-01-14,119.55,Home & Kitchen,Email,Completed
24972,5762,2024-02-10,178.69,Apparel,Paid Social,Completed
24973,1572,2022-05-31,190.33,Sports,Google Search,Completed
24974,4261,2023-11-17,194.49,Electronics,Google Search,Completed
24976,5137,2022-01-16,50.54,Home & Kitchen,SMS,Completed
24977,1984,2022-07-15,153.07,Home & Kitchen,SMS,Completed
24978,1827,2023-09-06,455.24,Electronics,Organic,Completed
24979,3459,2024-04-29,161.22,Sports,Paid Social,Completed
24980,2485,2023-03-10,64.39,Home & Kitchen,Paid Social,Completed
24981,1560,2024-04-19,120.08,Electronics,Email,Completed
24982,1697,2023-08-31,651.61,Apparel,Google Search,Completed
24983,2832,2024-09-02,254.62,Sports,Google Search,Completed
24984,4437,2023-06-28,235.31,Beauty,Google Search,Completed
24985,4613,2023-04-16,93.25,Apparel,Organic,Completed
24988,5690,2023-11-15,185.06,Apparel,Google Search,Completed
24990,4170,2023-11-18,100.11,Apparel,Organic,Completed
24991,2730,2024-12-20,451.05,Home & Kitchen,Google Search,Completed
24992,2216,2024-07-30,163.74,Beauty,Email,Completed
24994,5841,2023-03-19,91.42,Beauty,SMS,Completed
24995,2080,2023-09-09,191.02,Sports,Organic,Completed
24996,2991,2022-01-02,91.01,Electronics,Paid Social,Completed
24997,1485,2022-04-14,143.64,Apparel,Paid Social,Completed
24999,4204,2023-03-29,602.63,Apparel,Email,Completed
25000,3401,2024-08-20,238.52,Electronics,SMS,Completed
