customer_id,name,email,city,signup_channel,signup_date,age,gender,recency,frequency,monetary,RFM_score,rfm_segment,cluster,segment_label
1001,customer_0,customer0.gmail.com,Delhi,Organic,2023-05-07,52,M,,,,,,,No Purchase
1002,customer_1,customer1.gmail.com,Delhi,SMS,2024-06-03,36,F,757.0,2.0,614.95,6.0,Hibernating,2.0,Lost
1003,customer_2,customer2.gmail.com,Bengaluru,SMS,2022-02-25,48,M,860.0,1.0,475.38,4.0,Lost,2.0,Lost
1004,customer_3,customer3.gmail.com,Chennai,SMS,2023-05-31,37,F,179.0,2.0,1067.46,10.0,New Customers,1.0,At-Risk
1005,customer_4,customer4.gmail.com,Mumbai,Google Search,2022-01-05,38,M,217.0,3.0,962.47,10.0,Loyal Customers,3.0,Loyal
1006,customer_5,customer5.gmail.com,Bengaluru,Organic,2022-07-17,42,F,,,,,,,No Purchase
1007,customer_6,customer6.gmail.com,Hyderabad,Organic,2023-04-09,29,F,306.0,2.0,771.54,8.0,Potential Loyalists,1.0,At-Risk
1008,customer_7,customer7.gmail.com,Bengaluru,Email,2022-07-02,51,F,299.0,3.0,2258.56,11.0,Loyal Customers,0.0,High Value
1009,customer_8,customer8.gmail.com,Pune,Organic,2022-05-21,34,M,686.0,2.0,419.59,5.0,Hibernating,2.0,Lost
1010,customer_9,customer9.gmail.com,Chennai,Email,2024-11-20,60,F,322.0,3.0,1255.35,10.0,Loyal Customers,4.0,Potential
1011,customer_10,customer10.gmail.com,Delhi,SMS,2023-08-11,49,M,90.0,2.0,1013.26,11.0,New Customers,1.0,At-Risk
1012,customer_11,customer11.gmail.com,Delhi,Paid Social,2023-02-11,18,Others,290.0,1.0,242.61,5.0,Hibernating,1.0,At-Risk
1013,customer_12,customer12.gmail.com,Delhi,SMS,2024-01-23,32,M,62.0,2.0,422.01,9.0,New Customers,1.0,At-Risk
1014,customer_13,customer13.gmail.com,Mumbai,Organic,2022-09-21,18,M,167.0,3.0,1665.65,12.0,Loyal Customers,3.0,Loyal
1015,customer_14,customer14.gmail.com,Pune,Email,2024-12-25,42,F,242.0,2.0,542.5799999999999,7.0,Hibernating,1.0,At-Risk
1016,customer_15,customer15.gmail.com,Bengaluru,SMS,2024-02-14,24,F,554.0,1.0,57.44,4.0,Hibernating,2.0,Lost
1017,customer_16,customer16.gmail.com,Hyderabad,Organic,2022-02-20,51,M,115.0,5.0,1809.82,14.0,champions,0.0,High Value
1018,customer_17,customer17.gmail.com,Mumbai,Organic,2024-02-29,61,M,500.0,3.0,884.69,9.0,At-Risk,4.0,Potential
1019,customer_18,customer18.gmail.com,Hyderabad,Email,2022-07-15,23,F,222.0,3.0,839.4300000000001,9.0,Loyal Customers,3.0,Loyal
1020,customer_19,customer19.gmail.com,Mumbai,Google Search,2024-03-23,55,M,157.0,3.0,379.68,9.0,Loyal Customers,1.0,At-Risk
1021,customer_20,customer20.gmail.com,Pune,Paid Social,2022-05-05,53,Others,318.0,3.0,1419.7399999999998,11.0,Loyal Customers,3.0,Loyal
1022,customer_21,customer21.gmail.com,Mumbai,Google Search,2023-02-26,18,F,183.0,3.0,734.58,10.0,Loyal Customers,3.0,Loyal
1023,customer_22,customer22.gmail.com,Hyderabad,SMS,2022-10-14,32,M,,,,,,,No Purchase
1024,customer_23,customer23.gmail.com,Mumbai,Google Search,2022-03-25,30,M,849.0,2.0,2039.31,8.0,Hibernating,4.0,Potential
1025,customer_24,customer24.gmail.com,Pune,Email,2023-12-10,38,M,141.0,1.0,279.34,6.0,New Customers,1.0,At-Risk
1026,customer_25,customer25.gmail.com,Delhi,Paid Social,2024-11-17,30,F,299.0,1.0,53.17,5.0,Hibernating,1.0,At-Risk
1027,customer_26,customer26.gmail.com,Mumbai,Google Search,2022-07-07,57,M,163.0,2.0,908.26,10.0,New Customers,1.0,At-Risk
1028,customer_27,customer27.gmail.com,Hyderabad,Google Search,2024-03-26,34,M,204.0,4.0,469.37,10.0,Loyal Customers,3.0,Loyal
1029,customer_28,customer28.gmail.com,Chennai,Paid Social,2024-05-21,34,M,84.0,2.0,205.74,8.0,New Customers,1.0,At-Risk
1030,customer_29,customer29.gmail.com,Hyderabad,SMS,2024-01-27,29,F,729.0,2.0,443.89,5.0,Hibernating,2.0,Lost
1031,customer_30,customer30.gmail.com,Mumbai,Email,2022-10-12,51,F,748.0,3.0,648.85,7.0,Cannot Lose Them,4.0,Potential
1032,customer_31,customer31.gmail.com,Pune,Paid Social,2022-10-14,56,M,172.0,4.0,3363.98,13.0,champions,0.0,High Value
1033,customer_32,customer32.gmail.com,Bengaluru,SMS,2022-02-13,57,F,449.0,2.0,728.51,7.0,At-Risk,4.0,Potential
1034,customer_33,customer33.gmail.com,Delhi,Paid Social,2023-01-31,28,M,72.0,1.0,183.38,7.0,New Customers,1.0,At-Risk
1035,customer_34,customer34.gmail.com,Pune,Email,2024-08-14,31,F,175.0,2.0,436.92,8.0,New Customers,1.0,At-Risk
1036,customer_35,customer35.gmail.com,Bengaluru,Email,2022-03-13,32,M,421.0,1.0,76.35,4.0,Hibernating,1.0,At-Risk
1037,customer_36,customer36.gmail.com,Hyderabad,Google Search,2023-09-15,40,F,137.0,2.0,442.59,8.0,New Customers,1.0,At-Risk
1038,customer_37,customer37.gmail.com,Mumbai,Google Search,2022-08-16,21,M,160.0,1.0,133.33,6.0,New Customers,1.0,At-Risk
1039,customer_38,customer38.gmail.com,Hyderabad,Organic,2024-09-05,50,M,291.0,2.0,897.0899999999999,9.0,Potential Loyalists,1.0,At-Risk
1040,customer_39,customer39.gmail.com,Mumbai,Organic,2023-03-07,42,M,310.0,4.0,720.3499999999999,10.0,Loyal Customers,3.0,Loyal
1041,customer_40,customer40.gmail.com,Chennai,Google Search,2022-04-28,62,F,661.0,1.0,334.95,4.0,Lost,2.0,Lost
1042,customer_41,customer41.gmail.com,Delhi,Email,2023-06-30,58,F,704.0,1.0,121.4,3.0,Lost,2.0,Lost
1043,customer_42,customer42.gmail.com,Mumbai,SMS,2022-04-09,39,F,212.0,3.0,725.49,9.0,Loyal Customers,3.0,Loyal
1044,customer_43,customer43.gmail.com,Hyderabad,Google Search,2022-08-23,49,F,73.0,5.0,1898.19,15.0,champions,0.0,High Value
1045,customer_44,customer44.gmail.com,Chennai,Organic,2022-12-29,18,M,44.0,2.0,532.29,9.0,New Customers,1.0,At-Risk
1046,customer_45,customer45.gmail.com,Bengaluru,Email,2022-12-01,41,F,328.0,2.0,409.07,7.0,Hibernating,1.0,At-Risk
1047,customer_46,customer46.gmail.com,Bengaluru,Paid Social,2024-07-25,24,M,,,,,,,No Purchase
1048,customer_47,customer47.gmail.com,Bengaluru,Google Search,2023-06-22,60,F,14.0,3.0,593.63,11.0,Loyal Customers,3.0,Loyal
1049,customer_48,customer48.gmail.com,Mumbai,Google Search,2023-06-24,54,M,455.0,2.0,1272.58,8.0,At-Risk,4.0,Potential
1050,customer_49,customer49.gmail.com,Pune,SMS,2023-07-30,23,F,367.0,3.0,477.26,7.0,At-Risk,4.0,Potential
1051,customer_50,customer50.gmail.com,Hyderabad,Email,2022-08-02,32,M,67.0,2.0,629.07,10.0,New Customers,1.0,At-Risk
1052,customer_51,customer51.gmail.com,Hyderabad,SMS,2022-02-03,51,M,90.0,3.0,1152.03,12.0,Loyal Customers,3.0,Loyal
1053,customer_52,customer52.gmail.com,Pune,Paid Social,2024-05-29,18,F,147.0,3.0,699.54,10.0,Loyal Customers,3.0,Loyal
1054,customer_53,customer53.gmail.com,Chennai,Email,2023-12-07,56,F,369.0,3.0,1806.44,10.0,At-Risk,4.0,Potential
1055,customer_54,customer54.gmail.com,Bengaluru,SMS,2022-08-20,25,M,,,,,,,No Purchase
1056,customer_55,customer55.gmail.com,Bengaluru,Paid Social,2022-02-01,52,M,343.0,3.0,1289.19,10.0,Loyal Customers,4.0,Potential
1057,customer_56,customer56.gmail.com,Chennai,Paid Social,2022-01-26,29,M,531.0,1.0,487.76,5.0,Hibernating,2.0,Lost
1058,customer_57,customer57.gmail.com,Chennai,Google Search,2023-03-22,63,F,302.0,4.0,1124.96,11.0,Loyal Customers,3.0,Loyal
1059,customer_58,customer58.gmail.com,Hyderabad,Email,2024-06-01,41,M,4.0,3.0,1385.99,13.0,Loyal Customers,3.0,Loyal
1060,customer_59,customer59.gmail.com,Mumbai,Paid Social,2023-02-07,18,F,179.0,2.0,809.4000000000001,9.0,New Customers,1.0,At-Risk
1061,customer_60,customer60.gmail.com,Mumbai,SMS,2023-10-22,30,Others,376.0,4.0,1733.4300000000003,11.0,At-Risk,0.0,High Value
1062,customer_61,customer61.gmail.com,Delhi,Email,2024-06-08,54,F,,,,,,,No Purchase
1063,customer_62,customer62.gmail.com,Bengaluru,Paid Social,2022-11-12,32,Others,135.0,4.0,1388.18,13.0,champions,3.0,Loyal
1064,customer_63,customer63.gmail.com,Chennai,Google Search,2022-06-09,51,M,517.0,4.0,1559.88,11.0,At-Risk,4.0,Potential
1065,customer_64,customer64.gmail.com,Chennai,Organic,2022-05-04,54,M,7.0,3.0,756.76,11.0,Loyal Customers,3.0,Loyal
1066,customer_65,customer65.gmail.com,Hyderabad,Organic,2023-06-10,30,M,,,,,,,No Purchase
1067,customer_66,customer66.gmail.com,Mumbai,Organic,2024-01-05,33,F,115.0,5.0,2553.35,14.0,champions,0.0,High Value
1068,customer_67,customer67.gmail.com,Delhi,Paid Social,2023-03-03,53,F,513.0,2.0,1069.7,8.0,At-Risk,4.0,Potential
1069,customer_68,customer68.gmail.com,Pune,Paid Social,2022-01-27,23,F,141.0,3.0,960.49,11.0,Loyal Customers,3.0,Loyal
1070,customer_69,customer69.gmail.com,Mumbai,SMS,2022-11-05,51,F,1089.0,1.0,424.58,4.0,Lost,2.0,Lost
1071,customer_70,customer70.gmail.com,Mumbai,Organic,2023-12-10,29,F,,,,,,,No Purchase
1072,customer_71,customer71.gmail.com,Hyderabad,Organic,2023-12-23,61,M,186.0,6.0,2359.4,14.0,champions,0.0,High Value
1073,customer_72,customer72.gmail.com,Bengaluru,Email,2024-11-23,55,F,934.0,1.0,102.56,3.0,Lost,2.0,Lost
1074,customer_73,customer73.gmail.com,Chennai,Email,2022-03-17,64,F,794.0,4.0,561.74,7.0,Hibernating,4.0,Potential
1075,customer_74,customer74.gmail.com,Hyderabad,Paid Social,2022-06-17,53,F,8.0,3.0,384.31,10.0,Loyal Customers,3.0,Loyal
1076,customer_75,customer75.gmail.com,Pune,Paid Social,2024-02-15,60,F,546.0,2.0,1021.94,8.0,At-Risk,4.0,Potential
1077,customer_76,customer76.gmail.com,Bengaluru,Google Search,2023-09-17,41,M,,,,,,,No Purchase
1078,customer_77,customer77.gmail.com,Hyderabad,Organic,2023-04-11,21,M,504.0,2.0,1045.71,8.0,At-Risk,4.0,Potential
1079,customer_78,customer78.gmail.com,Mumbai,Organic,2024-11-15,42,M,424.0,4.0,2027.98,11.0,At-Risk,0.0,High Value
1080,customer_79,customer79.gmail.com,Hyderabad,Paid Social,2022-11-11,58,F,46.0,1.0,618.58,9.0,New Customers,1.0,At-Risk
1081,customer_80,customer80.gmail.com,Bengaluru,SMS,2023-04-08,28,F,280.0,2.0,547.13,7.0,Hibernating,1.0,At-Risk
1082,customer_81,customer81.gmail.com,Delhi,Email,2023-10-12,63,F,1056.0,1.0,408.7,4.0,Lost,2.0,Lost
1083,customer_82,customer82.gmail.com,Delhi,Organic,2023-06-05,20,M,773.0,2.0,842.51,6.0,Hibernating,2.0,Lost
1084,customer_83,customer83.gmail.com,Pune,SMS,2022-12-03,24,F,115.0,2.0,364.12,8.0,New Customers,1.0,At-Risk
1085,customer_84,customer84.gmail.com,Hyderabad,Email,2022-12-20,28,M,561.0,2.0,564.33,6.0,At-Risk,4.0,Potential
1086,customer_85,customer85.gmail.com,Mumbai,Google Search,2023-12-27,18,F,1027.0,1.0,181.35,3.0,Lost,2.0,Lost
1087,customer_86,customer86.gmail.com,Chennai,Paid Social,2023-01-13,58,M,597.0,2.0,752.5899999999999,7.0,At-Risk,4.0,Potential
1088,customer_87,customer87.gmail.com,Pune,SMS,2023-01-28,58,F,781.0,2.0,842.99,6.0,Hibernating,2.0,Lost
1089,customer_88,customer88.gmail.com,Pune,Email,2022-09-19,43,F,190.0,2.0,256.85,7.0,New Customers,1.0,At-Risk
1090,customer_89,customer89.gmail.com,Pune,Paid Social,2022-05-02,31,M,24.0,2.0,974.22,11.0,New Customers,1.0,At-Risk
1091,customer_90,customer90.gmail.com,Bengaluru,Paid Social,2023-05-29,64,M,85.0,2.0,294.08000000000004,8.0,New Customers,1.0,At-Risk
1092,customer_91,customer91.gmail.com,Chennai,Organic,2023-02-03,59,F,10.0,4.0,2447.06,14.0,champions,0.0,High Value
1093,customer_92,customer92.gmail.com,Delhi,Email,2024-08-25,33,M,314.0,2.0,935.57,9.0,Potential Loyalists,1.0,At-Risk
1094,customer_93,customer93.gmail.com,Bengaluru,Paid Social,2022-02-26,29,M,12.0,3.0,1196.1,12.0,Loyal Customers,3.0,Loyal
1095,customer_94,customer94.gmail.com,Delhi,Organic,2022-07-07,46,F,220.0,2.0,762.8900000000001,8.0,Potential Loyalists,1.0,At-Risk
1096,customer_95,customer95.gmail.com,Hyderabad,Paid Social,2022-03-03,49,F,684.0,1.0,703.8,5.0,Lost,2.0,Lost
1097,customer_96,customer96.gmail.com,Chennai,Email,2022-10-29,27,Others,661.0,2.0,683.64,6.0,Hibernating,2.0,Lost
1098,customer_97,customer97.gmail.com,Bengaluru,Paid Social,2024-01-20,46,M,,,,,,,No Purchase
1099,customer_98,customer98.gmail.com,Mumbai,Google Search,2022-07-01,55,M,107.0,3.0,723.0,10.0,Loyal Customers,3.0,Loyal
1100,customer_99,customer99.gmail.com,Hyderabad,Google Search,2024-08-05,36,M,1073.0,1.0,357.76,4.0,Lost,2.0,Lost
1101,customer_100,customer100.gmail.com,Bengaluru,Google Search,2022-12-09,26,M,315.0,4.0,3024.44,12.0,Loyal Customers,0.0,High Value
1102,customer_101,customer101.gmail.com,Mumbai,Google Search,2022-04-13,42,M,55.0,3.0,537.64,10.0,Loyal Customers,3.0,Loyal
1103,customer_102,customer102.gmail.com,Hyderabad,SMS,2024-05-31,36,F,7.0,5.0,1327.64,14.0,champions,3.0,Loyal
1104,customer_103,customer103.gmail.com,Hyderabad,Paid Social,2024-05-22,56,M,847.0,1.0,23.11,3.0,Lost,2.0,Lost
1105,customer_104,customer104.gmail.com,Mumbai,Paid Social,2023-11-28,26,M,155.0,3.0,585.48,10.0,Loyal Customers,3.0,Loyal
1106,customer_105,customer105.gmail.com,Chennai,Paid Social,2022-09-25,34,F,,,,,,,No Purchase
1107,customer_106,customer106.gmail.com,Chennai,Paid Social,2022-03-25,44,F,82.0,7.0,3645.51,15.0,champions,0.0,High Value
1108,customer_107,customer107.gmail.com,Mumbai,Organic,2022-12-03,25,F,289.0,7.0,2771.02,13.0,Loyal Customers,0.0,High Value
1109,customer_108,customer108.gmail.com,Pune,SMS,2024-03-03,40,F,1035.0,1.0,301.19,3.0,Lost,2.0,Lost
1110,customer_109,customer109.gmail.com,Bengaluru,Paid Social,2024-10-24,30,M,454.0,5.0,1713.98,12.0,At-Risk,0.0,High Value
1111,customer_110,customer110.gmail.com,Chennai,Organic,2022-07-29,58,Others,667.0,3.0,845.8899999999999,7.0,Cannot Lose Them,4.0,Potential
1112,customer_111,customer111.gmail.com,Delhi,SMS,2024-03-14,25,M,338.0,2.0,585.52,8.0,Potential Loyalists,1.0,At-Risk
1113,customer_112,customer112.gmail.com,Chennai,Organic,2022-10-28,30,M,43.0,5.0,1061.27,14.0,champions,3.0,Loyal
1114,customer_113,customer113.gmail.com,Mumbai,Google Search,2023-04-30,30,M,84.0,3.0,804.49,11.0,Loyal Customers,3.0,Loyal
1115,customer_114,customer114.gmail.com,Delhi,Google Search,2023-10-07,34,Others,,,,,,,No Purchase
1116,customer_115,customer115.gmail.com,Chennai,Organic,2024-02-21,37,F,271.0,3.0,1764.4,11.0,Loyal Customers,3.0,Loyal
1117,customer_116,customer116.gmail.com,Pune,Paid Social,2023-01-20,22,F,414.0,2.0,1488.51,9.0,At-Risk,4.0,Potential
1118,customer_117,customer117.gmail.com,Chennai,SMS,2023-01-25,42,Others,1093.0,1.0,648.23,5.0,Lost,2.0,Lost
1119,customer_118,customer118.gmail.com,Delhi,Email,2022-05-08,33,F,576.0,3.0,693.75,8.0,At-Risk,4.0,Potential
1120,customer_119,customer119.gmail.com,Mumbai,Organic,2023-03-16,60,Others,82.0,6.0,1659.28,15.0,champions,0.0,High Value
1121,customer_120,customer120.gmail.com,Chennai,Organic,2023-10-26,35,F,986.0,1.0,427.2,4.0,Lost,2.0,Lost
1122,customer_121,customer121.gmail.com,Bengaluru,Organic,2022-10-07,26,F,165.0,2.0,1130.08,10.0,New Customers,1.0,At-Risk
1123,customer_122,customer122.gmail.com,Delhi,Paid Social,2024-11-02,52,M,341.0,2.0,648.0699999999999,8.0,Potential Loyalists,1.0,At-Risk
1124,customer_123,customer123.gmail.com,Hyderabad,Organic,2024-12-21,27,M,821.0,2.0,343.63,5.0,Hibernating,2.0,Lost
1125,customer_124,customer124.gmail.com,Chennai,Email,2022-03-21,52,M,540.0,1.0,821.67,6.0,Hibernating,2.0,Lost
1126,customer_125,customer125.gmail.com,Delhi,Google Search,2022-06-11,54,M,98.0,1.0,211.44,6.0,New Customers,1.0,At-Risk
1127,customer_126,customer126.gmail.com,Pune,Google Search,2023-06-25,36,F,303.0,6.0,1764.4,13.0,Loyal Customers,0.0,High Value
1128,customer_127,customer127.gmail.com,Pune,SMS,2022-12-27,30,M,735.0,2.0,803.89,6.0,Hibernating,2.0,Lost
1129,customer_128,customer128.gmail.com,Mumbai,SMS,2022-09-26,53,M,925.0,1.0,112.74,3.0,Lost,2.0,Lost
1130,customer_129,customer129.gmail.com,Bengaluru,Google Search,2024-09-22,42,Others,239.0,2.0,1519.06,10.0,Potential Loyalists,4.0,Potential
1131,customer_130,customer130.gmail.com,Delhi,Email,2024-09-12,22,F,165.0,4.0,1779.12,13.0,champions,0.0,High Value
1132,customer_131,customer131.gmail.com,Chennai,Email,2022-12-11,34,M,,,,,,,No Purchase
1133,customer_132,customer132.gmail.com,Mumbai,Paid Social,2022-01-03,51,M,247.0,2.0,602.72,8.0,Potential Loyalists,1.0,At-Risk
1134,customer_133,customer133.gmail.com,Bengaluru,Google Search,2023-05-31,60,F,893.0,2.0,1540.36,8.0,Hibernating,4.0,Potential
1135,customer_134,customer134.gmail.com,Pune,Google Search,2024-07-29,40,F,333.0,2.0,484.65,7.0,Hibernating,1.0,At-Risk
1136,customer_135,customer135.gmail.com,Delhi,SMS,2023-09-18,20,F,197.0,1.0,441.87,7.0,New Customers,1.0,At-Risk
1137,customer_136,customer136.gmail.com,Mumbai,Paid Social,2024-04-19,27,Others,369.0,6.0,1245.24,11.0,At-Risk,0.0,High Value
1138,customer_137,customer137.gmail.com,Delhi,Google Search,2022-06-15,49,M,399.0,2.0,258.98,5.0,At-Risk,1.0,At-Risk
1139,customer_138,customer138.gmail.com,Delhi,SMS,2024-06-14,50,M,556.0,2.0,1073.64,8.0,At-Risk,4.0,Potential
1140,customer_139,customer139.gmail.com,Hyderabad,SMS,2023-02-09,24,M,334.0,3.0,726.4100000000001,9.0,Loyal Customers,4.0,Potential
1141,customer_140,customer140.gmail.com,Pune,SMS,2024-08-29,30,M,,,,,,,No Purchase
1142,customer_141,customer141.gmail.com,Chennai,SMS,2024-06-03,55,F,26.0,3.0,773.25,11.0,Loyal Customers,3.0,Loyal
1143,customer_142,customer142.gmail.com,Bengaluru,Email,2022-07-09,28,M,,,,,,,No Purchase
1144,customer_143,customer143.gmail.com,Pune,Organic,2024-05-14,32,M,153.0,3.0,1391.36,12.0,Loyal Customers,3.0,Loyal
1145,customer_144,customer144.gmail.com,Mumbai,SMS,2024-08-28,40,M,682.0,1.0,440.94,4.0,Lost,2.0,Lost
1146,customer_145,customer145.gmail.com,Chennai,Email,2023-10-01,36,M,576.0,1.0,297.22,4.0,Hibernating,2.0,Lost
1147,customer_146,customer146.gmail.com,Pune,Organic,2022-05-06,25,M,20.0,4.0,2871.1,14.0,champions,0.0,High Value
1148,customer_147,customer147.gmail.com,Mumbai,Email,2024-12-01,41,F,370.0,3.0,322.56,7.0,At-Risk,1.0,At-Risk
1149,customer_148,customer148.gmail.com,Pune,Organic,2024-03-29,19,M,12.0,1.0,155.88,7.0,New Customers,1.0,At-Risk
1150,customer_149,customer149.gmail.com,Mumbai,Email,2022-08-08,55,F,475.0,3.0,898.57,9.0,At-Risk,4.0,Potential
1151,customer_150,customer150.gmail.com,Mumbai,Paid Social,2022-04-21,47,M,742.0,3.0,1612.05,9.0,Cannot Lose Them,4.0,Potential
1152,customer_151,customer151.gmail.com,Delhi,Email,2023-05-17,61,M,612.0,2.0,182.79,4.0,Hibernating,2.0,Lost
1153,customer_152,customer152.gmail.com,Hyderabad,Paid Social,2022-08-06,50,Others,518.0,1.0,609.57,6.0,Hibernating,2.0,Lost
1154,customer_153,customer153.gmail.com,Chennai,Organic,2024-12-18,36,F,,,,,,,No Purchase
1155,customer_154,customer154.gmail.com,Hyderabad,Google Search,2022-05-31,48,F,451.0,2.0,852.5,7.0,At-Risk,4.0,Potential
1156,customer_155,customer155.gmail.com,Delhi,Google Search,2024-12-03,41,M,349.0,2.0,1213.94,9.0,Potential Loyalists,4.0,Potential
1157,customer_156,customer156.gmail.com,Hyderabad,SMS,2022-04-15,39,F,375.0,2.0,3079.87,9.0,At-Risk,0.0,High Value
1158,customer_157,customer157.gmail.com,Chennai,Organic,2024-01-12,56,M,744.0,2.0,293.79,4.0,Hibernating,2.0,Lost
1159,customer_158,customer158.gmail.com,Bengaluru,Email,2022-03-16,46,M,730.0,1.0,646.58,5.0,Lost,2.0,Lost
1160,customer_159,customer159.gmail.com,Delhi,SMS,2024-03-25,51,F,219.0,2.0,628.14,8.0,Potential Loyalists,1.0,At-Risk
1161,customer_160,customer160.gmail.com,Hyderabad,Email,2024-07-27,21,M,691.0,3.0,619.59,7.0,Cannot Lose Them,4.0,Potential
1162,customer_161,customer161.gmail.com,Chennai,Google Search,2022-12-14,63,M,19.0,4.0,775.34,12.0,Loyal Customers,3.0,Loyal
1163,customer_162,customer162.gmail.com,Delhi,SMS,2024-03-12,34,M,191.0,1.0,68.16,6.0,New Customers,1.0,At-Risk
1164,customer_163,customer163.gmail.com,Delhi,Organic,2024-10-20,45,M,15.0,5.0,2573.13,15.0,champions,0.0,High Value
1165,customer_164,customer164.gmail.com,Delhi,Organic,2024-02-10,55,F,330.0,2.0,338.48,7.0,Hibernating,1.0,At-Risk
1166,customer_165,customer165.gmail.com,Hyderabad,SMS,2023-12-15,21,F,110.0,2.0,469.24,8.0,New Customers,1.0,At-Risk
1167,customer_166,customer166.gmail.com,Chennai,SMS,2024-01-30,33,M,730.0,1.0,139.76,3.0,Lost,2.0,Lost
1168,customer_167,customer167.gmail.com,Hyderabad,Email,2024-04-13,59,M,57.0,3.0,761.26,11.0,Loyal Customers,3.0,Loyal
1169,customer_168,customer168.gmail.com,Chennai,Email,2023-01-19,60,M,541.0,5.0,1146.26,11.0,At-Risk,4.0,Potential
1170,customer_169,customer169.gmail.com,Bengaluru,Organic,2022-08-26,61,F,201.0,2.0,542.4300000000001,8.0,New Customers,1.0,At-Risk
1171,customer_170,customer170.gmail.com,Delhi,Organic,2022-09-10,53,F,33.0,5.0,590.26,13.0,Loyal Customers,3.0,Loyal
1172,customer_171,customer171.gmail.com,Hyderabad,SMS,2023-07-09,48,F,,,,,,,No Purchase
1173,customer_172,customer172.gmail.com,Bengaluru,Paid Social,2022-03-24,32,M,330.0,4.0,482.49,9.0,Loyal Customers,3.0,Loyal
1174,customer_173,customer173.gmail.com,Pune,SMS,2022-01-28,26,M,236.0,1.0,594.12,7.0,Hibernating,1.0,At-Risk
1175,customer_174,customer174.gmail.com,Bengaluru,SMS,2024-08-05,53,M,,,,,,,No Purchase
1176,customer_175,customer175.gmail.com,Hyderabad,Google Search,2024-10-11,21,M,519.0,2.0,422.51,6.0,At-Risk,4.0,Potential
1177,customer_176,customer176.gmail.com,Pune,SMS,2024-12-09,36,M,114.0,2.0,365.66,8.0,New Customers,1.0,At-Risk
1178,customer_177,customer177.gmail.com,Mumbai,Google Search,2022-06-18,51,F,251.0,2.0,339.5,7.0,Hibernating,1.0,At-Risk
1179,customer_178,customer178.gmail.com,Hyderabad,Email,2022-02-01,41,M,,,,,,,No Purchase
1180,customer_179,customer179.gmail.com,Bengaluru,Paid Social,2023-07-31,28,M,180.0,3.0,639.9,10.0,Loyal Customers,3.0,Loyal
1181,customer_180,customer180.gmail.com,Pune,SMS,2024-06-08,52,F,440.0,1.0,80.9,4.0,Hibernating,1.0,At-Risk
1182,customer_181,customer181.gmail.com,Delhi,Email,2024-12-25,45,F,117.0,2.0,587.38,9.0,New Customers,1.0,At-Risk
1183,customer_182,customer182.gmail.com,Bengaluru,SMS,2023-10-20,45,F,54.0,1.0,312.24,7.0,New Customers,1.0,At-Risk
1184,customer_183,customer183.gmail.com,Hyderabad,SMS,2022-12-29,28,F,333.0,2.0,659.31,8.0,Potential Loyalists,1.0,At-Risk
1185,customer_184,customer184.gmail.com,Bengaluru,Email,2023-09-16,55,M,52.0,4.0,1860.41,14.0,champions,0.0,High Value
1186,customer_185,customer185.gmail.com,Delhi,SMS,2024-02-15,51,F,412.0,1.0,169.37,4.0,Hibernating,1.0,At-Risk
1187,customer_186,customer186.gmail.com,Mumbai,Paid Social,2024-02-17,32,F,,,,,,,No Purchase
1188,customer_187,customer187.gmail.com,Bengaluru,SMS,2023-07-21,25,F,195.0,3.0,728.16,10.0,Loyal Customers,3.0,Loyal
1189,customer_188,customer188.gmail.com,Hyderabad,Google Search,2022-03-01,58,M,1055.0,1.0,636.87,5.0,Lost,2.0,Lost
1190,customer_189,customer189.gmail.com,Pune,Email,2023-08-15,54,F,57.0,5.0,1288.24,14.0,champions,3.0,Loyal
1191,customer_190,customer190.gmail.com,Mumbai,Google Search,2024-01-21,58,F,382.0,1.0,295.75,4.0,Hibernating,1.0,At-Risk
1192,customer_191,customer191.gmail.com,Mumbai,Paid Social,2024-01-21,18,F,739.0,1.0,51.91,3.0,Lost,2.0,Lost
1193,customer_192,customer192.gmail.com,Delhi,SMS,2023-02-12,41,M,718.0,2.0,428.81,5.0,Hibernating,2.0,Lost
1194,customer_193,customer193.gmail.com,Mumbai,Email,2024-10-25,27,M,39.0,2.0,443.71,9.0,New Customers,1.0,At-Risk
1195,customer_194,customer194.gmail.com,Mumbai,Email,2022-08-31,57,F,293.0,3.0,585.4100000000001,9.0,Loyal Customers,3.0,Loyal
1196,customer_195,customer195.gmail.com,Mumbai,Google Search,2024-08-21,34,F,282.0,1.0,192.38,5.0,Hibernating,1.0,At-Risk
1197,customer_196,customer196.gmail.com,Chennai,Paid Social,2022-06-13,31,F,480.0,3.0,741.35,8.0,At-Risk,4.0,Potential
1198,customer_197,customer197.gmail.com,Hyderabad,Google Search,2024-08-18,18,M,260.0,5.0,2301.34,13.0,Loyal Customers,0.0,High Value
1199,customer_198,customer198.gmail.com,Mumbai,Organic,2023-02-23,28,M,35.0,5.0,2431.5,15.0,champions,0.0,High Value
1200,customer_199,customer199.gmail.com,Chennai,Paid Social,2023-04-29,58,F,183.0,3.0,1351.21,11.0,Loyal Customers,3.0,Loyal
1201,customer_200,customer200.gmail.com,Chennai,SMS,2022-08-25,59,F,183.0,2.0,795.91,9.0,New Customers,1.0,At-Risk
1202,customer_201,customer201.gmail.com,Bengaluru,Organic,2024-06-20,20,Others,99.0,2.0,607.04,9.0,New Customers,1.0,At-Risk
1203,customer_202,customer202.gmail.com,Mumbai,Google Search,2023-05-11,34,F,141.0,1.0,358.02,7.0,New Customers,1.0,At-Risk
1204,customer_203,customer203.gmail.com,Delhi,Google Search,2022-03-16,28,F,522.0,3.0,771.1800000000001,8.0,At-Risk,4.0,Potential
1205,customer_204,customer204.gmail.com,Mumbai,Paid Social,2023-03-12,41,M,66.0,4.0,766.08,12.0,Loyal Customers,3.0,Loyal
1206,customer_205,customer205.gmail.com,Bengaluru,Paid Social,2023-12-07,53,M,584.0,2.0,938.84,8.0,At-Risk,4.0,Potential
1207,customer_206,customer206.gmail.com,Delhi,Google Search,2023-10-16,50,M,62.0,2.0,672.99,10.0,New Customers,1.0,At-Risk
1208,customer_207,customer207.gmail.com,Hyderabad,Email,2022-02-09,49,M,44.0,3.0,976.38,12.0,Loyal Customers,3.0,Loyal
1209,customer_208,customer208.gmail.com,Delhi,SMS,2022-03-19,42,F,138.0,3.0,854.48,10.0,Loyal Customers,3.0,Loyal
1210,customer_209,customer209.gmail.com,Bengaluru,Paid Social,2022-08-26,44,M,690.0,1.0,510.07,4.0,Lost,2.0,Lost
1211,customer_210,customer210.gmail.com,Delhi,Email,2024-06-09,64,Others,402.0,6.0,1029.63,11.0,At-Risk,3.0,Loyal
1212,customer_211,customer211.gmail.com,Pune,Google Search,2023-02-22,60,F,889.0,1.0,484.58,4.0,Lost,2.0,Lost
1213,customer_212,customer212.gmail.com,Bengaluru,Google Search,2023-10-03,34,F,452.0,4.0,1064.66,10.0,At-Risk,4.0,Potential
1214,customer_213,customer213.gmail.com,Delhi,Email,2022-01-23,34,M,888.0,1.0,448.66,4.0,Lost,2.0,Lost
1215,customer_214,customer214.gmail.com,Mumbai,Google Search,2023-04-27,63,M,,,,,,,No Purchase
1216,customer_215,customer215.gmail.com,Delhi,SMS,2023-04-25,57,M,,,,,,,No Purchase
1217,customer_216,customer216.gmail.com,Mumbai,Email,2023-09-26,21,M,,,,,,,No Purchase
1218,customer_217,customer217.gmail.com,Chennai,SMS,2024-11-17,35,M,7.0,2.0,572.3299999999999,10.0,New Customers,1.0,At-Risk
1219,customer_218,customer218.gmail.com,Pune,Paid Social,2023-03-29,28,F,574.0,2.0,451.29,6.0,At-Risk,2.0,Lost
1220,customer_219,customer219.gmail.com,Hyderabad,Organic,2023-10-22,58,F,171.0,3.0,1384.5100000000002,12.0,Loyal Customers,3.0,Loyal
1221,customer_220,customer220.gmail.com,Bengaluru,SMS,2022-06-29,57,M,42.0,2.0,232.29,8.0,New Customers,1.0,At-Risk
1222,customer_221,customer221.gmail.com,Hyderabad,Organic,2023-06-13,29,F,270.0,1.0,171.16,5.0,Hibernating,1.0,At-Risk
1223,customer_222,customer222.gmail.com,Delhi,Google Search,2022-07-04,60,M,135.0,2.0,171.85,7.0,New Customers,1.0,At-Risk
1224,customer_223,customer223.gmail.com,Chennai,SMS,2024-07-04,54,M,760.0,2.0,927.1,7.0,Hibernating,2.0,Lost
1225,customer_224,customer224.gmail.com,Chennai,SMS,2024-09-18,27,F,642.0,3.0,1033.17,8.0,Cannot Lose Them,4.0,Potential
1226,customer_225,customer225.gmail.com,Pune,Google Search,2023-07-16,32,Others,103.0,5.0,1933.55,14.0,champions,0.0,High Value
1227,customer_226,customer226.gmail.com,Delhi,SMS,2023-04-03,28,F,815.0,2.0,830.44,6.0,Hibernating,2.0,Lost
1228,customer_227,customer227.gmail.com,Pune,Google Search,2022-01-13,51,M,623.0,3.0,1079.07,8.0,Cannot Lose Them,4.0,Potential
1229,customer_228,customer228.gmail.com,Hyderabad,Paid Social,2023-02-10,59,M,229.0,2.0,1570.33,10.0,Potential Loyalists,3.0,Loyal
1230,customer_229,customer229.gmail.com,Chennai,Email,2023-10-09,52,F,68.0,5.0,2364.03,15.0,champions,0.0,High Value
1231,customer_230,customer230.gmail.com,Pune,SMS,2023-12-07,25,F,662.0,1.0,998.25,6.0,Lost,2.0,Lost
1232,customer_231,customer231.gmail.com,Delhi,Paid Social,2022-08-27,48,Others,46.0,6.0,2566.71,15.0,champions,0.0,High Value
1233,customer_232,customer232.gmail.com,Pune,Email,2022-06-14,61,F,,,,,,,No Purchase
1234,customer_233,customer233.gmail.com,Mumbai,SMS,2024-02-05,32,M,879.0,1.0,200.87,3.0,Lost,2.0,Lost
1235,customer_234,customer234.gmail.com,Chennai,Paid Social,2022-10-30,46,M,436.0,3.0,1892.19,10.0,At-Risk,4.0,Potential
1236,customer_235,customer235.gmail.com,Chennai,SMS,2024-07-15,32,M,266.0,3.0,592.44,9.0,Loyal Customers,3.0,Loyal
1237,customer_236,customer236.gmail.com,Mumbai,Email,2023-01-12,48,M,288.0,6.0,1747.12,13.0,Loyal Customers,0.0,High Value
1238,customer_237,customer237.gmail.com,Pune,SMS,2024-04-19,24,F,143.0,4.0,1188.94,12.0,champions,3.0,Loyal
1239,customer_238,customer238.gmail.com,Pune,Google Search,2022-07-24,47,F,390.0,1.0,149.45,4.0,Hibernating,1.0,At-Risk
1240,customer_239,customer239.gmail.com,Pune,Paid Social,2024-08-19,42,M,485.0,2.0,436.05,6.0,At-Risk,4.0,Potential
1241,customer_240,customer240.gmail.com,Pune,SMS,2024-05-25,32,F,630.0,4.0,973.73,9.0,Cannot Lose Them,4.0,Potential
1242,customer_241,customer241.gmail.com,Pune,Google Search,2022-02-23,30,M,426.0,4.0,1119.5800000000002,10.0,At-Risk,4.0,Potential
1243,customer_242,customer242.gmail.com,Mumbai,Email,2022-10-13,27,F,567.0,2.0,352.72,6.0,At-Risk,2.0,Lost
1244,customer_243,customer243.gmail.com,Bengaluru,Email,2022-10-28,36,M,39.0,2.0,754.8499999999999,10.0,New Customers,1.0,At-Risk
1245,customer_244,customer244.gmail.com,Hyderabad,Google Search,2023-04-25,32,F,471.0,2.0,285.38,5.0,At-Risk,1.0,At-Risk
1246,customer_245,customer245.gmail.com,Mumbai,Email,2023-02-16,20,F,196.0,2.0,692.51,9.0,New Customers,1.0,At-Risk
1247,customer_246,customer246.gmail.com,Pune,Google Search,2024-09-29,35,F,1063.0,1.0,890.38,6.0,Lost,2.0,Lost
1248,customer_247,customer247.gmail.com,Bengaluru,Email,2023-06-09,39,F,,,,,,,No Purchase
1249,customer_248,customer248.gmail.com,Bengaluru,Organic,2022-01-23,54,M,154.0,5.0,1645.68,14.0,champions,0.0,High Value
1250,customer_249,customer249.gmail.com,Chennai,Organic,2022-11-24,49,M,57.0,2.0,997.68,11.0,New Customers,1.0,At-Risk
1251,customer_250,customer250.gmail.com,Chennai,SMS,2023-03-17,48,F,122.0,4.0,1354.66,13.0,champions,3.0,Loyal
1252,customer_251,customer251.gmail.com,Hyderabad,Email,2024-06-05,27,Others,131.0,6.0,1717.06,14.0,champions,0.0,High Value
1253,customer_252,customer252.gmail.com,Delhi,Organic,2024-07-29,58,F,54.0,4.0,904.81,13.0,champions,3.0,Loyal
1254,customer_253,customer253.gmail.com,Chennai,Google Search,2023-02-23,62,F,116.0,1.0,450.11,7.0,New Customers,1.0,At-Risk
1255,customer_254,customer254.gmail.com,Delhi,Email,2024-07-21,38,F,44.0,1.0,436.07,8.0,New Customers,1.0,At-Risk
1256,customer_255,customer255.gmail.com,Chennai,Paid Social,2022-07-23,51,M,755.0,1.0,263.97,3.0,Lost,2.0,Lost
1257,customer_256,customer256.gmail.com,Delhi,Google Search,2022-11-13,46,M,581.0,2.0,606.92,7.0,At-Risk,4.0,Potential
1258,customer_257,customer257.gmail.com,Delhi,Organic,2022-03-13,27,F,610.0,1.0,128.65,3.0,Lost,2.0,Lost
1259,customer_258,customer258.gmail.com,Mumbai,Organic,2022-03-06,45,M,110.0,3.0,419.9500000000001,9.0,Loyal Customers,3.0,Loyal
1260,customer_259,customer259.gmail.com,Mumbai,Organic,2022-11-22,27,M,302.0,5.0,1895.9,13.0,Loyal Customers,0.0,High Value
1261,customer_260,customer260.gmail.com,Pune,SMS,2022-03-12,49,F,10.0,3.0,593.67,11.0,Loyal Customers,3.0,Loyal
1262,customer_261,customer261.gmail.com,Bengaluru,SMS,2022-02-12,31,F,136.0,2.0,694.63,9.0,New Customers,1.0,At-Risk
1263,customer_262,customer262.gmail.com,Mumbai,Paid Social,2022-11-17,49,F,863.0,1.0,141.51,3.0,Lost,2.0,Lost
1264,customer_263,customer263.gmail.com,Chennai,Paid Social,2022-02-08,47,F,63.0,2.0,523.81,9.0,New Customers,1.0,At-Risk
1265,customer_264,customer264.gmail.com,Mumbai,Google Search,2024-07-12,25,Others,,,,,,,No Purchase
1266,customer_265,customer265.gmail.com,Hyderabad,Paid Social,2024-04-12,54,F,673.0,2.0,653.98,6.0,Hibernating,2.0,Lost
1267,customer_266,customer266.gmail.com,Mumbai,Google Search,2023-07-02,36,M,23.0,8.0,2577.1,15.0,champions,0.0,High Value
1268,customer_267,customer267.gmail.com,Delhi,Email,2022-06-11,39,Others,931.0,1.0,560.92,4.0,Lost,2.0,Lost
1269,customer_268,customer268.gmail.com,Mumbai,SMS,2023-03-20,41,M,1010.0,1.0,87.07,3.0,Lost,2.0,Lost
1270,customer_269,customer269.gmail.com,Delhi,Organic,2024-09-22,45,Others,471.0,2.0,142.62,5.0,At-Risk,1.0,At-Risk
1271,customer_270,customer270.gmail.com,Chennai,Google Search,2024-10-27,58,M,,,,,,,No Purchase
1272,customer_271,customer271.gmail.com,Chennai,Paid Social,2024-05-21,60,F,459.0,2.0,323.16,6.0,At-Risk,1.0,At-Risk
1273,customer_272,customer272.gmail.com,Mumbai,Email,2022-06-02,22,M,245.0,2.0,491.48,7.0,Hibernating,1.0,At-Risk
1274,customer_273,customer273.gmail.com,Pune,Paid Social,2022-12-17,26,F,270.0,3.0,1206.64,10.0,Loyal Customers,3.0,Loyal
1275,customer_274,customer274.gmail.com,Pune,Organic,2022-04-03,25,M,663.0,2.0,468.55,5.0,Hibernating,2.0,Lost
1276,customer_275,customer275.gmail.com,Chennai,Email,2024-03-09,60,F,840.0,1.0,407.31,4.0,Lost,2.0,Lost
1277,customer_276,customer276.gmail.com,Hyderabad,Paid Social,2023-03-05,35,F,7.0,6.0,2080.52,15.0,champions,0.0,High Value
1278,customer_277,customer277.gmail.com,Bengaluru,Google Search,2023-11-05,57,F,94.0,4.0,1167.56,12.0,champions,3.0,Loyal
1279,customer_278,customer278.gmail.com,Hyderabad,Paid Social,2023-03-19,30,M,105.0,6.0,1254.25,13.0,champions,0.0,High Value
1280,customer_279,customer279.gmail.com,Mumbai,SMS,2023-05-14,60,F,309.0,2.0,642.67,8.0,Potential Loyalists,1.0,At-Risk
1281,customer_280,customer280.gmail.com,Chennai,SMS,2022-12-21,23,M,336.0,6.0,4364.62,13.0,Loyal Customers,0.0,High Value
1282,customer_281,customer281.gmail.com,Mumbai,Email,2022-09-07,33,F,177.0,4.0,964.04,12.0,champions,3.0,Loyal
1283,customer_282,customer282.gmail.com,Mumbai,SMS,2024-05-31,35,M,21.0,2.0,1024.95,11.0,New Customers,1.0,At-Risk
1284,customer_283,customer283.gmail.com,Chennai,Paid Social,2022-06-17,59,F,333.0,2.0,823.24,8.0,Potential Loyalists,1.0,At-Risk
1285,customer_284,customer284.gmail.com,Mumbai,Organic,2023-09-10,34,F,858.0,2.0,485.8,5.0,Hibernating,2.0,Lost
1286,customer_285,customer285.gmail.com,Chennai,SMS,2022-11-05,19,M,196.0,5.0,1558.23,14.0,champions,0.0,High Value
1287,customer_286,customer286.gmail.com,Delhi,Google Search,2022-08-25,35,M,195.0,2.0,750.0,9.0,New Customers,1.0,At-Risk
1288,customer_287,customer287.gmail.com,Bengaluru,Paid Social,2022-10-27,28,F,195.0,1.0,499.69,7.0,New Customers,1.0,At-Risk
1289,customer_288,customer288.gmail.com,Pune,SMS,2024-01-02,19,M,957.0,2.0,253.76,4.0,Hibernating,2.0,Lost
1290,customer_289,customer289.gmail.com,Chennai,Email,2023-03-28,19,F,793.0,3.0,1641.06,9.0,Cannot Lose Them,4.0,Potential
1291,customer_290,customer290.gmail.com,Bengaluru,Organic,2024-09-08,35,M,200.0,3.0,684.39,10.0,Loyal Customers,3.0,Loyal
1292,customer_291,customer291.gmail.com,Delhi,Organic,2023-03-21,58,M,810.0,1.0,307.7,3.0,Lost,2.0,Lost
1293,customer_292,customer292.gmail.com,Chennai,Organic,2022-06-26,39,F,1038.0,1.0,54.93,3.0,Lost,2.0,Lost
1294,customer_293,customer293.gmail.com,Chennai,Organic,2024-11-07,33,M,588.0,3.0,610.42,8.0,At-Risk,4.0,Potential
1295,customer_294,customer294.gmail.com,Chennai,Google Search,2024-02-09,44,M,91.0,4.0,1388.36,14.0,champions,3.0,Loyal
1296,customer_295,customer295.gmail.com,Mumbai,SMS,2023-03-16,34,F,905.0,1.0,711.5,5.0,Lost,2.0,Lost
1297,customer_296,customer296.gmail.com,Delhi,Organic,2023-03-10,59,F,606.0,2.0,703.61,6.0,Hibernating,4.0,Potential
1298,customer_297,customer297.gmail.com,Pune,Google Search,2024-01-17,34,F,344.0,2.0,654.29,8.0,Potential Loyalists,1.0,At-Risk
1299,customer_298,customer298.gmail.com,Bengaluru,Google Search,2022-07-16,23,F,435.0,2.0,426.9,6.0,At-Risk,1.0,At-Risk
1300,customer_299,customer299.gmail.com,Mumbai,Organic,2024-11-05,50,F,494.0,2.0,491.81,6.0,At-Risk,4.0,Potential
1301,customer_300,customer300.gmail.com,Hyderabad,Organic,2022-10-01,30,M,43.0,6.0,1629.0700000000002,15.0,champions,0.0,High Value
1302,customer_301,customer301.gmail.com,Pune,Google Search,2024-11-16,23,M,,,,,,,No Purchase
1303,customer_302,customer302.gmail.com,Mumbai,Google Search,2022-08-07,43,F,557.0,2.0,879.22,7.0,At-Risk,4.0,Potential
1304,customer_303,customer303.gmail.com,Chennai,Email,2023-06-07,36,M,996.0,1.0,98.96,3.0,Lost,2.0,Lost
1305,customer_304,customer304.gmail.com,Hyderabad,Google Search,2023-08-01,55,F,117.0,1.0,130.88,6.0,New Customers,1.0,At-Risk
1306,customer_305,customer305.gmail.com,Pune,Email,2022-01-25,36,F,91.0,1.0,157.32,7.0,New Customers,1.0,At-Risk
1307,customer_306,customer306.gmail.com,Mumbai,Paid Social,2024-03-11,61,F,,,,,,,No Purchase
1308,customer_307,customer307.gmail.com,Hyderabad,Paid Social,2022-08-04,43,F,630.0,2.0,187.41,4.0,Hibernating,2.0,Lost
1309,customer_308,customer308.gmail.com,Mumbai,Email,2024-04-11,39,F,,,,,,,No Purchase
1310,customer_309,customer309.gmail.com,Bengaluru,Paid Social,2023-11-24,28,M,,,,,,,No Purchase
1311,customer_310,customer310.gmail.com,Chennai,Google Search,2022-06-11,39,Others,212.0,1.0,347.61,6.0,Hibernating,1.0,At-Risk
1312,customer_311,customer311.gmail.com,Chennai,Google Search,2023-03-30,49,F,206.0,3.0,1033.15,10.0,Loyal Customers,3.0,Loyal
1313,customer_312,customer312.gmail.com,Chennai,Organic,2022-12-28,24,F,213.0,3.0,1116.73,10.0,Loyal Customers,3.0,Loyal
1314,customer_313,customer313.gmail.com,Bengaluru,SMS,2023-05-20,39,F,301.0,7.0,2237.58,13.0,Loyal Customers,0.0,High Value
1315,customer_314,customer314.gmail.com,Hyderabad,Organic,2024-10-28,23,F,270.0,4.0,1093.97,11.0,Loyal Customers,3.0,Loyal
1316,customer_315,customer315.gmail.com,Bengaluru,Organic,2024-08-09,32,F,155.0,3.0,339.21000000000004,9.0,Loyal Customers,1.0,At-Risk
1317,customer_316,customer316.gmail.com,Chennai,SMS,2022-09-25,55,M,559.0,2.0,308.85,5.0,At-Risk,2.0,Lost
1318,customer_317,customer317.gmail.com,Bengaluru,Email,2022-06-01,58,F,482.0,3.0,1284.31,9.0,At-Risk,4.0,Potential
1319,customer_318,customer318.gmail.com,Pune,Google Search,2024-08-26,35,M,221.0,3.0,949.79,10.0,Loyal Customers,3.0,Loyal
1320,customer_319,customer319.gmail.com,Delhi,SMS,2024-08-12,52,M,18.0,3.0,779.73,11.0,Loyal Customers,3.0,Loyal
1321,customer_320,customer320.gmail.com,Bengaluru,Google Search,2022-04-25,51,M,599.0,1.0,673.26,5.0,Lost,2.0,Lost
1322,customer_321,customer321.gmail.com,Hyderabad,Email,2022-11-27,62,F,608.0,1.0,732.43,5.0,Lost,2.0,Lost
1323,customer_322,customer322.gmail.com,Pune,Paid Social,2023-06-30,46,F,,,,,,,No Purchase
1324,customer_323,customer323.gmail.com,Hyderabad,Organic,2022-05-28,60,F,148.0,1.0,216.29,6.0,New Customers,1.0,At-Risk
1325,customer_324,customer324.gmail.com,Bengaluru,Organic,2023-10-21,22,F,679.0,1.0,140.39,3.0,Lost,2.0,Lost
1326,customer_325,customer325.gmail.com,Mumbai,Google Search,2023-01-11,41,M,213.0,4.0,1714.41,12.0,Loyal Customers,3.0,Loyal
1327,customer_326,customer326.gmail.com,Mumbai,SMS,2023-09-22,49,M,848.0,1.0,93.3,3.0,Lost,2.0,Lost
1328,customer_327,customer327.gmail.com,Bengaluru,Paid Social,2024-12-18,47,F,4.0,4.0,664.72,12.0,Loyal Customers,3.0,Loyal
1329,customer_328,customer328.gmail.com,Mumbai,Google Search,2024-04-30,22,F,482.0,1.0,250.11,4.0,Hibernating,1.0,At-Risk
1330,customer_329,customer329.gmail.com,Delhi,Organic,2023-11-09,61,F,192.0,2.0,1349.92,10.0,New Customers,3.0,Loyal
1331,customer_330,customer330.gmail.com,Hyderabad,Google Search,2023-10-30,51,F,762.0,2.0,2278.89,8.0,Hibernating,4.0,Potential
1332,customer_331,customer331.gmail.com,Chennai,Google Search,2022-12-24,59,M,966.0,1.0,409.39,4.0,Lost,2.0,Lost
1333,customer_332,customer332.gmail.com,Delhi,Organic,2023-09-13,35,F,250.0,2.0,1857.64,10.0,Potential Loyalists,4.0,Potential
1334,customer_333,customer333.gmail.com,Pune,Paid Social,2023-06-10,53,F,763.0,1.0,546.71,4.0,Lost,2.0,Lost
1335,customer_334,customer334.gmail.com,Chennai,Google Search,2023-06-22,38,F,100.0,4.0,2884.71,13.0,champions,0.0,High Value
1336,customer_335,customer335.gmail.com,Bengaluru,SMS,2023-10-27,39,M,317.0,3.0,502.93,8.0,Loyal Customers,1.0,At-Risk
1337,customer_336,customer336.gmail.com,Hyderabad,SMS,2023-04-24,56,M,81.0,1.0,208.15,7.0,New Customers,1.0,At-Risk
1338,customer_337,customer337.gmail.com,Chennai,Email,2024-09-13,38,M,760.0,1.0,183.89,3.0,Lost,2.0,Lost
1339,customer_338,customer338.gmail.com,Bengaluru,Email,2022-06-03,52,F,798.0,2.0,522.5799999999999,5.0,Hibernating,2.0,Lost
1340,customer_339,customer339.gmail.com,Bengaluru,Email,2022-07-13,22,M,461.0,7.0,1864.26,12.0,At-Risk,0.0,High Value
1341,customer_340,customer340.gmail.com,Delhi,SMS,2022-03-05,50,F,62.0,3.0,762.34,11.0,Loyal Customers,3.0,Loyal
1342,customer_341,customer341.gmail.com,Mumbai,Paid Social,2023-02-08,24,M,187.0,5.0,1314.71,13.0,champions,3.0,Loyal
1343,customer_342,customer342.gmail.com,Mumbai,Google Search,2022-04-15,61,F,174.0,1.0,265.28,6.0,New Customers,1.0,At-Risk
1344,customer_343,customer343.gmail.com,Hyderabad,SMS,2023-11-25,41,F,297.0,1.0,326.67,6.0,Hibernating,1.0,At-Risk
1345,customer_344,customer344.gmail.com,Hyderabad,Email,2023-10-05,56,F,700.0,1.0,76.3,3.0,Lost,2.0,Lost
1346,customer_345,customer345.gmail.com,Hyderabad,Email,2024-08-10,25,M,313.0,3.0,788.99,9.0,Loyal Customers,3.0,Loyal
1347,customer_346,customer346.gmail.com,Pune,Google Search,2024-07-11,32,M,254.0,3.0,639.34,9.0,Loyal Customers,3.0,Loyal
1348,customer_347,customer347.gmail.com,Chennai,Email,2022-04-03,23,F,340.0,1.0,555.85,6.0,Hibernating,1.0,At-Risk
1349,customer_348,customer348.gmail.com,Mumbai,Organic,2024-09-18,22,F,356.0,3.0,1238.58,10.0,Loyal Customers,4.0,Potential
1350,customer_349,customer349.gmail.com,Pune,Paid Social,2024-05-01,40,M,343.0,1.0,971.21,8.0,Hibernating,1.0,At-Risk
1351,customer_350,customer350.gmail.com,Hyderabad,Organic,2022-03-15,37,F,468.0,1.0,191.75,4.0,Hibernating,1.0,At-Risk
1352,customer_351,customer351.gmail.com,Delhi,SMS,2023-01-10,29,M,207.0,2.0,596.17,8.0,Potential Loyalists,1.0,At-Risk
1353,customer_352,customer352.gmail.com,Hyderabad,Google Search,2024-12-26,59,M,247.0,2.0,245.91,6.0,Hibernating,1.0,At-Risk
1354,customer_353,customer353.gmail.com,Delhi,Paid Social,2024-01-13,61,M,335.0,4.0,1498.7,12.0,Loyal Customers,3.0,Loyal
1355,customer_354,customer354.gmail.com,Mumbai,Paid Social,2024-01-16,38,Others,517.0,3.0,778.94,8.0,At-Risk,4.0,Potential
1356,customer_355,customer355.gmail.com,Bengaluru,Organic,2023-12-27,39,M,247.0,2.0,396.74,7.0,Hibernating,1.0,At-Risk
1357,customer_356,customer356.gmail.com,Bengaluru,Email,2023-05-13,42,F,55.0,5.0,667.22,13.0,Loyal Customers,3.0,Loyal
1358,customer_357,customer357.gmail.com,Hyderabad,SMS,2024-11-17,29,M,1043.0,1.0,347.06,4.0,Lost,2.0,Lost
1359,customer_358,customer358.gmail.com,Mumbai,Email,2024-09-17,19,M,612.0,4.0,838.16,8.0,Cannot Lose Them,4.0,Potential
1360,customer_359,customer359.gmail.com,Delhi,Paid Social,2023-01-22,47,F,309.0,3.0,557.95,8.0,Loyal Customers,3.0,Loyal
1361,customer_360,customer360.gmail.com,Bengaluru,Email,2022-06-30,24,F,181.0,1.0,340.47,7.0,New Customers,1.0,At-Risk
1362,customer_361,customer361.gmail.com,Bengaluru,SMS,2024-04-13,54,F,560.0,2.0,389.58,6.0,At-Risk,2.0,Lost
1363,customer_362,customer362.gmail.com,Mumbai,Paid Social,2023-08-28,35,F,,,,,,,No Purchase
1364,customer_363,customer363.gmail.com,Delhi,Email,2024-03-09,35,F,980.0,1.0,524.82,4.0,Lost,2.0,Lost
1365,customer_364,customer364.gmail.com,Bengaluru,Google Search,2022-11-10,45,M,392.0,1.0,222.38,4.0,Hibernating,1.0,At-Risk
1366,customer_365,customer365.gmail.com,Mumbai,Email,2022-04-17,51,F,379.0,3.0,494.61,7.0,At-Risk,4.0,Potential
1367,customer_366,customer366.gmail.com,Mumbai,Google Search,2023-05-19,25,F,292.0,3.0,1070.79,10.0,Loyal Customers,3.0,Loyal
1368,customer_367,customer367.gmail.com,Pune,Organic,2024-01-26,36,M,1005.0,1.0,96.86,3.0,Lost,2.0,Lost
1369,customer_368,customer368.gmail.com,Chennai,SMS,2022-04-08,23,F,217.0,2.0,342.01,7.0,Hibernating,1.0,At-Risk
1370,customer_369,customer369.gmail.com,Mumbai,Google Search,2024-09-23,62,F,46.0,2.0,339.77,9.0,New Customers,1.0,At-Risk
1371,customer_370,customer370.gmail.com,Bengaluru,SMS,2022-04-14,24,M,695.0,1.0,583.46,5.0,Lost,2.0,Lost
1372,customer_371,customer371.gmail.com,Delhi,Organic,2022-07-04,37,M,9.0,5.0,1587.53,15.0,champions,0.0,High Value
1373,customer_372,customer372.gmail.com,Chennai,Email,2023-06-10,41,F,,,,,,,No Purchase
1374,customer_373,customer373.gmail.com,Mumbai,Email,2022-03-25,46,F,721.0,2.0,1039.74,7.0,Hibernating,4.0,Potential
1375,customer_374,customer374.gmail.com,Bengaluru,Google Search,2022-04-09,45,F,344.0,3.0,885.45,10.0,Loyal Customers,4.0,Potential
1376,customer_375,customer375.gmail.com,Chennai,Organic,2024-09-12,22,M,7.0,3.0,664.33,11.0,Loyal Customers,3.0,Loyal
1377,customer_376,customer376.gmail.com,Chennai,Email,2023-06-12,34,F,67.0,2.0,583.69,10.0,New Customers,1.0,At-Risk
1378,customer_377,customer377.gmail.com,Pune,Paid Social,2022-07-27,53,M,310.0,4.0,835.9000000000001,10.0,Loyal Customers,3.0,Loyal
1379,customer_378,customer378.gmail.com,Delhi,Organic,2023-11-13,50,F,345.0,4.0,884.5,10.0,Loyal Customers,3.0,Loyal
1380,customer_379,customer379.gmail.com,Hyderabad,Paid Social,2024-12-07,23,F,151.0,2.0,869.33,9.0,New Customers,1.0,At-Risk
1381,customer_380,customer380.gmail.com,Hyderabad,Paid Social,2022-09-18,55,M,,,,,,,No Purchase
1382,customer_381,customer381.gmail.com,Chennai,Organic,2022-08-21,20,M,452.0,1.0,408.95,5.0,Hibernating,1.0,At-Risk
1383,customer_382,customer382.gmail.com,Mumbai,Email,2024-01-02,27,M,112.0,6.0,2343.78,14.0,champions,0.0,High Value
1384,customer_383,customer383.gmail.com,Hyderabad,Organic,2023-09-13,28,F,661.0,2.0,250.06,4.0,Hibernating,2.0,Lost
1385,customer_384,customer384.gmail.com,Delhi,Email,2022-05-10,40,F,218.0,5.0,958.19,12.0,Loyal Customers,3.0,Loyal
1386,customer_385,customer385.gmail.com,Delhi,SMS,2024-07-27,63,M,847.0,1.0,97.03,3.0,Lost,2.0,Lost
1387,customer_386,customer386.gmail.com,Bengaluru,Paid Social,2024-11-29,21,F,2.0,2.0,704.8399999999999,10.0,New Customers,1.0,At-Risk
1388,customer_387,customer387.gmail.com,Hyderabad,Google Search,2022-09-04,24,M,370.0,3.0,653.53,8.0,At-Risk,4.0,Potential
1389,customer_388,customer388.gmail.com,Hyderabad,Organic,2022-01-25,43,M,640.0,3.0,2590.26,9.0,Cannot Lose Them,0.0,High Value
1390,customer_389,customer389.gmail.com,Chennai,Google Search,2024-06-13,59,F,413.0,1.0,158.45,4.0,Hibernating,1.0,At-Risk
1391,customer_390,customer390.gmail.com,Bengaluru,SMS,2022-06-21,50,F,384.0,2.0,801.6600000000001,7.0,At-Risk,4.0,Potential
1392,customer_391,customer391.gmail.com,Hyderabad,SMS,2024-07-07,58,F,42.0,4.0,900.09,13.0,champions,3.0,Loyal
1393,customer_392,customer392.gmail.com,Hyderabad,Paid Social,2022-05-24,59,M,350.0,2.0,1189.29,9.0,Potential Loyalists,4.0,Potential
1394,customer_393,customer393.gmail.com,Delhi,Google Search,2022-07-14,52,M,,,,,,,No Purchase
1395,customer_394,customer394.gmail.com,Hyderabad,SMS,2024-10-05,45,M,439.0,1.0,83.27,4.0,Hibernating,1.0,At-Risk
1396,customer_395,customer395.gmail.com,Hyderabad,Paid Social,2024-09-13,58,F,365.0,3.0,745.69,8.0,At-Risk,4.0,Potential
1397,customer_396,customer396.gmail.com,Hyderabad,Organic,2022-05-19,52,M,,,,,,,No Purchase
1398,customer_397,customer397.gmail.com,Pune,Organic,2023-05-27,56,M,393.0,1.0,101.59,4.0,Hibernating,1.0,At-Risk
1399,customer_398,customer398.gmail.com,Hyderabad,Google Search,2024-08-27,33,F,,,,,,,No Purchase
1400,customer_399,customer399.gmail.com,Pune,Paid Social,2022-08-20,27,M,382.0,3.0,547.28,7.0,At-Risk,4.0,Potential
1401,customer_400,customer400.gmail.com,Pune,Paid Social,2023-02-14,24,M,20.0,3.0,866.01,11.0,Loyal Customers,3.0,Loyal
1402,customer_401,customer401.gmail.com,Chennai,Paid Social,2024-12-11,24,F,56.0,4.0,1749.91,14.0,champions,3.0,Loyal
1403,customer_402,customer402.gmail.com,Hyderabad,Email,2022-12-18,42,F,745.0,1.0,387.56,4.0,Lost,2.0,Lost
1404,customer_403,customer403.gmail.com,Bengaluru,SMS,2024-04-26,22,F,14.0,1.0,273.37,7.0,New Customers,1.0,At-Risk
1405,customer_404,customer404.gmail.com,Hyderabad,Paid Social,2024-12-22,43,F,176.0,2.0,282.43,7.0,New Customers,1.0,At-Risk
1406,customer_405,customer405.gmail.com,Chennai,Email,2023-08-21,47,F,,,,,,,No Purchase
1407,customer_406,customer406.gmail.com,Pune,Email,2022-04-01,28,M,,,,,,,No Purchase
1408,customer_407,customer407.gmail.com,Chennai,Organic,2024-09-05,24,F,,,,,,,No Purchase
1409,customer_408,customer408.gmail.com,Chennai,SMS,2024-02-15,56,F,,,,,,,No Purchase
1410,customer_409,customer409.gmail.com,Hyderabad,Organic,2023-10-01,43,F,72.0,5.0,1210.63,14.0,champions,3.0,Loyal
1411,customer_410,customer410.gmail.com,Chennai,SMS,2023-10-02,53,F,503.0,2.0,706.8399999999999,7.0,At-Risk,4.0,Potential
1412,customer_411,customer411.gmail.com,Bengaluru,Organic,2024-07-21,39,M,168.0,4.0,1684.02,13.0,champions,3.0,Loyal
1413,customer_412,customer412.gmail.com,Bengaluru,Email,2024-03-13,29,M,203.0,3.0,689.32,10.0,Loyal Customers,3.0,Loyal
1414,customer_413,customer413.gmail.com,Mumbai,Paid Social,2022-12-27,39,M,355.0,3.0,1016.96,10.0,Loyal Customers,4.0,Potential
1415,customer_414,customer414.gmail.com,Delhi,Paid Social,2023-03-08,19,F,453.0,1.0,133.62,4.0,Hibernating,1.0,At-Risk
1416,customer_415,customer415.gmail.com,Hyderabad,SMS,2022-11-18,57,M,,,,,,,No Purchase
1417,customer_416,customer416.gmail.com,Mumbai,Paid Social,2023-07-01,29,M,934.0,2.0,1412.01,8.0,Hibernating,2.0,Lost
1418,customer_417,customer417.gmail.com,Mumbai,Organic,2022-07-16,18,F,313.0,4.0,702.0,10.0,Loyal Customers,3.0,Loyal
1419,customer_418,customer418.gmail.com,Mumbai,Organic,2022-04-26,32,M,622.0,3.0,1045.49,8.0,Cannot Lose Them,4.0,Potential
1420,customer_419,customer419.gmail.com,Bengaluru,Google Search,2023-12-13,57,M,47.0,4.0,1341.94,13.0,champions,3.0,Loyal
1421,customer_420,customer420.gmail.com,Hyderabad,Google Search,2024-08-14,24,F,223.0,2.0,317.37,6.0,Hibernating,1.0,At-Risk
1422,customer_421,customer421.gmail.com,Hyderabad,Paid Social,2024-01-13,55,M,567.0,3.0,1197.91,9.0,At-Risk,4.0,Potential
1423,customer_422,customer422.gmail.com,Hyderabad,SMS,2023-08-02,54,Others,324.0,5.0,2511.85,13.0,Loyal Customers,0.0,High Value
1424,customer_423,customer423.gmail.com,Pune,Email,2022-01-06,63,F,623.0,1.0,342.88,4.0,Lost,2.0,Lost
1425,customer_424,customer424.gmail.com,Delhi,Organic,2023-01-07,39,F,333.0,1.0,135.09,5.0,Hibernating,1.0,At-Risk
1426,customer_425,customer425.gmail.com,Pune,Google Search,2023-10-07,50,Others,954.0,1.0,102.8,3.0,Lost,2.0,Lost
1427,customer_426,customer426.gmail.com,Bengaluru,SMS,2023-05-03,50,Others,236.0,4.0,694.62,10.0,Loyal Customers,3.0,Loyal
1428,customer_427,customer427.gmail.com,Mumbai,Email,2024-01-04,46,M,408.0,1.0,738.46,6.0,Hibernating,1.0,At-Risk
1429,customer_428,customer428.gmail.com,Mumbai,Email,2024-05-29,60,F,503.0,1.0,298.43,4.0,Hibernating,2.0,Lost
1430,customer_429,customer429.gmail.com,Pune,SMS,2024-03-09,36,F,217.0,1.0,285.07,5.0,Hibernating,1.0,At-Risk
1431,customer_430,customer430.gmail.com,Bengaluru,Email,2024-06-25,22,F,864.0,1.0,102.55,3.0,Lost,2.0,Lost
1432,customer_431,customer431.gmail.com,Delhi,Google Search,2022-03-05,31,M,30.0,4.0,1653.7,14.0,champions,3.0,Loyal
1433,customer_432,customer432.gmail.com,Chennai,Paid Social,2024-10-08,64,M,536.0,1.0,250.84,4.0,Hibernating,2.0,Lost
1434,customer_433,customer433.gmail.com,Delhi,Organic,2023-01-17,26,F,430.0,1.0,283.38,4.0,Hibernating,1.0,At-Risk
1435,customer_434,customer434.gmail.com,Mumbai,Google Search,2024-11-01,22,F,114.0,6.0,2629.47,14.0,champions,0.0,High Value
1436,customer_435,customer435.gmail.com,Mumbai,Google Search,2023-08-18,52,F,98.0,2.0,683.73,9.0,New Customers,1.0,At-Risk
1437,customer_436,customer436.gmail.com,Hyderabad,Organic,2023-06-02,38,M,625.0,4.0,1358.43,10.0,Cannot Lose Them,4.0,Potential
1438,customer_437,customer437.gmail.com,Pune,Paid Social,2024-08-19,63,F,173.0,2.0,174.55,7.0,New Customers,1.0,At-Risk
1439,customer_438,customer438.gmail.com,Mumbai,Paid Social,2024-11-09,60,M,,,,,,,No Purchase
1440,customer_439,customer439.gmail.com,Bengaluru,Email,2023-06-06,45,F,602.0,3.0,512.3299999999999,6.0,Hibernating,4.0,Potential
1441,customer_440,customer440.gmail.com,Delhi,Email,2024-05-20,62,M,511.0,1.0,238.0,4.0,Hibernating,2.0,Lost
1442,customer_441,customer441.gmail.com,Chennai,Email,2023-06-04,19,F,484.0,3.0,1100.23,9.0,At-Risk,4.0,Potential
1443,customer_442,customer442.gmail.com,Chennai,Google Search,2023-02-22,23,M,287.0,2.0,510.1,7.0,Hibernating,1.0,At-Risk
1444,customer_443,customer443.gmail.com,Delhi,Email,2022-02-18,48,M,613.0,1.0,426.86,4.0,Lost,2.0,Lost
1445,customer_444,customer444.gmail.com,Chennai,Paid Social,2024-09-06,49,F,730.0,2.0,1684.2600000000002,8.0,Hibernating,4.0,Potential
1446,customer_445,customer445.gmail.com,Chennai,SMS,2024-01-20,28,M,133.0,2.0,292.99,7.0,New Customers,1.0,At-Risk
1447,customer_446,customer446.gmail.com,Bengaluru,Google Search,2024-10-15,31,F,44.0,1.0,307.76,7.0,New Customers,1.0,At-Risk
1448,customer_447,customer447.gmail.com,Delhi,Google Search,2024-08-12,27,F,61.0,6.0,1620.83,15.0,champions,0.0,High Value
1449,customer_448,customer448.gmail.com,Pune,SMS,2023-08-02,56,Others,292.0,3.0,513.59,8.0,Loyal Customers,3.0,Loyal
1450,customer_449,customer449.gmail.com,Chennai,Google Search,2023-06-30,18,F,76.0,2.0,486.54,9.0,New Customers,1.0,At-Risk
1451,customer_450,customer450.gmail.com,Bengaluru,SMS,2023-02-06,48,F,,,,,,,No Purchase
1452,customer_451,customer451.gmail.com,Hyderabad,Google Search,2023-10-24,25,F,162.0,1.0,212.84,6.0,New Customers,1.0,At-Risk
1453,customer_452,customer452.gmail.com,Chennai,SMS,2024-12-11,19,M,551.0,2.0,560.9300000000001,6.0,At-Risk,4.0,Potential
1454,customer_453,customer453.gmail.com,Chennai,SMS,2023-12-07,52,F,186.0,2.0,526.38,8.0,New Customers,1.0,At-Risk
1455,customer_454,customer454.gmail.com,Delhi,Paid Social,2023-12-01,48,M,38.0,5.0,1797.11,15.0,champions,0.0,High Value
1456,customer_455,customer455.gmail.com,Pune,SMS,2024-10-11,29,M,909.0,2.0,612.56,6.0,Hibernating,2.0,Lost
1457,customer_456,customer456.gmail.com,Mumbai,SMS,2022-03-12,48,F,104.0,3.0,669.1700000000001,10.0,Loyal Customers,3.0,Loyal
1458,customer_457,customer457.gmail.com,Chennai,Organic,2023-07-18,52,M,84.0,3.0,350.72,10.0,Loyal Customers,3.0,Loyal
1459,customer_458,customer458.gmail.com,Bengaluru,Google Search,2023-06-28,49,F,522.0,2.0,370.6,6.0,At-Risk,4.0,Potential
1460,customer_459,customer459.gmail.com,Mumbai,Google Search,2023-04-10,34,F,229.0,3.0,505.61,8.0,Loyal Customers,3.0,Loyal
1461,customer_460,customer460.gmail.com,Hyderabad,Email,2024-11-21,25,F,965.0,1.0,45.03,3.0,Lost,2.0,Lost
1462,customer_461,customer461.gmail.com,Mumbai,SMS,2023-03-04,36,M,4.0,4.0,1722.04,14.0,champions,3.0,Loyal
1463,customer_462,customer462.gmail.com,Delhi,SMS,2022-11-03,53,M,158.0,3.0,998.7,11.0,Loyal Customers,3.0,Loyal
1464,customer_463,customer463.gmail.com,Delhi,Google Search,2024-07-31,28,F,160.0,5.0,1590.16,14.0,champions,0.0,High Value
1465,customer_464,customer464.gmail.com,Delhi,Email,2024-09-03,61,F,126.0,5.0,1108.38,13.0,champions,3.0,Loyal
1466,customer_465,customer465.gmail.com,Delhi,Paid Social,2023-11-04,22,M,182.0,2.0,508.81,8.0,New Customers,1.0,At-Risk
1467,customer_466,customer466.gmail.com,Bengaluru,SMS,2024-09-10,45,M,522.0,5.0,1950.9,12.0,At-Risk,0.0,High Value
1468,customer_467,customer467.gmail.com,Pune,Organic,2024-01-28,19,F,157.0,2.0,1002.59,10.0,New Customers,1.0,At-Risk
1469,customer_468,customer468.gmail.com,Delhi,Google Search,2024-11-27,28,M,150.0,2.0,333.19,8.0,New Customers,1.0,At-Risk
1470,customer_469,customer469.gmail.com,Hyderabad,Email,2024-01-23,35,F,349.0,2.0,423.3,7.0,Hibernating,1.0,At-Risk
1471,customer_470,customer470.gmail.com,Hyderabad,SMS,2022-06-13,64,M,,,,,,,No Purchase
1472,customer_471,customer471.gmail.com,Chennai,Email,2022-12-02,22,F,,,,,,,No Purchase
1473,customer_472,customer472.gmail.com,Delhi,Organic,2024-11-14,36,F,,,,,,,No Purchase
1474,customer_473,customer473.gmail.com,Pune,Email,2024-07-11,22,F,18.0,4.0,1730.62,14.0,champions,3.0,Loyal
1475,customer_474,customer474.gmail.com,Hyderabad,Google Search,2024-09-24,57,F,232.0,1.0,201.85,5.0,Hibernating,1.0,At-Risk
1476,customer_475,customer475.gmail.com,Bengaluru,Paid Social,2023-08-10,36,F,272.0,4.0,1202.5,11.0,Loyal Customers,3.0,Loyal
1477,customer_476,customer476.gmail.com,Chennai,Paid Social,2022-01-29,29,M,684.0,2.0,737.21,6.0,Hibernating,2.0,Lost
1478,customer_477,customer477.gmail.com,Pune,Paid Social,2024-05-11,53,M,478.0,2.0,338.05,6.0,At-Risk,1.0,At-Risk
1479,customer_478,customer478.gmail.com,Chennai,Email,2023-11-22,45,F,496.0,2.0,207.49,5.0,At-Risk,1.0,At-Risk
1480,customer_479,customer479.gmail.com,Pune,SMS,2024-01-10,63,M,77.0,2.0,1113.76,11.0,New Customers,1.0,At-Risk
1481,customer_480,customer480.gmail.com,Pune,SMS,2022-01-27,52,F,432.0,2.0,367.18,6.0,At-Risk,1.0,At-Risk
1482,customer_481,customer481.gmail.com,Hyderabad,SMS,2024-04-18,55,M,41.0,1.0,524.39,8.0,New Customers,1.0,At-Risk
1483,customer_482,customer482.gmail.com,Bengaluru,Organic,2023-05-29,40,F,215.0,2.0,399.86,7.0,Hibernating,1.0,At-Risk
1484,customer_483,customer483.gmail.com,Delhi,SMS,2023-02-07,51,F,,,,,,,No Purchase
1485,customer_484,customer484.gmail.com,Chennai,Google Search,2024-02-13,40,M,491.0,4.0,1503.62,11.0,At-Risk,4.0,Potential
1486,customer_485,customer485.gmail.com,Hyderabad,Email,2022-01-21,50,F,275.0,3.0,1028.94,10.0,Loyal Customers,3.0,Loyal
1487,customer_486,customer486.gmail.com,Pune,Google Search,2024-03-01,59,M,116.0,3.0,1196.81,11.0,Loyal Customers,3.0,Loyal
1488,customer_487,customer487.gmail.com,Pune,Paid Social,2024-07-01,30,F,26.0,5.0,1602.4399999999998,15.0,champions,0.0,High Value
1489,customer_488,customer488.gmail.com,Pune,Google Search,2022-11-15,51,M,138.0,2.0,1726.79,11.0,New Customers,3.0,Loyal
1490,customer_489,customer489.gmail.com,Pune,Google Search,2023-09-02,46,F,57.0,3.0,1996.88,13.0,Loyal Customers,3.0,Loyal
1491,customer_490,customer490.gmail.com,Hyderabad,Google Search,2022-11-17,47,M,198.0,5.0,1177.23,13.0,champions,3.0,Loyal
1492,customer_491,customer491.gmail.com,Mumbai,Organic,2023-10-20,35,M,518.0,2.0,288.38,5.0,At-Risk,2.0,Lost
1493,customer_492,customer492.gmail.com,Mumbai,Email,2024-03-13,52,M,20.0,2.0,561.46,9.0,New Customers,1.0,At-Risk
1494,customer_493,customer493.gmail.com,Hyderabad,SMS,2023-07-31,22,M,37.0,4.0,1336.99,13.0,champions,3.0,Loyal
1495,customer_494,customer494.gmail.com,Mumbai,Google Search,2022-07-29,21,F,93.0,3.0,751.1700000000001,10.0,Loyal Customers,3.0,Loyal
1496,customer_495,customer495.gmail.com,Chennai,Paid Social,2024-11-04,22,M,1014.0,2.0,346.36,5.0,Hibernating,2.0,Lost
1497,customer_496,customer496.gmail.com,Hyderabad,Email,2023-01-14,56,M,74.0,4.0,1046.34,13.0,champions,3.0,Loyal
1498,customer_497,customer497.gmail.com,Hyderabad,Email,2023-02-02,32,M,434.0,6.0,1358.94,12.0,At-Risk,0.0,High Value
1499,customer_498,customer498.gmail.com,Hyderabad,Google Search,2023-07-03,63,M,717.0,3.0,514.01,6.0,Hibernating,4.0,Potential
1500,customer_499,customer499.gmail.com,Pune,Email,2024-09-14,26,F,366.0,2.0,526.89,6.0,At-Risk,1.0,At-Risk
1501,customer_500,customer500.gmail.com,Delhi,Email,2022-09-29,63,M,14.0,2.0,771.45,10.0,New Customers,1.0,At-Risk
1502,customer_501,customer501.gmail.com,Chennai,Email,2022-10-12,25,M,83.0,3.0,1525.89,13.0,Loyal Customers,3.0,Loyal
1503,customer_502,customer502.gmail.com,Chennai,Email,2022-01-20,61,Others,329.0,1.0,301.11,5.0,Hibernating,1.0,At-Risk
1504,customer_503,customer503.gmail.com,Chennai,Paid Social,2024-08-23,27,F,409.0,1.0,176.12,4.0,Hibernating,1.0,At-Risk
1505,customer_504,customer504.gmail.com,Mumbai,Paid Social,2024-04-19,39,M,804.0,4.0,1248.15,9.0,Cannot Lose Them,4.0,Potential
1506,customer_505,customer505.gmail.com,Hyderabad,Paid Social,2022-11-07,41,M,207.0,6.0,2059.02,13.0,Loyal Customers,0.0,High Value
1507,customer_506,customer506.gmail.com,Bengaluru,SMS,2024-11-26,41,F,1089.0,1.0,159.04,3.0,Lost,2.0,Lost
1508,customer_507,customer507.gmail.com,Pune,Paid Social,2023-01-29,26,F,479.0,2.0,685.72,7.0,At-Risk,4.0,Potential
1509,customer_508,customer508.gmail.com,Bengaluru,SMS,2024-02-24,39,M,351.0,2.0,984.57,9.0,Potential Loyalists,4.0,Potential
1510,customer_509,customer509.gmail.com,Chennai,Google Search,2024-03-21,51,F,49.0,2.0,318.29,8.0,New Customers,1.0,At-Risk
1511,customer_510,customer510.gmail.com,Mumbai,Email,2023-03-26,29,F,352.0,5.0,1824.06,13.0,Loyal Customers,0.0,High Value
1512,customer_511,customer511.gmail.com,Mumbai,Paid Social,2022-10-17,34,F,400.0,2.0,223.68,5.0,At-Risk,1.0,At-Risk
1513,customer_512,customer512.gmail.com,Bengaluru,Google Search,2022-03-29,21,M,521.0,3.0,1199.93,9.0,At-Risk,4.0,Potential
1514,customer_513,customer513.gmail.com,Hyderabad,Email,2023-04-07,47,M,7.0,2.0,584.53,10.0,New Customers,1.0,At-Risk
1515,customer_514,customer514.gmail.com,Bengaluru,Google Search,2022-11-10,53,F,23.0,2.0,375.22,9.0,New Customers,1.0,At-Risk
1516,customer_515,customer515.gmail.com,Hyderabad,Organic,2023-01-17,18,M,110.0,1.0,301.62,6.0,New Customers,1.0,At-Risk
1517,customer_516,customer516.gmail.com,Pune,Email,2023-05-13,50,M,479.0,4.0,1555.4299999999998,11.0,At-Risk,4.0,Potential
1518,customer_517,customer517.gmail.com,Hyderabad,Email,2022-03-25,44,M,135.0,3.0,1294.78,11.0,Loyal Customers,3.0,Loyal
1519,customer_518,customer518.gmail.com,Bengaluru,SMS,2024-02-23,31,M,,,,,,,No Purchase
1520,customer_519,customer519.gmail.com,Delhi,Email,2022-07-19,21,M,32.0,4.0,944.81,13.0,champions,3.0,Loyal
1521,customer_520,customer520.gmail.com,Pune,Google Search,2023-10-04,52,F,212.0,5.0,1245.81,12.0,Loyal Customers,3.0,Loyal
1522,customer_521,customer521.gmail.com,Pune,Organic,2022-01-04,50,M,853.0,2.0,1608.81,8.0,Hibernating,4.0,Potential
1523,customer_522,customer522.gmail.com,Bengaluru,Organic,2023-06-06,29,M,292.0,3.0,970.62,10.0,Loyal Customers,3.0,Loyal
1524,customer_523,customer523.gmail.com,Chennai,Paid Social,2024-03-01,21,M,482.0,3.0,1014.64,9.0,At-Risk,4.0,Potential
1525,customer_524,customer524.gmail.com,Delhi,Paid Social,2022-07-25,51,F,597.0,4.0,2854.29,11.0,At-Risk,0.0,High Value
1526,customer_525,customer525.gmail.com,Delhi,Google Search,2024-07-08,31,M,412.0,2.0,470.75,6.0,At-Risk,1.0,At-Risk
1527,customer_526,customer526.gmail.com,Chennai,Paid Social,2023-04-24,19,M,832.0,3.0,437.4,6.0,Hibernating,2.0,Lost
1528,customer_527,customer527.gmail.com,Mumbai,Organic,2024-04-07,44,M,87.0,4.0,794.45,12.0,Loyal Customers,3.0,Loyal
1529,customer_528,customer528.gmail.com,Delhi,Organic,2024-06-29,59,F,1095.0,1.0,55.29,3.0,Lost,2.0,Lost
1530,customer_529,customer529.gmail.com,Mumbai,SMS,2023-08-27,48,F,17.0,3.0,473.18,10.0,Loyal Customers,3.0,Loyal
1531,customer_530,customer530.gmail.com,Hyderabad,Email,2023-04-14,50,F,172.0,1.0,734.01,8.0,New Customers,1.0,At-Risk
1532,customer_531,customer531.gmail.com,Hyderabad,Email,2022-03-19,44,Others,41.0,5.0,827.75,13.0,Loyal Customers,3.0,Loyal
1533,customer_532,customer532.gmail.com,Chennai,Paid Social,2024-11-28,62,F,2.0,3.0,1321.62,12.0,Loyal Customers,3.0,Loyal
1534,customer_533,customer533.gmail.com,Chennai,Google Search,2024-03-13,45,F,742.0,1.0,119.14,3.0,Lost,2.0,Lost
1535,customer_534,customer534.gmail.com,Hyderabad,Email,2023-10-28,51,F,136.0,5.0,2945.19,14.0,champions,0.0,High Value
1536,customer_535,customer535.gmail.com,Mumbai,Email,2022-11-20,47,M,,,,,,,No Purchase
1537,customer_536,customer536.gmail.com,Delhi,Organic,2024-08-14,54,F,21.0,3.0,479.85,10.0,Loyal Customers,3.0,Loyal
1538,customer_537,customer537.gmail.com,Bengaluru,Paid Social,2022-12-27,51,M,89.0,4.0,592.88,12.0,Loyal Customers,3.0,Loyal
1539,customer_538,customer538.gmail.com,Chennai,Google Search,2024-07-10,18,M,996.0,1.0,148.44,3.0,Lost,2.0,Lost
1540,customer_539,customer539.gmail.com,Pune,SMS,2023-06-09,30,M,70.0,1.0,104.45,7.0,New Customers,1.0,At-Risk
1541,customer_540,customer540.gmail.com,Delhi,Google Search,2022-10-26,35,M,100.0,2.0,292.04,7.0,New Customers,1.0,At-Risk
1542,customer_541,customer541.gmail.com,Mumbai,Paid Social,2022-04-27,57,M,52.0,4.0,2499.86,14.0,champions,0.0,High Value
1543,customer_542,customer542.gmail.com,Bengaluru,Google Search,2024-05-31,18,M,147.0,4.0,1493.04,13.0,champions,3.0,Loyal
1544,customer_543,customer543.gmail.com,Mumbai,Email,2023-10-18,26,F,457.0,2.0,2434.58,9.0,At-Risk,4.0,Potential
1545,customer_544,customer544.gmail.com,Mumbai,Google Search,2024-07-06,23,F,92.0,6.0,2614.3,14.0,champions,0.0,High Value
1546,customer_545,customer545.gmail.com,Pune,Paid Social,2024-08-24,25,M,184.0,3.0,1467.81,12.0,Loyal Customers,3.0,Loyal
1547,customer_546,customer546.gmail.com,Bengaluru,Google Search,2023-04-25,25,F,32.0,5.0,1309.51,14.0,champions,3.0,Loyal
1548,customer_547,customer547.gmail.com,Hyderabad,Paid Social,2023-08-26,41,M,85.0,5.0,893.97,14.0,champions,3.0,Loyal
1549,customer_548,customer548.gmail.com,Delhi,Email,2022-10-30,42,F,157.0,8.0,2657.77,14.0,champions,0.0,High Value
1550,customer_549,customer549.gmail.com,Chennai,Organic,2022-12-25,43,F,133.0,2.0,654.39,9.0,New Customers,1.0,At-Risk
1551,customer_550,customer550.gmail.com,Hyderabad,Google Search,2024-01-26,43,M,36.0,4.0,1148.75,13.0,champions,3.0,Loyal
1552,customer_551,customer551.gmail.com,Mumbai,Email,2022-12-15,56,M,336.0,3.0,1288.2000000000005,10.0,Loyal Customers,4.0,Potential
1553,customer_552,customer552.gmail.com,Pune,Organic,2022-05-08,57,F,626.0,1.0,199.68,3.0,Lost,2.0,Lost
1554,customer_553,customer553.gmail.com,Bengaluru,Email,2023-03-28,51,M,47.0,7.0,3071.35,15.0,champions,0.0,High Value
1555,customer_554,customer554.gmail.com,Pune,Organic,2024-05-27,25,M,344.0,1.0,254.16,5.0,Hibernating,1.0,At-Risk
1556,customer_555,customer555.gmail.com,Chennai,Organic,2024-01-25,63,M,502.0,1.0,665.82,6.0,Hibernating,2.0,Lost
1557,customer_556,customer556.gmail.com,Pune,SMS,2022-08-30,19,M,540.0,2.0,1359.6,9.0,At-Risk,4.0,Potential
1558,customer_557,customer557.gmail.com,Bengaluru,Organic,2023-10-27,35,F,59.0,2.0,326.91,9.0,New Customers,1.0,At-Risk
1559,customer_558,customer558.gmail.com,Bengaluru,Organic,2023-01-13,33,M,551.0,2.0,1319.0500000000002,8.0,At-Risk,4.0,Potential
1560,customer_559,customer559.gmail.com,Chennai,Email,2024-12-18,45,F,257.0,2.0,467.49,7.0,Hibernating,1.0,At-Risk
1561,customer_560,customer560.gmail.com,Bengaluru,Paid Social,2024-01-12,25,F,117.0,6.0,2110.62,14.0,champions,0.0,High Value
1562,customer_561,customer561.gmail.com,Pune,Organic,2022-02-06,35,M,30.0,2.0,334.29,9.0,New Customers,1.0,At-Risk
1563,customer_562,customer562.gmail.com,Mumbai,Organic,2023-04-29,56,M,696.0,1.0,337.64,4.0,Lost,2.0,Lost
1564,customer_563,customer563.gmail.com,Chennai,Paid Social,2022-04-18,59,F,683.0,2.0,613.75,6.0,Hibernating,2.0,Lost
1565,customer_564,customer564.gmail.com,Pune,Organic,2022-04-21,36,M,38.0,5.0,1569.26,15.0,champions,0.0,High Value
1566,customer_565,customer565.gmail.com,Mumbai,Google Search,2023-06-08,49,F,455.0,4.0,2076.81,11.0,At-Risk,0.0,High Value
1567,customer_566,customer566.gmail.com,Delhi,Google Search,2023-02-05,49,F,244.0,1.0,187.33,5.0,Hibernating,1.0,At-Risk
1568,customer_567,customer567.gmail.com,Mumbai,Email,2023-05-06,59,M,59.0,4.0,1055.41,13.0,champions,3.0,Loyal
1569,customer_568,customer568.gmail.com,Delhi,SMS,2024-09-26,38,M,41.0,2.0,226.85,8.0,New Customers,1.0,At-Risk
1570,customer_569,customer569.gmail.com,Hyderabad,Google Search,2024-03-10,46,F,385.0,2.0,268.41,5.0,At-Risk,1.0,At-Risk
1571,customer_570,customer570.gmail.com,Delhi,Google Search,2022-08-27,62,M,9.0,2.0,134.75,8.0,New Customers,1.0,At-Risk
1572,customer_571,customer571.gmail.com,Pune,Organic,2023-04-17,22,M,213.0,3.0,496.35,8.0,Loyal Customers,3.0,Loyal
1573,customer_572,customer572.gmail.com,Hyderabad,Organic,2022-06-10,37,F,50.0,3.0,2361.91,13.0,Loyal Customers,0.0,High Value
1574,customer_573,customer573.gmail.com,Pune,Google Search,2022-06-11,39,M,847.0,1.0,102.2,3.0,Lost,2.0,Lost
1575,customer_574,customer574.gmail.com,Pune,Google Search,2023-02-17,44,M,649.0,2.0,475.12,5.0,Hibernating,2.0,Lost
1576,customer_575,customer575.gmail.com,Delhi,Organic,2023-06-17,60,F,,,,,,,No Purchase
1577,customer_576,customer576.gmail.com,Bengaluru,Paid Social,2024-12-18,18,F,134.0,2.0,455.76,8.0,New Customers,1.0,At-Risk
1578,customer_577,customer577.gmail.com,Pune,Google Search,2024-09-20,30,M,660.0,4.0,2745.7200000000003,10.0,Cannot Lose Them,0.0,High Value
1579,customer_578,customer578.gmail.com,Hyderabad,SMS,2023-08-29,50,M,,,,,,,No Purchase
1580,customer_579,customer579.gmail.com,Pune,Paid Social,2024-02-27,56,M,364.0,3.0,674.45,8.0,At-Risk,4.0,Potential
1581,customer_580,customer580.gmail.com,Bengaluru,SMS,2022-02-12,23,F,337.0,3.0,771.76,9.0,Loyal Customers,4.0,Potential
1582,customer_581,customer581.gmail.com,Bengaluru,SMS,2022-08-20,30,M,,,,,,,No Purchase
1583,customer_582,customer582.gmail.com,Chennai,Email,2022-11-14,31,F,31.0,3.0,823.14,11.0,Loyal Customers,3.0,Loyal
1584,customer_583,customer583.gmail.com,Pune,Organic,2024-02-09,25,M,402.0,4.0,842.29,9.0,At-Risk,3.0,Loyal
1585,customer_584,customer584.gmail.com,Bengaluru,SMS,2024-08-16,20,F,9.0,5.0,2069.95,15.0,champions,0.0,High Value
1586,customer_585,customer585.gmail.com,Chennai,Google Search,2022-07-13,54,F,123.0,4.0,1201.81,12.0,champions,3.0,Loyal
1587,customer_586,customer586.gmail.com,Delhi,Google Search,2024-09-23,29,F,184.0,6.0,1351.36,13.0,champions,0.0,High Value
1588,customer_587,customer587.gmail.com,Mumbai,Paid Social,2023-05-30,25,M,185.0,2.0,1063.44,10.0,New Customers,1.0,At-Risk
1589,customer_588,customer588.gmail.com,Bengaluru,Google Search,2023-12-17,46,M,207.0,3.0,1519.74,11.0,Loyal Customers,3.0,Loyal
1590,customer_589,customer589.gmail.com,Pune,Google Search,2023-09-03,37,F,140.0,4.0,1618.12,13.0,champions,3.0,Loyal
1591,customer_590,customer590.gmail.com,Bengaluru,Email,2023-10-14,40,M,422.0,2.0,300.45,5.0,At-Risk,1.0,At-Risk
1592,customer_591,customer591.gmail.com,Pune,SMS,2022-12-29,21,M,437.0,6.0,1801.47,12.0,At-Risk,0.0,High Value
1593,customer_592,customer592.gmail.com,Hyderabad,Organic,2023-09-20,42,M,282.0,1.0,58.43,5.0,Hibernating,1.0,At-Risk
1594,customer_593,customer593.gmail.com,Pune,Paid Social,2024-07-23,49,F,974.0,3.0,1180.24,8.0,Cannot Lose Them,4.0,Potential
1595,customer_594,customer594.gmail.com,Hyderabad,Email,2024-05-01,42,F,1010.0,3.0,1151.82,8.0,Cannot Lose Them,4.0,Potential
1596,customer_595,customer595.gmail.com,Chennai,SMS,2024-08-03,22,Others,881.0,1.0,364.27,4.0,Lost,2.0,Lost
1597,customer_596,customer596.gmail.com,Mumbai,SMS,2023-09-14,27,F,879.0,2.0,291.52,4.0,Hibernating,2.0,Lost
1598,customer_597,customer597.gmail.com,Delhi,Google Search,2024-08-13,48,F,44.0,6.0,1911.22,15.0,champions,0.0,High Value
1599,customer_598,customer598.gmail.com,Mumbai,Google Search,2023-02-24,21,F,528.0,1.0,374.21,5.0,Hibernating,2.0,Lost
1600,customer_599,customer599.gmail.com,Pune,Paid Social,2022-12-12,24,F,21.0,3.0,2289.31,13.0,Loyal Customers,0.0,High Value
1601,customer_600,customer600.gmail.com,Mumbai,Organic,2023-04-17,51,Others,2.0,3.0,505.12,10.0,Loyal Customers,3.0,Loyal
1602,customer_601,customer601.gmail.com,Hyderabad,Google Search,2023-07-24,58,M,293.0,2.0,266.83,6.0,Hibernating,1.0,At-Risk
1603,customer_602,customer602.gmail.com,Mumbai,Organic,2023-01-15,38,M,189.0,3.0,1027.39,11.0,Loyal Customers,3.0,Loyal
1604,customer_603,customer603.gmail.com,Delhi,Google Search,2022-04-09,36,M,,,,,,,No Purchase
1605,customer_604,customer604.gmail.com,Bengaluru,Organic,2023-04-13,24,F,202.0,3.0,438.37,9.0,Loyal Customers,3.0,Loyal
1606,customer_605,customer605.gmail.com,Hyderabad,Google Search,2022-11-15,51,F,162.0,2.0,760.75,9.0,New Customers,1.0,At-Risk
1607,customer_606,customer606.gmail.com,Chennai,Google Search,2024-05-15,50,M,189.0,2.0,805.11,9.0,New Customers,1.0,At-Risk
1608,customer_607,customer607.gmail.com,Mumbai,Google Search,2023-06-04,59,Others,101.0,1.0,521.57,7.0,New Customers,1.0,At-Risk
1609,customer_608,customer608.gmail.com,Mumbai,Google Search,2022-12-04,38,F,14.0,3.0,1811.15,13.0,Loyal Customers,3.0,Loyal
1610,customer_609,customer609.gmail.com,Mumbai,Organic,2024-11-26,55,M,,,,,,,No Purchase
1611,customer_610,customer610.gmail.com,Hyderabad,Email,2023-07-30,34,M,334.0,1.0,435.5,6.0,Hibernating,1.0,At-Risk
1612,customer_611,customer611.gmail.com,Mumbai,Paid Social,2022-03-21,63,F,,,,,,,No Purchase
1613,customer_612,customer612.gmail.com,Bengaluru,Email,2022-08-06,34,M,118.0,1.0,813.11,8.0,New Customers,1.0,At-Risk
1614,customer_613,customer613.gmail.com,Chennai,Organic,2023-11-22,32,F,618.0,2.0,743.6700000000001,6.0,Hibernating,4.0,Potential
1615,customer_614,customer614.gmail.com,Pune,Paid Social,2022-01-20,25,F,,,,,,,No Purchase
1616,customer_615,customer615.gmail.com,Mumbai,Google Search,2022-05-03,54,F,380.0,1.0,87.23,4.0,Hibernating,1.0,At-Risk
1617,customer_616,customer616.gmail.com,Bengaluru,Email,2023-07-29,36,F,419.0,2.0,660.25,7.0,At-Risk,4.0,Potential
1618,customer_617,customer617.gmail.com,Hyderabad,Paid Social,2022-12-20,46,M,12.0,5.0,1363.63,15.0,champions,3.0,Loyal
1619,customer_618,customer618.gmail.com,Pune,Email,2024-02-20,55,F,98.0,2.0,1911.65,11.0,New Customers,3.0,Loyal
1620,customer_619,customer619.gmail.com,Chennai,Organic,2022-12-19,50,M,41.0,3.0,989.41,12.0,Loyal Customers,3.0,Loyal
1621,customer_620,customer620.gmail.com,Hyderabad,Paid Social,2022-03-27,45,M,141.0,1.0,76.56,6.0,New Customers,1.0,At-Risk
1622,customer_621,customer621.gmail.com,Pune,Google Search,2022-06-04,57,M,4.0,2.0,638.39,10.0,New Customers,1.0,At-Risk
1623,customer_622,customer622.gmail.com,Bengaluru,SMS,2024-05-12,50,M,676.0,1.0,388.96,4.0,Lost,2.0,Lost
1624,customer_623,customer623.gmail.com,Bengaluru,Google Search,2023-02-28,24,M,393.0,1.0,165.28,4.0,Hibernating,1.0,At-Risk
1625,customer_624,customer624.gmail.com,Pune,SMS,2024-08-23,52,F,454.0,2.0,1119.0800000000002,8.0,At-Risk,4.0,Potential
1626,customer_625,customer625.gmail.com,Bengaluru,Google Search,2024-09-26,25,M,670.0,1.0,131.22,3.0,Lost,2.0,Lost
1627,customer_626,customer626.gmail.com,Chennai,Organic,2024-04-06,24,F,739.0,1.0,650.5,5.0,Lost,2.0,Lost
1628,customer_627,customer627.gmail.com,Delhi,Paid Social,2024-03-13,62,F,,,,,,,No Purchase
1629,customer_628,customer628.gmail.com,Pune,Email,2023-05-09,38,F,199.0,2.0,880.38,9.0,New Customers,1.0,At-Risk
1630,customer_629,customer629.gmail.com,Mumbai,Google Search,2022-06-19,42,F,306.0,4.0,671.4,10.0,Loyal Customers,3.0,Loyal
1631,customer_630,customer630.gmail.com,Chennai,SMS,2023-01-06,20,F,794.0,1.0,261.53,3.0,Lost,2.0,Lost
1632,customer_631,customer631.gmail.com,Mumbai,Paid Social,2022-07-26,49,Others,530.0,3.0,1058.04,9.0,At-Risk,4.0,Potential
1633,customer_632,customer632.gmail.com,Mumbai,Email,2024-11-20,28,F,,,,,,,No Purchase
1634,customer_633,customer633.gmail.com,Mumbai,SMS,2024-09-19,38,M,370.0,5.0,1611.37,12.0,At-Risk,0.0,High Value
1635,customer_634,customer634.gmail.com,Mumbai,SMS,2023-10-16,49,Others,273.0,2.0,364.21,7.0,Hibernating,1.0,At-Risk
1636,customer_635,customer635.gmail.com,Chennai,Paid Social,2022-08-10,19,M,59.0,2.0,334.31,9.0,New Customers,1.0,At-Risk
1637,customer_636,customer636.gmail.com,Delhi,Organic,2022-08-27,40,F,244.0,4.0,665.44,10.0,Loyal Customers,3.0,Loyal
1638,customer_637,customer637.gmail.com,Mumbai,Organic,2023-03-09,62,M,39.0,5.0,1749.29,15.0,champions,0.0,High Value
1639,customer_638,customer638.gmail.com,Bengaluru,Organic,2024-11-18,27,F,423.0,3.0,466.51,7.0,At-Risk,4.0,Potential
1640,customer_639,customer639.gmail.com,Hyderabad,Paid Social,2022-01-08,31,M,,,,,,,No Purchase
1641,customer_640,customer640.gmail.com,Bengaluru,SMS,2024-04-24,26,F,342.0,3.0,1145.78,10.0,Loyal Customers,4.0,Potential
1642,customer_641,customer641.gmail.com,Bengaluru,Paid Social,2022-05-24,36,M,260.0,4.0,2154.04,12.0,Loyal Customers,0.0,High Value
1643,customer_642,customer642.gmail.com,Delhi,Organic,2022-01-03,20,F,52.0,3.0,903.88,12.0,Loyal Customers,3.0,Loyal
1644,customer_643,customer643.gmail.com,Delhi,Google Search,2022-01-13,49,M,907.0,1.0,195.22,3.0,Lost,2.0,Lost
1645,customer_644,customer644.gmail.com,Bengaluru,Paid Social,2024-01-12,40,M,193.0,4.0,1076.69,12.0,champions,3.0,Loyal
1646,customer_645,customer645.gmail.com,Bengaluru,Google Search,2022-01-26,36,M,481.0,4.0,1553.18,11.0,At-Risk,4.0,Potential
1647,customer_646,customer646.gmail.com,Mumbai,Organic,2022-06-11,29,M,932.0,3.0,549.39,6.0,Hibernating,2.0,Lost
1648,customer_647,customer647.gmail.com,Chennai,Paid Social,2023-10-13,40,M,,,,,,,No Purchase
1649,customer_648,customer648.gmail.com,Hyderabad,Paid Social,2022-10-16,31,M,90.0,3.0,591.0,11.0,Loyal Customers,3.0,Loyal
1650,customer_649,customer649.gmail.com,Chennai,Google Search,2023-12-26,53,M,291.0,2.0,564.04,7.0,Hibernating,1.0,At-Risk
1651,customer_650,customer650.gmail.com,Delhi,Email,2024-07-24,59,F,437.0,1.0,549.81,5.0,Hibernating,1.0,At-Risk
1652,customer_651,customer651.gmail.com,Hyderabad,Google Search,2022-08-01,20,M,68.0,3.0,524.94,10.0,Loyal Customers,3.0,Loyal
1653,customer_652,customer652.gmail.com,Hyderabad,Organic,2023-04-04,27,M,,,,,,,No Purchase
1654,customer_653,customer653.gmail.com,Chennai,Google Search,2023-04-10,39,F,50.0,3.0,571.03,11.0,Loyal Customers,3.0,Loyal
1655,customer_654,customer654.gmail.com,Delhi,Email,2024-05-30,21,F,821.0,1.0,234.94,3.0,Lost,2.0,Lost
1656,customer_655,customer655.gmail.com,Hyderabad,Organic,2023-07-08,32,Others,314.0,3.0,1237.74,10.0,Loyal Customers,3.0,Loyal
1657,customer_656,customer656.gmail.com,Mumbai,Paid Social,2022-05-09,52,M,110.0,5.0,1194.23,13.0,champions,3.0,Loyal
1658,customer_657,customer657.gmail.com,Chennai,Paid Social,2024-07-23,61,M,240.0,2.0,616.56,8.0,Potential Loyalists,1.0,At-Risk
1659,customer_658,customer658.gmail.com,Delhi,Email,2023-12-23,22,Others,553.0,1.0,198.5,4.0,Hibernating,2.0,Lost
1660,customer_659,customer659.gmail.com,Bengaluru,Organic,2023-05-04,45,F,266.0,3.0,977.45,10.0,Loyal Customers,3.0,Loyal
1661,customer_660,customer660.gmail.com,Pune,Organic,2022-04-20,57,F,325.0,3.0,1146.76,10.0,Loyal Customers,4.0,Potential
1662,customer_661,customer661.gmail.com,Mumbai,Paid Social,2023-03-14,63,F,16.0,4.0,1455.29,14.0,champions,3.0,Loyal
1663,customer_662,customer662.gmail.com,Delhi,Google Search,2024-09-26,44,M,,,,,,,No Purchase
1664,customer_663,customer663.gmail.com,Hyderabad,Google Search,2022-01-20,32,F,143.0,1.0,246.06,6.0,New Customers,1.0,At-Risk
1665,customer_664,customer664.gmail.com,Chennai,Organic,2024-06-16,47,M,47.0,4.0,1039.0700000000002,13.0,champions,3.0,Loyal
1666,customer_665,customer665.gmail.com,Bengaluru,Email,2023-10-10,25,M,268.0,1.0,598.08,7.0,Hibernating,1.0,At-Risk
1667,customer_666,customer666.gmail.com,Pune,Email,2024-04-13,37,F,406.0,5.0,2313.04,12.0,At-Risk,0.0,High Value
1668,customer_667,customer667.gmail.com,Delhi,Paid Social,2022-04-26,30,M,463.0,4.0,1284.91,10.0,At-Risk,4.0,Potential
1669,customer_668,customer668.gmail.com,Chennai,SMS,2023-11-14,23,M,5.0,2.0,660.21,10.0,New Customers,1.0,At-Risk
1670,customer_669,customer669.gmail.com,Mumbai,Email,2024-04-29,18,M,587.0,1.0,254.99,4.0,Hibernating,2.0,Lost
1671,customer_670,customer670.gmail.com,Mumbai,SMS,2022-09-10,63,M,,,,,,,No Purchase
1672,customer_671,customer671.gmail.com,Bengaluru,Google Search,2022-09-02,59,F,349.0,5.0,1479.36,13.0,Loyal Customers,0.0,High Value
1673,customer_672,customer672.gmail.com,Mumbai,Paid Social,2022-04-30,35,Others,649.0,4.0,748.92,8.0,Cannot Lose Them,4.0,Potential
1674,customer_673,customer673.gmail.com,Delhi,Google Search,2022-07-21,23,M,284.0,6.0,1692.91,13.0,Loyal Customers,0.0,High Value
1675,customer_674,customer674.gmail.com,Bengaluru,Email,2023-03-27,53,M,218.0,4.0,840.34,10.0,Loyal Customers,3.0,Loyal
1676,customer_675,customer675.gmail.com,Pune,Google Search,2024-03-22,43,M,635.0,2.0,460.53,5.0,Hibernating,2.0,Lost
1677,customer_676,customer676.gmail.com,Chennai,Organic,2022-04-22,51,F,135.0,5.0,1332.41,13.0,champions,3.0,Loyal
1678,customer_677,customer677.gmail.com,Delhi,Google Search,2022-08-23,53,F,,,,,,,No Purchase
1679,customer_678,customer678.gmail.com,Mumbai,SMS,2023-06-17,34,M,1055.0,1.0,301.13,3.0,Lost,2.0,Lost
1680,customer_679,customer679.gmail.com,Pune,SMS,2024-02-02,42,M,,,,,,,No Purchase
1681,customer_680,customer680.gmail.com,Pune,Google Search,2022-07-08,45,F,75.0,1.0,214.87,7.0,New Customers,1.0,At-Risk
1682,customer_681,customer681.gmail.com,Chennai,Email,2024-04-13,32,M,23.0,3.0,1295.0700000000002,12.0,Loyal Customers,3.0,Loyal
1683,customer_682,customer682.gmail.com,Bengaluru,SMS,2022-01-16,21,M,707.0,1.0,191.61,3.0,Lost,2.0,Lost
1684,customer_683,customer683.gmail.com,Mumbai,Paid Social,2023-03-15,44,M,778.0,1.0,291.61,3.0,Lost,2.0,Lost
1685,customer_684,customer684.gmail.com,Hyderabad,Organic,2023-09-15,50,F,,,,,,,No Purchase
1686,customer_685,customer685.gmail.com,Pune,Email,2023-12-04,37,M,67.0,2.0,557.74,9.0,New Customers,1.0,At-Risk
1687,customer_686,customer686.gmail.com,Pune,Paid Social,2023-03-13,38,M,332.0,2.0,510.09,7.0,Hibernating,1.0,At-Risk
1688,customer_687,customer687.gmail.com,Delhi,Email,2023-11-03,57,F,157.0,3.0,1199.9,11.0,Loyal Customers,3.0,Loyal
1689,customer_688,customer688.gmail.com,Bengaluru,SMS,2024-05-02,58,F,125.0,6.0,1199.54,13.0,champions,0.0,High Value
1690,customer_689,customer689.gmail.com,Hyderabad,Email,2024-02-21,27,F,636.0,2.0,327.22,5.0,Hibernating,2.0,Lost
1691,customer_690,customer690.gmail.com,Mumbai,Paid Social,2022-04-24,61,M,29.0,2.0,576.89,10.0,New Customers,1.0,At-Risk
1692,customer_691,customer691.gmail.com,Mumbai,Email,2023-09-19,49,F,1026.0,1.0,729.99,5.0,Lost,2.0,Lost
1693,customer_692,customer692.gmail.com,Delhi,SMS,2024-04-16,56,M,93.0,4.0,916.69,12.0,champions,3.0,Loyal
1694,customer_693,customer693.gmail.com,Hyderabad,Google Search,2022-08-16,54,F,16.0,3.0,551.68,10.0,Loyal Customers,3.0,Loyal
1695,customer_694,customer694.gmail.com,Mumbai,Paid Social,2024-05-02,43,F,648.0,1.0,135.18,3.0,Lost,2.0,Lost
1696,customer_695,customer695.gmail.com,Pune,Google Search,2024-03-02,39,F,8.0,4.0,1377.33,14.0,champions,3.0,Loyal
1697,customer_696,customer696.gmail.com,Chennai,SMS,2022-03-28,57,F,408.0,3.0,1140.69,9.0,At-Risk,4.0,Potential
1698,customer_697,customer697.gmail.com,Pune,Paid Social,2024-03-10,30,M,30.0,4.0,706.23,12.0,Loyal Customers,3.0,Loyal
1699,customer_698,customer698.gmail.com,Delhi,Google Search,2022-02-27,49,M,654.0,1.0,184.79,3.0,Lost,2.0,Lost
1700,customer_699,customer699.gmail.com,Mumbai,Paid Social,2023-11-27,26,M,44.0,1.0,93.05,7.0,New Customers,1.0,At-Risk
1701,customer_700,customer700.gmail.com,Delhi,Organic,2022-10-03,54,M,63.0,1.0,330.54,8.0,New Customers,1.0,At-Risk
1702,customer_701,customer701.gmail.com,Chennai,Google Search,2024-01-08,59,M,296.0,2.0,395.93,7.0,Hibernating,1.0,At-Risk
1703,customer_702,customer702.gmail.com,Delhi,Google Search,2023-10-04,56,M,302.0,4.0,586.16,10.0,Loyal Customers,3.0,Loyal
1704,customer_703,customer703.gmail.com,Bengaluru,Organic,2023-08-08,33,F,,,,,,,No Purchase
1705,customer_704,customer704.gmail.com,Mumbai,SMS,2022-01-15,51,F,619.0,4.0,2478.11,10.0,Cannot Lose Them,0.0,High Value
1706,customer_705,customer705.gmail.com,Mumbai,Organic,2022-05-10,27,F,715.0,2.0,378.34,5.0,Hibernating,2.0,Lost
1707,customer_706,customer706.gmail.com,Delhi,Paid Social,2023-12-06,41,F,66.0,2.0,490.07,9.0,New Customers,1.0,At-Risk
1708,customer_707,customer707.gmail.com,Delhi,Paid Social,2023-03-07,27,F,,,,,,,No Purchase
1709,customer_708,customer708.gmail.com,Chennai,Paid Social,2023-08-20,62,F,108.0,2.0,512.98,8.0,New Customers,1.0,At-Risk
1710,customer_709,customer709.gmail.com,Pune,SMS,2022-11-25,43,Others,,,,,,,No Purchase
1711,customer_710,customer710.gmail.com,Bengaluru,Organic,2024-10-04,51,M,149.0,4.0,701.05,11.0,Loyal Customers,3.0,Loyal
1712,customer_711,customer711.gmail.com,Delhi,Email,2022-08-28,54,F,456.0,3.0,503.44000000000005,7.0,At-Risk,4.0,Potential
1713,customer_712,customer712.gmail.com,Mumbai,Google Search,2024-12-11,21,F,460.0,1.0,189.33,4.0,Hibernating,1.0,At-Risk
1714,customer_713,customer713.gmail.com,Bengaluru,Organic,2022-05-01,46,F,6.0,2.0,611.59,10.0,New Customers,1.0,At-Risk
1715,customer_714,customer714.gmail.com,Mumbai,Paid Social,2022-02-19,39,M,219.0,4.0,1146.56,11.0,Loyal Customers,3.0,Loyal
1716,customer_715,customer715.gmail.com,Bengaluru,Organic,2022-03-03,42,F,376.0,2.0,298.34,5.0,At-Risk,1.0,At-Risk
1717,customer_716,customer716.gmail.com,Pune,Organic,2024-03-28,28,F,94.0,1.0,111.58,6.0,New Customers,1.0,At-Risk
1718,customer_717,customer717.gmail.com,Chennai,SMS,2022-03-04,63,F,28.0,3.0,1131.72,12.0,Loyal Customers,3.0,Loyal
1719,customer_718,customer718.gmail.com,Chennai,Google Search,2024-04-26,37,M,335.0,3.0,1085.74,10.0,Loyal Customers,4.0,Potential
1720,customer_719,customer719.gmail.com,Chennai,SMS,2023-01-28,41,F,194.0,4.0,1163.99,12.0,champions,3.0,Loyal
1721,customer_720,customer720.gmail.com,Chennai,SMS,2023-02-21,64,F,632.0,3.0,980.17,8.0,Cannot Lose Them,4.0,Potential
1722,customer_721,customer721.gmail.com,Chennai,Paid Social,2023-11-04,48,Others,481.0,1.0,324.48,5.0,Hibernating,1.0,At-Risk
1723,customer_722,customer722.gmail.com,Hyderabad,SMS,2023-12-06,42,M,186.0,3.0,454.72,9.0,Loyal Customers,3.0,Loyal
1724,customer_723,customer723.gmail.com,Hyderabad,Google Search,2022-07-19,22,M,84.0,3.0,1207.34,12.0,Loyal Customers,3.0,Loyal
1725,customer_724,customer724.gmail.com,Delhi,Paid Social,2024-05-10,48,F,223.0,5.0,921.93,12.0,Loyal Customers,3.0,Loyal
1726,customer_725,customer725.gmail.com,Hyderabad,SMS,2023-09-08,61,F,183.0,3.0,952.68,11.0,Loyal Customers,3.0,Loyal
1727,customer_726,customer726.gmail.com,Chennai,Paid Social,2022-11-26,40,M,314.0,3.0,887.33,10.0,Loyal Customers,3.0,Loyal
1728,customer_727,customer727.gmail.com,Mumbai,Organic,2024-06-07,34,M,218.0,1.0,170.53,5.0,Hibernating,1.0,At-Risk
1729,customer_728,customer728.gmail.com,Mumbai,Google Search,2022-07-21,19,M,,,,,,,No Purchase
1730,customer_729,customer729.gmail.com,Bengaluru,Email,2024-05-24,19,F,936.0,1.0,210.55,3.0,Lost,2.0,Lost
1731,customer_730,customer730.gmail.com,Pune,Email,2023-04-23,44,F,250.0,3.0,843.31,9.0,Loyal Customers,3.0,Loyal
1732,customer_731,customer731.gmail.com,Delhi,Email,2024-01-30,39,M,456.0,2.0,284.06,5.0,At-Risk,1.0,At-Risk
1733,customer_732,customer732.gmail.com,Delhi,Organic,2024-05-29,34,M,,,,,,,No Purchase
1734,customer_733,customer733.gmail.com,Mumbai,SMS,2024-04-17,50,F,950.0,2.0,232.94,4.0,Hibernating,2.0,Lost
1735,customer_734,customer734.gmail.com,Mumbai,Organic,2023-02-07,22,F,323.0,3.0,2826.73,11.0,Loyal Customers,0.0,High Value
1736,customer_735,customer735.gmail.com,Chennai,Email,2024-07-18,30,F,141.0,2.0,486.41,8.0,New Customers,1.0,At-Risk
1737,customer_736,customer736.gmail.com,Hyderabad,SMS,2023-01-04,34,M,,,,,,,No Purchase
1738,customer_737,customer737.gmail.com,Delhi,Organic,2023-08-16,60,M,8.0,4.0,803.5,12.0,Loyal Customers,3.0,Loyal
1739,customer_738,customer738.gmail.com,Bengaluru,SMS,2022-03-01,37,F,25.0,1.0,414.09,8.0,New Customers,1.0,At-Risk
1740,customer_739,customer739.gmail.com,Pune,Email,2022-11-15,37,M,27.0,2.0,540.56,9.0,New Customers,1.0,At-Risk
1741,customer_740,customer740.gmail.com,Chennai,Google Search,2024-08-13,45,M,76.0,3.0,614.87,11.0,Loyal Customers,3.0,Loyal
1742,customer_741,customer741.gmail.com,Delhi,Email,2024-12-08,29,F,369.0,5.0,1390.32,12.0,At-Risk,3.0,Loyal
1743,customer_742,customer742.gmail.com,Chennai,Email,2022-03-01,37,F,,,,,,,No Purchase
1744,customer_743,customer743.gmail.com,Bengaluru,Paid Social,2023-06-24,24,M,,,,,,,No Purchase
1745,customer_744,customer744.gmail.com,Mumbai,SMS,2023-08-12,22,M,974.0,1.0,346.62,4.0,Lost,2.0,Lost
1746,customer_745,customer745.gmail.com,Bengaluru,Paid Social,2023-10-06,46,M,,,,,,,No Purchase
1747,customer_746,customer746.gmail.com,Bengaluru,Organic,2022-06-29,42,M,340.0,1.0,326.14,6.0,Hibernating,1.0,At-Risk
1748,customer_747,customer747.gmail.com,Chennai,Organic,2023-08-15,28,M,38.0,3.0,768.61,11.0,Loyal Customers,3.0,Loyal
1749,customer_748,customer748.gmail.com,Chennai,Email,2023-06-12,58,M,418.0,2.0,607.53,7.0,At-Risk,1.0,At-Risk
1750,customer_749,customer749.gmail.com,Delhi,Paid Social,2022-12-06,28,F,168.0,2.0,872.27,9.0,New Customers,1.0,At-Risk
1751,customer_750,customer750.gmail.com,Bengaluru,Paid Social,2024-02-05,49,F,672.0,2.0,975.01,7.0,Hibernating,4.0,Potential
1752,customer_751,customer751.gmail.com,Delhi,Google Search,2022-10-18,55,M,448.0,2.0,835.6199999999999,7.0,At-Risk,4.0,Potential
1753,customer_752,customer752.gmail.com,Hyderabad,Google Search,2024-11-25,35,M,361.0,4.0,1009.39,10.0,At-Risk,3.0,Loyal
1754,customer_753,customer753.gmail.com,Hyderabad,Email,2023-11-08,32,F,846.0,1.0,803.29,5.0,Lost,2.0,Lost
1755,customer_754,customer754.gmail.com,Bengaluru,Organic,2022-03-28,34,M,274.0,2.0,768.39,8.0,Potential Loyalists,1.0,At-Risk
1756,customer_755,customer755.gmail.com,Bengaluru,Google Search,2024-11-24,41,M,294.0,2.0,624.0,8.0,Potential Loyalists,1.0,At-Risk
1757,customer_756,customer756.gmail.com,Pune,Paid Social,2023-10-08,61,M,474.0,2.0,262.41,5.0,At-Risk,1.0,At-Risk
1758,customer_757,customer757.gmail.com,Mumbai,Paid Social,2022-11-17,36,M,404.0,1.0,330.07,5.0,Hibernating,1.0,At-Risk
1759,customer_758,customer758.gmail.com,Hyderabad,Email,2022-05-07,54,F,885.0,1.0,878.65,5.0,Lost,2.0,Lost
1760,customer_759,customer759.gmail.com,Bengaluru,SMS,2024-05-21,22,F,214.0,1.0,437.2,6.0,Hibernating,1.0,At-Risk
1761,customer_760,customer760.gmail.com,Bengaluru,SMS,2024-08-18,56,M,985.0,2.0,899.06,7.0,Hibernating,2.0,Lost
1762,customer_761,customer761.gmail.com,Bengaluru,Organic,2022-01-03,21,M,518.0,5.0,1419.75,12.0,At-Risk,4.0,Potential
1763,customer_762,customer762.gmail.com,Chennai,Email,2024-10-10,18,F,182.0,4.0,1454.01,13.0,champions,3.0,Loyal
1764,customer_763,customer763.gmail.com,Bengaluru,Google Search,2022-03-20,47,M,62.0,5.0,3179.56,15.0,champions,0.0,High Value
1765,customer_764,customer764.gmail.com,Bengaluru,Organic,2024-10-18,34,M,80.0,3.0,1066.13,12.0,Loyal Customers,3.0,Loyal
1766,customer_765,customer765.gmail.com,Pune,Google Search,2023-12-14,60,Others,204.0,3.0,441.84,9.0,Loyal Customers,3.0,Loyal
1767,customer_766,customer766.gmail.com,Chennai,Email,2022-01-25,53,F,24.0,3.0,1820.11,13.0,Loyal Customers,3.0,Loyal
1768,customer_767,customer767.gmail.com,Mumbai,Organic,2022-03-07,47,M,121.0,3.0,671.56,10.0,Loyal Customers,3.0,Loyal
1769,customer_768,customer768.gmail.com,Pune,Organic,2022-05-31,60,Others,110.0,1.0,277.09,6.0,New Customers,1.0,At-Risk
1770,customer_769,customer769.gmail.com,Delhi,Google Search,2024-12-09,35,F,,,,,,,No Purchase
1771,customer_770,customer770.gmail.com,Pune,SMS,2023-08-12,53,F,143.0,2.0,275.29,7.0,New Customers,1.0,At-Risk
1772,customer_771,customer771.gmail.com,Mumbai,SMS,2024-05-14,18,F,,,,,,,No Purchase
1773,customer_772,customer772.gmail.com,Mumbai,Google Search,2023-01-29,22,F,134.0,3.0,1085.98,11.0,Loyal Customers,3.0,Loyal
1774,customer_773,customer773.gmail.com,Delhi,Paid Social,2024-10-18,35,M,455.0,3.0,489.81,7.0,At-Risk,4.0,Potential
1775,customer_774,customer774.gmail.com,Delhi,Paid Social,2024-04-24,46,M,131.0,1.0,308.89,6.0,New Customers,1.0,At-Risk
1776,customer_775,customer775.gmail.com,Mumbai,Organic,2023-03-29,34,M,,,,,,,No Purchase
1777,customer_776,customer776.gmail.com,Hyderabad,Google Search,2024-12-29,38,F,11.0,6.0,2068.33,15.0,champions,0.0,High Value
1778,customer_777,customer777.gmail.com,Mumbai,SMS,2024-05-22,19,M,70.0,5.0,1313.3,14.0,champions,3.0,Loyal
1779,customer_778,customer778.gmail.com,Delhi,Email,2023-01-31,53,M,,,,,,,No Purchase
1780,customer_779,customer779.gmail.com,Hyderabad,Paid Social,2023-08-22,37,M,987.0,1.0,355.26,4.0,Lost,2.0,Lost
1781,customer_780,customer780.gmail.com,Delhi,Email,2022-02-16,36,Others,459.0,1.0,197.26,4.0,Hibernating,1.0,At-Risk
1782,customer_781,customer781.gmail.com,Pune,SMS,2023-08-30,35,F,,,,,,,No Purchase
1783,customer_782,customer782.gmail.com,Mumbai,Google Search,2024-09-08,60,M,3.0,1.0,151.17,7.0,New Customers,1.0,At-Risk
1784,customer_783,customer783.gmail.com,Pune,Paid Social,2022-05-26,30,Others,36.0,2.0,711.29,10.0,New Customers,1.0,At-Risk
1785,customer_784,customer784.gmail.com,Bengaluru,Organic,2023-06-20,64,F,363.0,2.0,621.79,7.0,At-Risk,1.0,At-Risk
1786,customer_785,customer785.gmail.com,Pune,Email,2022-09-27,28,M,89.0,3.0,1765.87,13.0,Loyal Customers,3.0,Loyal
1787,customer_786,customer786.gmail.com,Bengaluru,Paid Social,2022-02-07,50,M,666.0,2.0,1373.42,8.0,Hibernating,4.0,Potential
1788,customer_787,customer787.gmail.com,Mumbai,SMS,2022-02-10,45,F,8.0,4.0,2045.26,14.0,champions,0.0,High Value
1789,customer_788,customer788.gmail.com,Chennai,Paid Social,2023-06-30,60,M,45.0,4.0,1617.48,14.0,champions,3.0,Loyal
1790,customer_789,customer789.gmail.com,Delhi,Paid Social,2022-03-09,59,M,822.0,1.0,302.19,3.0,Lost,2.0,Lost
1791,customer_790,customer790.gmail.com,Hyderabad,Google Search,2023-08-26,61,F,495.0,2.0,1707.54,9.0,At-Risk,4.0,Potential
1792,customer_791,customer791.gmail.com,Hyderabad,Google Search,2023-12-04,38,M,117.0,4.0,920.64,12.0,champions,3.0,Loyal
1793,customer_792,customer792.gmail.com,Bengaluru,Organic,2023-07-05,47,F,521.0,2.0,437.65,6.0,At-Risk,4.0,Potential
1794,customer_793,customer793.gmail.com,Delhi,Google Search,2023-02-17,64,F,467.0,1.0,245.41,4.0,Hibernating,1.0,At-Risk
1795,customer_794,customer794.gmail.com,Bengaluru,SMS,2022-10-25,49,F,776.0,1.0,1532.12,7.0,Lost,2.0,Lost
1796,customer_795,customer795.gmail.com,Hyderabad,Organic,2023-08-23,40,F,334.0,1.0,324.4,6.0,Hibernating,1.0,At-Risk
1797,customer_796,customer796.gmail.com,Hyderabad,Email,2024-01-30,42,M,117.0,2.0,1014.06,10.0,New Customers,1.0,At-Risk
1798,customer_797,customer797.gmail.com,Chennai,Organic,2022-12-14,49,M,640.0,1.0,300.68,3.0,Lost,2.0,Lost
1799,customer_798,customer798.gmail.com,Chennai,Google Search,2022-12-17,54,M,,,,,,,No Purchase
1800,customer_799,customer799.gmail.com,Chennai,Organic,2022-06-06,58,F,90.0,2.0,959.74,11.0,New Customers,1.0,At-Risk
1801,customer_800,customer800.gmail.com,Mumbai,Organic,2024-09-02,48,F,308.0,2.0,581.65,8.0,Potential Loyalists,1.0,At-Risk
1802,customer_801,customer801.gmail.com,Chennai,Paid Social,2024-03-11,30,M,417.0,3.0,819.66,8.0,At-Risk,4.0,Potential
1803,customer_802,customer802.gmail.com,Chennai,Paid Social,2024-09-21,23,F,453.0,1.0,1327.21,7.0,Hibernating,4.0,Potential
1804,customer_803,customer803.gmail.com,Bengaluru,Paid Social,2022-08-03,18,M,108.0,3.0,776.79,10.0,Loyal Customers,3.0,Loyal
1805,customer_804,customer804.gmail.com,Bengaluru,Organic,2022-07-29,25,F,750.0,2.0,382.84,5.0,Hibernating,2.0,Lost
1806,customer_805,customer805.gmail.com,Chennai,Google Search,2022-05-21,40,M,4.0,4.0,1983.08,14.0,champions,0.0,High Value
1807,customer_806,customer806.gmail.com,Hyderabad,SMS,2024-06-22,64,M,20.0,3.0,492.74,10.0,Loyal Customers,3.0,Loyal
1808,customer_807,customer807.gmail.com,Hyderabad,SMS,2022-10-28,22,F,129.0,4.0,1332.85,12.0,champions,3.0,Loyal
1809,customer_808,customer808.gmail.com,Mumbai,Email,2023-04-04,46,M,6.0,7.0,3471.65,15.0,champions,0.0,High Value
1810,customer_809,customer809.gmail.com,Delhi,SMS,2024-02-26,39,F,360.0,3.0,923.08,9.0,At-Risk,4.0,Potential
1811,customer_810,customer810.gmail.com,Delhi,Google Search,2024-09-24,22,F,107.0,4.0,809.95,11.0,Loyal Customers,3.0,Loyal
1812,customer_811,customer811.gmail.com,Delhi,SMS,2024-03-28,34,F,24.0,1.0,142.47,7.0,New Customers,1.0,At-Risk
1813,customer_812,customer812.gmail.com,Chennai,Organic,2022-03-18,35,M,120.0,1.0,79.31,6.0,New Customers,1.0,At-Risk
1814,customer_813,customer813.gmail.com,Pune,Organic,2024-07-06,62,F,356.0,5.0,967.43,12.0,Loyal Customers,3.0,Loyal
1815,customer_814,customer814.gmail.com,Delhi,Paid Social,2022-03-25,56,M,231.0,4.0,1293.32,11.0,Loyal Customers,3.0,Loyal
1816,customer_815,customer815.gmail.com,Chennai,Email,2024-01-05,18,F,208.0,3.0,737.91,9.0,Loyal Customers,3.0,Loyal
1817,customer_816,customer816.gmail.com,Mumbai,SMS,2022-01-31,48,F,,,,,,,No Purchase
1818,customer_817,customer817.gmail.com,Bengaluru,Organic,2022-08-08,41,M,230.0,2.0,836.55,8.0,Potential Loyalists,1.0,At-Risk
1819,customer_818,customer818.gmail.com,Bengaluru,SMS,2023-06-18,33,M,93.0,2.0,354.29,8.0,New Customers,1.0,At-Risk
1820,customer_819,customer819.gmail.com,Delhi,Paid Social,2024-06-08,22,M,,,,,,,No Purchase
1821,customer_820,customer820.gmail.com,Pune,Email,2022-08-16,49,M,263.0,3.0,2192.97,11.0,Loyal Customers,0.0,High Value
1822,customer_821,customer821.gmail.com,Bengaluru,Paid Social,2024-10-12,43,F,119.0,3.0,1092.04,11.0,Loyal Customers,3.0,Loyal
1823,customer_822,customer822.gmail.com,Chennai,SMS,2024-09-15,52,M,9.0,3.0,490.97,10.0,Loyal Customers,3.0,Loyal
1824,customer_823,customer823.gmail.com,Pune,SMS,2022-07-20,60,M,38.0,5.0,1702.83,15.0,champions,0.0,High Value
1825,customer_824,customer824.gmail.com,Chennai,Paid Social,2024-08-26,58,F,,,,,,,No Purchase
1826,customer_825,customer825.gmail.com,Delhi,Google Search,2024-02-08,41,M,624.0,1.0,121.29,3.0,Lost,2.0,Lost
1827,customer_826,customer826.gmail.com,Pune,Paid Social,2024-12-12,61,F,483.0,1.0,455.24,5.0,Hibernating,1.0,At-Risk
1828,customer_827,customer827.gmail.com,Hyderabad,Organic,2024-08-10,32,M,896.0,1.0,952.62,6.0,Lost,2.0,Lost
1829,customer_828,customer828.gmail.com,Hyderabad,Google Search,2023-08-15,40,F,548.0,1.0,404.98,5.0,Hibernating,2.0,Lost
1830,customer_829,customer829.gmail.com,Hyderabad,Google Search,2023-07-09,28,F,727.0,1.0,755.09,5.0,Lost,2.0,Lost
1831,customer_830,customer830.gmail.com,Chennai,SMS,2022-05-26,47,M,548.0,1.0,54.02,4.0,Hibernating,2.0,Lost
1832,customer_831,customer831.gmail.com,Chennai,Paid Social,2022-06-16,62,F,1096.0,1.0,115.91,3.0,Lost,2.0,Lost
1833,customer_832,customer832.gmail.com,Mumbai,Paid Social,2024-02-07,47,M,519.0,4.0,683.67,9.0,At-Risk,4.0,Potential
1834,customer_833,customer833.gmail.com,Mumbai,Organic,2024-11-20,23,F,101.0,1.0,100.09,6.0,New Customers,1.0,At-Risk
1835,customer_834,customer834.gmail.com,Delhi,SMS,2022-02-15,63,M,,,,,,,No Purchase
1836,customer_835,customer835.gmail.com,Chennai,Organic,2022-05-09,22,M,354.0,2.0,637.8,8.0,Potential Loyalists,1.0,At-Risk
1837,customer_836,customer836.gmail.com,Pune,Google Search,2024-04-03,62,F,56.0,2.0,412.09,9.0,New Customers,1.0,At-Risk
1838,customer_837,customer837.gmail.com,Pune,SMS,2023-07-12,31,M,168.0,4.0,2063.5,13.0,champions,0.0,High Value
1839,customer_838,customer838.gmail.com,Chennai,SMS,2022-12-10,47,Others,591.0,1.0,210.16,4.0,Hibernating,2.0,Lost
1840,customer_839,customer839.gmail.com,Hyderabad,SMS,2023-03-15,21,F,406.0,3.0,613.27,8.0,At-Risk,4.0,Potential
1841,customer_840,customer840.gmail.com,Chennai,Paid Social,2022-11-08,23,M,452.0,1.0,225.28,4.0,Hibernating,1.0,At-Risk
1842,customer_841,customer841.gmail.com,Hyderabad,SMS,2023-06-19,56,F,44.0,2.0,1019.94,11.0,New Customers,1.0,At-Risk
1843,customer_842,customer842.gmail.com,Chennai,Organic,2023-07-14,35,M,79.0,3.0,534.51,10.0,Loyal Customers,3.0,Loyal
1844,customer_843,customer843.gmail.com,Hyderabad,Organic,2022-05-16,56,M,324.0,2.0,970.65,9.0,Potential Loyalists,4.0,Potential
1845,customer_844,customer844.gmail.com,Pune,Organic,2022-10-21,59,M,503.0,2.0,381.14,6.0,At-Risk,4.0,Potential
1846,customer_845,customer845.gmail.com,Pune,Google Search,2022-09-05,42,F,306.0,6.0,2082.7,13.0,Loyal Customers,0.0,High Value
1847,customer_846,customer846.gmail.com,Chennai,Google Search,2022-12-15,34,M,,,,,,,No Purchase
1848,customer_847,customer847.gmail.com,Hyderabad,Google Search,2022-09-13,50,F,171.0,4.0,2621.62,13.0,champions,0.0,High Value
1849,customer_848,customer848.gmail.com,Pune,Paid Social,2022-02-06,55,Others,487.0,1.0,158.89,4.0,Hibernating,2.0,Lost
1850,customer_849,customer849.gmail.com,Mumbai,SMS,2024-07-22,29,F,50.0,1.0,287.41,7.0,New Customers,1.0,At-Risk
1851,customer_850,customer850.gmail.com,Delhi,Paid Social,2023-01-02,34,M,186.0,3.0,922.83,11.0,Loyal Customers,3.0,Loyal
1852,customer_851,customer851.gmail.com,Hyderabad,Google Search,2023-12-01,42,F,5.0,2.0,268.6,8.0,New Customers,1.0,At-Risk
1853,customer_852,customer852.gmail.com,Bengaluru,Paid Social,2023-09-08,54,M,40.0,5.0,948.27,14.0,champions,3.0,Loyal
1854,customer_853,customer853.gmail.com,Mumbai,SMS,2024-05-29,34,F,97.0,4.0,1203.13,12.0,champions,3.0,Loyal
1855,customer_854,customer854.gmail.com,Hyderabad,Organic,2023-07-25,44,F,556.0,1.0,282.95,4.0,Hibernating,2.0,Lost
1856,customer_855,customer855.gmail.com,Hyderabad,Organic,2023-01-02,48,M,,,,,,,No Purchase
1857,customer_856,customer856.gmail.com,Pune,Google Search,2023-02-28,31,F,636.0,1.0,201.03,3.0,Lost,2.0,Lost
1858,customer_857,customer857.gmail.com,Mumbai,Paid Social,2022-10-06,53,F,424.0,1.0,355.07,5.0,Hibernating,1.0,At-Risk
1859,customer_858,customer858.gmail.com,Delhi,Organic,2024-01-24,39,M,,,,,,,No Purchase
1860,customer_859,customer859.gmail.com,Chennai,Paid Social,2024-09-12,22,F,760.0,1.0,236.69,3.0,Lost,2.0,Lost
1861,customer_860,customer860.gmail.com,Bengaluru,Organic,2023-01-31,57,F,916.0,1.0,452.77,4.0,Lost,2.0,Lost
1862,customer_861,customer861.gmail.com,Hyderabad,Paid Social,2023-04-17,23,M,279.0,4.0,848.36,10.0,Loyal Customers,3.0,Loyal
1863,customer_862,customer862.gmail.com,Delhi,Organic,2022-07-25,57,F,217.0,3.0,1372.4299999999998,11.0,Loyal Customers,3.0,Loyal
1864,customer_863,customer863.gmail.com,Chennai,Paid Social,2024-02-25,22,F,47.0,5.0,2033.36,15.0,champions,0.0,High Value
1865,customer_864,customer864.gmail.com,Bengaluru,Email,2024-01-18,41,M,241.0,3.0,569.89,9.0,Loyal Customers,3.0,Loyal
1866,customer_865,customer865.gmail.com,Chennai,SMS,2023-02-03,39,M,29.0,4.0,1417.14,14.0,champions,3.0,Loyal
1867,customer_866,customer866.gmail.com,Delhi,Paid Social,2023-03-14,31,F,526.0,4.0,1417.45,11.0,At-Risk,4.0,Potential
1868,customer_867,customer867.gmail.com,Pune,Paid Social,2023-07-29,42,M,784.0,1.0,285.34,3.0,Lost,2.0,Lost
1869,customer_868,customer868.gmail.com,Mumbai,Google Search,2024-08-08,37,F,882.0,2.0,435.43,5.0,Hibernating,2.0,Lost
1870,customer_869,customer869.gmail.com,Hyderabad,Paid Social,2023-11-11,18,F,168.0,1.0,189.72,6.0,New Customers,1.0,At-Risk
1871,customer_870,customer870.gmail.com,Bengaluru,Paid Social,2022-12-18,52,M,636.0,1.0,90.21,3.0,Lost,2.0,Lost
1872,customer_871,customer871.gmail.com,Chennai,Google Search,2024-12-20,54,F,57.0,3.0,1437.35,13.0,Loyal Customers,3.0,Loyal
1873,customer_872,customer872.gmail.com,Hyderabad,Email,2024-04-06,45,F,482.0,1.0,252.27,4.0,Hibernating,1.0,At-Risk
1874,customer_873,customer873.gmail.com,Bengaluru,Paid Social,2024-01-20,46,M,,,,,,,No Purchase
1875,customer_874,customer874.gmail.com,Delhi,Google Search,2022-12-08,57,M,412.0,4.0,663.3299999999999,9.0,At-Risk,4.0,Potential
1876,customer_875,customer875.gmail.com,Hyderabad,SMS,2023-07-11,25,M,253.0,1.0,85.03,5.0,Hibernating,1.0,At-Risk
1877,customer_876,customer876.gmail.com,Mumbai,Organic,2023-05-19,35,M,32.0,4.0,1152.03,13.0,champions,3.0,Loyal
1878,customer_877,customer877.gmail.com,Bengaluru,SMS,2024-11-15,48,F,191.0,4.0,1394.69,13.0,champions,3.0,Loyal
1879,customer_878,customer878.gmail.com,Pune,Email,2023-06-12,38,M,1054.0,1.0,126.37,3.0,Lost,2.0,Lost
1880,customer_879,customer879.gmail.com,Chennai,SMS,2023-04-18,23,M,783.0,2.0,347.72,5.0,Hibernating,2.0,Lost
1881,customer_880,customer880.gmail.com,Delhi,Organic,2023-04-17,26,F,,,,,,,No Purchase
1882,customer_881,customer881.gmail.com,Chennai,Email,2022-06-06,47,M,996.0,1.0,799.86,5.0,Lost,2.0,Lost
1883,customer_882,customer882.gmail.com,Pune,SMS,2024-03-17,61,F,27.0,3.0,1251.43,12.0,Loyal Customers,3.0,Loyal
1884,customer_883,customer883.gmail.com,Delhi,SMS,2024-06-30,35,M,267.0,6.0,2344.04,13.0,Loyal Customers,0.0,High Value
1885,customer_884,customer884.gmail.com,Mumbai,Paid Social,2022-05-08,47,M,987.0,3.0,2342.7,9.0,Cannot Lose Them,4.0,Potential
1886,customer_885,customer885.gmail.com,Pune,Email,2023-12-27,37,M,186.0,5.0,1752.1799999999998,14.0,champions,0.0,High Value
1887,customer_886,customer886.gmail.com,Delhi,SMS,2022-10-27,27,F,597.0,4.0,2754.28,11.0,At-Risk,0.0,High Value
1888,customer_887,customer887.gmail.com,Pune,Organic,2024-03-15,30,M,635.0,1.0,354.07,4.0,Lost,2.0,Lost
1889,customer_888,customer888.gmail.com,Delhi,SMS,2023-06-30,58,F,760.0,1.0,448.68,4.0,Lost,2.0,Lost
1890,customer_889,customer889.gmail.com,Mumbai,Paid Social,2022-10-02,19,M,249.0,3.0,569.9300000000001,9.0,Loyal Customers,3.0,Loyal
1891,customer_890,customer890.gmail.com,Hyderabad,Organic,2022-12-03,22,F,506.0,1.0,267.27,4.0,Hibernating,2.0,Lost
1892,customer_891,customer891.gmail.com,Chennai,Google Search,2023-02-27,50,F,24.0,1.0,201.73,7.0,New Customers,1.0,At-Risk
1893,customer_892,customer892.gmail.com,Delhi,Paid Social,2022-03-26,18,F,135.0,1.0,317.95,6.0,New Customers,1.0,At-Risk
1894,customer_893,customer893.gmail.com,Bengaluru,SMS,2023-06-12,54,F,49.0,1.0,186.17,7.0,New Customers,1.0,At-Risk
1895,customer_894,customer894.gmail.com,Hyderabad,Paid Social,2023-02-22,29,M,951.0,1.0,331.22,4.0,Lost,2.0,Lost
1896,customer_895,customer895.gmail.com,Pune,Paid Social,2022-10-30,58,M,6.0,2.0,930.75,11.0,New Customers,1.0,At-Risk
1897,customer_896,customer896.gmail.com,Chennai,Organic,2024-05-01,45,F,467.0,3.0,562.6,7.0,At-Risk,4.0,Potential
1898,customer_897,customer897.gmail.com,Pune,Email,2024-01-25,35,F,1062.0,1.0,460.37,4.0,Lost,2.0,Lost
1899,customer_898,customer898.gmail.com,Pune,Google Search,2022-10-21,53,M,,,,,,,No Purchase
1900,customer_899,customer899.gmail.com,Bengaluru,Google Search,2023-02-20,47,M,252.0,4.0,1286.32,11.0,Loyal Customers,3.0,Loyal
1901,customer_900,customer900.gmail.com,Bengaluru,Email,2023-12-04,59,Others,262.0,2.0,631.46,8.0,Potential Loyalists,1.0,At-Risk
1902,customer_901,customer901.gmail.com,Chennai,Paid Social,2024-10-11,55,F,422.0,3.0,536.5899999999999,7.0,At-Risk,4.0,Potential
1903,customer_902,customer902.gmail.com,Bengaluru,Google Search,2022-01-14,38,F,372.0,3.0,915.16,9.0,At-Risk,4.0,Potential
1904,customer_903,customer903.gmail.com,Bengaluru,Organic,2023-10-28,56,F,202.0,1.0,391.75,7.0,New Customers,1.0,At-Risk
1905,customer_904,customer904.gmail.com,Bengaluru,SMS,2023-01-21,24,M,876.0,2.0,318.85,5.0,Hibernating,2.0,Lost
1906,customer_905,customer905.gmail.com,Bengaluru,Organic,2024-12-13,22,M,310.0,1.0,87.64,5.0,Hibernating,1.0,At-Risk
1907,customer_906,customer906.gmail.com,Chennai,Organic,2022-05-12,52,F,510.0,2.0,707.06,7.0,At-Risk,4.0,Potential
1908,customer_907,customer907.gmail.com,Hyderabad,SMS,2024-05-11,32,F,524.0,2.0,404.31,6.0,At-Risk,4.0,Potential
1909,customer_908,customer908.gmail.com,Hyderabad,SMS,2024-08-26,26,F,270.0,2.0,229.34,6.0,Hibernating,1.0,At-Risk
1910,customer_909,customer909.gmail.com,Pune,Organic,2023-03-23,35,F,990.0,1.0,691.29,5.0,Lost,2.0,Lost
1911,customer_910,customer910.gmail.com,Bengaluru,Google Search,2023-08-26,29,M,95.0,4.0,3361.98,13.0,champions,0.0,High Value
1912,customer_911,customer911.gmail.com,Mumbai,Google Search,2024-09-30,44,M,334.0,2.0,443.19,7.0,Hibernating,1.0,At-Risk
1913,customer_912,customer912.gmail.com,Chennai,Organic,2022-05-13,31,F,7.0,5.0,992.18,14.0,champions,3.0,Loyal
1914,customer_913,customer913.gmail.com,Pune,SMS,2023-12-13,30,F,385.0,1.0,1103.55,7.0,Hibernating,1.0,At-Risk
1915,customer_914,customer914.gmail.com,Pune,Organic,2024-05-28,47,M,557.0,3.0,1331.49,9.0,At-Risk,4.0,Potential
1916,customer_915,customer915.gmail.com,Delhi,Paid Social,2023-02-20,53,F,490.0,2.0,472.87,6.0,At-Risk,4.0,Potential
1917,customer_916,customer916.gmail.com,Pune,Paid Social,2024-07-30,58,M,233.0,3.0,784.0699999999999,9.0,Loyal Customers,3.0,Loyal
1918,customer_917,customer917.gmail.com,Pune,Paid Social,2023-01-23,26,F,30.0,1.0,408.0,8.0,New Customers,1.0,At-Risk
1919,customer_918,customer918.gmail.com,Pune,Paid Social,2024-01-13,51,M,96.0,5.0,1028.63,13.0,champions,3.0,Loyal
1920,customer_919,customer919.gmail.com,Delhi,SMS,2024-10-26,29,F,371.0,5.0,1534.4,12.0,At-Risk,0.0,High Value
1921,customer_920,customer920.gmail.com,Chennai,Paid Social,2023-10-23,42,M,21.0,1.0,251.55,7.0,New Customers,1.0,At-Risk
1922,customer_921,customer921.gmail.com,Mumbai,Paid Social,2023-08-29,39,F,199.0,5.0,2271.22,14.0,champions,0.0,High Value
1923,customer_922,customer922.gmail.com,Bengaluru,SMS,2022-09-04,22,M,118.0,3.0,1773.53,12.0,Loyal Customers,3.0,Loyal
1924,customer_923,customer923.gmail.com,Delhi,Email,2024-03-07,32,M,347.0,5.0,759.97,11.0,Loyal Customers,3.0,Loyal
1925,customer_924,customer924.gmail.com,Bengaluru,Google Search,2022-05-24,60,F,300.0,2.0,399.61,7.0,Hibernating,1.0,At-Risk
1926,customer_925,customer925.gmail.com,Hyderabad,Google Search,2023-01-04,64,F,158.0,3.0,736.65,10.0,Loyal Customers,3.0,Loyal
1927,customer_926,customer926.gmail.com,Chennai,Paid Social,2024-05-25,35,Others,209.0,5.0,2079.1400000000003,13.0,Loyal Customers,0.0,High Value
1928,customer_927,customer927.gmail.com,Pune,Paid Social,2022-05-04,30,M,517.0,2.0,653.0799999999999,7.0,At-Risk,4.0,Potential
1929,customer_928,customer928.gmail.com,Pune,Paid Social,2023-07-16,32,M,124.0,1.0,69.42,6.0,New Customers,1.0,At-Risk
1930,customer_929,customer929.gmail.com,Pune,Email,2023-05-12,42,Others,124.0,4.0,1043.86,12.0,champions,3.0,Loyal
1931,customer_930,customer930.gmail.com,Chennai,Organic,2023-01-23,51,M,4.0,4.0,755.11,12.0,Loyal Customers,3.0,Loyal
1932,customer_931,customer931.gmail.com,Pune,Email,2023-03-17,19,F,494.0,2.0,297.83,5.0,At-Risk,1.0,At-Risk
1933,customer_932,customer932.gmail.com,Chennai,SMS,2024-11-05,38,F,424.0,5.0,1944.62,12.0,At-Risk,0.0,High Value
1934,customer_933,customer933.gmail.com,Mumbai,Google Search,2022-07-10,40,F,205.0,7.0,2878.28,13.0,Loyal Customers,0.0,High Value
1935,customer_934,customer934.gmail.com,Bengaluru,Paid Social,2023-04-29,34,M,708.0,1.0,932.21,6.0,Lost,2.0,Lost
1936,customer_935,customer935.gmail.com,Delhi,Google Search,2024-03-07,21,M,37.0,3.0,2295.23,13.0,Loyal Customers,0.0,High Value
1937,customer_936,customer936.gmail.com,Chennai,Email,2022-10-21,58,M,,,,,,,No Purchase
1938,customer_937,customer937.gmail.com,Delhi,Paid Social,2022-08-24,18,M,262.0,1.0,331.72,6.0,Hibernating,1.0,At-Risk
1939,customer_938,customer938.gmail.com,Chennai,Google Search,2024-11-27,24,F,36.0,4.0,1368.08,14.0,champions,3.0,Loyal
1940,customer_939,customer939.gmail.com,Mumbai,Organic,2022-04-07,48,M,107.0,3.0,468.27,9.0,Loyal Customers,3.0,Loyal
1941,customer_940,customer940.gmail.com,Chennai,SMS,2024-01-05,52,F,94.0,2.0,1263.66,10.0,New Customers,3.0,Loyal
1942,customer_941,customer941.gmail.com,Mumbai,Paid Social,2022-11-24,38,M,24.0,3.0,1288.66,12.0,Loyal Customers,3.0,Loyal
1943,customer_942,customer942.gmail.com,Hyderabad,Paid Social,2024-01-05,29,F,144.0,2.0,326.43,8.0,New Customers,1.0,At-Risk
1944,customer_943,customer943.gmail.com,Bengaluru,Organic,2024-05-29,22,F,2.0,3.0,666.84,11.0,Loyal Customers,3.0,Loyal
1945,customer_944,customer944.gmail.com,Pune,Paid Social,2022-02-23,20,F,711.0,3.0,376.5,6.0,Hibernating,4.0,Potential
1946,customer_945,customer945.gmail.com,Pune,Google Search,2023-12-10,29,F,433.0,3.0,1620.9,10.0,At-Risk,4.0,Potential
1947,customer_946,customer946.gmail.com,Mumbai,Paid Social,2024-09-25,27,F,95.0,11.0,2966.4300000000003,14.0,champions,0.0,High Value
1948,customer_947,customer947.gmail.com,Mumbai,Paid Social,2023-09-24,63,M,94.0,2.0,872.12,9.0,New Customers,1.0,At-Risk
1949,customer_948,customer948.gmail.com,Delhi,Organic,2023-04-14,47,F,27.0,3.0,2605.46,13.0,Loyal Customers,0.0,High Value
1950,customer_949,customer949.gmail.com,Delhi,Paid Social,2023-02-13,34,M,418.0,3.0,497.39,7.0,At-Risk,4.0,Potential
1951,customer_950,customer950.gmail.com,Mumbai,Paid Social,2023-06-05,61,M,467.0,2.0,246.43,5.0,At-Risk,1.0,At-Risk
1952,customer_951,customer951.gmail.com,Hyderabad,Paid Social,2023-02-09,60,Others,143.0,5.0,1550.18,14.0,champions,0.0,High Value
1953,customer_952,customer952.gmail.com,Hyderabad,Organic,2024-04-02,36,M,894.0,1.0,343.36,4.0,Lost,2.0,Lost
1954,customer_953,customer953.gmail.com,Pune,Organic,2024-12-25,35,Others,321.0,1.0,323.82,6.0,Hibernating,1.0,At-Risk
1955,customer_954,customer954.gmail.com,Hyderabad,Google Search,2022-03-11,43,F,95.0,3.0,942.34,11.0,Loyal Customers,3.0,Loyal
1956,customer_955,customer955.gmail.com,Pune,Organic,2022-10-03,45,F,138.0,2.0,440.58,8.0,New Customers,1.0,At-Risk
1957,customer_956,customer956.gmail.com,Hyderabad,Organic,2022-07-24,49,M,51.0,6.0,1522.5700000000002,15.0,champions,0.0,High Value
1958,customer_957,customer957.gmail.com,Hyderabad,Paid Social,2023-01-22,56,M,138.0,4.0,2632.5,13.0,champions,0.0,High Value
1959,customer_958,customer958.gmail.com,Mumbai,Google Search,2024-05-25,37,F,360.0,4.0,1043.53,10.0,At-Risk,3.0,Loyal
1960,customer_959,customer959.gmail.com,Hyderabad,Paid Social,2024-07-25,38,F,114.0,4.0,1060.15,12.0,champions,3.0,Loyal
1961,customer_960,customer960.gmail.com,Pune,Google Search,2022-02-20,63,F,155.0,3.0,864.99,10.0,Loyal Customers,3.0,Loyal
1962,customer_961,customer961.gmail.com,Bengaluru,SMS,2022-01-15,61,M,69.0,3.0,334.69,10.0,Loyal Customers,3.0,Loyal
1963,customer_962,customer962.gmail.com,Chennai,Paid Social,2022-04-16,33,M,551.0,3.0,1297.65,9.0,At-Risk,4.0,Potential
1964,customer_963,customer963.gmail.com,Bengaluru,Google Search,2023-12-18,29,M,,,,,,,No Purchase
1965,customer_964,customer964.gmail.com,Delhi,SMS,2022-06-05,18,F,340.0,2.0,1660.75,10.0,Potential Loyalists,4.0,Potential
1966,customer_965,customer965.gmail.com,Chennai,SMS,2022-08-23,63,F,,,,,,,No Purchase
1967,customer_966,customer966.gmail.com,Pune,Email,2022-11-20,49,M,263.0,2.0,364.75,7.0,Hibernating,1.0,At-Risk
1968,customer_967,customer967.gmail.com,Mumbai,Email,2023-05-01,31,F,11.0,3.0,1278.25,12.0,Loyal Customers,3.0,Loyal
1969,customer_968,customer968.gmail.com,Mumbai,Email,2022-07-30,31,F,377.0,2.0,1610.87,9.0,At-Risk,4.0,Potential
1970,customer_969,customer969.gmail.com,Delhi,SMS,2022-04-16,36,F,812.0,1.0,362.87,4.0,Lost,2.0,Lost
1971,customer_970,customer970.gmail.com,Bengaluru,Google Search,2023-10-30,18,F,783.0,2.0,877.02,6.0,Hibernating,2.0,Lost
1972,customer_971,customer971.gmail.com,Pune,Google Search,2024-03-13,42,F,551.0,1.0,473.53,5.0,Hibernating,2.0,Lost
1973,customer_972,customer972.gmail.com,Hyderabad,Organic,2024-11-02,59,F,,,,,,,No Purchase
1974,customer_973,customer973.gmail.com,Delhi,Paid Social,2023-05-08,62,M,182.0,3.0,971.71,11.0,Loyal Customers,3.0,Loyal
1975,customer_974,customer974.gmail.com,Pune,SMS,2022-01-14,30,F,698.0,2.0,571.0500000000001,6.0,Hibernating,2.0,Lost
1976,customer_975,customer975.gmail.com,Hyderabad,Organic,2024-08-21,21,M,544.0,2.0,600.1800000000001,7.0,At-Risk,4.0,Potential
1977,customer_976,customer976.gmail.com,Hyderabad,SMS,2022-11-30,37,M,164.0,2.0,257.44,7.0,New Customers,1.0,At-Risk
1978,customer_977,customer977.gmail.com,Pune,Email,2022-09-16,21,F,346.0,3.0,587.47,9.0,Loyal Customers,4.0,Potential
1979,customer_978,customer978.gmail.com,Mumbai,SMS,2022-01-04,58,F,811.0,1.0,318.32,3.0,Lost,2.0,Lost
1980,customer_979,customer979.gmail.com,Chennai,Email,2023-12-12,23,Others,74.0,3.0,874.6500000000001,11.0,Loyal Customers,3.0,Loyal
1981,customer_980,customer980.gmail.com,Pune,Email,2024-02-22,43,F,366.0,2.0,1736.76,9.0,At-Risk,4.0,Potential
1982,customer_981,customer981.gmail.com,Pune,Google Search,2022-06-29,59,M,51.0,2.0,970.3,11.0,New Customers,1.0,At-Risk
1983,customer_982,customer982.gmail.com,Mumbai,Email,2023-04-21,44,F,301.0,3.0,1615.1799999999998,11.0,Loyal Customers,3.0,Loyal
1984,customer_983,customer983.gmail.com,Delhi,Organic,2024-08-21,39,F,158.0,4.0,873.64,11.0,Loyal Customers,3.0,Loyal
1985,customer_984,customer984.gmail.com,Mumbai,Paid Social,2023-09-16,46,M,186.0,4.0,1380.81,13.0,champions,3.0,Loyal
1986,customer_985,customer985.gmail.com,Hyderabad,Google Search,2023-08-11,56,F,440.0,3.0,323.22,7.0,At-Risk,4.0,Potential
1987,customer_986,customer986.gmail.com,Bengaluru,Google Search,2024-11-06,57,F,27.0,3.0,958.87,12.0,Loyal Customers,3.0,Loyal
1988,customer_987,customer987.gmail.com,Delhi,Google Search,2022-06-28,19,F,529.0,2.0,310.18,5.0,At-Risk,2.0,Lost
1989,customer_988,customer988.gmail.com,Pune,Paid Social,2023-01-22,53,M,47.0,5.0,2864.21,15.0,champions,0.0,High Value
1990,customer_989,customer989.gmail.com,Pune,SMS,2024-11-01,40,M,608.0,2.0,1811.67,8.0,Hibernating,4.0,Potential
1991,customer_990,customer990.gmail.com,Chennai,Google Search,2024-12-24,36,M,114.0,7.0,2857.11,14.0,champions,0.0,High Value
1992,customer_991,customer991.gmail.com,Hyderabad,Email,2024-12-29,33,M,33.0,3.0,4373.44,13.0,Loyal Customers,0.0,High Value
1993,customer_992,customer992.gmail.com,Hyderabad,SMS,2024-07-05,41,F,538.0,2.0,1385.17,9.0,At-Risk,4.0,Potential
1994,customer_993,customer993.gmail.com,Delhi,Google Search,2022-11-16,51,M,861.0,2.0,1624.31,8.0,Hibernating,4.0,Potential
1995,customer_994,customer994.gmail.com,Delhi,Google Search,2024-04-01,42,M,890.0,1.0,210.0,3.0,Lost,2.0,Lost
1996,customer_995,customer995.gmail.com,Delhi,Organic,2023-04-02,28,M,319.0,5.0,2922.74,13.0,Loyal Customers,0.0,High Value
1997,customer_996,customer996.gmail.com,Hyderabad,Organic,2024-10-28,22,F,208.0,1.0,260.84,5.0,Hibernating,1.0,At-Risk
1998,customer_997,customer997.gmail.com,Bengaluru,Organic,2023-04-29,37,F,701.0,2.0,1174.37,7.0,Hibernating,4.0,Potential
1999,customer_998,customer998.gmail.com,Mumbai,Google Search,2023-08-22,31,F,235.0,5.0,2170.98,13.0,Loyal Customers,0.0,High Value
2000,customer_999,customer999.gmail.com,Hyderabad,Google Search,2023-08-06,38,M,,,,,,,No Purchase
2001,customer_1000,customer1000.gmail.com,Bengaluru,Organic,2024-05-10,43,F,340.0,2.0,234.74,6.0,Hibernating,1.0,At-Risk
2002,customer_1001,customer1001.gmail.com,Hyderabad,Email,2023-12-29,61,F,503.0,4.0,2003.14,11.0,At-Risk,0.0,High Value
2003,customer_1002,customer1002.gmail.com,Mumbai,Organic,2023-02-15,55,F,119.0,2.0,396.28,8.0,New Customers,1.0,At-Risk
2004,customer_1003,customer1003.gmail.com,Delhi,Google Search,2023-11-26,32,M,377.0,4.0,1133.89,10.0,At-Risk,3.0,Loyal
2005,customer_1004,customer1004.gmail.com,Bengaluru,Google Search,2023-12-17,59,F,79.0,1.0,303.69,7.0,New Customers,1.0,At-Risk
2006,customer_1005,customer1005.gmail.com,Delhi,Paid Social,2023-02-05,38,F,82.0,4.0,1351.71,14.0,champions,3.0,Loyal
2007,customer_1006,customer1006.gmail.com,Mumbai,Email,2024-02-13,33,F,147.0,3.0,570.3199999999999,10.0,Loyal Customers,3.0,Loyal
2008,customer_1007,customer1007.gmail.com,Hyderabad,SMS,2023-07-08,28,F,307.0,3.0,518.72,8.0,Loyal Customers,3.0,Loyal
2009,customer_1008,customer1008.gmail.com,Pune,Email,2022-01-01,31,M,1057.0,1.0,154.4,3.0,Lost,2.0,Lost
2010,customer_1009,customer1009.gmail.com,Mumbai,Organic,2023-06-24,38,F,476.0,2.0,1253.85,8.0,At-Risk,4.0,Potential
2011,customer_1010,customer1010.gmail.com,Mumbai,Organic,2022-03-15,33,F,538.0,1.0,993.55,7.0,Hibernating,4.0,Potential
2012,customer_1011,customer1011.gmail.com,Chennai,Email,2023-08-28,19,F,815.0,1.0,132.48,3.0,Lost,2.0,Lost
2013,customer_1012,customer1012.gmail.com,Bengaluru,Paid Social,2023-01-01,59,F,,,,,,,No Purchase
2014,customer_1013,customer1013.gmail.com,Chennai,Paid Social,2023-03-06,19,F,205.0,2.0,769.52,8.0,Potential Loyalists,1.0,At-Risk
2015,customer_1014,customer1014.gmail.com,Pune,SMS,2023-05-18,45,F,261.0,3.0,907.19,10.0,Loyal Customers,3.0,Loyal
2016,customer_1015,customer1015.gmail.com,Bengaluru,Organic,2024-11-07,22,M,91.0,4.0,1396.55,14.0,champions,3.0,Loyal
2017,customer_1016,customer1016.gmail.com,Chennai,Google Search,2024-04-16,25,M,1092.0,1.0,164.1,3.0,Lost,2.0,Lost
2018,customer_1017,customer1017.gmail.com,Bengaluru,SMS,2022-11-20,26,Others,824.0,1.0,129.9,3.0,Lost,2.0,Lost
2019,customer_1018,customer1018.gmail.com,Chennai,Email,2024-01-05,34,M,34.0,6.0,1676.86,15.0,champions,0.0,High Value
2020,customer_1019,customer1019.gmail.com,Delhi,Paid Social,2023-05-23,36,Others,907.0,1.0,184.37,3.0,Lost,2.0,Lost
2021,customer_1020,customer1020.gmail.com,Mumbai,SMS,2024-02-11,59,M,65.0,3.0,565.52,10.0,Loyal Customers,3.0,Loyal
2022,customer_1021,customer1021.gmail.com,Mumbai,Google Search,2024-12-16,43,F,184.0,5.0,1092.42,13.0,champions,3.0,Loyal
2023,customer_1022,customer1022.gmail.com,Mumbai,Paid Social,2022-04-30,48,F,63.0,2.0,423.77,9.0,New Customers,1.0,At-Risk
2024,customer_1023,customer1023.gmail.com,Pune,Google Search,2024-07-26,51,M,1025.0,2.0,452.46,5.0,Hibernating,2.0,Lost
2025,customer_1024,customer1024.gmail.com,Delhi,Google Search,2024-11-26,46,F,179.0,2.0,716.06,9.0,New Customers,1.0,At-Risk
2026,customer_1025,customer1025.gmail.com,Pune,Paid Social,2023-11-03,27,F,72.0,3.0,1517.06,13.0,Loyal Customers,3.0,Loyal
2027,customer_1026,customer1026.gmail.com,Hyderabad,Google Search,2023-05-24,57,F,522.0,1.0,380.45,5.0,Hibernating,2.0,Lost
2028,customer_1027,customer1027.gmail.com,Bengaluru,SMS,2022-11-30,28,M,73.0,3.0,575.1800000000001,11.0,Loyal Customers,3.0,Loyal
2029,customer_1028,customer1028.gmail.com,Bengaluru,Paid Social,2022-09-22,50,F,,,,,,,No Purchase
2030,customer_1029,customer1029.gmail.com,Pune,Paid Social,2022-09-24,48,M,,,,,,,No Purchase
2031,customer_1030,customer1030.gmail.com,Chennai,Paid Social,2022-05-31,39,Others,183.0,4.0,5605.38,13.0,champions,0.0,High Value
2032,customer_1031,customer1031.gmail.com,Pune,Organic,2022-12-26,46,F,123.0,2.0,252.87,7.0,New Customers,1.0,At-Risk
2033,customer_1032,customer1032.gmail.com,Bengaluru,Organic,2023-11-04,58,F,,,,,,,No Purchase
2034,customer_1033,customer1033.gmail.com,Delhi,Paid Social,2024-02-02,38,M,145.0,4.0,909.56,12.0,champions,3.0,Loyal
2035,customer_1034,customer1034.gmail.com,Delhi,SMS,2024-10-24,57,F,206.0,3.0,752.3,9.0,Loyal Customers,3.0,Loyal
2036,customer_1035,customer1035.gmail.com,Chennai,Google Search,2022-08-06,29,M,342.0,1.0,469.14,6.0,Hibernating,1.0,At-Risk
2037,customer_1036,customer1036.gmail.com,Chennai,SMS,2023-05-07,33,F,612.0,2.0,454.71,5.0,Hibernating,2.0,Lost
2038,customer_1037,customer1037.gmail.com,Chennai,Organic,2023-06-13,60,F,72.0,6.0,1938.95,15.0,champions,0.0,High Value
2039,customer_1038,customer1038.gmail.com,Chennai,Google Search,2022-08-21,43,M,6.0,6.0,2535.22,15.0,champions,0.0,High Value
2040,customer_1039,customer1039.gmail.com,Bengaluru,Organic,2023-12-15,47,F,100.0,6.0,1468.85,14.0,champions,0.0,High Value
2041,customer_1040,customer1040.gmail.com,Hyderabad,Google Search,2022-04-05,40,F,46.0,2.0,1770.91,12.0,New Customers,3.0,Loyal
2042,customer_1041,customer1041.gmail.com,Pune,Paid Social,2022-07-30,50,F,,,,,,,No Purchase
2043,customer_1042,customer1042.gmail.com,Mumbai,Paid Social,2024-09-29,41,F,128.0,4.0,1599.33,13.0,champions,3.0,Loyal
2044,customer_1043,customer1043.gmail.com,Hyderabad,Paid Social,2023-05-15,23,M,190.0,1.0,240.37,6.0,New Customers,1.0,At-Risk
2045,customer_1044,customer1044.gmail.com,Delhi,Google Search,2023-05-12,63,F,204.0,5.0,1938.01,14.0,champions,0.0,High Value
2046,customer_1045,customer1045.gmail.com,Mumbai,Email,2024-05-28,51,F,105.0,5.0,1968.48,14.0,champions,0.0,High Value
2047,customer_1046,customer1046.gmail.com,Chennai,Paid Social,2024-01-08,36,F,885.0,1.0,165.51,3.0,Lost,2.0,Lost
2048,customer_1047,customer1047.gmail.com,Mumbai,SMS,2023-10-13,40,M,414.0,5.0,2116.76,12.0,At-Risk,0.0,High Value
2049,customer_1048,customer1048.gmail.com,Chennai,Paid Social,2024-02-20,42,M,569.0,1.0,94.04,4.0,Hibernating,2.0,Lost
2050,customer_1049,customer1049.gmail.com,Hyderabad,Organic,2022-02-03,46,F,288.0,1.0,210.32,5.0,Hibernating,1.0,At-Risk
2051,customer_1050,customer1050.gmail.com,Hyderabad,Paid Social,2022-07-28,33,M,167.0,1.0,323.92,7.0,New Customers,1.0,At-Risk
2052,customer_1051,customer1051.gmail.com,Pune,Paid Social,2022-12-16,19,F,240.0,6.0,2669.99,13.0,Loyal Customers,0.0,High Value
2053,customer_1052,customer1052.gmail.com,Hyderabad,Email,2023-07-30,46,M,,,,,,,No Purchase
2054,customer_1053,customer1053.gmail.com,Bengaluru,Email,2023-02-15,50,M,661.0,1.0,151.13,3.0,Lost,2.0,Lost
2055,customer_1054,customer1054.gmail.com,Delhi,Organic,2024-06-14,35,M,237.0,4.0,853.28,10.0,Loyal Customers,3.0,Loyal
2056,customer_1055,customer1055.gmail.com,Pune,SMS,2023-02-18,61,F,199.0,4.0,1022.86,12.0,champions,3.0,Loyal
2057,customer_1056,customer1056.gmail.com,Chennai,SMS,2022-04-21,26,F,908.0,3.0,516.9,6.0,Hibernating,2.0,Lost
2058,customer_1057,customer1057.gmail.com,Pune,Google Search,2023-05-24,19,F,348.0,4.0,1299.46,11.0,Loyal Customers,3.0,Loyal
2059,customer_1058,customer1058.gmail.com,Bengaluru,Email,2023-10-21,22,M,252.0,2.0,438.07,7.0,Hibernating,1.0,At-Risk
2060,customer_1059,customer1059.gmail.com,Mumbai,Organic,2024-12-18,37,F,,,,,,,No Purchase
2061,customer_1060,customer1060.gmail.com,Hyderabad,Paid Social,2023-09-28,21,M,732.0,2.0,307.48,4.0,Hibernating,2.0,Lost
2062,customer_1061,customer1061.gmail.com,Mumbai,SMS,2023-10-29,22,F,21.0,2.0,643.1,10.0,New Customers,1.0,At-Risk
2063,customer_1062,customer1062.gmail.com,Chennai,Google Search,2022-06-11,34,F,324.0,2.0,144.66,6.0,Hibernating,1.0,At-Risk
2064,customer_1063,customer1063.gmail.com,Delhi,Google Search,2024-11-26,22,M,182.0,4.0,4294.06,13.0,champions,0.0,High Value
2065,customer_1064,customer1064.gmail.com,Delhi,Paid Social,2024-11-05,25,F,,,,,,,No Purchase
2066,customer_1065,customer1065.gmail.com,Pune,Google Search,2024-03-18,49,F,381.0,2.0,711.04,7.0,At-Risk,1.0,At-Risk
2067,customer_1066,customer1066.gmail.com,Hyderabad,Email,2024-01-20,42,M,82.0,3.0,1654.6899999999998,13.0,Loyal Customers,3.0,Loyal
2068,customer_1067,customer1067.gmail.com,Mumbai,Organic,2022-02-06,42,M,212.0,2.0,504.09,7.0,Hibernating,1.0,At-Risk
2069,customer_1068,customer1068.gmail.com,Hyderabad,Email,2023-02-06,42,F,82.0,3.0,544.95,10.0,Loyal Customers,3.0,Loyal
2070,customer_1069,customer1069.gmail.com,Chennai,Organic,2023-01-19,59,M,,,,,,,No Purchase
2071,customer_1070,customer1070.gmail.com,Pune,Paid Social,2024-08-26,48,F,778.0,2.0,294.33,4.0,Hibernating,2.0,Lost
2072,customer_1071,customer1071.gmail.com,Pune,Email,2023-02-19,45,F,84.0,3.0,2590.8300000000004,13.0,Loyal Customers,0.0,High Value
2073,customer_1072,customer1072.gmail.com,Mumbai,Paid Social,2023-01-08,64,F,868.0,1.0,428.15,4.0,Lost,2.0,Lost
2074,customer_1073,customer1073.gmail.com,Hyderabad,SMS,2024-08-14,32,Others,424.0,4.0,2553.87,11.0,At-Risk,0.0,High Value
2075,customer_1074,customer1074.gmail.com,Bengaluru,Google Search,2022-11-03,60,M,67.0,1.0,177.86,7.0,New Customers,1.0,At-Risk
2076,customer_1075,customer1075.gmail.com,Delhi,Organic,2023-05-20,44,M,559.0,1.0,419.1,5.0,Hibernating,2.0,Lost
2077,customer_1076,customer1076.gmail.com,Delhi,Google Search,2023-08-16,56,M,331.0,3.0,465.81,8.0,Loyal Customers,4.0,Potential
2078,customer_1077,customer1077.gmail.com,Delhi,Paid Social,2023-12-18,31,F,49.0,3.0,687.21,11.0,Loyal Customers,3.0,Loyal
2079,customer_1078,customer1078.gmail.com,Chennai,Google Search,2024-10-17,30,M,803.0,2.0,355.02,5.0,Hibernating,2.0,Lost
2080,customer_1079,customer1079.gmail.com,Pune,Organic,2023-03-20,49,M,411.0,4.0,2736.07,11.0,At-Risk,0.0,High Value
2081,customer_1080,customer1080.gmail.com,Bengaluru,Paid Social,2024-11-04,61,M,,,,,,,No Purchase
2082,customer_1081,customer1081.gmail.com,Pune,Organic,2024-08-24,52,F,785.0,3.0,1085.91,8.0,Cannot Lose Them,4.0,Potential
2083,customer_1082,customer1082.gmail.com,Mumbai,SMS,2024-12-01,61,F,944.0,2.0,406.76,5.0,Hibernating,2.0,Lost
2084,customer_1083,customer1083.gmail.com,Hyderabad,Organic,2024-04-27,31,M,228.0,2.0,397.63,7.0,Hibernating,1.0,At-Risk
2085,customer_1084,customer1084.gmail.com,Hyderabad,Google Search,2023-11-25,61,F,140.0,4.0,1362.6,13.0,champions,3.0,Loyal
2086,customer_1085,customer1085.gmail.com,Chennai,Email,2022-09-29,53,F,407.0,1.0,239.16,4.0,Hibernating,1.0,At-Risk
2087,customer_1086,customer1086.gmail.com,Hyderabad,Paid Social,2022-06-19,56,M,216.0,4.0,679.71,10.0,Loyal Customers,3.0,Loyal
2088,customer_1087,customer1087.gmail.com,Hyderabad,SMS,2024-10-21,22,F,299.0,1.0,333.15,6.0,Hibernating,1.0,At-Risk
2089,customer_1088,customer1088.gmail.com,Pune,Email,2024-12-09,64,M,14.0,3.0,1235.67,12.0,Loyal Customers,3.0,Loyal
2090,customer_1089,customer1089.gmail.com,Hyderabad,Email,2023-05-12,25,F,157.0,3.0,818.36,10.0,Loyal Customers,3.0,Loyal
2091,customer_1090,customer1090.gmail.com,Mumbai,Email,2023-12-02,27,M,217.0,1.0,277.1,5.0,Hibernating,1.0,At-Risk
2092,customer_1091,customer1091.gmail.com,Bengaluru,Paid Social,2023-12-27,19,M,19.0,3.0,783.01,11.0,Loyal Customers,3.0,Loyal
2093,customer_1092,customer1092.gmail.com,Pune,Paid Social,2022-08-30,48,M,353.0,3.0,2349.5,11.0,Loyal Customers,0.0,High Value
2094,customer_1093,customer1093.gmail.com,Mumbai,Email,2022-10-01,56,F,339.0,4.0,805.9200000000001,10.0,Loyal Customers,3.0,Loyal
2095,customer_1094,customer1094.gmail.com,Mumbai,Organic,2023-11-26,42,F,5.0,7.0,2068.43,15.0,champions,0.0,High Value
2096,customer_1095,customer1095.gmail.com,Delhi,Organic,2022-02-13,51,M,3.0,2.0,345.15,9.0,New Customers,1.0,At-Risk
2097,customer_1096,customer1096.gmail.com,Bengaluru,Email,2024-07-01,32,M,1051.0,1.0,162.36,3.0,Lost,2.0,Lost
2098,customer_1097,customer1097.gmail.com,Delhi,Organic,2024-03-17,59,M,208.0,3.0,1104.79,10.0,Loyal Customers,3.0,Loyal
2099,customer_1098,customer1098.gmail.com,Hyderabad,Email,2022-10-20,34,M,46.0,2.0,635.02,10.0,New Customers,1.0,At-Risk
2100,customer_1099,customer1099.gmail.com,Mumbai,Paid Social,2022-02-10,39,F,900.0,1.0,112.93,3.0,Lost,2.0,Lost
2101,customer_1100,customer1100.gmail.com,Delhi,Organic,2024-12-14,64,M,19.0,1.0,684.32,9.0,New Customers,1.0,At-Risk
2102,customer_1101,customer1101.gmail.com,Chennai,SMS,2023-03-22,50,F,708.0,1.0,241.88,3.0,Lost,2.0,Lost
2103,customer_1102,customer1102.gmail.com,Mumbai,Paid Social,2023-01-03,23,F,404.0,5.0,2877.19,12.0,At-Risk,0.0,High Value
2104,customer_1103,customer1103.gmail.com,Chennai,Email,2022-11-02,35,M,369.0,3.0,1164.7,9.0,At-Risk,4.0,Potential
2105,customer_1104,customer1104.gmail.com,Hyderabad,SMS,2023-10-02,47,Others,124.0,3.0,1280.41,11.0,Loyal Customers,3.0,Loyal
2106,customer_1105,customer1105.gmail.com,Hyderabad,SMS,2024-07-20,20,F,104.0,6.0,1576.75,14.0,champions,0.0,High Value
2107,customer_1106,customer1106.gmail.com,Bengaluru,Paid Social,2022-07-28,48,M,82.0,3.0,484.16,10.0,Loyal Customers,3.0,Loyal
2108,customer_1107,customer1107.gmail.com,Chennai,SMS,2023-07-22,29,M,353.0,3.0,993.12,10.0,Loyal Customers,4.0,Potential
2109,customer_1108,customer1108.gmail.com,Hyderabad,Organic,2024-10-01,27,M,,,,,,,No Purchase
2110,customer_1109,customer1109.gmail.com,Bengaluru,SMS,2022-03-29,53,M,160.0,1.0,527.55,7.0,New Customers,1.0,At-Risk
2111,customer_1110,customer1110.gmail.com,Hyderabad,SMS,2023-06-07,23,F,437.0,1.0,357.48,5.0,Hibernating,1.0,At-Risk
2112,customer_1111,customer1111.gmail.com,Hyderabad,Google Search,2022-11-20,48,M,209.0,3.0,1214.21,10.0,Loyal Customers,3.0,Loyal
2113,customer_1112,customer1112.gmail.com,Chennai,SMS,2024-04-14,53,M,747.0,3.0,663.5699999999999,7.0,Cannot Lose Them,4.0,Potential
2114,customer_1113,customer1113.gmail.com,Bengaluru,SMS,2023-10-19,50,M,237.0,4.0,722.49,10.0,Loyal Customers,3.0,Loyal
2115,customer_1114,customer1114.gmail.com,Delhi,Organic,2022-02-17,27,F,156.0,1.0,103.46,6.0,New Customers,1.0,At-Risk
2116,customer_1115,customer1115.gmail.com,Pune,SMS,2023-12-05,55,M,92.0,4.0,1428.78,13.0,champions,3.0,Loyal
2117,customer_1116,customer1116.gmail.com,Delhi,SMS,2024-06-19,43,M,70.0,1.0,96.65,7.0,New Customers,1.0,At-Risk
2118,customer_1117,customer1117.gmail.com,Hyderabad,Paid Social,2022-07-21,33,F,614.0,2.0,644.2,6.0,Hibernating,4.0,Potential
2119,customer_1118,customer1118.gmail.com,Mumbai,Google Search,2023-09-29,41,F,962.0,1.0,412.6,4.0,Lost,2.0,Lost
2120,customer_1119,customer1119.gmail.com,Pune,SMS,2022-10-19,58,F,273.0,3.0,995.38,10.0,Loyal Customers,3.0,Loyal
2121,customer_1120,customer1120.gmail.com,Hyderabad,Email,2024-09-18,41,M,384.0,3.0,892.14,9.0,At-Risk,4.0,Potential
2122,customer_1121,customer1121.gmail.com,Bengaluru,Google Search,2024-08-10,26,F,213.0,4.0,3115.67,12.0,Loyal Customers,0.0,High Value
2123,customer_1122,customer1122.gmail.com,Mumbai,Organic,2023-04-14,42,M,319.0,1.0,286.48,5.0,Hibernating,1.0,At-Risk
2124,customer_1123,customer1123.gmail.com,Pune,SMS,2023-05-11,61,F,172.0,5.0,2171.48,14.0,champions,0.0,High Value
2125,customer_1124,customer1124.gmail.com,Pune,Paid Social,2022-02-12,40,Others,322.0,3.0,739.07,9.0,Loyal Customers,4.0,Potential
2126,customer_1125,customer1125.gmail.com,Pune,Paid Social,2022-05-10,20,F,94.0,1.0,119.18,6.0,New Customers,1.0,At-Risk
2127,customer_1126,customer1126.gmail.com,Mumbai,Organic,2023-12-26,49,F,133.0,3.0,475.63,9.0,Loyal Customers,3.0,Loyal
2128,customer_1127,customer1127.gmail.com,Chennai,Organic,2024-05-21,27,M,237.0,2.0,273.16,6.0,Hibernating,1.0,At-Risk
2129,customer_1128,customer1128.gmail.com,Mumbai,Email,2022-01-22,64,M,286.0,3.0,637.89,9.0,Loyal Customers,3.0,Loyal
2130,customer_1129,customer1129.gmail.com,Bengaluru,Organic,2023-06-04,52,M,10.0,3.0,434.27,10.0,Loyal Customers,3.0,Loyal
2131,customer_1130,customer1130.gmail.com,Mumbai,Organic,2023-06-16,39,M,,,,,,,No Purchase
2132,customer_1131,customer1131.gmail.com,Mumbai,Google Search,2024-08-11,31,M,269.0,2.0,363.14,7.0,Hibernating,1.0,At-Risk
2133,customer_1132,customer1132.gmail.com,Delhi,SMS,2023-07-04,42,F,53.0,2.0,586.08,10.0,New Customers,1.0,At-Risk
2134,customer_1133,customer1133.gmail.com,Bengaluru,Email,2024-07-16,32,M,339.0,3.0,2122.16,11.0,Loyal Customers,0.0,High Value
2135,customer_1134,customer1134.gmail.com,Bengaluru,Email,2022-03-16,47,M,559.0,3.0,900.12,9.0,At-Risk,4.0,Potential
2136,customer_1135,customer1135.gmail.com,Pune,Email,2022-07-09,48,F,,,,,,,No Purchase
2137,customer_1136,customer1136.gmail.com,Hyderabad,SMS,2022-12-14,31,F,339.0,3.0,1639.15,11.0,Loyal Customers,4.0,Potential
2138,customer_1137,customer1137.gmail.com,Pune,Organic,2023-09-17,25,M,141.0,5.0,3153.77,14.0,champions,0.0,High Value
2139,customer_1138,customer1138.gmail.com,Bengaluru,Organic,2022-06-13,25,Others,300.0,2.0,501.65,7.0,Hibernating,1.0,At-Risk
2140,customer_1139,customer1139.gmail.com,Chennai,Google Search,2023-06-17,48,F,30.0,3.0,662.27,11.0,Loyal Customers,3.0,Loyal
2141,customer_1140,customer1140.gmail.com,Bengaluru,Google Search,2023-08-06,54,F,541.0,2.0,185.65,5.0,At-Risk,2.0,Lost
2142,customer_1141,customer1141.gmail.com,Hyderabad,Email,2024-06-02,54,M,678.0,3.0,671.06,7.0,Cannot Lose Them,4.0,Potential
2143,customer_1142,customer1142.gmail.com,Hyderabad,SMS,2023-07-23,20,F,482.0,4.0,2017.85,11.0,At-Risk,0.0,High Value
2144,customer_1143,customer1143.gmail.com,Hyderabad,Organic,2022-03-26,50,M,196.0,2.0,827.34,9.0,New Customers,1.0,At-Risk
2145,customer_1144,customer1144.gmail.com,Hyderabad,SMS,2024-05-19,29,F,292.0,4.0,2682.1,12.0,Loyal Customers,0.0,High Value
2146,customer_1145,customer1145.gmail.com,Pune,Organic,2022-03-18,49,M,16.0,7.0,2407.78,15.0,champions,0.0,High Value
2147,customer_1146,customer1146.gmail.com,Mumbai,SMS,2023-08-25,49,M,702.0,3.0,645.34,7.0,Cannot Lose Them,4.0,Potential
2148,customer_1147,customer1147.gmail.com,Pune,SMS,2023-08-22,38,M,137.0,4.0,1671.0,13.0,champions,3.0,Loyal
2149,customer_1148,customer1148.gmail.com,Hyderabad,Email,2022-06-13,60,F,42.0,7.0,1342.94,14.0,champions,0.0,High Value
2150,customer_1149,customer1149.gmail.com,Pune,Google Search,2024-01-03,27,F,238.0,2.0,484.09,7.0,Hibernating,1.0,At-Risk
2151,customer_1150,customer1150.gmail.com,Pune,Paid Social,2024-06-23,61,M,172.0,3.0,530.8,9.0,Loyal Customers,3.0,Loyal
2152,customer_1151,customer1151.gmail.com,Pune,SMS,2023-08-19,58,Others,32.0,2.0,821.94,10.0,New Customers,1.0,At-Risk
2153,customer_1152,customer1152.gmail.com,Hyderabad,Paid Social,2024-07-25,59,M,12.0,6.0,2196.6,15.0,champions,0.0,High Value
2154,customer_1153,customer1153.gmail.com,Hyderabad,Email,2022-09-12,43,F,131.0,3.0,371.94,9.0,Loyal Customers,3.0,Loyal
2155,customer_1154,customer1154.gmail.com,Hyderabad,SMS,2023-06-22,30,M,455.0,4.0,764.82,9.0,At-Risk,4.0,Potential
2156,customer_1155,customer1155.gmail.com,Delhi,Email,2023-07-04,26,F,455.0,2.0,501.24,6.0,At-Risk,4.0,Potential
2157,customer_1156,customer1156.gmail.com,Chennai,Paid Social,2023-08-26,50,F,140.0,1.0,94.03,6.0,New Customers,1.0,At-Risk
2158,customer_1157,customer1157.gmail.com,Mumbai,Organic,2022-07-01,48,M,203.0,3.0,2074.06,12.0,Loyal Customers,0.0,High Value
2159,customer_1158,customer1158.gmail.com,Bengaluru,SMS,2023-02-02,29,M,582.0,4.0,669.9,9.0,At-Risk,4.0,Potential
2160,customer_1159,customer1159.gmail.com,Delhi,Email,2023-02-05,40,F,37.0,5.0,481.29,12.0,Loyal Customers,3.0,Loyal
2161,customer_1160,customer1160.gmail.com,Delhi,Paid Social,2022-03-03,42,M,222.0,2.0,538.11,7.0,Hibernating,1.0,At-Risk
2162,customer_1161,customer1161.gmail.com,Delhi,SMS,2023-12-13,46,F,392.0,2.0,400.13,6.0,At-Risk,1.0,At-Risk
2163,customer_1162,customer1162.gmail.com,Delhi,Paid Social,2022-05-18,50,F,17.0,4.0,1087.66,13.0,champions,3.0,Loyal
2164,customer_1163,customer1163.gmail.com,Pune,Organic,2023-02-11,35,F,222.0,2.0,875.8299999999999,8.0,Potential Loyalists,1.0,At-Risk
2165,customer_1164,customer1164.gmail.com,Delhi,SMS,2022-05-31,58,F,108.0,4.0,1182.99,12.0,champions,3.0,Loyal
2166,customer_1165,customer1165.gmail.com,Mumbai,Email,2022-08-01,61,F,,,,,,,No Purchase
2167,customer_1166,customer1166.gmail.com,Hyderabad,Email,2022-06-19,29,F,,,,,,,No Purchase
2168,customer_1167,customer1167.gmail.com,Bengaluru,Email,2023-05-22,53,M,1030.0,1.0,219.64,3.0,Lost,2.0,Lost
2169,customer_1168,customer1168.gmail.com,Chennai,Email,2023-10-31,21,F,,,,,,,No Purchase
2170,customer_1169,customer1169.gmail.com,Mumbai,SMS,2024-07-24,30,F,15.0,4.0,1123.3,13.0,champions,3.0,Loyal
2171,customer_1170,customer1170.gmail.com,Delhi,Organic,2024-11-12,48,M,322.0,3.0,373.71,8.0,Loyal Customers,1.0,At-Risk
2172,customer_1171,customer1171.gmail.com,Hyderabad,Organic,2023-03-04,39,M,219.0,3.0,2184.53,11.0,Loyal Customers,0.0,High Value
2173,customer_1172,customer1172.gmail.com,Delhi,Email,2024-02-08,63,F,499.0,1.0,164.66,4.0,Hibernating,2.0,Lost
2174,customer_1173,customer1173.gmail.com,Bengaluru,Email,2024-03-20,54,M,778.0,1.0,146.34,3.0,Lost,2.0,Lost
2175,customer_1174,customer1174.gmail.com,Delhi,Email,2023-08-01,56,F,289.0,5.0,1629.52,13.0,Loyal Customers,0.0,High Value
2176,customer_1175,customer1175.gmail.com,Pune,Email,2022-09-30,47,F,118.0,2.0,237.28,7.0,New Customers,1.0,At-Risk
2177,customer_1176,customer1176.gmail.com,Chennai,SMS,2024-02-20,51,Others,102.0,1.0,289.53,6.0,New Customers,1.0,At-Risk
2178,customer_1177,customer1177.gmail.com,Pune,Organic,2024-06-21,48,M,320.0,4.0,1099.2,11.0,Loyal Customers,3.0,Loyal
2179,customer_1178,customer1178.gmail.com,Delhi,Google Search,2023-03-18,23,M,192.0,5.0,1598.16,14.0,champions,0.0,High Value
2180,customer_1179,customer1179.gmail.com,Hyderabad,Google Search,2024-05-09,43,M,1035.0,2.0,723.04,6.0,Hibernating,2.0,Lost
2181,customer_1180,customer1180.gmail.com,Chennai,Organic,2023-08-06,62,Others,47.0,3.0,1859.15,13.0,Loyal Customers,3.0,Loyal
2182,customer_1181,customer1181.gmail.com,Bengaluru,Email,2023-07-07,30,F,440.0,2.0,1649.97,9.0,At-Risk,4.0,Potential
2183,customer_1182,customer1182.gmail.com,Delhi,Google Search,2022-01-08,46,M,,,,,,,No Purchase
2184,customer_1183,customer1183.gmail.com,Bengaluru,SMS,2024-04-10,43,F,29.0,2.0,717.06,10.0,New Customers,1.0,At-Risk
2185,customer_1184,customer1184.gmail.com,Delhi,Email,2024-05-01,56,Others,868.0,1.0,166.04,3.0,Lost,2.0,Lost
2186,customer_1185,customer1185.gmail.com,Chennai,Organic,2024-02-10,39,M,892.0,1.0,469.77,4.0,Lost,2.0,Lost
2187,customer_1186,customer1186.gmail.com,Bengaluru,Organic,2022-12-17,21,F,125.0,1.0,47.16,6.0,New Customers,1.0,At-Risk
2188,customer_1187,customer1187.gmail.com,Delhi,Paid Social,2022-10-18,52,M,296.0,3.0,1716.9699999999998,11.0,Loyal Customers,3.0,Loyal
2189,customer_1188,customer1188.gmail.com,Pune,SMS,2022-11-04,22,F,,,,,,,No Purchase
2190,customer_1189,customer1189.gmail.com,Delhi,SMS,2023-02-06,45,M,434.0,1.0,337.52,5.0,Hibernating,1.0,At-Risk
2191,customer_1190,customer1190.gmail.com,Pune,Paid Social,2023-12-28,38,M,,,,,,,No Purchase
2192,customer_1191,customer1191.gmail.com,Hyderabad,Paid Social,2022-07-07,26,F,769.0,1.0,128.9,3.0,Lost,2.0,Lost
2193,customer_1192,customer1192.gmail.com,Delhi,Paid Social,2022-07-19,27,F,652.0,3.0,1007.39,8.0,Cannot Lose Them,4.0,Potential
2194,customer_1193,customer1193.gmail.com,Bengaluru,SMS,2024-09-02,57,M,285.0,1.0,122.24,5.0,Hibernating,1.0,At-Risk
2195,customer_1194,customer1194.gmail.com,Hyderabad,Paid Social,2024-04-05,50,M,162.0,1.0,899.49,9.0,New Customers,1.0,At-Risk
2196,customer_1195,customer1195.gmail.com,Pune,SMS,2023-10-07,57,M,938.0,1.0,83.86,3.0,Lost,2.0,Lost
2197,customer_1196,customer1196.gmail.com,Hyderabad,Paid Social,2023-12-28,60,F,73.0,3.0,507.83,10.0,Loyal Customers,3.0,Loyal
2198,customer_1197,customer1197.gmail.com,Delhi,Google Search,2022-07-07,22,F,521.0,2.0,647.0699999999999,7.0,At-Risk,4.0,Potential
2199,customer_1198,customer1198.gmail.com,Mumbai,Organic,2022-05-26,26,F,223.0,3.0,887.5,10.0,Loyal Customers,3.0,Loyal
2200,customer_1199,customer1199.gmail.com,Delhi,SMS,2022-10-18,34,F,248.0,3.0,556.05,8.0,Loyal Customers,3.0,Loyal
2201,customer_1200,customer1200.gmail.com,Pune,Email,2024-01-27,50,F,473.0,2.0,842.8199999999999,7.0,At-Risk,4.0,Potential
2202,customer_1201,customer1201.gmail.com,Hyderabad,Email,2022-04-03,34,F,300.0,4.0,1319.35,11.0,Loyal Customers,3.0,Loyal
2203,customer_1202,customer1202.gmail.com,Mumbai,Paid Social,2024-10-04,23,M,262.0,3.0,764.28,9.0,Loyal Customers,3.0,Loyal
2204,customer_1203,customer1203.gmail.com,Chennai,Paid Social,2022-06-06,44,M,265.0,2.0,498.81,7.0,Hibernating,1.0,At-Risk
2205,customer_1204,customer1204.gmail.com,Chennai,SMS,2024-08-17,44,M,307.0,2.0,1222.04,9.0,Potential Loyalists,4.0,Potential
2206,customer_1205,customer1205.gmail.com,Chennai,Google Search,2024-02-08,63,M,226.0,4.0,1714.4699999999998,12.0,Loyal Customers,3.0,Loyal
2207,customer_1206,customer1206.gmail.com,Bengaluru,Email,2023-12-06,31,M,187.0,4.0,1134.31,12.0,champions,3.0,Loyal
2208,customer_1207,customer1207.gmail.com,Hyderabad,SMS,2023-04-24,22,F,74.0,5.0,1599.63,15.0,champions,0.0,High Value
2209,customer_1208,customer1208.gmail.com,Hyderabad,Email,2024-08-25,34,M,184.0,3.0,670.78,10.0,Loyal Customers,3.0,Loyal
2210,customer_1209,customer1209.gmail.com,Delhi,Organic,2023-03-01,21,F,213.0,3.0,772.26,9.0,Loyal Customers,3.0,Loyal
2211,customer_1210,customer1210.gmail.com,Bengaluru,Paid Social,2024-10-16,58,M,607.0,4.0,840.21,8.0,Cannot Lose Them,4.0,Potential
2212,customer_1211,customer1211.gmail.com,Mumbai,SMS,2022-04-06,24,F,79.0,2.0,562.76,9.0,New Customers,1.0,At-Risk
2213,customer_1212,customer1212.gmail.com,Hyderabad,Paid Social,2023-09-08,54,M,,,,,,,No Purchase
2214,customer_1213,customer1213.gmail.com,Delhi,SMS,2022-10-01,31,F,,,,,,,No Purchase
2215,customer_1214,customer1214.gmail.com,Delhi,Paid Social,2023-05-24,30,M,66.0,3.0,955.41,12.0,Loyal Customers,3.0,Loyal
2216,customer_1215,customer1215.gmail.com,Mumbai,Paid Social,2022-01-25,46,M,155.0,3.0,848.29,10.0,Loyal Customers,3.0,Loyal
2217,customer_1216,customer1216.gmail.com,Bengaluru,SMS,2022-04-22,51,F,692.0,1.0,2042.41,7.0,Lost,4.0,Potential
2218,customer_1217,customer1217.gmail.com,Bengaluru,Organic,2024-08-01,51,F,113.0,4.0,1210.55,12.0,champions,3.0,Loyal
2219,customer_1218,customer1218.gmail.com,Delhi,Email,2023-04-25,55,M,314.0,1.0,540.68,6.0,Hibernating,1.0,At-Risk
2220,customer_1219,customer1219.gmail.com,Bengaluru,SMS,2022-11-16,56,F,638.0,2.0,515.19,5.0,Hibernating,2.0,Lost
2221,customer_1220,customer1220.gmail.com,Bengaluru,Organic,2024-11-19,42,M,769.0,3.0,1620.15,9.0,Cannot Lose Them,4.0,Potential
2222,customer_1221,customer1221.gmail.com,Delhi,Google Search,2022-10-19,52,M,455.0,1.0,320.77,5.0,Hibernating,1.0,At-Risk
2223,customer_1222,customer1222.gmail.com,Hyderabad,Paid Social,2022-02-28,37,Others,297.0,3.0,1514.75,11.0,Loyal Customers,3.0,Loyal
2224,customer_1223,customer1223.gmail.com,Hyderabad,Paid Social,2024-07-03,48,M,466.0,1.0,27.74,4.0,Hibernating,1.0,At-Risk
2225,customer_1224,customer1224.gmail.com,Chennai,Email,2022-02-26,63,M,106.0,5.0,1154.65,13.0,champions,3.0,Loyal
2226,customer_1225,customer1225.gmail.com,Bengaluru,Email,2023-08-13,61,F,304.0,4.0,1448.05,12.0,Loyal Customers,3.0,Loyal
2227,customer_1226,customer1226.gmail.com,Delhi,Paid Social,2022-05-23,42,F,,,,,,,No Purchase
2228,customer_1227,customer1227.gmail.com,Hyderabad,Paid Social,2022-02-04,46,M,49.0,5.0,1850.62,15.0,champions,0.0,High Value
2229,customer_1228,customer1228.gmail.com,Chennai,SMS,2022-07-23,63,M,140.0,5.0,2974.56,14.0,champions,0.0,High Value
2230,customer_1229,customer1229.gmail.com,Chennai,Email,2024-10-07,51,F,650.0,2.0,354.24,5.0,Hibernating,2.0,Lost
2231,customer_1230,customer1230.gmail.com,Hyderabad,SMS,2022-10-15,27,F,,,,,,,No Purchase
2232,customer_1231,customer1231.gmail.com,Chennai,SMS,2022-10-24,36,M,164.0,2.0,886.3599999999999,10.0,New Customers,1.0,At-Risk
2233,customer_1232,customer1232.gmail.com,Delhi,Paid Social,2022-02-12,56,F,632.0,2.0,465.58,5.0,Hibernating,2.0,Lost
2234,customer_1233,customer1233.gmail.com,Mumbai,Email,2024-01-14,28,M,178.0,5.0,788.56,12.0,Loyal Customers,3.0,Loyal
2235,customer_1234,customer1234.gmail.com,Chennai,Organic,2024-04-11,57,M,340.0,2.0,760.4300000000001,8.0,Potential Loyalists,1.0,At-Risk
2236,customer_1235,customer1235.gmail.com,Bengaluru,Email,2023-02-05,57,F,,,,,,,No Purchase
2237,customer_1236,customer1236.gmail.com,Bengaluru,SMS,2024-04-05,53,F,989.0,1.0,261.85,3.0,Lost,2.0,Lost
2238,customer_1237,customer1237.gmail.com,Chennai,SMS,2023-03-05,40,F,91.0,4.0,2746.15,14.0,champions,0.0,High Value
2239,customer_1238,customer1238.gmail.com,Hyderabad,Paid Social,2023-10-02,61,F,97.0,2.0,297.42,7.0,New Customers,1.0,At-Risk
2240,customer_1239,customer1239.gmail.com,Delhi,Google Search,2024-10-31,55,M,102.0,1.0,453.41,7.0,New Customers,1.0,At-Risk
2241,customer_1240,customer1240.gmail.com,Pune,Email,2022-11-27,42,M,,,,,,,No Purchase
2242,customer_1241,customer1241.gmail.com,Chennai,Organic,2023-05-13,61,Others,661.0,3.0,1436.37,9.0,Cannot Lose Them,4.0,Potential
2243,customer_1242,customer1242.gmail.com,Pune,Email,2024-09-07,62,M,436.0,1.0,375.78,5.0,Hibernating,1.0,At-Risk
2244,customer_1243,customer1243.gmail.com,Delhi,Email,2023-11-22,38,M,440.0,4.0,1303.46,10.0,At-Risk,4.0,Potential
2245,customer_1244,customer1244.gmail.com,Delhi,SMS,2024-11-29,55,M,222.0,2.0,1124.34,9.0,Potential Loyalists,1.0,At-Risk
2246,customer_1245,customer1245.gmail.com,Mumbai,Paid Social,2024-09-07,44,M,350.0,4.0,1780.7199999999998,12.0,Loyal Customers,0.0,High Value
2247,customer_1246,customer1246.gmail.com,Pune,Organic,2024-01-28,19,M,89.0,3.0,2086.33,13.0,Loyal Customers,0.0,High Value
2248,customer_1247,customer1247.gmail.com,Delhi,Organic,2022-09-23,23,M,151.0,3.0,525.6800000000001,9.0,Loyal Customers,3.0,Loyal
2249,customer_1248,customer1248.gmail.com,Delhi,Email,2022-11-13,52,M,173.0,4.0,2287.54,13.0,champions,0.0,High Value
2250,customer_1249,customer1249.gmail.com,Bengaluru,Email,2023-10-17,26,F,197.0,3.0,823.09,10.0,Loyal Customers,3.0,Loyal
2251,customer_1250,customer1250.gmail.com,Pune,Organic,2022-12-12,37,M,1019.0,2.0,611.49,6.0,Hibernating,2.0,Lost
2252,customer_1251,customer1251.gmail.com,Delhi,Organic,2024-04-15,50,F,442.0,4.0,2333.59,11.0,At-Risk,0.0,High Value
2253,customer_1252,customer1252.gmail.com,Pune,Google Search,2023-10-28,64,F,35.0,3.0,697.45,11.0,Loyal Customers,3.0,Loyal
2254,customer_1253,customer1253.gmail.com,Delhi,Google Search,2023-10-01,46,F,659.0,2.0,878.43,6.0,Hibernating,4.0,Potential
2255,customer_1254,customer1254.gmail.com,Chennai,Organic,2022-08-08,44,M,,,,,,,No Purchase
2256,customer_1255,customer1255.gmail.com,Pune,Paid Social,2022-04-21,18,F,176.0,1.0,201.44,6.0,New Customers,1.0,At-Risk
2257,customer_1256,customer1256.gmail.com,Mumbai,Google Search,2022-06-20,30,F,281.0,4.0,1233.43,11.0,Loyal Customers,3.0,Loyal
2258,customer_1257,customer1257.gmail.com,Mumbai,SMS,2022-03-02,20,F,60.0,4.0,700.44,12.0,Loyal Customers,3.0,Loyal
2259,customer_1258,customer1258.gmail.com,Mumbai,SMS,2022-03-18,18,M,,,,,,,No Purchase
2260,customer_1259,customer1259.gmail.com,Hyderabad,SMS,2022-09-23,37,M,437.0,1.0,253.56,4.0,Hibernating,1.0,At-Risk
2261,customer_1260,customer1260.gmail.com,Delhi,Email,2022-02-12,57,F,,,,,,,No Purchase
2262,customer_1261,customer1261.gmail.com,Bengaluru,Google Search,2024-03-24,43,M,60.0,3.0,1225.89,12.0,Loyal Customers,3.0,Loyal
2263,customer_1262,customer1262.gmail.com,Hyderabad,Email,2023-03-17,29,F,391.0,3.0,756.53,8.0,At-Risk,4.0,Potential
2264,customer_1263,customer1263.gmail.com,Pune,Paid Social,2023-10-02,23,F,,,,,,,No Purchase
2265,customer_1264,customer1264.gmail.com,Delhi,Organic,2022-04-12,26,M,150.0,2.0,533.9,8.0,New Customers,1.0,At-Risk
2266,customer_1265,customer1265.gmail.com,Delhi,Organic,2023-10-30,53,M,,,,,,,No Purchase
2267,customer_1266,customer1266.gmail.com,Hyderabad,Paid Social,2024-05-27,37,F,528.0,1.0,577.42,6.0,Hibernating,2.0,Lost
2268,customer_1267,customer1267.gmail.com,Delhi,Google Search,2023-08-27,27,M,1011.0,2.0,726.5999999999999,6.0,Hibernating,2.0,Lost
2269,customer_1268,customer1268.gmail.com,Delhi,Paid Social,2023-06-20,27,F,203.0,6.0,1648.03,14.0,champions,0.0,High Value
2270,customer_1269,customer1269.gmail.com,Pune,Organic,2022-08-21,48,F,185.0,3.0,790.7,10.0,Loyal Customers,3.0,Loyal
2271,customer_1270,customer1270.gmail.com,Bengaluru,Organic,2024-10-08,37,F,721.0,1.0,110.54,3.0,Lost,2.0,Lost
2272,customer_1271,customer1271.gmail.com,Pune,Paid Social,2023-08-05,42,F,826.0,1.0,81.46,3.0,Lost,2.0,Lost
2273,customer_1272,customer1272.gmail.com,Chennai,Email,2024-10-25,62,F,172.0,8.0,1803.31,14.0,champions,0.0,High Value
2274,customer_1273,customer1273.gmail.com,Hyderabad,Paid Social,2023-09-18,48,M,54.0,4.0,1912.76,14.0,champions,0.0,High Value
2275,customer_1274,customer1274.gmail.com,Delhi,Email,2022-09-07,64,M,151.0,2.0,917.26,10.0,New Customers,1.0,At-Risk
2276,customer_1275,customer1275.gmail.com,Delhi,Google Search,2023-01-27,58,F,248.0,1.0,1002.12,8.0,Hibernating,1.0,At-Risk
2277,customer_1276,customer1276.gmail.com,Bengaluru,Organic,2024-05-24,26,M,110.0,2.0,672.6700000000001,9.0,New Customers,1.0,At-Risk
2278,customer_1277,customer1277.gmail.com,Bengaluru,SMS,2024-12-30,58,F,826.0,3.0,602.25,7.0,Cannot Lose Them,2.0,Lost
2279,customer_1278,customer1278.gmail.com,Mumbai,SMS,2024-02-08,41,F,,,,,,,No Purchase
2280,customer_1279,customer1279.gmail.com,Bengaluru,Organic,2023-10-29,21,M,83.0,4.0,822.23,12.0,Loyal Customers,3.0,Loyal
2281,customer_1280,customer1280.gmail.com,Pune,Paid Social,2023-05-11,54,M,,,,,,,No Purchase
2282,customer_1281,customer1281.gmail.com,Chennai,Organic,2024-05-23,62,F,379.0,1.0,366.08,5.0,Hibernating,1.0,At-Risk
2283,customer_1282,customer1282.gmail.com,Delhi,Paid Social,2024-05-31,41,F,,,,,,,No Purchase
2284,customer_1283,customer1283.gmail.com,Pune,Paid Social,2022-02-17,31,M,358.0,2.0,476.98,7.0,Hibernating,1.0,At-Risk
2285,customer_1284,customer1284.gmail.com,Pune,Organic,2023-10-12,25,F,365.0,2.0,384.77,6.0,At-Risk,1.0,At-Risk
2286,customer_1285,customer1285.gmail.com,Pune,SMS,2023-05-21,44,F,303.0,1.0,668.63,7.0,Hibernating,1.0,At-Risk
2287,customer_1286,customer1286.gmail.com,Pune,Organic,2022-03-07,59,F,349.0,4.0,1001.26,11.0,Loyal Customers,3.0,Loyal
2288,customer_1287,customer1287.gmail.com,Pune,Paid Social,2022-06-20,47,F,,,,,,,No Purchase
2289,customer_1288,customer1288.gmail.com,Pune,Google Search,2023-06-19,31,F,645.0,2.0,384.18,5.0,Hibernating,2.0,Lost
2290,customer_1289,customer1289.gmail.com,Delhi,SMS,2024-06-24,57,F,141.0,2.0,850.56,9.0,New Customers,1.0,At-Risk
2291,customer_1290,customer1290.gmail.com,Pune,Paid Social,2024-10-26,57,F,37.0,5.0,1439.51,15.0,champions,3.0,Loyal
2292,customer_1291,customer1291.gmail.com,Hyderabad,SMS,2024-06-09,35,M,587.0,2.0,760.74,7.0,At-Risk,4.0,Potential
2293,customer_1292,customer1292.gmail.com,Pune,Email,2024-07-01,30,F,384.0,1.0,190.59,4.0,Hibernating,1.0,At-Risk
2294,customer_1293,customer1293.gmail.com,Mumbai,Organic,2022-07-05,46,M,,,,,,,No Purchase
2295,customer_1294,customer1294.gmail.com,Chennai,Organic,2022-07-14,45,M,133.0,5.0,1843.38,14.0,champions,0.0,High Value
2296,customer_1295,customer1295.gmail.com,Pune,SMS,2022-09-23,21,F,950.0,2.0,1522.79,8.0,Hibernating,4.0,Potential
2297,customer_1296,customer1296.gmail.com,Mumbai,Email,2023-12-09,44,F,211.0,5.0,830.8399999999999,11.0,Loyal Customers,3.0,Loyal
2298,customer_1297,customer1297.gmail.com,Delhi,Google Search,2023-07-27,53,M,547.0,1.0,120.74,4.0,Hibernating,2.0,Lost
2299,customer_1298,customer1298.gmail.com,Hyderabad,Google Search,2023-08-30,41,M,14.0,4.0,2947.05,14.0,champions,0.0,High Value
2300,customer_1299,customer1299.gmail.com,Delhi,Google Search,2022-07-28,41,F,409.0,1.0,142.0,4.0,Hibernating,1.0,At-Risk
2301,customer_1300,customer1300.gmail.com,Delhi,SMS,2024-10-09,20,M,,,,,,,No Purchase
2302,customer_1301,customer1301.gmail.com,Pune,Paid Social,2024-06-18,62,M,224.0,5.0,1390.05,13.0,Loyal Customers,3.0,Loyal
2303,customer_1302,customer1302.gmail.com,Mumbai,Organic,2024-09-19,36,F,152.0,1.0,522.66,7.0,New Customers,1.0,At-Risk
2304,customer_1303,customer1303.gmail.com,Hyderabad,Email,2024-08-19,56,F,653.0,2.0,447.26,5.0,Hibernating,2.0,Lost
2305,customer_1304,customer1304.gmail.com,Pune,Email,2022-11-22,26,M,332.0,2.0,128.55,6.0,Hibernating,1.0,At-Risk
2306,customer_1305,customer1305.gmail.com,Mumbai,Google Search,2023-11-16,39,F,753.0,1.0,23.41,3.0,Lost,2.0,Lost
2307,customer_1306,customer1306.gmail.com,Chennai,Google Search,2023-04-27,39,M,285.0,5.0,1853.66,13.0,Loyal Customers,0.0,High Value
2308,customer_1307,customer1307.gmail.com,Pune,Email,2023-04-22,33,F,958.0,1.0,47.31,3.0,Lost,2.0,Lost
2309,customer_1308,customer1308.gmail.com,Delhi,Organic,2023-12-16,25,F,55.0,1.0,810.32,9.0,New Customers,1.0,At-Risk
2310,customer_1309,customer1309.gmail.com,Mumbai,Email,2022-05-18,34,M,522.0,2.0,528.13,6.0,At-Risk,4.0,Potential
2311,customer_1310,customer1310.gmail.com,Chennai,Google Search,2024-01-10,54,F,145.0,2.0,166.42,7.0,New Customers,1.0,At-Risk
2312,customer_1311,customer1311.gmail.com,Bengaluru,Google Search,2023-08-18,44,F,465.0,3.0,1107.96,9.0,At-Risk,4.0,Potential
2313,customer_1312,customer1312.gmail.com,Pune,SMS,2024-10-22,52,M,564.0,2.0,582.7,7.0,At-Risk,4.0,Potential
2314,customer_1313,customer1313.gmail.com,Delhi,Google Search,2022-11-08,52,M,290.0,4.0,825.5,10.0,Loyal Customers,3.0,Loyal
2315,customer_1314,customer1314.gmail.com,Mumbai,SMS,2022-11-18,31,F,812.0,1.0,401.83,4.0,Lost,2.0,Lost
2316,customer_1315,customer1315.gmail.com,Delhi,Organic,2024-02-04,60,M,,,,,,,No Purchase
2317,customer_1316,customer1316.gmail.com,Pune,Google Search,2022-01-13,58,M,304.0,2.0,772.96,8.0,Potential Loyalists,1.0,At-Risk
2318,customer_1317,customer1317.gmail.com,Chennai,Google Search,2023-02-19,39,F,972.0,3.0,762.1500000000001,7.0,Cannot Lose Them,2.0,Lost
2319,customer_1318,customer1318.gmail.com,Pune,Email,2022-02-09,39,M,95.0,3.0,1364.78,12.0,Loyal Customers,3.0,Loyal
2320,customer_1319,customer1319.gmail.com,Pune,Google Search,2023-07-31,28,M,48.0,3.0,1907.05,13.0,Loyal Customers,3.0,Loyal
2321,customer_1320,customer1320.gmail.com,Hyderabad,Organic,2023-12-19,49,M,251.0,1.0,45.33,5.0,Hibernating,1.0,At-Risk
2322,customer_1321,customer1321.gmail.com,Hyderabad,Paid Social,2022-05-24,44,F,478.0,1.0,486.42,5.0,Hibernating,1.0,At-Risk
2323,customer_1322,customer1322.gmail.com,Pune,Email,2022-11-29,37,M,19.0,6.0,2048.74,15.0,champions,0.0,High Value
2324,customer_1323,customer1323.gmail.com,Chennai,Organic,2023-01-08,63,F,133.0,4.0,2128.36,13.0,champions,0.0,High Value
2325,customer_1324,customer1324.gmail.com,Hyderabad,SMS,2022-08-05,51,M,410.0,3.0,1517.18,10.0,At-Risk,4.0,Potential
2326,customer_1325,customer1325.gmail.com,Chennai,Email,2023-09-06,36,M,859.0,2.0,739.33,6.0,Hibernating,2.0,Lost
2327,customer_1326,customer1326.gmail.com,Delhi,Google Search,2022-01-07,27,F,686.0,1.0,107.38,3.0,Lost,2.0,Lost
2328,customer_1327,customer1327.gmail.com,Mumbai,Email,2022-01-17,30,F,266.0,2.0,449.37,7.0,Hibernating,1.0,At-Risk
2329,customer_1328,customer1328.gmail.com,Hyderabad,SMS,2024-06-11,45,F,,,,,,,No Purchase
2330,customer_1329,customer1329.gmail.com,Hyderabad,Paid Social,2023-04-17,25,M,677.0,1.0,251.81,3.0,Lost,2.0,Lost
2331,customer_1330,customer1330.gmail.com,Chennai,Google Search,2024-07-01,39,F,285.0,2.0,949.25,9.0,Potential Loyalists,1.0,At-Risk
2332,customer_1331,customer1331.gmail.com,Chennai,Organic,2023-04-10,45,F,108.0,4.0,1121.12,12.0,champions,3.0,Loyal
2333,customer_1332,customer1332.gmail.com,Hyderabad,Paid Social,2023-04-18,33,M,205.0,3.0,523.46,8.0,Loyal Customers,3.0,Loyal
2334,customer_1333,customer1333.gmail.com,Hyderabad,SMS,2024-04-08,34,M,538.0,2.0,671.0,7.0,At-Risk,4.0,Potential
2335,customer_1334,customer1334.gmail.com,Chennai,Paid Social,2022-11-25,57,F,449.0,3.0,1105.01,9.0,At-Risk,4.0,Potential
2336,customer_1335,customer1335.gmail.com,Bengaluru,Organic,2023-01-22,59,F,475.0,3.0,811.27,8.0,At-Risk,4.0,Potential
2337,customer_1336,customer1336.gmail.com,Mumbai,Organic,2023-11-30,57,M,324.0,3.0,1932.88,11.0,Loyal Customers,4.0,Potential
2338,customer_1337,customer1337.gmail.com,Delhi,Email,2024-10-18,36,M,333.0,1.0,377.61,6.0,Hibernating,1.0,At-Risk
2339,customer_1338,customer1338.gmail.com,Hyderabad,Paid Social,2024-11-21,55,F,817.0,1.0,325.62,4.0,Lost,2.0,Lost
2340,customer_1339,customer1339.gmail.com,Bengaluru,Email,2024-02-08,35,M,33.0,6.0,2163.53,15.0,champions,0.0,High Value
2341,customer_1340,customer1340.gmail.com,Pune,Google Search,2022-04-14,54,M,238.0,2.0,1104.19,9.0,Potential Loyalists,1.0,At-Risk
2342,customer_1341,customer1341.gmail.com,Pune,SMS,2022-01-08,46,F,59.0,3.0,520.15,10.0,Loyal Customers,3.0,Loyal
2343,customer_1342,customer1342.gmail.com,Bengaluru,Google Search,2022-08-15,32,M,545.0,2.0,581.89,7.0,At-Risk,4.0,Potential
2344,customer_1343,customer1343.gmail.com,Delhi,Organic,2022-08-07,38,F,146.0,3.0,1503.28,12.0,Loyal Customers,3.0,Loyal
2345,customer_1344,customer1344.gmail.com,Bengaluru,Organic,2022-02-25,24,M,70.0,3.0,735.65,11.0,Loyal Customers,3.0,Loyal
2346,customer_1345,customer1345.gmail.com,Pune,Organic,2022-01-28,53,M,267.0,1.0,460.51,6.0,Hibernating,1.0,At-Risk
2347,customer_1346,customer1346.gmail.com,Hyderabad,Organic,2022-12-31,39,M,47.0,1.0,171.27,7.0,New Customers,1.0,At-Risk
2348,customer_1347,customer1347.gmail.com,Pune,Paid Social,2024-05-25,54,F,360.0,4.0,1577.49,11.0,At-Risk,3.0,Loyal
2349,customer_1348,customer1348.gmail.com,Mumbai,Paid Social,2023-06-09,23,M,250.0,3.0,608.33,9.0,Loyal Customers,3.0,Loyal
2350,customer_1349,customer1349.gmail.com,Mumbai,Organic,2024-06-13,57,M,58.0,2.0,293.53,8.0,New Customers,1.0,At-Risk
2351,customer_1350,customer1350.gmail.com,Pune,Google Search,2024-03-02,31,F,38.0,2.0,409.02,9.0,New Customers,1.0,At-Risk
2352,customer_1351,customer1351.gmail.com,Pune,SMS,2024-07-04,34,M,13.0,3.0,1657.54,13.0,Loyal Customers,3.0,Loyal
2353,customer_1352,customer1352.gmail.com,Hyderabad,SMS,2023-03-16,18,M,409.0,1.0,256.34,4.0,Hibernating,1.0,At-Risk
2354,customer_1353,customer1353.gmail.com,Hyderabad,Google Search,2022-03-22,61,M,241.0,3.0,726.5,9.0,Loyal Customers,3.0,Loyal
2355,customer_1354,customer1354.gmail.com,Mumbai,Google Search,2024-03-10,19,M,377.0,2.0,375.16,6.0,At-Risk,1.0,At-Risk
2356,customer_1355,customer1355.gmail.com,Chennai,Google Search,2024-12-28,59,F,163.0,3.0,1428.66,12.0,Loyal Customers,3.0,Loyal
2357,customer_1356,customer1356.gmail.com,Delhi,SMS,2023-03-13,62,F,239.0,3.0,745.99,9.0,Loyal Customers,3.0,Loyal
2358,customer_1357,customer1357.gmail.com,Chennai,SMS,2024-02-14,55,M,257.0,3.0,1949.65,11.0,Loyal Customers,3.0,Loyal
2359,customer_1358,customer1358.gmail.com,Pune,Organic,2023-01-27,63,F,197.0,1.0,474.7,7.0,New Customers,1.0,At-Risk
2360,customer_1359,customer1359.gmail.com,Hyderabad,Organic,2024-07-07,53,M,792.0,3.0,597.78,7.0,Cannot Lose Them,4.0,Potential
2361,customer_1360,customer1360.gmail.com,Pune,Google Search,2024-05-24,38,Others,183.0,1.0,207.62,6.0,New Customers,1.0,At-Risk
2362,customer_1361,customer1361.gmail.com,Mumbai,Paid Social,2022-08-03,22,Others,,,,,,,No Purchase
2363,customer_1362,customer1362.gmail.com,Hyderabad,Paid Social,2024-04-24,37,M,367.0,3.0,493.46,7.0,At-Risk,4.0,Potential
2364,customer_1363,customer1363.gmail.com,Chennai,Email,2022-07-09,58,F,618.0,1.0,450.95,4.0,Lost,2.0,Lost
2365,customer_1364,customer1364.gmail.com,Bengaluru,SMS,2022-08-03,39,M,434.0,3.0,1207.74,9.0,At-Risk,4.0,Potential
2366,customer_1365,customer1365.gmail.com,Mumbai,Paid Social,2024-03-19,57,M,497.0,1.0,935.53,7.0,Hibernating,4.0,Potential
2367,customer_1366,customer1366.gmail.com,Pune,Email,2024-10-30,40,F,868.0,2.0,1426.33,8.0,Hibernating,4.0,Potential
2368,customer_1367,customer1367.gmail.com,Hyderabad,SMS,2023-05-07,18,F,285.0,2.0,144.46,6.0,Hibernating,1.0,At-Risk
2369,customer_1368,customer1368.gmail.com,Mumbai,Google Search,2023-10-14,30,M,5.0,3.0,853.8000000000001,11.0,Loyal Customers,3.0,Loyal
2370,customer_1369,customer1369.gmail.com,Pune,Google Search,2024-09-08,41,Others,7.0,4.0,1089.0500000000002,13.0,champions,3.0,Loyal
2371,customer_1370,customer1370.gmail.com,Delhi,Organic,2024-08-19,42,M,402.0,1.0,343.53,5.0,Hibernating,1.0,At-Risk
2372,customer_1371,customer1371.gmail.com,Chennai,Email,2023-05-11,60,F,278.0,1.0,210.0,5.0,Hibernating,1.0,At-Risk
2373,customer_1372,customer1372.gmail.com,Hyderabad,Email,2022-01-19,45,F,121.0,3.0,652.2900000000001,10.0,Loyal Customers,3.0,Loyal
2374,customer_1373,customer1373.gmail.com,Delhi,Email,2022-09-24,21,M,148.0,2.0,288.84000000000003,7.0,New Customers,1.0,At-Risk
2375,customer_1374,customer1374.gmail.com,Mumbai,Email,2023-12-11,40,F,65.0,1.0,178.87,7.0,New Customers,1.0,At-Risk
2376,customer_1375,customer1375.gmail.com,Hyderabad,Organic,2024-03-26,21,Others,778.0,1.0,322.24,4.0,Lost,2.0,Lost
2377,customer_1376,customer1376.gmail.com,Pune,Organic,2024-06-06,57,M,,,,,,,No Purchase
2378,customer_1377,customer1377.gmail.com,Delhi,Google Search,2022-11-17,51,M,593.0,1.0,290.34,4.0,Hibernating,2.0,Lost
2379,customer_1378,customer1378.gmail.com,Mumbai,Google Search,2022-05-23,37,F,287.0,2.0,491.94,7.0,Hibernating,1.0,At-Risk
2380,customer_1379,customer1379.gmail.com,Pune,Paid Social,2024-08-06,34,F,193.0,2.0,366.66,8.0,New Customers,1.0,At-Risk
2381,customer_1380,customer1380.gmail.com,Pune,Email,2022-11-02,47,F,301.0,4.0,1285.63,11.0,Loyal Customers,3.0,Loyal
2382,customer_1381,customer1381.gmail.com,Pune,Email,2024-02-26,45,M,317.0,2.0,800.79,8.0,Potential Loyalists,1.0,At-Risk
2383,customer_1382,customer1382.gmail.com,Pune,Email,2024-01-12,41,M,38.0,1.0,243.74,7.0,New Customers,1.0,At-Risk
2384,customer_1383,customer1383.gmail.com,Chennai,Organic,2022-09-30,48,F,222.0,2.0,2347.01,10.0,Potential Loyalists,0.0,High Value
2385,customer_1384,customer1384.gmail.com,Delhi,Email,2024-08-13,49,F,1035.0,1.0,368.37,4.0,Lost,2.0,Lost
2386,customer_1385,customer1385.gmail.com,Pune,Email,2023-02-06,55,M,575.0,3.0,1150.5,9.0,At-Risk,4.0,Potential
2387,customer_1386,customer1386.gmail.com,Bengaluru,Google Search,2022-07-07,46,M,249.0,4.0,606.24,10.0,Loyal Customers,3.0,Loyal
2388,customer_1387,customer1387.gmail.com,Hyderabad,Paid Social,2024-07-10,24,F,112.0,2.0,455.96,8.0,New Customers,1.0,At-Risk
2389,customer_1388,customer1388.gmail.com,Pune,Organic,2022-06-11,32,F,930.0,1.0,368.28,4.0,Lost,2.0,Lost
2390,customer_1389,customer1389.gmail.com,Pune,Organic,2024-04-29,62,M,153.0,2.0,542.0899999999999,8.0,New Customers,1.0,At-Risk
2391,customer_1390,customer1390.gmail.com,Chennai,SMS,2023-07-24,23,M,,,,,,,No Purchase
2392,customer_1391,customer1391.gmail.com,Bengaluru,Email,2022-03-04,34,M,,,,,,,No Purchase
2393,customer_1392,customer1392.gmail.com,Hyderabad,Email,2024-01-27,50,M,138.0,1.0,149.31,6.0,New Customers,1.0,At-Risk
2394,customer_1393,customer1393.gmail.com,Chennai,Email,2022-02-27,61,F,981.0,1.0,147.71,3.0,Lost,2.0,Lost
2395,customer_1394,customer1394.gmail.com,Chennai,Paid Social,2024-04-08,18,M,202.0,1.0,276.22,6.0,New Customers,1.0,At-Risk
2396,customer_1395,customer1395.gmail.com,Pune,Email,2024-10-08,20,F,575.0,1.0,171.52,4.0,Hibernating,2.0,Lost
2397,customer_1396,customer1396.gmail.com,Pune,Organic,2023-07-15,30,M,530.0,3.0,1195.88,9.0,At-Risk,4.0,Potential
2398,customer_1397,customer1397.gmail.com,Pune,Google Search,2024-12-26,28,M,455.0,1.0,326.62,5.0,Hibernating,1.0,At-Risk
2399,customer_1398,customer1398.gmail.com,Bengaluru,Google Search,2024-09-14,29,M,9.0,1.0,409.08,8.0,New Customers,1.0,At-Risk
2400,customer_1399,customer1399.gmail.com,Chennai,SMS,2023-04-10,35,F,256.0,4.0,1695.13,12.0,Loyal Customers,3.0,Loyal
2401,customer_1400,customer1400.gmail.com,Hyderabad,Paid Social,2024-09-09,57,M,812.0,1.0,182.55,3.0,Lost,2.0,Lost
2402,customer_1401,customer1401.gmail.com,Mumbai,Paid Social,2024-03-13,33,Others,577.0,1.0,146.63,4.0,Hibernating,2.0,Lost
2403,customer_1402,customer1402.gmail.com,Hyderabad,Email,2022-08-15,50,M,195.0,3.0,560.78,9.0,Loyal Customers,3.0,Loyal
2404,customer_1403,customer1403.gmail.com,Bengaluru,SMS,2023-12-30,58,M,825.0,3.0,408.28,6.0,Hibernating,2.0,Lost
2405,customer_1404,customer1404.gmail.com,Hyderabad,Google Search,2022-12-04,21,M,,,,,,,No Purchase
2406,customer_1405,customer1405.gmail.com,Chennai,Email,2023-08-12,41,F,506.0,2.0,601.71,7.0,At-Risk,4.0,Potential
2407,customer_1406,customer1406.gmail.com,Chennai,Paid Social,2022-11-09,53,F,153.0,3.0,503.03,9.0,Loyal Customers,3.0,Loyal
2408,customer_1407,customer1407.gmail.com,Pune,Email,2022-03-02,64,M,71.0,2.0,638.19,10.0,New Customers,1.0,At-Risk
2409,customer_1408,customer1408.gmail.com,Bengaluru,Google Search,2024-07-31,63,M,141.0,4.0,1135.83,12.0,champions,3.0,Loyal
2410,customer_1409,customer1409.gmail.com,Bengaluru,SMS,2024-09-04,61,F,62.0,3.0,473.26,10.0,Loyal Customers,3.0,Loyal
2411,customer_1410,customer1410.gmail.com,Hyderabad,Organic,2022-01-31,24,M,254.0,1.0,171.4,5.0,Hibernating,1.0,At-Risk
2412,customer_1411,customer1411.gmail.com,Hyderabad,Email,2022-10-02,26,F,157.0,3.0,856.8199999999999,10.0,Loyal Customers,3.0,Loyal
2413,customer_1412,customer1412.gmail.com,Delhi,Paid Social,2024-04-19,54,M,291.0,1.0,178.43,5.0,Hibernating,1.0,At-Risk
2414,customer_1413,customer1413.gmail.com,Hyderabad,SMS,2022-11-24,36,Others,102.0,3.0,1793.73,12.0,Loyal Customers,3.0,Loyal
2415,customer_1414,customer1414.gmail.com,Hyderabad,Email,2023-12-22,46,F,257.0,2.0,322.27,7.0,Hibernating,1.0,At-Risk
2416,customer_1415,customer1415.gmail.com,Pune,Paid Social,2023-01-25,23,F,89.0,7.0,1786.55,15.0,champions,0.0,High Value
2417,customer_1416,customer1416.gmail.com,Mumbai,Paid Social,2024-06-06,53,Others,418.0,3.0,840.23,8.0,At-Risk,4.0,Potential
2418,customer_1417,customer1417.gmail.com,Mumbai,SMS,2023-12-20,39,F,79.0,3.0,605.8299999999999,11.0,Loyal Customers,3.0,Loyal
2419,customer_1418,customer1418.gmail.com,Mumbai,Paid Social,2024-05-16,39,F,1086.0,1.0,70.59,3.0,Lost,2.0,Lost
2420,customer_1419,customer1419.gmail.com,Hyderabad,Paid Social,2023-07-23,55,F,708.0,1.0,87.83,3.0,Lost,2.0,Lost
2421,customer_1420,customer1420.gmail.com,Chennai,Google Search,2023-12-06,60,Others,88.0,3.0,1018.13,12.0,Loyal Customers,3.0,Loyal
2422,customer_1421,customer1421.gmail.com,Mumbai,Organic,2023-03-10,20,Others,120.0,8.0,2140.1,14.0,champions,0.0,High Value
2423,customer_1422,customer1422.gmail.com,Chennai,SMS,2023-06-21,42,F,890.0,2.0,331.05,5.0,Hibernating,2.0,Lost
2424,customer_1423,customer1423.gmail.com,Delhi,Google Search,2023-04-16,31,M,263.0,2.0,464.2,7.0,Hibernating,1.0,At-Risk
2425,customer_1424,customer1424.gmail.com,Bengaluru,Organic,2022-02-24,22,Others,411.0,4.0,2142.59,11.0,At-Risk,0.0,High Value
2426,customer_1425,customer1425.gmail.com,Delhi,Email,2023-12-02,35,F,602.0,3.0,571.29,7.0,Cannot Lose Them,4.0,Potential
2427,customer_1426,customer1426.gmail.com,Delhi,Google Search,2022-08-25,45,F,128.0,3.0,859.76,10.0,Loyal Customers,3.0,Loyal
2428,customer_1427,customer1427.gmail.com,Mumbai,Organic,2024-05-19,47,F,529.0,3.0,2415.66,10.0,At-Risk,0.0,High Value
2429,customer_1428,customer1428.gmail.com,Mumbai,Paid Social,2022-08-13,53,F,596.0,3.0,387.38,7.0,At-Risk,4.0,Potential
2430,customer_1429,customer1429.gmail.com,Delhi,SMS,2024-01-21,23,F,108.0,2.0,472.74,8.0,New Customers,1.0,At-Risk
2431,customer_1430,customer1430.gmail.com,Delhi,Google Search,2023-11-14,48,M,942.0,2.0,540.23,5.0,Hibernating,2.0,Lost
2432,customer_1431,customer1431.gmail.com,Delhi,Email,2023-02-14,35,M,26.0,6.0,1533.25,15.0,champions,0.0,High Value
2433,customer_1432,customer1432.gmail.com,Delhi,Google Search,2022-08-31,42,F,389.0,3.0,1300.49,9.0,At-Risk,4.0,Potential
2434,customer_1433,customer1433.gmail.com,Delhi,Paid Social,2023-04-09,51,M,245.0,5.0,2066.52,13.0,Loyal Customers,0.0,High Value
2435,customer_1434,customer1434.gmail.com,Hyderabad,SMS,2023-11-18,25,M,972.0,1.0,1148.9,6.0,Lost,2.0,Lost
2436,customer_1435,customer1435.gmail.com,Delhi,Google Search,2023-06-15,45,M,486.0,3.0,704.14,8.0,At-Risk,4.0,Potential
2437,customer_1436,customer1436.gmail.com,Bengaluru,Google Search,2022-03-03,24,M,691.0,2.0,325.49,5.0,Hibernating,2.0,Lost
2438,customer_1437,customer1437.gmail.com,Mumbai,Paid Social,2023-02-15,51,M,439.0,3.0,1811.58,10.0,At-Risk,4.0,Potential
2439,customer_1438,customer1438.gmail.com,Bengaluru,SMS,2023-08-17,42,M,29.0,1.0,423.16,8.0,New Customers,1.0,At-Risk
2440,customer_1439,customer1439.gmail.com,Pune,Paid Social,2022-11-28,18,F,933.0,1.0,946.35,6.0,Lost,2.0,Lost
2441,customer_1440,customer1440.gmail.com,Mumbai,Paid Social,2023-03-19,60,M,,,,,,,No Purchase
2442,customer_1441,customer1441.gmail.com,Bengaluru,Organic,2023-11-14,19,M,367.0,3.0,471.54,7.0,At-Risk,4.0,Potential
2443,customer_1442,customer1442.gmail.com,Delhi,Organic,2024-02-08,51,M,108.0,1.0,254.21,6.0,New Customers,1.0,At-Risk
2444,customer_1443,customer1443.gmail.com,Delhi,Organic,2024-01-22,49,M,,,,,,,No Purchase
2445,customer_1444,customer1444.gmail.com,Mumbai,Organic,2023-11-07,29,M,519.0,5.0,5245.66,12.0,At-Risk,0.0,High Value
2446,customer_1445,customer1445.gmail.com,Hyderabad,Google Search,2022-06-05,61,Others,,,,,,,No Purchase
2447,customer_1446,customer1446.gmail.com,Delhi,Google Search,2023-06-05,43,M,420.0,3.0,628.79,8.0,At-Risk,4.0,Potential
2448,customer_1447,customer1447.gmail.com,Bengaluru,Paid Social,2024-12-11,39,F,312.0,2.0,675.12,8.0,Potential Loyalists,1.0,At-Risk
2449,customer_1448,customer1448.gmail.com,Mumbai,SMS,2024-02-29,60,M,204.0,4.0,1080.37,12.0,champions,3.0,Loyal
2450,customer_1449,customer1449.gmail.com,Hyderabad,Organic,2023-11-14,48,F,404.0,2.0,1221.59,8.0,At-Risk,4.0,Potential
2451,customer_1450,customer1450.gmail.com,Chennai,Paid Social,2023-01-18,50,M,88.0,5.0,1663.29,15.0,champions,0.0,High Value
2452,customer_1451,customer1451.gmail.com,Delhi,SMS,2022-09-25,39,Others,317.0,4.0,733.56,10.0,Loyal Customers,3.0,Loyal
2453,customer_1452,customer1452.gmail.com,Hyderabad,Paid Social,2023-02-27,25,M,175.0,2.0,525.02,8.0,New Customers,1.0,At-Risk
2454,customer_1453,customer1453.gmail.com,Bengaluru,Organic,2022-07-31,33,M,6.0,3.0,317.15,9.0,Loyal Customers,3.0,Loyal
2455,customer_1454,customer1454.gmail.com,Mumbai,Organic,2022-11-05,45,Others,64.0,1.0,460.78,8.0,New Customers,1.0,At-Risk
2456,customer_1455,customer1455.gmail.com,Delhi,Google Search,2024-09-09,31,M,,,,,,,No Purchase
2457,customer_1456,customer1456.gmail.com,Hyderabad,Email,2024-12-13,21,M,1089.0,1.0,69.01,3.0,Lost,2.0,Lost
2458,customer_1457,customer1457.gmail.com,Mumbai,Email,2024-12-05,41,M,342.0,2.0,1010.76,9.0,Potential Loyalists,4.0,Potential
2459,customer_1458,customer1458.gmail.com,Bengaluru,Organic,2022-10-01,36,M,259.0,2.0,425.7000000000001,7.0,Hibernating,1.0,At-Risk
2460,customer_1459,customer1459.gmail.com,Mumbai,Paid Social,2022-09-20,42,F,226.0,3.0,994.91,10.0,Loyal Customers,3.0,Loyal
2461,customer_1460,customer1460.gmail.com,Delhi,Google Search,2022-01-17,64,M,45.0,1.0,204.4,7.0,New Customers,1.0,At-Risk
2462,customer_1461,customer1461.gmail.com,Pune,SMS,2024-05-22,34,M,301.0,2.0,1276.78,9.0,Potential Loyalists,4.0,Potential
2463,customer_1462,customer1462.gmail.com,Chennai,Paid Social,2022-05-01,53,M,330.0,3.0,493.86,8.0,Loyal Customers,4.0,Potential
2464,customer_1463,customer1463.gmail.com,Mumbai,Paid Social,2023-12-17,19,M,,,,,,,No Purchase
2465,customer_1464,customer1464.gmail.com,Delhi,Email,2023-05-09,62,M,77.0,5.0,2418.33,15.0,champions,0.0,High Value
2466,customer_1465,customer1465.gmail.com,Chennai,Google Search,2023-03-18,44,M,196.0,1.0,157.89,6.0,New Customers,1.0,At-Risk
2467,customer_1466,customer1466.gmail.com,Hyderabad,Organic,2023-08-11,59,M,8.0,3.0,965.2,12.0,Loyal Customers,3.0,Loyal
2468,customer_1467,customer1467.gmail.com,Mumbai,Organic,2024-11-22,25,M,607.0,2.0,557.69,5.0,Hibernating,2.0,Lost
2469,customer_1468,customer1468.gmail.com,Mumbai,Organic,2022-12-04,54,M,,,,,,,No Purchase
2470,customer_1469,customer1469.gmail.com,Chennai,Paid Social,2023-07-06,22,F,671.0,1.0,245.19,3.0,Lost,2.0,Lost
2471,customer_1470,customer1470.gmail.com,Pune,SMS,2022-04-01,63,F,9.0,2.0,1157.01,11.0,New Customers,3.0,Loyal
2472,customer_1471,customer1471.gmail.com,Pune,Paid Social,2023-11-16,21,F,147.0,7.0,2746.63,14.0,champions,0.0,High Value
2473,customer_1472,customer1472.gmail.com,Pune,Organic,2023-09-15,23,M,21.0,1.0,109.33,7.0,New Customers,1.0,At-Risk
2474,customer_1473,customer1473.gmail.com,Pune,SMS,2023-05-19,46,M,409.0,2.0,649.48,7.0,At-Risk,1.0,At-Risk
2475,customer_1474,customer1474.gmail.com,Delhi,Email,2022-10-02,25,M,191.0,1.0,378.46,7.0,New Customers,1.0,At-Risk
2476,customer_1475,customer1475.gmail.com,Chennai,Email,2022-12-07,27,F,205.0,2.0,147.64999999999998,6.0,Hibernating,1.0,At-Risk
2477,customer_1476,customer1476.gmail.com,Pune,SMS,2022-02-15,52,M,207.0,2.0,410.61,7.0,Hibernating,1.0,At-Risk
2478,customer_1477,customer1477.gmail.com,Pune,Google Search,2024-03-15,27,M,1017.0,2.0,508.94,5.0,Hibernating,2.0,Lost
2479,customer_1478,customer1478.gmail.com,Bengaluru,Email,2022-04-13,63,F,294.0,2.0,150.58,6.0,Hibernating,1.0,At-Risk
2480,customer_1479,customer1479.gmail.com,Pune,Paid Social,2022-11-17,33,F,473.0,2.0,224.62,5.0,At-Risk,1.0,At-Risk
2481,customer_1480,customer1480.gmail.com,Delhi,Organic,2023-06-03,29,F,126.0,3.0,605.34,10.0,Loyal Customers,3.0,Loyal
2482,customer_1481,customer1481.gmail.com,Delhi,Email,2023-12-04,42,M,206.0,3.0,679.66,9.0,Loyal Customers,3.0,Loyal
2483,customer_1482,customer1482.gmail.com,Delhi,SMS,2024-01-09,32,F,230.0,1.0,665.64,7.0,Hibernating,1.0,At-Risk
2484,customer_1483,customer1483.gmail.com,Hyderabad,Email,2024-07-16,31,M,1026.0,1.0,515.49,4.0,Lost,2.0,Lost
2485,customer_1484,customer1484.gmail.com,Hyderabad,SMS,2022-07-19,23,M,15.0,3.0,566.87,10.0,Loyal Customers,3.0,Loyal
2486,customer_1485,customer1485.gmail.com,Bengaluru,SMS,2022-12-01,53,F,540.0,3.0,2907.16,10.0,At-Risk,0.0,High Value
2487,customer_1486,customer1486.gmail.com,Chennai,Google Search,2024-03-19,20,M,28.0,2.0,261.07,8.0,New Customers,1.0,At-Risk
2488,customer_1487,customer1487.gmail.com,Hyderabad,Email,2022-04-12,62,M,267.0,2.0,732.0699999999999,8.0,Potential Loyalists,1.0,At-Risk
2489,customer_1488,customer1488.gmail.com,Bengaluru,Organic,2023-01-26,44,M,252.0,4.0,1355.94,12.0,Loyal Customers,3.0,Loyal
2490,customer_1489,customer1489.gmail.com,Hyderabad,Email,2024-01-14,34,M,831.0,1.0,621.94,5.0,Lost,2.0,Lost
2491,customer_1490,customer1490.gmail.com,Chennai,SMS,2022-02-15,42,F,403.0,3.0,1182.63,9.0,At-Risk,4.0,Potential
2492,customer_1491,customer1491.gmail.com,Mumbai,Email,2023-08-04,52,Others,,,,,,,No Purchase
2493,customer_1492,customer1492.gmail.com,Bengaluru,Organic,2024-04-13,22,M,277.0,4.0,651.64,10.0,Loyal Customers,3.0,Loyal
2494,customer_1493,customer1493.gmail.com,Hyderabad,Google Search,2023-11-28,47,M,245.0,1.0,285.85,5.0,Hibernating,1.0,At-Risk
2495,customer_1494,customer1494.gmail.com,Mumbai,Google Search,2022-09-01,35,F,638.0,1.0,430.13,4.0,Lost,2.0,Lost
2496,customer_1495,customer1495.gmail.com,Bengaluru,Google Search,2023-02-22,37,F,442.0,1.0,82.23,4.0,Hibernating,1.0,At-Risk
2497,customer_1496,customer1496.gmail.com,Bengaluru,SMS,2024-04-25,44,F,906.0,1.0,355.52,4.0,Lost,2.0,Lost
2498,customer_1497,customer1497.gmail.com,Mumbai,Paid Social,2024-05-02,61,F,476.0,1.0,48.7,4.0,Hibernating,1.0,At-Risk
2499,customer_1498,customer1498.gmail.com,Bengaluru,SMS,2023-12-03,34,F,797.0,1.0,144.28,3.0,Lost,2.0,Lost
2500,customer_1499,customer1499.gmail.com,Mumbai,Organic,2024-06-05,51,M,774.0,2.0,254.67,4.0,Hibernating,2.0,Lost
2501,customer_1500,customer1500.gmail.com,Mumbai,Google Search,2023-11-27,25,F,299.0,3.0,1098.28,10.0,Loyal Customers,3.0,Loyal
2502,customer_1501,customer1501.gmail.com,Bengaluru,SMS,2022-02-08,29,F,166.0,1.0,201.66,6.0,New Customers,1.0,At-Risk
2503,customer_1502,customer1502.gmail.com,Bengaluru,SMS,2023-12-19,52,F,516.0,3.0,256.31,6.0,At-Risk,4.0,Potential
2504,customer_1503,customer1503.gmail.com,Pune,Google Search,2022-11-21,20,F,181.0,3.0,961.41,11.0,Loyal Customers,3.0,Loyal
2505,customer_1504,customer1504.gmail.com,Pune,Email,2022-08-05,64,M,128.0,5.0,688.79,12.0,Loyal Customers,3.0,Loyal
2506,customer_1505,customer1505.gmail.com,Chennai,Organic,2023-09-16,31,M,456.0,3.0,805.97,8.0,At-Risk,4.0,Potential
2507,customer_1506,customer1506.gmail.com,Delhi,Paid Social,2022-05-28,62,M,523.0,1.0,179.24,4.0,Hibernating,2.0,Lost
2508,customer_1507,customer1507.gmail.com,Delhi,Paid Social,2024-06-24,32,F,145.0,5.0,1243.93,13.0,champions,3.0,Loyal
2509,customer_1508,customer1508.gmail.com,Mumbai,Organic,2023-09-08,56,M,8.0,3.0,2181.61,13.0,Loyal Customers,0.0,High Value
2510,customer_1509,customer1509.gmail.com,Bengaluru,SMS,2024-05-23,20,M,38.0,6.0,1176.61,14.0,champions,3.0,Loyal
2511,customer_1510,customer1510.gmail.com,Mumbai,Google Search,2023-02-21,41,F,184.0,6.0,1612.83,14.0,champions,0.0,High Value
2512,customer_1511,customer1511.gmail.com,Pune,Google Search,2023-01-06,19,M,97.0,6.0,1744.37,14.0,champions,0.0,High Value
2513,customer_1512,customer1512.gmail.com,Delhi,Organic,2024-01-23,22,Others,361.0,6.0,4238.93,12.0,At-Risk,0.0,High Value
2514,customer_1513,customer1513.gmail.com,Chennai,Organic,2024-09-08,21,F,411.0,4.0,1186.77,10.0,At-Risk,4.0,Potential
2515,customer_1514,customer1514.gmail.com,Mumbai,Google Search,2022-11-14,53,M,308.0,2.0,1294.75,9.0,Potential Loyalists,4.0,Potential
2516,customer_1515,customer1515.gmail.com,Bengaluru,Google Search,2023-08-24,19,M,38.0,3.0,1065.56,12.0,Loyal Customers,3.0,Loyal
2517,customer_1516,customer1516.gmail.com,Delhi,Organic,2023-04-12,28,M,,,,,,,No Purchase
2518,customer_1517,customer1517.gmail.com,Mumbai,SMS,2023-11-13,34,M,171.0,2.0,274.44,7.0,New Customers,1.0,At-Risk
2519,customer_1518,customer1518.gmail.com,Delhi,Paid Social,2022-07-22,29,M,133.0,3.0,793.5,10.0,Loyal Customers,3.0,Loyal
2520,customer_1519,customer1519.gmail.com,Bengaluru,Paid Social,2023-02-05,36,M,595.0,1.0,2110.46,8.0,Hibernating,4.0,Potential
2521,customer_1520,customer1520.gmail.com,Delhi,Email,2022-11-29,30,M,136.0,3.0,835.25,10.0,Loyal Customers,3.0,Loyal
2522,customer_1521,customer1521.gmail.com,Mumbai,Organic,2024-11-05,36,F,322.0,2.0,753.3,8.0,Potential Loyalists,1.0,At-Risk
2523,customer_1522,customer1522.gmail.com,Mumbai,Email,2022-11-27,37,M,161.0,2.0,786.29,9.0,New Customers,1.0,At-Risk
2524,customer_1523,customer1523.gmail.com,Delhi,Email,2024-05-03,38,F,95.0,5.0,1154.23,13.0,champions,3.0,Loyal
2525,customer_1524,customer1524.gmail.com,Chennai,Paid Social,2024-05-17,48,F,7.0,5.0,1910.12,15.0,champions,0.0,High Value
2526,customer_1525,customer1525.gmail.com,Bengaluru,Google Search,2023-04-25,48,M,233.0,7.0,1936.33,13.0,Loyal Customers,0.0,High Value
2527,customer_1526,customer1526.gmail.com,Chennai,Google Search,2022-03-21,22,M,,,,,,,No Purchase
2528,customer_1527,customer1527.gmail.com,Chennai,Google Search,2022-12-23,57,F,,,,,,,No Purchase
2529,customer_1528,customer1528.gmail.com,Mumbai,Organic,2024-09-21,19,F,,,,,,,No Purchase
2530,customer_1529,customer1529.gmail.com,Chennai,Paid Social,2024-02-09,28,M,182.0,3.0,1079.71,11.0,Loyal Customers,3.0,Loyal
2531,customer_1530,customer1530.gmail.com,Hyderabad,Organic,2024-09-04,41,F,31.0,1.0,179.52,7.0,New Customers,1.0,At-Risk
2532,customer_1531,customer1531.gmail.com,Delhi,Organic,2024-03-26,48,M,964.0,1.0,430.49,4.0,Lost,2.0,Lost
2533,customer_1532,customer1532.gmail.com,Pune,SMS,2023-06-21,19,Others,700.0,1.0,176.41,3.0,Lost,2.0,Lost
2534,customer_1533,customer1533.gmail.com,Mumbai,Google Search,2024-01-16,43,M,461.0,1.0,320.35,5.0,Hibernating,1.0,At-Risk
2535,customer_1534,customer1534.gmail.com,Pune,SMS,2022-06-17,34,M,1057.0,1.0,322.61,4.0,Lost,2.0,Lost
2536,customer_1535,customer1535.gmail.com,Pune,SMS,2022-06-06,28,F,15.0,4.0,917.77,13.0,champions,3.0,Loyal
2537,customer_1536,customer1536.gmail.com,Bengaluru,Paid Social,2022-05-01,59,F,399.0,2.0,501.39,6.0,At-Risk,1.0,At-Risk
2538,customer_1537,customer1537.gmail.com,Bengaluru,Google Search,2024-03-15,64,F,701.0,2.0,724.86,6.0,Hibernating,2.0,Lost
2539,customer_1538,customer1538.gmail.com,Bengaluru,Email,2022-08-27,30,F,821.0,1.0,214.93,3.0,Lost,2.0,Lost
2540,customer_1539,customer1539.gmail.com,Delhi,SMS,2024-04-26,43,M,390.0,2.0,425.61,6.0,At-Risk,1.0,At-Risk
2541,customer_1540,customer1540.gmail.com,Pune,SMS,2022-08-06,47,M,,,,,,,No Purchase
2542,customer_1541,customer1541.gmail.com,Mumbai,Email,2023-08-01,37,M,128.0,6.0,746.47,12.0,Loyal Customers,3.0,Loyal
2543,customer_1542,customer1542.gmail.com,Pune,Email,2024-06-03,25,M,821.0,2.0,1437.34,8.0,Hibernating,4.0,Potential
2544,customer_1543,customer1543.gmail.com,Hyderabad,Paid Social,2023-05-25,60,Others,14.0,2.0,1243.3000000000002,11.0,New Customers,3.0,Loyal
2545,customer_1544,customer1544.gmail.com,Pune,SMS,2024-02-06,37,F,262.0,4.0,895.77,11.0,Loyal Customers,3.0,Loyal
2546,customer_1545,customer1545.gmail.com,Pune,SMS,2022-08-04,63,F,484.0,2.0,118.82,5.0,At-Risk,1.0,At-Risk
2547,customer_1546,customer1546.gmail.com,Delhi,Paid Social,2023-04-23,28,F,17.0,2.0,393.76,9.0,New Customers,1.0,At-Risk
2548,customer_1547,customer1547.gmail.com,Mumbai,Email,2024-01-22,45,Others,183.0,3.0,672.76,10.0,Loyal Customers,3.0,Loyal
2549,customer_1548,customer1548.gmail.com,Chennai,SMS,2022-03-16,28,F,433.0,2.0,1584.31,9.0,At-Risk,4.0,Potential
2550,customer_1549,customer1549.gmail.com,Hyderabad,Email,2022-03-06,26,F,493.0,3.0,705.25,8.0,At-Risk,4.0,Potential
2551,customer_1550,customer1550.gmail.com,Delhi,Organic,2022-11-08,53,F,446.0,2.0,813.21,7.0,At-Risk,4.0,Potential
2552,customer_1551,customer1551.gmail.com,Hyderabad,SMS,2023-04-29,44,M,374.0,2.0,590.74,7.0,At-Risk,1.0,At-Risk
2553,customer_1552,customer1552.gmail.com,Pune,Organic,2023-07-18,23,F,979.0,1.0,234.08,3.0,Lost,2.0,Lost
2554,customer_1553,customer1553.gmail.com,Mumbai,SMS,2022-03-02,45,M,269.0,4.0,1073.83,11.0,Loyal Customers,3.0,Loyal
2555,customer_1554,customer1554.gmail.com,Pune,Email,2024-03-13,30,M,753.0,4.0,1308.57,9.0,Cannot Lose Them,4.0,Potential
2556,customer_1555,customer1555.gmail.com,Delhi,Organic,2024-11-12,62,F,594.0,1.0,132.37,4.0,Hibernating,2.0,Lost
2557,customer_1556,customer1556.gmail.com,Mumbai,Paid Social,2023-08-12,40,F,353.0,2.0,362.28,7.0,Hibernating,1.0,At-Risk
2558,customer_1557,customer1557.gmail.com,Hyderabad,Google Search,2022-02-03,64,F,551.0,4.0,1198.67,10.0,At-Risk,4.0,Potential
2559,customer_1558,customer1558.gmail.com,Mumbai,Paid Social,2023-09-11,28,M,158.0,4.0,1879.7,13.0,champions,0.0,High Value
2560,customer_1559,customer1559.gmail.com,Chennai,Paid Social,2022-09-02,38,F,664.0,2.0,436.81,5.0,Hibernating,2.0,Lost
2561,customer_1560,customer1560.gmail.com,Chennai,Organic,2023-03-24,56,M,57.0,2.0,410.88,9.0,New Customers,1.0,At-Risk
2562,customer_1561,customer1561.gmail.com,Mumbai,Organic,2024-10-31,41,M,433.0,2.0,294.01,5.0,At-Risk,1.0,At-Risk
2563,customer_1562,customer1562.gmail.com,Delhi,Paid Social,2024-05-10,28,F,560.0,3.0,2672.9300000000003,10.0,At-Risk,0.0,High Value
2564,customer_1563,customer1563.gmail.com,Delhi,Organic,2023-07-31,62,F,189.0,2.0,140.78,7.0,New Customers,1.0,At-Risk
2565,customer_1564,customer1564.gmail.com,Pune,Paid Social,2022-05-30,43,M,155.0,4.0,1008.44,12.0,champions,3.0,Loyal
2566,customer_1565,customer1565.gmail.com,Mumbai,SMS,2024-10-17,59,F,,,,,,,No Purchase
2567,customer_1566,customer1566.gmail.com,Chennai,Google Search,2024-11-30,37,M,873.0,1.0,202.77,3.0,Lost,2.0,Lost
2568,customer_1567,customer1567.gmail.com,Mumbai,SMS,2024-02-14,46,M,441.0,3.0,921.6,9.0,At-Risk,4.0,Potential
2569,customer_1568,customer1568.gmail.com,Chennai,Organic,2024-06-14,21,F,349.0,4.0,2709.57,12.0,Loyal Customers,0.0,High Value
2570,customer_1569,customer1569.gmail.com,Bengaluru,Paid Social,2023-10-28,35,M,712.0,1.0,141.55,3.0,Lost,2.0,Lost
2571,customer_1570,customer1570.gmail.com,Pune,SMS,2022-12-04,63,M,299.0,2.0,747.0899999999999,8.0,Potential Loyalists,1.0,At-Risk
2572,customer_1571,customer1571.gmail.com,Bengaluru,Paid Social,2023-07-17,29,M,328.0,2.0,2421.74,10.0,Potential Loyalists,4.0,Potential
2573,customer_1572,customer1572.gmail.com,Delhi,SMS,2024-11-13,49,M,965.0,1.0,366.46,4.0,Lost,2.0,Lost
2574,customer_1573,customer1573.gmail.com,Hyderabad,Email,2022-01-13,48,F,104.0,2.0,650.99,9.0,New Customers,1.0,At-Risk
2575,customer_1574,customer1574.gmail.com,Pune,Email,2024-11-07,25,M,,,,,,,No Purchase
2576,customer_1575,customer1575.gmail.com,Mumbai,Email,2023-11-29,42,Others,117.0,3.0,594.51,10.0,Loyal Customers,3.0,Loyal
2577,customer_1576,customer1576.gmail.com,Bengaluru,Google Search,2022-01-21,28,F,854.0,2.0,413.32,5.0,Hibernating,2.0,Lost
2578,customer_1577,customer1577.gmail.com,Mumbai,SMS,2024-03-19,43,M,217.0,4.0,1107.01,11.0,Loyal Customers,3.0,Loyal
2579,customer_1578,customer1578.gmail.com,Hyderabad,Organic,2022-11-12,58,M,796.0,2.0,730.8,6.0,Hibernating,2.0,Lost
2580,customer_1579,customer1579.gmail.com,Mumbai,SMS,2023-07-12,36,M,251.0,3.0,582.92,9.0,Loyal Customers,3.0,Loyal
2581,customer_1580,customer1580.gmail.com,Bengaluru,Paid Social,2023-02-05,34,M,33.0,1.0,137.04,7.0,New Customers,1.0,At-Risk
2582,customer_1581,customer1581.gmail.com,Pune,SMS,2024-07-20,27,F,552.0,3.0,927.15,9.0,At-Risk,4.0,Potential
2583,customer_1582,customer1582.gmail.com,Chennai,SMS,2023-01-07,51,M,209.0,6.0,2241.12,13.0,Loyal Customers,0.0,High Value
2584,customer_1583,customer1583.gmail.com,Chennai,Email,2023-05-08,46,M,666.0,2.0,428.91,5.0,Hibernating,2.0,Lost
2585,customer_1584,customer1584.gmail.com,Chennai,Paid Social,2023-06-01,62,F,49.0,3.0,1284.99,12.0,Loyal Customers,3.0,Loyal
2586,customer_1585,customer1585.gmail.com,Mumbai,SMS,2024-06-13,45,Others,878.0,1.0,212.61,3.0,Lost,2.0,Lost
2587,customer_1586,customer1586.gmail.com,Bengaluru,Google Search,2022-02-14,35,M,,,,,,,No Purchase
2588,customer_1587,customer1587.gmail.com,Delhi,Organic,2023-12-16,49,Others,3.0,4.0,1863.77,14.0,champions,0.0,High Value
2589,customer_1588,customer1588.gmail.com,Mumbai,Email,2024-03-29,53,M,109.0,2.0,1010.18,10.0,New Customers,1.0,At-Risk
2590,customer_1589,customer1589.gmail.com,Mumbai,SMS,2023-09-11,22,M,644.0,3.0,1746.4100000000003,9.0,Cannot Lose Them,4.0,Potential
2591,customer_1590,customer1590.gmail.com,Hyderabad,Paid Social,2022-12-30,35,M,646.0,2.0,166.32,4.0,Hibernating,2.0,Lost
2592,customer_1591,customer1591.gmail.com,Mumbai,Email,2022-10-12,33,M,362.0,2.0,765.34,7.0,At-Risk,1.0,At-Risk
2593,customer_1592,customer1592.gmail.com,Chennai,Email,2022-07-22,20,M,781.0,2.0,815.05,6.0,Hibernating,2.0,Lost
2594,customer_1593,customer1593.gmail.com,Bengaluru,SMS,2023-01-08,23,M,7.0,3.0,674.63,11.0,Loyal Customers,3.0,Loyal
2595,customer_1594,customer1594.gmail.com,Hyderabad,Paid Social,2023-05-01,50,F,725.0,1.0,289.55,3.0,Lost,2.0,Lost
2596,customer_1595,customer1595.gmail.com,Hyderabad,Paid Social,2023-03-03,33,M,1094.0,1.0,264.07,3.0,Lost,2.0,Lost
2597,customer_1596,customer1596.gmail.com,Mumbai,Google Search,2023-12-30,61,M,177.0,4.0,898.1,12.0,champions,3.0,Loyal
2598,customer_1597,customer1597.gmail.com,Chennai,Email,2024-05-30,19,M,25.0,5.0,1551.88,15.0,champions,0.0,High Value
2599,customer_1598,customer1598.gmail.com,Pune,Google Search,2023-07-16,19,F,9.0,4.0,1490.39,14.0,champions,3.0,Loyal
2600,customer_1599,customer1599.gmail.com,Delhi,Paid Social,2022-07-03,22,F,,,,,,,No Purchase
2601,customer_1600,customer1600.gmail.com,Pune,Organic,2024-12-21,45,M,96.0,2.0,412.8,8.0,New Customers,1.0,At-Risk
2602,customer_1601,customer1601.gmail.com,Bengaluru,Organic,2022-07-15,18,M,237.0,3.0,1025.85,10.0,Loyal Customers,3.0,Loyal
2603,customer_1602,customer1602.gmail.com,Mumbai,Organic,2024-07-25,22,F,,,,,,,No Purchase
2604,customer_1603,customer1603.gmail.com,Chennai,SMS,2024-11-01,21,M,214.0,1.0,269.27,5.0,Hibernating,1.0,At-Risk
2605,customer_1604,customer1604.gmail.com,Mumbai,SMS,2023-01-01,46,F,613.0,1.0,972.75,6.0,Lost,2.0,Lost
2606,customer_1605,customer1605.gmail.com,Delhi,Paid Social,2022-11-29,19,M,131.0,2.0,441.82,8.0,New Customers,1.0,At-Risk
2607,customer_1606,customer1606.gmail.com,Pune,Google Search,2022-12-12,32,F,82.0,4.0,1247.58,13.0,champions,3.0,Loyal
2608,customer_1607,customer1607.gmail.com,Chennai,SMS,2024-11-27,22,F,179.0,4.0,1370.86,13.0,champions,3.0,Loyal
2609,customer_1608,customer1608.gmail.com,Pune,Paid Social,2023-06-19,48,M,664.0,2.0,1224.65,7.0,Hibernating,4.0,Potential
2610,customer_1609,customer1609.gmail.com,Chennai,Organic,2022-04-28,43,F,397.0,2.0,238.29,5.0,At-Risk,1.0,At-Risk
2611,customer_1610,customer1610.gmail.com,Pune,Organic,2024-04-14,31,F,37.0,5.0,1243.04,14.0,champions,3.0,Loyal
2612,customer_1611,customer1611.gmail.com,Pune,Email,2022-05-18,58,F,114.0,2.0,369.6,8.0,New Customers,1.0,At-Risk
2613,customer_1612,customer1612.gmail.com,Hyderabad,Google Search,2022-11-26,58,M,34.0,2.0,784.4499999999999,10.0,New Customers,1.0,At-Risk
2614,customer_1613,customer1613.gmail.com,Delhi,Paid Social,2023-02-25,28,F,748.0,1.0,340.9,4.0,Lost,2.0,Lost
2615,customer_1614,customer1614.gmail.com,Chennai,Paid Social,2023-04-22,36,M,119.0,3.0,756.24,10.0,Loyal Customers,3.0,Loyal
2616,customer_1615,customer1615.gmail.com,Chennai,Organic,2022-01-21,27,M,672.0,2.0,610.0699999999999,6.0,Hibernating,2.0,Lost
2617,customer_1616,customer1616.gmail.com,Chennai,SMS,2022-05-23,59,M,383.0,3.0,545.86,7.0,At-Risk,4.0,Potential
2618,customer_1617,customer1617.gmail.com,Chennai,SMS,2022-08-22,34,F,124.0,5.0,1054.35,13.0,champions,3.0,Loyal
2619,customer_1618,customer1618.gmail.com,Bengaluru,Paid Social,2024-06-25,35,F,599.0,1.0,361.67,4.0,Lost,2.0,Lost
2620,customer_1619,customer1619.gmail.com,Pune,SMS,2023-04-27,42,M,969.0,1.0,1243.54,6.0,Lost,2.0,Lost
2621,customer_1620,customer1620.gmail.com,Delhi,Paid Social,2024-10-05,32,F,50.0,3.0,1054.91,12.0,Loyal Customers,3.0,Loyal
2622,customer_1621,customer1621.gmail.com,Delhi,Email,2023-09-02,64,M,,,,,,,No Purchase
2623,customer_1622,customer1622.gmail.com,Mumbai,SMS,2023-09-09,55,F,328.0,1.0,62.34,5.0,Hibernating,1.0,At-Risk
2624,customer_1623,customer1623.gmail.com,Bengaluru,Email,2022-11-04,64,M,511.0,2.0,1211.27,8.0,At-Risk,4.0,Potential
2625,customer_1624,customer1624.gmail.com,Chennai,Google Search,2024-12-09,62,F,433.0,3.0,1707.37,10.0,At-Risk,4.0,Potential
2626,customer_1625,customer1625.gmail.com,Bengaluru,Email,2024-03-02,50,M,,,,,,,No Purchase
2627,customer_1626,customer1626.gmail.com,Bengaluru,Google Search,2023-01-03,48,F,284.0,6.0,1581.39,13.0,Loyal Customers,0.0,High Value
2628,customer_1627,customer1627.gmail.com,Chennai,Email,2022-12-04,54,M,267.0,1.0,127.52,5.0,Hibernating,1.0,At-Risk
2629,customer_1628,customer1628.gmail.com,Hyderabad,SMS,2024-11-15,64,F,190.0,4.0,821.33,11.0,Loyal Customers,3.0,Loyal
2630,customer_1629,customer1629.gmail.com,Pune,Email,2024-03-19,53,M,100.0,2.0,116.52,7.0,New Customers,1.0,At-Risk
2631,customer_1630,customer1630.gmail.com,Pune,SMS,2023-07-17,23,F,564.0,4.0,782.96,9.0,At-Risk,4.0,Potential
2632,customer_1631,customer1631.gmail.com,Chennai,Paid Social,2023-10-18,61,M,995.0,1.0,252.75,3.0,Lost,2.0,Lost
2633,customer_1632,customer1632.gmail.com,Pune,Paid Social,2022-02-21,63,F,152.0,1.0,236.84,6.0,New Customers,1.0,At-Risk
2634,customer_1633,customer1633.gmail.com,Delhi,Google Search,2023-01-12,25,M,304.0,4.0,1301.62,11.0,Loyal Customers,3.0,Loyal
2635,customer_1634,customer1634.gmail.com,Hyderabad,Organic,2024-05-18,28,M,69.0,5.0,1287.73,14.0,champions,3.0,Loyal
2636,customer_1635,customer1635.gmail.com,Bengaluru,Email,2024-03-29,43,Others,,,,,,,No Purchase
2637,customer_1636,customer1636.gmail.com,Mumbai,SMS,2024-04-06,46,F,809.0,1.0,150.52,3.0,Lost,2.0,Lost
2638,customer_1637,customer1637.gmail.com,Bengaluru,Organic,2024-02-01,19,F,300.0,3.0,1346.22,10.0,Loyal Customers,3.0,Loyal
2639,customer_1638,customer1638.gmail.com,Chennai,Paid Social,2023-04-08,41,F,64.0,2.0,686.84,10.0,New Customers,1.0,At-Risk
2640,customer_1639,customer1639.gmail.com,Delhi,SMS,2024-01-28,35,F,,,,,,,No Purchase
2641,customer_1640,customer1640.gmail.com,Chennai,SMS,2022-10-23,50,F,310.0,6.0,2652.51,13.0,Loyal Customers,0.0,High Value
2642,customer_1641,customer1641.gmail.com,Chennai,Organic,2022-05-24,63,M,,,,,,,No Purchase
2643,customer_1642,customer1642.gmail.com,Pune,SMS,2024-08-29,38,Others,170.0,1.0,574.61,8.0,New Customers,1.0,At-Risk
2644,customer_1643,customer1643.gmail.com,Chennai,Organic,2022-06-12,39,M,645.0,2.0,1390.59,8.0,Hibernating,4.0,Potential
2645,customer_1644,customer1644.gmail.com,Mumbai,Email,2022-11-25,50,M,,,,,,,No Purchase
2646,customer_1645,customer1645.gmail.com,Delhi,Email,2023-04-09,49,Others,288.0,2.0,521.39,7.0,Hibernating,1.0,At-Risk
2647,customer_1646,customer1646.gmail.com,Chennai,Email,2024-10-10,50,M,1072.0,1.0,315.4,3.0,Lost,2.0,Lost
2648,customer_1647,customer1647.gmail.com,Mumbai,Paid Social,2023-01-22,57,M,13.0,6.0,2099.7,15.0,champions,0.0,High Value
2649,customer_1648,customer1648.gmail.com,Hyderabad,Organic,2023-10-07,31,F,322.0,4.0,2344.73,12.0,Loyal Customers,0.0,High Value
2650,customer_1649,customer1649.gmail.com,Mumbai,Email,2023-11-26,62,Others,114.0,2.0,476.25,8.0,New Customers,1.0,At-Risk
2651,customer_1650,customer1650.gmail.com,Mumbai,Paid Social,2022-03-18,43,Others,,,,,,,No Purchase
2652,customer_1651,customer1651.gmail.com,Delhi,Paid Social,2023-03-08,44,M,513.0,2.0,339.92,6.0,At-Risk,2.0,Lost
2653,customer_1652,customer1652.gmail.com,Chennai,Paid Social,2022-08-23,27,M,324.0,1.0,653.05,7.0,Hibernating,1.0,At-Risk
2654,customer_1653,customer1653.gmail.com,Mumbai,Email,2024-09-15,54,F,53.0,1.0,179.33,7.0,New Customers,1.0,At-Risk
2655,customer_1654,customer1654.gmail.com,Delhi,SMS,2024-08-06,24,M,916.0,2.0,827.59,6.0,Hibernating,2.0,Lost
2656,customer_1655,customer1655.gmail.com,Pune,Email,2023-02-15,34,M,91.0,1.0,340.53,8.0,New Customers,1.0,At-Risk
2657,customer_1656,customer1656.gmail.com,Delhi,Paid Social,2022-11-25,60,F,106.0,3.0,739.0500000000001,10.0,Loyal Customers,3.0,Loyal
2658,customer_1657,customer1657.gmail.com,Pune,Google Search,2023-11-07,21,M,186.0,4.0,563.74,10.0,Loyal Customers,3.0,Loyal
2659,customer_1658,customer1658.gmail.com,Hyderabad,Email,2022-02-05,50,M,118.0,5.0,991.17,13.0,champions,3.0,Loyal
2660,customer_1659,customer1659.gmail.com,Bengaluru,Email,2024-01-12,33,M,383.0,2.0,1873.39,9.0,At-Risk,4.0,Potential
2661,customer_1660,customer1660.gmail.com,Pune,SMS,2024-01-18,41,Others,257.0,3.0,1047.95,11.0,Loyal Customers,3.0,Loyal
2662,customer_1661,customer1661.gmail.com,Chennai,Email,2022-02-08,64,F,59.0,2.0,263.56,8.0,New Customers,1.0,At-Risk
2663,customer_1662,customer1662.gmail.com,Hyderabad,Email,2022-06-13,38,Others,779.0,2.0,590.8399999999999,6.0,Hibernating,2.0,Lost
2664,customer_1663,customer1663.gmail.com,Chennai,Paid Social,2022-05-29,46,M,18.0,4.0,2513.12,14.0,champions,0.0,High Value
2665,customer_1664,customer1664.gmail.com,Chennai,Paid Social,2024-02-22,32,F,415.0,3.0,264.4,7.0,At-Risk,4.0,Potential
2666,customer_1665,customer1665.gmail.com,Pune,Google Search,2022-03-29,45,M,193.0,4.0,1548.09,13.0,champions,3.0,Loyal
2667,customer_1666,customer1666.gmail.com,Mumbai,Paid Social,2024-07-31,35,M,214.0,2.0,1591.71,10.0,Potential Loyalists,3.0,Loyal
2668,customer_1667,customer1667.gmail.com,Bengaluru,Organic,2023-11-12,25,M,169.0,3.0,1486.41,13.0,champions,3.0,Loyal
2669,customer_1668,customer1668.gmail.com,Hyderabad,SMS,2022-11-02,26,M,1094.0,1.0,537.81,4.0,Lost,2.0,Lost
2670,customer_1669,customer1669.gmail.com,Hyderabad,Email,2022-08-27,63,F,395.0,1.0,409.62,5.0,Hibernating,1.0,At-Risk
2671,customer_1670,customer1670.gmail.com,Mumbai,Email,2022-12-06,61,F,31.0,3.0,627.37,12.0,Loyal Customers,3.0,Loyal
2672,customer_1671,customer1671.gmail.com,Pune,Organic,2024-05-24,23,M,150.0,3.0,1186.85,12.0,champions,3.0,Loyal
2673,customer_1672,customer1672.gmail.com,Hyderabad,SMS,2022-12-18,51,M,672.0,2.0,726.65,6.0,Hibernating,2.0,Lost
2674,customer_1673,customer1673.gmail.com,Pune,Organic,2022-01-20,20,F,371.0,3.0,1959.77,11.0,At-Risk,4.0,Potential
2675,customer_1674,customer1674.gmail.com,Pune,Organic,2023-09-03,35,F,264.0,3.0,783.53,10.0,Loyal Customers,3.0,Loyal
2676,customer_1675,customer1675.gmail.com,Mumbai,SMS,2022-08-13,36,F,586.0,2.0,1494.06,9.0,At-Risk,4.0,Potential
2677,customer_1676,customer1676.gmail.com,Pune,Email,2023-03-19,26,F,252.0,3.0,1010.07,11.0,Loyal Customers,3.0,Loyal
2678,customer_1677,customer1677.gmail.com,Bengaluru,Email,2022-06-30,30,F,346.0,1.0,329.91,6.0,Hibernating,1.0,At-Risk
2679,customer_1678,customer1678.gmail.com,Mumbai,SMS,2022-05-24,57,F,82.0,3.0,906.87,13.0,champions,3.0,Loyal
2680,customer_1679,customer1679.gmail.com,Mumbai,Paid Social,2024-05-19,22,M,965.0,1.0,146.97,3.0,Lost,2.0,Lost
2681,customer_1680,customer1680.gmail.com,Delhi,SMS,2022-04-12,64,M,288.0,4.0,1533.17,12.0,Loyal Customers,3.0,Loyal
2682,customer_1681,customer1681.gmail.com,Bengaluru,Organic,2024-07-29,56,M,201.0,2.0,2232.14,11.0,New Customers,3.0,Loyal
2683,customer_1682,customer1682.gmail.com,Hyderabad,Organic,2022-05-24,53,F,811.0,2.0,444.42,5.0,Hibernating,2.0,Lost
2684,customer_1683,customer1683.gmail.com,Pune,Email,2022-12-17,41,M,260.0,2.0,1047.92,9.0,Potential Loyalists,1.0,At-Risk
2685,customer_1684,customer1684.gmail.com,Pune,SMS,2024-01-19,54,F,55.0,4.0,754.85,12.0,Loyal Customers,3.0,Loyal
2686,customer_1685,customer1685.gmail.com,Mumbai,SMS,2023-09-11,61,F,34.0,3.0,1147.32,13.0,champions,3.0,Loyal
2687,customer_1686,customer1686.gmail.com,Pune,Email,2024-06-08,63,F,489.0,1.0,497.08,5.0,Hibernating,2.0,Lost
2688,customer_1687,customer1687.gmail.com,Bengaluru,Organic,2024-02-15,61,M,685.0,3.0,386.2000000000001,7.0,Hibernating,4.0,Potential
2689,customer_1688,customer1688.gmail.com,Hyderabad,Email,2023-04-02,28,F,745.0,1.0,314.7,3.0,Lost,2.0,Lost
2690,customer_1689,customer1689.gmail.com,Chennai,Google Search,2024-02-20,59,M,161.0,3.0,544.46,10.0,Loyal Customers,3.0,Loyal
2691,customer_1690,customer1690.gmail.com,Chennai,Organic,2022-09-28,63,F,205.0,2.0,530.27,7.0,Hibernating,1.0,At-Risk
2692,customer_1691,customer1691.gmail.com,Pune,SMS,2022-11-05,27,F,,,,,,,No Purchase
2693,customer_1692,customer1692.gmail.com,Mumbai,Paid Social,2024-10-08,20,M,422.0,2.0,295.88,5.0,At-Risk,1.0,At-Risk
2694,customer_1693,customer1693.gmail.com,Chennai,Paid Social,2022-09-18,34,M,507.0,4.0,794.01,9.0,At-Risk,4.0,Potential
2695,customer_1694,customer1694.gmail.com,Bengaluru,Paid Social,2023-05-25,22,F,603.0,4.0,799.6,8.0,Cannot Lose Them,4.0,Potential
2696,customer_1695,customer1695.gmail.com,Hyderabad,SMS,2023-06-09,54,F,653.0,2.0,1058.57,7.0,Hibernating,4.0,Potential
2697,customer_1696,customer1696.gmail.com,Chennai,SMS,2022-11-19,52,M,200.0,3.0,588.23,11.0,Loyal Customers,3.0,Loyal
2698,customer_1697,customer1697.gmail.com,Bengaluru,Paid Social,2022-01-19,57,M,53.0,5.0,1198.86,14.0,champions,3.0,Loyal
2699,customer_1698,customer1698.gmail.com,Bengaluru,Paid Social,2024-03-31,35,F,716.0,2.0,405.9,5.0,Hibernating,2.0,Lost
2700,customer_1699,customer1699.gmail.com,Chennai,Google Search,2023-08-01,44,F,100.0,4.0,2075.8,14.0,champions,0.0,High Value
2701,customer_1700,customer1700.gmail.com,Bengaluru,Email,2022-05-01,43,M,452.0,2.0,1358.59,9.0,At-Risk,4.0,Potential
2702,customer_1701,customer1701.gmail.com,Chennai,Paid Social,2022-12-24,48,F,59.0,7.0,3849.66,15.0,champions,0.0,High Value
2703,customer_1702,customer1702.gmail.com,Pune,Paid Social,2022-02-18,30,M,263.0,1.0,537.16,6.0,Hibernating,1.0,At-Risk
2704,customer_1703,customer1703.gmail.com,Bengaluru,Google Search,2022-02-27,33,M,21.0,2.0,2248.94,12.0,New Customers,3.0,Loyal
2705,customer_1704,customer1704.gmail.com,Pune,Email,2022-04-15,39,M,373.0,3.0,845.71,9.0,At-Risk,4.0,Potential
2706,customer_1705,customer1705.gmail.com,Bengaluru,Paid Social,2024-03-16,33,M,4.0,2.0,284.5,8.0,New Customers,1.0,At-Risk
2707,customer_1706,customer1706.gmail.com,Hyderabad,Google Search,2024-07-12,25,M,562.0,1.0,175.1,4.0,Hibernating,2.0,Lost
2708,customer_1707,customer1707.gmail.com,Mumbai,Organic,2022-06-10,49,F,225.0,2.0,280.11,6.0,Hibernating,1.0,At-Risk
2709,customer_1708,customer1708.gmail.com,Pune,Email,2024-06-16,35,M,7.0,1.0,227.47,7.0,New Customers,1.0,At-Risk
2710,customer_1709,customer1709.gmail.com,Chennai,Email,2023-06-08,50,F,981.0,1.0,343.69,4.0,Lost,2.0,Lost
2711,customer_1710,customer1710.gmail.com,Chennai,Organic,2023-07-17,62,M,139.0,2.0,437.4500000000001,8.0,New Customers,1.0,At-Risk
2712,customer_1711,customer1711.gmail.com,Mumbai,Paid Social,2023-10-08,63,F,138.0,3.0,415.59,10.0,Loyal Customers,3.0,Loyal
2713,customer_1712,customer1712.gmail.com,Chennai,Organic,2024-11-04,62,F,222.0,4.0,601.77,11.0,Loyal Customers,3.0,Loyal
2714,customer_1713,customer1713.gmail.com,Hyderabad,Paid Social,2022-10-28,55,F,590.0,1.0,318.35,4.0,Hibernating,2.0,Lost
2715,customer_1714,customer1714.gmail.com,Mumbai,Paid Social,2024-03-23,47,M,293.0,3.0,2584.4300000000003,12.0,Loyal Customers,0.0,High Value
2716,customer_1715,customer1715.gmail.com,Bengaluru,Google Search,2022-09-28,59,F,177.0,4.0,1138.17,13.0,champions,3.0,Loyal
2717,customer_1716,customer1716.gmail.com,Hyderabad,Google Search,2024-02-17,30,F,571.0,4.0,1136.4499999999998,11.0,At-Risk,4.0,Potential
2718,customer_1717,customer1717.gmail.com,Pune,SMS,2024-04-26,30,F,50.0,2.0,264.07,8.0,New Customers,1.0,At-Risk
2719,customer_1718,customer1718.gmail.com,Hyderabad,Email,2024-05-28,21,M,471.0,4.0,1838.2,12.0,At-Risk,0.0,High Value
2720,customer_1719,customer1719.gmail.com,Pune,Google Search,2023-04-30,57,M,9.0,4.0,1305.58,14.0,champions,3.0,Loyal
2721,customer_1720,customer1720.gmail.com,Chennai,Email,2022-10-18,59,M,83.0,4.0,1646.32,15.0,champions,3.0,Loyal
2722,customer_1721,customer1721.gmail.com,Chennai,Paid Social,2024-02-11,23,F,60.0,1.0,1233.86,10.0,New Customers,1.0,At-Risk
2723,customer_1722,customer1722.gmail.com,Bengaluru,Google Search,2023-02-19,63,F,334.0,1.0,813.8,7.0,Hibernating,1.0,At-Risk
2724,customer_1723,customer1723.gmail.com,Delhi,SMS,2023-01-03,54,F,868.0,1.0,224.51,3.0,Lost,2.0,Lost
2725,customer_1724,customer1724.gmail.com,Bengaluru,Paid Social,2022-11-25,32,M,476.0,1.0,250.89,4.0,Hibernating,1.0,At-Risk
2726,customer_1725,customer1725.gmail.com,Bengaluru,Organic,2024-10-15,44,M,74.0,4.0,970.09,14.0,champions,3.0,Loyal
2727,customer_1726,customer1726.gmail.com,Chennai,Google Search,2023-04-06,49,F,,,,,,,No Purchase
2728,customer_1727,customer1727.gmail.com,Mumbai,Email,2024-07-21,24,F,,,,,,,No Purchase
2729,customer_1728,customer1728.gmail.com,Delhi,SMS,2024-09-27,48,F,236.0,2.0,1123.05,9.0,Potential Loyalists,1.0,At-Risk
2730,customer_1729,customer1729.gmail.com,Hyderabad,SMS,2023-10-26,41,M,12.0,6.0,2244.64,15.0,champions,0.0,High Value
2731,customer_1730,customer1730.gmail.com,Delhi,SMS,2022-11-11,19,M,,,,,,,No Purchase
2732,customer_1731,customer1731.gmail.com,Bengaluru,Paid Social,2023-04-17,25,F,684.0,2.0,489.36,5.0,Hibernating,2.0,Lost
2733,customer_1732,customer1732.gmail.com,Mumbai,Paid Social,2022-06-06,24,F,63.0,2.0,347.17999999999995,9.0,New Customers,1.0,At-Risk
2734,customer_1733,customer1733.gmail.com,Chennai,Google Search,2022-11-26,18,F,453.0,3.0,1318.05,10.0,At-Risk,4.0,Potential
2735,customer_1734,customer1734.gmail.com,Delhi,Email,2022-03-27,55,F,351.0,3.0,616.26,10.0,Loyal Customers,4.0,Potential
2736,customer_1735,customer1735.gmail.com,Hyderabad,Organic,2024-06-26,25,F,919.0,1.0,155.55,3.0,Lost,2.0,Lost
2737,customer_1736,customer1736.gmail.com,Delhi,Paid Social,2023-09-22,21,F,169.0,4.0,1507.79,14.0,champions,3.0,Loyal
2738,customer_1737,customer1737.gmail.com,Pune,SMS,2024-08-13,47,M,606.0,2.0,1063.8,7.0,Hibernating,4.0,Potential
2739,customer_1738,customer1738.gmail.com,Pune,SMS,2024-08-20,36,M,166.0,3.0,1194.77,12.0,champions,3.0,Loyal
2740,customer_1739,customer1739.gmail.com,Hyderabad,Email,2023-02-19,54,F,162.0,6.0,1386.98,14.0,champions,0.0,High Value
2741,customer_1740,customer1740.gmail.com,Delhi,Organic,2022-02-19,37,M,37.0,4.0,694.44,13.0,Loyal Customers,3.0,Loyal
2742,customer_1741,customer1741.gmail.com,Mumbai,Google Search,2023-05-14,62,F,107.0,3.0,1644.88,13.0,champions,3.0,Loyal
2743,customer_1742,customer1742.gmail.com,Hyderabad,Google Search,2022-06-09,61,F,447.0,3.0,2184.37,11.0,At-Risk,4.0,Potential
2744,customer_1743,customer1743.gmail.com,Bengaluru,Paid Social,2024-11-21,30,F,,,,,,,No Purchase
2745,customer_1744,customer1744.gmail.com,Bengaluru,Organic,2022-10-15,49,F,271.0,2.0,1638.78,10.0,Potential Loyalists,4.0,Potential
2746,customer_1745,customer1745.gmail.com,Hyderabad,Paid Social,2022-04-15,19,M,32.0,3.0,1404.08,14.0,champions,3.0,Loyal
2747,customer_1746,customer1746.gmail.com,Bengaluru,Paid Social,2022-01-12,30,F,120.0,3.0,726.3900000000001,11.0,Loyal Customers,3.0,Loyal
2748,customer_1747,customer1747.gmail.com,Chennai,Email,2023-10-12,25,F,300.0,3.0,442.12,9.0,Loyal Customers,1.0,At-Risk
2749,customer_1748,customer1748.gmail.com,Pune,Google Search,2023-01-31,49,M,71.0,3.0,865.92,12.0,Loyal Customers,3.0,Loyal
2750,customer_1749,customer1749.gmail.com,Mumbai,SMS,2023-12-26,31,M,335.0,2.0,1415.17,10.0,Potential Loyalists,4.0,Potential
2751,customer_1750,customer1750.gmail.com,Mumbai,Email,2024-03-28,38,M,154.0,3.0,1124.15,12.0,champions,3.0,Loyal
2752,customer_1751,customer1751.gmail.com,Mumbai,Email,2023-03-29,50,F,337.0,1.0,354.94,6.0,Hibernating,1.0,At-Risk
2753,customer_1752,customer1752.gmail.com,Delhi,SMS,2023-01-24,53,F,286.0,3.0,672.86,10.0,Loyal Customers,3.0,Loyal
2754,customer_1753,customer1753.gmail.com,Hyderabad,Organic,2022-11-23,38,F,152.0,5.0,1665.87,14.0,champions,0.0,High Value
2755,customer_1754,customer1754.gmail.com,Bengaluru,SMS,2024-05-22,23,M,1008.0,1.0,325.77,4.0,Lost,2.0,Lost
2756,customer_1755,customer1755.gmail.com,Delhi,SMS,2022-12-29,22,F,261.0,3.0,1209.9299999999998,11.0,Loyal Customers,3.0,Loyal
2757,customer_1756,customer1756.gmail.com,Bengaluru,SMS,2024-09-01,47,F,785.0,2.0,1337.07,7.0,Hibernating,4.0,Potential
2758,customer_1757,customer1757.gmail.com,Hyderabad,SMS,2022-10-14,45,M,18.0,2.0,260.06,8.0,New Customers,1.0,At-Risk
2759,customer_1758,customer1758.gmail.com,Bengaluru,Google Search,2022-10-01,54,F,612.0,1.0,324.81,4.0,Lost,2.0,Lost
2760,customer_1759,customer1759.gmail.com,Delhi,Google Search,2022-01-08,58,F,1083.0,1.0,1007.65,6.0,Lost,2.0,Lost
2761,customer_1760,customer1760.gmail.com,Delhi,Email,2023-06-03,29,M,99.0,4.0,995.42,13.0,champions,3.0,Loyal
2762,customer_1761,customer1761.gmail.com,Delhi,Email,2022-06-12,58,Others,251.0,3.0,738.61,10.0,Loyal Customers,3.0,Loyal
2763,customer_1762,customer1762.gmail.com,Mumbai,Organic,2023-05-13,28,M,206.0,3.0,522.56,9.0,Loyal Customers,3.0,Loyal
2764,customer_1763,customer1763.gmail.com,Pune,SMS,2022-02-05,23,M,,,,,,,No Purchase
2765,customer_1764,customer1764.gmail.com,Delhi,Organic,2022-04-24,37,F,507.0,5.0,2533.04,12.0,At-Risk,0.0,High Value
2766,customer_1765,customer1765.gmail.com,Pune,Organic,2024-05-04,44,M,120.0,2.0,273.45,7.0,New Customers,1.0,At-Risk
2767,customer_1766,customer1766.gmail.com,Chennai,Organic,2022-09-10,46,M,368.0,4.0,1604.4899999999998,12.0,At-Risk,3.0,Loyal
2768,customer_1767,customer1767.gmail.com,Delhi,Organic,2022-05-31,26,M,243.0,3.0,695.5,10.0,Loyal Customers,3.0,Loyal
2769,customer_1768,customer1768.gmail.com,Bengaluru,Google Search,2022-06-23,57,F,1068.0,1.0,47.03,3.0,Lost,2.0,Lost
2770,customer_1769,customer1769.gmail.com,Hyderabad,SMS,2024-02-07,24,M,283.0,3.0,741.87,10.0,Loyal Customers,3.0,Loyal
2771,customer_1770,customer1770.gmail.com,Chennai,Email,2023-05-23,38,F,294.0,2.0,135.18,6.0,Hibernating,1.0,At-Risk
2772,customer_1771,customer1771.gmail.com,Delhi,Paid Social,2024-06-18,35,M,55.0,3.0,502.13,11.0,Loyal Customers,3.0,Loyal
2773,customer_1772,customer1772.gmail.com,Mumbai,Google Search,2022-02-11,32,M,,,,,,,No Purchase
2774,customer_1773,customer1773.gmail.com,Chennai,Organic,2022-04-18,19,F,65.0,4.0,1166.9299999999998,14.0,champions,3.0,Loyal
2775,customer_1774,customer1774.gmail.com,Delhi,Paid Social,2023-05-21,50,M,72.0,3.0,1152.1,13.0,champions,3.0,Loyal
2776,customer_1775,customer1775.gmail.com,Bengaluru,SMS,2024-11-23,28,F,728.0,2.0,415.74,5.0,Hibernating,2.0,Lost
2777,customer_1776,customer1776.gmail.com,Bengaluru,SMS,2024-07-20,23,M,70.0,2.0,276.63,8.0,New Customers,1.0,At-Risk
2778,customer_1777,customer1777.gmail.com,Bengaluru,Organic,2022-08-12,30,M,301.0,4.0,839.6600000000001,11.0,Loyal Customers,3.0,Loyal
2779,customer_1778,customer1778.gmail.com,Bengaluru,Google Search,2022-01-05,61,F,40.0,2.0,435.8,9.0,New Customers,1.0,At-Risk
2780,customer_1779,customer1779.gmail.com,Delhi,Paid Social,2024-04-04,34,M,394.0,2.0,1039.74,8.0,At-Risk,4.0,Potential
2781,customer_1780,customer1780.gmail.com,Pune,Organic,2024-11-04,58,M,165.0,1.0,311.08,6.0,New Customers,1.0,At-Risk
2782,customer_1781,customer1781.gmail.com,Chennai,Paid Social,2023-09-22,42,M,,,,,,,No Purchase
2783,customer_1782,customer1782.gmail.com,Bengaluru,Google Search,2022-04-19,22,M,251.0,4.0,1393.44,13.0,Loyal Customers,3.0,Loyal
2784,customer_1783,customer1783.gmail.com,Bengaluru,Email,2023-07-11,31,M,889.0,1.0,360.47,4.0,Lost,2.0,Lost
2785,customer_1784,customer1784.gmail.com,Delhi,Paid Social,2023-07-20,62,F,7.0,2.0,1550.04,12.0,New Customers,3.0,Loyal
2786,customer_1785,customer1785.gmail.com,Hyderabad,SMS,2024-08-09,46,F,212.0,5.0,1029.1,12.0,Loyal Customers,3.0,Loyal
2787,customer_1786,customer1786.gmail.com,Chennai,Paid Social,2023-02-28,47,F,151.0,5.0,1118.95,13.0,champions,3.0,Loyal
2788,customer_1787,customer1787.gmail.com,Mumbai,Paid Social,2022-08-16,29,Others,438.0,3.0,1353.38,11.0,At-Risk,4.0,Potential
2789,customer_1788,customer1788.gmail.com,Mumbai,SMS,2023-01-20,44,F,15.0,3.0,934.7,13.0,champions,3.0,Loyal
2790,customer_1789,customer1789.gmail.com,Mumbai,SMS,2024-11-05,48,Others,39.0,3.0,605.32,12.0,Loyal Customers,3.0,Loyal
2791,customer_1790,customer1790.gmail.com,Hyderabad,Paid Social,2022-09-19,64,M,892.0,1.0,423.56,4.0,Lost,2.0,Lost
2792,customer_1791,customer1791.gmail.com,Delhi,Paid Social,2024-04-19,46,M,540.0,1.0,219.55,4.0,Hibernating,2.0,Lost
2793,customer_1792,customer1792.gmail.com,Hyderabad,Paid Social,2022-12-26,44,F,257.0,2.0,1671.1,10.0,Potential Loyalists,4.0,Potential
2794,customer_1793,customer1793.gmail.com,Bengaluru,Google Search,2022-03-17,22,M,203.0,4.0,1232.99,13.0,champions,3.0,Loyal
2795,customer_1794,customer1794.gmail.com,Delhi,SMS,2023-04-30,26,F,588.0,1.0,224.05,4.0,Hibernating,2.0,Lost
2796,customer_1795,customer1795.gmail.com,Delhi,Organic,2023-03-08,43,F,45.0,5.0,1053.15,14.0,champions,3.0,Loyal
2797,customer_1796,customer1796.gmail.com,Mumbai,SMS,2023-05-29,44,F,575.0,1.0,85.92,4.0,Hibernating,2.0,Lost
2798,customer_1797,customer1797.gmail.com,Bengaluru,Google Search,2024-01-14,32,M,286.0,2.0,358.21,7.0,Hibernating,1.0,At-Risk
2799,customer_1798,customer1798.gmail.com,Chennai,Paid Social,2023-03-21,32,F,124.0,3.0,818.67,11.0,Loyal Customers,3.0,Loyal
2800,customer_1799,customer1799.gmail.com,Chennai,Paid Social,2022-05-19,51,M,35.0,1.0,62.26,7.0,New Customers,1.0,At-Risk
2801,customer_1800,customer1800.gmail.com,Pune,Google Search,2023-01-29,31,F,229.0,2.0,595.4200000000001,8.0,Potential Loyalists,1.0,At-Risk
2802,customer_1801,customer1801.gmail.com,Delhi,Email,2024-01-16,19,F,807.0,2.0,1295.0,7.0,Hibernating,4.0,Potential
2803,customer_1802,customer1802.gmail.com,Delhi,Google Search,2023-09-27,63,M,342.0,3.0,1096.4,11.0,Loyal Customers,4.0,Potential
2804,customer_1803,customer1803.gmail.com,Delhi,Paid Social,2023-08-10,23,M,536.0,1.0,179.14,4.0,Hibernating,2.0,Lost
2805,customer_1804,customer1804.gmail.com,Pune,SMS,2024-05-16,64,F,,,,,,,No Purchase
2806,customer_1805,customer1805.gmail.com,Chennai,SMS,2024-08-15,33,F,544.0,2.0,940.8,8.0,At-Risk,4.0,Potential
2807,customer_1806,customer1806.gmail.com,Mumbai,SMS,2022-01-08,26,F,201.0,5.0,2232.52,14.0,champions,0.0,High Value
2808,customer_1807,customer1807.gmail.com,Bengaluru,Email,2023-10-12,61,M,193.0,8.0,2694.27,14.0,champions,0.0,High Value
2809,customer_1808,customer1808.gmail.com,Pune,Organic,2022-04-06,33,F,,,,,,,No Purchase
2810,customer_1809,customer1809.gmail.com,Delhi,Organic,2022-12-17,61,M,120.0,2.0,290.09000000000003,7.0,New Customers,1.0,At-Risk
2811,customer_1810,customer1810.gmail.com,Mumbai,Paid Social,2023-06-26,39,M,369.0,4.0,911.0,11.0,At-Risk,3.0,Loyal
2812,customer_1811,customer1811.gmail.com,Bengaluru,SMS,2023-11-18,36,F,,,,,,,No Purchase
2813,customer_1812,customer1812.gmail.com,Hyderabad,SMS,2024-11-23,25,M,178.0,2.0,3564.33,11.0,New Customers,0.0,High Value
2814,customer_1813,customer1813.gmail.com,Chennai,SMS,2023-08-02,61,M,155.0,2.0,585.9300000000001,9.0,New Customers,1.0,At-Risk
2815,customer_1814,customer1814.gmail.com,Mumbai,SMS,2022-09-04,62,M,109.0,5.0,1044.44,13.0,champions,3.0,Loyal
2816,customer_1815,customer1815.gmail.com,Bengaluru,Google Search,2022-08-22,38,M,72.0,1.0,134.28,7.0,New Customers,1.0,At-Risk
2817,customer_1816,customer1816.gmail.com,Delhi,Paid Social,2024-07-05,20,M,374.0,5.0,695.1700000000001,10.0,At-Risk,3.0,Loyal
2818,customer_1817,customer1817.gmail.com,Bengaluru,Google Search,2022-03-16,32,M,423.0,7.0,3254.48,12.0,At-Risk,0.0,High Value
2819,customer_1818,customer1818.gmail.com,Delhi,Email,2023-12-16,19,F,118.0,2.0,277.74,7.0,New Customers,1.0,At-Risk
2820,customer_1819,customer1819.gmail.com,Mumbai,Paid Social,2024-09-10,39,F,100.0,3.0,839.8,11.0,Loyal Customers,3.0,Loyal
2821,customer_1820,customer1820.gmail.com,Hyderabad,SMS,2022-10-23,34,F,32.0,3.0,1344.74,13.0,champions,3.0,Loyal
2822,customer_1821,customer1821.gmail.com,Mumbai,SMS,2022-09-05,33,Others,317.0,3.0,1364.76,12.0,Loyal Customers,3.0,Loyal
2823,customer_1822,customer1822.gmail.com,Delhi,Google Search,2022-03-15,64,F,249.0,4.0,1604.75,13.0,Loyal Customers,3.0,Loyal
2824,customer_1823,customer1823.gmail.com,Pune,Organic,2022-12-24,61,M,511.0,1.0,242.07,4.0,Hibernating,2.0,Lost
2825,customer_1824,customer1824.gmail.com,Mumbai,Google Search,2022-04-08,31,F,287.0,4.0,859.02,11.0,Loyal Customers,3.0,Loyal
2826,customer_1825,customer1825.gmail.com,Chennai,Organic,2022-03-09,58,F,684.0,4.0,1564.5,11.0,Cannot Lose Them,4.0,Potential
2827,customer_1826,customer1826.gmail.com,Hyderabad,Paid Social,2022-03-30,22,F,145.0,6.0,1311.87,13.0,champions,0.0,High Value
2828,customer_1827,customer1827.gmail.com,Pune,Paid Social,2024-01-23,38,F,359.0,1.0,358.74,5.0,Hibernating,1.0,At-Risk
2829,customer_1828,customer1828.gmail.com,Pune,Paid Social,2023-02-10,33,F,,,,,,,No Purchase
2830,customer_1829,customer1829.gmail.com,Delhi,Email,2022-01-23,48,M,713.0,1.0,129.06,3.0,Lost,2.0,Lost
2831,customer_1830,customer1830.gmail.com,Bengaluru,Paid Social,2024-08-27,49,M,1027.0,1.0,113.25,3.0,Lost,2.0,Lost
2832,customer_1831,customer1831.gmail.com,Hyderabad,Google Search,2024-08-20,33,F,52.0,3.0,895.32,13.0,champions,3.0,Loyal
2833,customer_1832,customer1832.gmail.com,Delhi,Google Search,2023-06-07,26,F,42.0,4.0,1059.09,14.0,champions,3.0,Loyal
2834,customer_1833,customer1833.gmail.com,Chennai,Organic,2024-04-07,54,M,132.0,1.0,158.8,6.0,New Customers,1.0,At-Risk
2835,customer_1834,customer1834.gmail.com,Hyderabad,Paid Social,2024-11-23,26,M,514.0,4.0,1144.17,11.0,At-Risk,4.0,Potential
2836,customer_1835,customer1835.gmail.com,Bengaluru,Organic,2022-06-03,38,M,625.0,3.0,502.61,7.0,Hibernating,4.0,Potential
2837,customer_1836,customer1836.gmail.com,Delhi,Google Search,2024-01-25,25,F,297.0,3.0,934.59,11.0,Loyal Customers,3.0,Loyal
2838,customer_1837,customer1837.gmail.com,Mumbai,SMS,2024-07-27,41,F,327.0,3.0,1285.62,11.0,Loyal Customers,4.0,Potential
2839,customer_1838,customer1838.gmail.com,Mumbai,Paid Social,2024-07-03,33,F,684.0,1.0,334.1,4.0,Lost,2.0,Lost
2840,customer_1839,customer1839.gmail.com,Pune,Email,2024-07-12,48,F,352.0,1.0,615.29,7.0,Hibernating,1.0,At-Risk
2841,customer_1840,customer1840.gmail.com,Bengaluru,Email,2022-12-24,37,M,62.0,3.0,1318.8,13.0,champions,3.0,Loyal
2842,customer_1841,customer1841.gmail.com,Chennai,SMS,2024-08-05,22,F,417.0,2.0,712.19,7.0,At-Risk,4.0,Potential
2843,customer_1842,customer1842.gmail.com,Chennai,Organic,2024-01-21,62,Others,130.0,3.0,921.71,12.0,champions,3.0,Loyal
2844,customer_1843,customer1843.gmail.com,Delhi,Organic,2022-12-03,19,F,749.0,2.0,517.81,5.0,Hibernating,2.0,Lost
2845,customer_1844,customer1844.gmail.com,Bengaluru,Organic,2022-02-19,20,M,191.0,1.0,379.28,7.0,New Customers,1.0,At-Risk
2846,customer_1845,customer1845.gmail.com,Bengaluru,Paid Social,2022-03-22,49,M,236.0,3.0,1474.1999999999998,12.0,Loyal Customers,3.0,Loyal
2847,customer_1846,customer1846.gmail.com,Mumbai,Organic,2023-07-20,42,M,300.0,1.0,289.4,5.0,Hibernating,1.0,At-Risk
2848,customer_1847,customer1847.gmail.com,Delhi,Email,2022-11-24,52,M,26.0,5.0,1424.86,15.0,champions,3.0,Loyal
2849,customer_1848,customer1848.gmail.com,Pune,Email,2022-03-28,47,M,299.0,3.0,952.57,11.0,Loyal Customers,3.0,Loyal
2850,customer_1849,customer1849.gmail.com,Delhi,Email,2024-02-05,32,M,539.0,2.0,259.91,5.0,At-Risk,2.0,Lost
2851,customer_1850,customer1850.gmail.com,Mumbai,Organic,2023-05-05,46,F,339.0,2.0,313.25,6.0,Hibernating,1.0,At-Risk
2852,customer_1851,customer1851.gmail.com,Pune,Paid Social,2023-02-22,19,Others,18.0,2.0,474.11,9.0,New Customers,1.0,At-Risk
2853,customer_1852,customer1852.gmail.com,Chennai,Email,2023-01-17,23,M,123.0,3.0,973.39,12.0,champions,3.0,Loyal
2854,customer_1853,customer1853.gmail.com,Pune,Google Search,2022-01-04,46,F,89.0,3.0,367.15,11.0,Loyal Customers,3.0,Loyal
2855,customer_1854,customer1854.gmail.com,Hyderabad,Email,2024-02-08,53,M,880.0,1.0,288.21,3.0,Lost,2.0,Lost
2856,customer_1855,customer1855.gmail.com,Delhi,Paid Social,2023-08-27,39,F,81.0,5.0,1305.19,14.0,champions,3.0,Loyal
2857,customer_1856,customer1856.gmail.com,Chennai,Email,2023-02-28,23,M,37.0,6.0,1927.89,15.0,champions,0.0,High Value
2858,customer_1857,customer1857.gmail.com,Hyderabad,SMS,2023-12-15,46,M,186.0,5.0,1102.13,13.0,champions,3.0,Loyal
2859,customer_1858,customer1858.gmail.com,Mumbai,SMS,2023-08-27,34,M,394.0,2.0,675.53,7.0,At-Risk,1.0,At-Risk
2860,customer_1859,customer1859.gmail.com,Chennai,SMS,2023-07-27,49,F,384.0,2.0,976.44,8.0,At-Risk,4.0,Potential
2861,customer_1860,customer1860.gmail.com,Delhi,Email,2023-02-24,35,M,88.0,7.0,2333.37,15.0,champions,0.0,High Value
2862,customer_1861,customer1861.gmail.com,Delhi,Paid Social,2023-11-14,42,F,132.0,2.0,740.27,9.0,New Customers,1.0,At-Risk
2863,customer_1862,customer1862.gmail.com,Delhi,Organic,2022-10-29,35,M,121.0,1.0,370.68,7.0,New Customers,1.0,At-Risk
2864,customer_1863,customer1863.gmail.com,Hyderabad,Paid Social,2023-06-24,59,F,,,,,,,No Purchase
2865,customer_1864,customer1864.gmail.com,Bengaluru,Google Search,2022-11-17,63,F,86.0,8.0,1667.52,15.0,champions,0.0,High Value
2866,customer_1865,customer1865.gmail.com,Bengaluru,Google Search,2024-12-11,28,F,859.0,1.0,373.43,4.0,Lost,2.0,Lost
2867,customer_1866,customer1866.gmail.com,Bengaluru,Paid Social,2023-08-14,22,F,973.0,1.0,510.72,4.0,Lost,2.0,Lost
2868,customer_1867,customer1867.gmail.com,Hyderabad,Email,2022-01-12,44,F,131.0,4.0,730.9300000000001,12.0,Loyal Customers,3.0,Loyal
2869,customer_1868,customer1868.gmail.com,Hyderabad,SMS,2022-12-18,61,F,99.0,4.0,1056.95,13.0,champions,3.0,Loyal
2870,customer_1869,customer1869.gmail.com,Pune,SMS,2022-01-25,63,Others,358.0,4.0,804.23,11.0,Loyal Customers,3.0,Loyal
2871,customer_1870,customer1870.gmail.com,Bengaluru,Organic,2023-11-07,23,Others,800.0,1.0,92.27,3.0,Lost,2.0,Lost
2872,customer_1871,customer1871.gmail.com,Hyderabad,Email,2023-10-23,28,F,,,,,,,No Purchase
2873,customer_1872,customer1872.gmail.com,Pune,Organic,2022-09-12,57,M,496.0,3.0,915.37,10.0,At-Risk,4.0,Potential
2874,customer_1873,customer1873.gmail.com,Mumbai,Paid Social,2022-08-26,46,F,,,,,,,No Purchase
2875,customer_1874,customer1874.gmail.com,Mumbai,Organic,2023-06-06,49,F,397.0,3.0,1437.58,11.0,At-Risk,4.0,Potential
2876,customer_1875,customer1875.gmail.com,Hyderabad,Google Search,2024-08-31,21,F,84.0,3.0,1723.14,14.0,champions,3.0,Loyal
2877,customer_1876,customer1876.gmail.com,Pune,Organic,2023-03-23,22,F,1049.0,1.0,105.55,3.0,Lost,2.0,Lost
2878,customer_1877,customer1877.gmail.com,Pune,SMS,2024-11-07,35,M,157.0,3.0,1313.16,12.0,champions,3.0,Loyal
2879,customer_1878,customer1878.gmail.com,Hyderabad,Google Search,2024-01-24,25,M,89.0,2.0,604.09,10.0,New Customers,1.0,At-Risk
2880,customer_1879,customer1879.gmail.com,Delhi,SMS,2023-05-19,40,M,625.0,3.0,1099.81,9.0,Cannot Lose Them,4.0,Potential
2881,customer_1880,customer1880.gmail.com,Mumbai,Paid Social,2022-07-02,55,F,315.0,6.0,1955.02,13.0,Loyal Customers,0.0,High Value
2882,customer_1881,customer1881.gmail.com,Mumbai,Organic,2023-04-04,60,F,707.0,1.0,230.23,3.0,Lost,2.0,Lost
2883,customer_1882,customer1882.gmail.com,Delhi,Organic,2023-10-07,29,F,633.0,1.0,805.55,5.0,Lost,2.0,Lost
2884,customer_1883,customer1883.gmail.com,Mumbai,Organic,2024-03-15,38,F,199.0,4.0,1036.93,13.0,champions,3.0,Loyal
2885,customer_1884,customer1884.gmail.com,Mumbai,Email,2022-11-04,39,F,385.0,2.0,1000.79,8.0,At-Risk,4.0,Potential
2886,customer_1885,customer1885.gmail.com,Mumbai,Email,2022-08-19,49,M,42.0,4.0,987.08,14.0,champions,3.0,Loyal
2887,customer_1886,customer1886.gmail.com,Mumbai,Google Search,2022-08-14,45,F,143.0,4.0,856.6800000000001,12.0,Loyal Customers,3.0,Loyal
2888,customer_1887,customer1887.gmail.com,Bengaluru,SMS,2022-10-08,35,M,752.0,1.0,161.22,3.0,Lost,2.0,Lost
2889,customer_1888,customer1888.gmail.com,Hyderabad,Paid Social,2022-08-13,20,F,,,,,,,No Purchase
2890,customer_1889,customer1889.gmail.com,Delhi,Email,2024-02-22,47,F,50.0,4.0,779.01,13.0,Loyal Customers,3.0,Loyal
2891,customer_1890,customer1890.gmail.com,Mumbai,SMS,2023-05-28,30,M,352.0,2.0,1083.27,9.0,Potential Loyalists,4.0,Potential
2892,customer_1891,customer1891.gmail.com,Chennai,Organic,2023-11-09,18,F,255.0,3.0,633.44,10.0,Loyal Customers,3.0,Loyal
2893,customer_1892,customer1892.gmail.com,Bengaluru,Organic,2024-04-15,52,M,,,,,,,No Purchase
2894,customer_1893,customer1893.gmail.com,Hyderabad,SMS,2023-01-29,56,F,387.0,4.0,1207.01,11.0,At-Risk,3.0,Loyal
2895,customer_1894,customer1894.gmail.com,Delhi,Organic,2023-02-13,43,F,199.0,2.0,478.22,8.0,New Customers,1.0,At-Risk
2896,customer_1895,customer1895.gmail.com,Mumbai,Email,2022-12-18,34,F,162.0,7.0,2018.74,14.0,champions,0.0,High Value
2897,customer_1896,customer1896.gmail.com,Mumbai,Paid Social,2024-05-19,49,M,,,,,,,No Purchase
2898,customer_1897,customer1897.gmail.com,Chennai,Email,2023-10-18,39,M,219.0,1.0,814.93,7.0,Hibernating,1.0,At-Risk
2899,customer_1898,customer1898.gmail.com,Mumbai,Organic,2022-08-31,56,M,430.0,4.0,970.42,11.0,At-Risk,4.0,Potential
2900,customer_1899,customer1899.gmail.com,Chennai,Paid Social,2022-12-14,42,F,255.0,3.0,975.99,11.0,Loyal Customers,3.0,Loyal
2901,customer_1900,customer1900.gmail.com,Pune,Organic,2024-08-14,49,M,626.0,3.0,748.52,8.0,Cannot Lose Them,4.0,Potential
2902,customer_1901,customer1901.gmail.com,Bengaluru,Paid Social,2024-06-14,41,F,421.0,2.0,657.49,7.0,At-Risk,4.0,Potential
2903,customer_1902,customer1902.gmail.com,Hyderabad,Google Search,2023-02-26,25,M,179.0,2.0,339.52,8.0,New Customers,1.0,At-Risk
2904,customer_1903,customer1903.gmail.com,Delhi,Organic,2024-03-21,61,M,139.0,1.0,270.5,6.0,New Customers,1.0,At-Risk
2905,customer_1904,customer1904.gmail.com,Chennai,Google Search,2024-02-07,47,M,111.0,4.0,1449.72,14.0,champions,3.0,Loyal
2906,customer_1905,customer1905.gmail.com,Delhi,Email,2022-12-23,30,M,104.0,4.0,937.11,13.0,champions,3.0,Loyal
2907,customer_1906,customer1906.gmail.com,Bengaluru,Email,2023-12-23,40,F,743.0,2.0,542.05,5.0,Hibernating,2.0,Lost
2908,customer_1907,customer1907.gmail.com,Chennai,Email,2022-03-05,54,Others,319.0,3.0,399.43,9.0,Loyal Customers,1.0,At-Risk
2909,customer_1908,customer1908.gmail.com,Bengaluru,Organic,2024-08-16,30,M,118.0,4.0,1019.2,13.0,champions,3.0,Loyal
2910,customer_1909,customer1909.gmail.com,Mumbai,SMS,2024-09-14,47,F,101.0,2.0,1335.41,10.0,New Customers,3.0,Loyal
2911,customer_1910,customer1910.gmail.com,Delhi,Google Search,2022-02-18,23,M,,,,,,,No Purchase
2912,customer_1911,customer1911.gmail.com,Mumbai,Google Search,2023-03-12,47,M,173.0,4.0,1075.73,13.0,champions,3.0,Loyal
2913,customer_1912,customer1912.gmail.com,Bengaluru,Google Search,2023-05-20,51,M,622.0,3.0,801.29,8.0,Cannot Lose Them,4.0,Potential
2914,customer_1913,customer1913.gmail.com,Chennai,Organic,2024-07-07,64,F,704.0,1.0,47.9,3.0,Lost,2.0,Lost
2915,customer_1914,customer1914.gmail.com,Bengaluru,Google Search,2023-09-23,34,F,186.0,4.0,1551.39,14.0,champions,3.0,Loyal
2916,customer_1915,customer1915.gmail.com,Bengaluru,Google Search,2022-12-22,41,F,907.0,2.0,1358.25,8.0,Hibernating,2.0,Lost
2917,customer_1916,customer1916.gmail.com,Hyderabad,Google Search,2024-02-19,26,M,888.0,1.0,136.66,3.0,Lost,2.0,Lost
2918,customer_1917,customer1917.gmail.com,Hyderabad,Organic,2023-11-29,36,F,147.0,3.0,2236.62,13.0,champions,0.0,High Value
2919,customer_1918,customer1918.gmail.com,Mumbai,Organic,2022-06-01,48,Others,824.0,2.0,1242.03,7.0,Hibernating,4.0,Potential
2920,customer_1919,customer1919.gmail.com,Bengaluru,SMS,2022-12-08,60,F,110.0,2.0,792.01,9.0,New Customers,1.0,At-Risk
2921,customer_1920,customer1920.gmail.com,Mumbai,Google Search,2022-08-04,42,Others,320.0,5.0,911.13,12.0,Loyal Customers,3.0,Loyal
2922,customer_1921,customer1921.gmail.com,Mumbai,SMS,2022-09-21,50,M,883.0,1.0,487.82,4.0,Lost,2.0,Lost
2923,customer_1922,customer1922.gmail.com,Chennai,Google Search,2022-04-11,55,F,236.0,1.0,334.16,6.0,Hibernating,1.0,At-Risk
2924,customer_1923,customer1923.gmail.com,Chennai,Google Search,2022-05-09,54,M,,,,,,,No Purchase
2925,customer_1924,customer1924.gmail.com,Hyderabad,Email,2024-02-04,63,M,608.0,3.0,821.48,8.0,Cannot Lose Them,4.0,Potential
2926,customer_1925,customer1925.gmail.com,Pune,Email,2022-10-29,52,M,42.0,2.0,714.99,10.0,New Customers,1.0,At-Risk
2927,customer_1926,customer1926.gmail.com,Hyderabad,SMS,2022-09-17,49,F,544.0,2.0,1447.98,9.0,At-Risk,4.0,Potential
2928,customer_1927,customer1927.gmail.com,Mumbai,Organic,2023-08-07,39,F,188.0,3.0,1007.99,12.0,champions,3.0,Loyal
2929,customer_1928,customer1928.gmail.com,Hyderabad,SMS,2023-06-28,20,M,71.0,4.0,1102.68,14.0,champions,3.0,Loyal
2930,customer_1929,customer1929.gmail.com,Bengaluru,Email,2024-02-23,28,F,1034.0,2.0,1254.33,7.0,Hibernating,2.0,Lost
2931,customer_1930,customer1930.gmail.com,Bengaluru,Paid Social,2022-01-31,41,M,,,,,,,No Purchase
2932,customer_1931,customer1931.gmail.com,Delhi,Organic,2022-05-13,51,M,5.0,3.0,1804.59,14.0,champions,3.0,Loyal
2933,customer_1932,customer1932.gmail.com,Pune,Paid Social,2024-07-27,47,M,524.0,2.0,779.5699999999999,7.0,At-Risk,4.0,Potential
2934,customer_1933,customer1933.gmail.com,Hyderabad,Organic,2023-10-15,32,Others,273.0,4.0,1090.4199999999998,12.0,Loyal Customers,3.0,Loyal
2935,customer_1934,customer1934.gmail.com,Pune,Email,2024-06-25,28,F,329.0,3.0,904.7,11.0,Loyal Customers,4.0,Potential
2936,customer_1935,customer1935.gmail.com,Delhi,Paid Social,2023-12-08,37,M,109.0,5.0,1077.22,13.0,champions,3.0,Loyal
2937,customer_1936,customer1936.gmail.com,Bengaluru,Paid Social,2022-02-02,41,M,87.0,6.0,1252.35,14.0,champions,0.0,High Value
2938,customer_1937,customer1937.gmail.com,Mumbai,Google Search,2023-10-06,27,F,266.0,3.0,512.26,9.0,Loyal Customers,3.0,Loyal
2939,customer_1938,customer1938.gmail.com,Hyderabad,Paid Social,2023-05-14,56,M,30.0,5.0,2208.94,15.0,champions,0.0,High Value
2940,customer_1939,customer1939.gmail.com,Chennai,Google Search,2023-05-09,52,M,845.0,2.0,238.7,4.0,Hibernating,2.0,Lost
2941,customer_1940,customer1940.gmail.com,Bengaluru,Email,2022-11-10,59,M,1023.0,1.0,106.38,3.0,Lost,2.0,Lost
2942,customer_1941,customer1941.gmail.com,Delhi,Paid Social,2024-08-13,48,M,243.0,2.0,416.78,7.0,Hibernating,1.0,At-Risk
2943,customer_1942,customer1942.gmail.com,Mumbai,Google Search,2022-12-20,44,F,120.0,2.0,754.62,9.0,New Customers,1.0,At-Risk
2944,customer_1943,customer1943.gmail.com,Bengaluru,Paid Social,2024-05-24,22,M,454.0,2.0,1056.15,8.0,At-Risk,4.0,Potential
2945,customer_1944,customer1944.gmail.com,Bengaluru,Email,2023-04-28,29,M,168.0,3.0,637.79,11.0,Loyal Customers,3.0,Loyal
2946,customer_1945,customer1945.gmail.com,Bengaluru,Paid Social,2023-08-16,51,F,104.0,3.0,739.43,11.0,Loyal Customers,3.0,Loyal
2947,customer_1946,customer1946.gmail.com,Hyderabad,Paid Social,2023-06-22,28,M,368.0,2.0,827.55,7.0,At-Risk,4.0,Potential
2948,customer_1947,customer1947.gmail.com,Hyderabad,SMS,2024-06-29,46,M,154.0,3.0,1192.17,12.0,champions,3.0,Loyal
2949,customer_1948,customer1948.gmail.com,Chennai,SMS,2023-02-20,44,M,205.0,3.0,369.85,9.0,Loyal Customers,1.0,At-Risk
2950,customer_1949,customer1949.gmail.com,Mumbai,Google Search,2024-12-20,60,F,179.0,4.0,1232.47,13.0,champions,3.0,Loyal
2951,customer_1950,customer1950.gmail.com,Hyderabad,Paid Social,2024-10-24,33,F,328.0,2.0,305.18,6.0,Hibernating,1.0,At-Risk
2952,customer_1951,customer1951.gmail.com,Delhi,Paid Social,2024-09-28,32,M,85.0,4.0,695.14,13.0,Loyal Customers,3.0,Loyal
2953,customer_1952,customer1952.gmail.com,Mumbai,Paid Social,2024-11-01,30,M,924.0,1.0,166.13,3.0,Lost,2.0,Lost
2954,customer_1953,customer1953.gmail.com,Bengaluru,Paid Social,2023-10-13,50,M,18.0,4.0,595.24,13.0,Loyal Customers,3.0,Loyal
2955,customer_1954,customer1954.gmail.com,Delhi,SMS,2024-02-21,22,F,327.0,3.0,7688.55,12.0,Loyal Customers,0.0,High Value
2956,customer_1955,customer1955.gmail.com,Bengaluru,Paid Social,2024-11-04,47,F,108.0,3.0,540.79,10.0,Loyal Customers,3.0,Loyal
2957,customer_1956,customer1956.gmail.com,Mumbai,Google Search,2022-09-26,43,M,29.0,2.0,482.76,9.0,New Customers,1.0,At-Risk
2958,customer_1957,customer1957.gmail.com,Chennai,Paid Social,2022-10-17,26,M,141.0,7.0,1434.43,14.0,champions,0.0,High Value
2959,customer_1958,customer1958.gmail.com,Bengaluru,SMS,2024-10-20,22,F,290.0,3.0,459.25,9.0,Loyal Customers,1.0,At-Risk
2960,customer_1959,customer1959.gmail.com,Pune,Google Search,2024-01-03,52,F,151.0,4.0,1017.89,13.0,champions,3.0,Loyal
2961,customer_1960,customer1960.gmail.com,Delhi,SMS,2022-02-12,56,M,714.0,2.0,639.6800000000001,6.0,Hibernating,2.0,Lost
2962,customer_1961,customer1961.gmail.com,Chennai,Google Search,2023-04-26,57,M,813.0,2.0,527.4,5.0,Hibernating,2.0,Lost
2963,customer_1962,customer1962.gmail.com,Chennai,Google Search,2023-03-04,18,F,486.0,2.0,559.89,6.0,At-Risk,4.0,Potential
2964,customer_1963,customer1963.gmail.com,Chennai,Paid Social,2024-03-27,56,F,150.0,1.0,189.94,6.0,New Customers,1.0,At-Risk
2965,customer_1964,customer1964.gmail.com,Mumbai,Organic,2024-09-15,20,F,636.0,1.0,607.39,5.0,Lost,2.0,Lost
2966,customer_1965,customer1965.gmail.com,Mumbai,SMS,2023-06-29,26,M,217.0,1.0,131.03,5.0,Hibernating,1.0,At-Risk
2967,customer_1966,customer1966.gmail.com,Bengaluru,Google Search,2022-09-15,43,F,330.0,2.0,860.88,8.0,Potential Loyalists,1.0,At-Risk
2968,customer_1967,customer1967.gmail.com,Bengaluru,Google Search,2022-10-17,19,F,181.0,3.0,924.46,12.0,champions,3.0,Loyal
2969,customer_1968,customer1968.gmail.com,Delhi,SMS,2023-03-23,45,M,303.0,7.0,2587.69,13.0,Loyal Customers,0.0,High Value
2970,customer_1969,customer1969.gmail.com,Hyderabad,SMS,2023-12-27,37,M,,,,,,,No Purchase
2971,customer_1970,customer1970.gmail.com,Delhi,Email,2023-08-02,43,M,668.0,1.0,959.13,6.0,Lost,2.0,Lost
2972,customer_1971,customer1971.gmail.com,Chennai,SMS,2024-06-24,31,M,235.0,2.0,278.12,6.0,Hibernating,1.0,At-Risk
2973,customer_1972,customer1972.gmail.com,Pune,Organic,2023-02-03,19,Others,33.0,3.0,794.6,12.0,Loyal Customers,3.0,Loyal
2974,customer_1973,customer1973.gmail.com,Delhi,Organic,2023-04-05,38,F,444.0,3.0,2446.73,11.0,At-Risk,0.0,High Value
2975,customer_1974,customer1974.gmail.com,Bengaluru,Organic,2023-11-10,36,F,200.0,3.0,1177.94,12.0,champions,3.0,Loyal
2976,customer_1975,customer1975.gmail.com,Hyderabad,Email,2024-12-10,63,M,386.0,3.0,973.29,10.0,At-Risk,4.0,Potential
2977,customer_1976,customer1976.gmail.com,Hyderabad,Email,2022-05-22,32,M,,,,,,,No Purchase
2978,customer_1977,customer1977.gmail.com,Delhi,Email,2023-10-15,49,F,357.0,2.0,918.99,9.0,Potential Loyalists,4.0,Potential
2979,customer_1978,customer1978.gmail.com,Pune,Google Search,2022-03-19,53,F,118.0,2.0,1344.56,10.0,New Customers,3.0,Loyal
2980,customer_1979,customer1979.gmail.com,Delhi,Paid Social,2023-03-04,31,F,188.0,2.0,359.97,8.0,New Customers,1.0,At-Risk
2981,customer_1980,customer1980.gmail.com,Mumbai,Email,2022-02-08,52,F,35.0,2.0,514.9300000000001,9.0,New Customers,1.0,At-Risk
2982,customer_1981,customer1981.gmail.com,Hyderabad,Paid Social,2022-07-07,26,F,272.0,2.0,414.63,7.0,Hibernating,1.0,At-Risk
2983,customer_1982,customer1982.gmail.com,Mumbai,Paid Social,2024-02-01,51,F,116.0,5.0,1176.48,13.0,champions,3.0,Loyal
2984,customer_1983,customer1983.gmail.com,Pune,Paid Social,2024-04-24,54,F,201.0,4.0,1150.74,13.0,champions,3.0,Loyal
2985,customer_1984,customer1984.gmail.com,Pune,Organic,2022-01-03,48,F,136.0,3.0,2829.36,13.0,champions,0.0,High Value
2986,customer_1985,customer1985.gmail.com,Bengaluru,Email,2023-12-01,42,Others,530.0,1.0,183.28,4.0,Hibernating,2.0,Lost
2987,customer_1986,customer1986.gmail.com,Delhi,SMS,2024-07-10,58,F,212.0,6.0,1092.98,12.0,Loyal Customers,3.0,Loyal
2988,customer_1987,customer1987.gmail.com,Delhi,SMS,2022-08-09,61,M,345.0,2.0,1295.03,9.0,Potential Loyalists,4.0,Potential
2989,customer_1988,customer1988.gmail.com,Chennai,Organic,2022-06-09,27,M,77.0,4.0,815.91,13.0,Loyal Customers,3.0,Loyal
2990,customer_1989,customer1989.gmail.com,Delhi,Google Search,2024-05-20,51,F,,,,,,,No Purchase
2991,customer_1990,customer1990.gmail.com,Mumbai,Google Search,2024-09-17,32,F,156.0,4.0,1097.53,13.0,champions,3.0,Loyal
2992,customer_1991,customer1991.gmail.com,Chennai,Email,2023-05-16,64,F,400.0,3.0,602.33,9.0,At-Risk,4.0,Potential
2993,customer_1992,customer1992.gmail.com,Pune,SMS,2022-10-21,19,F,481.0,2.0,283.06,5.0,At-Risk,1.0,At-Risk
2994,customer_1993,customer1993.gmail.com,Chennai,Paid Social,2023-10-24,55,F,29.0,6.0,3031.07,15.0,champions,0.0,High Value
2995,customer_1994,customer1994.gmail.com,Pune,Email,2022-06-30,43,F,25.0,2.0,586.5,10.0,New Customers,1.0,At-Risk
2996,customer_1995,customer1995.gmail.com,Chennai,Google Search,2023-04-15,59,F,25.0,5.0,1195.49,14.0,champions,3.0,Loyal
2997,customer_1996,customer1996.gmail.com,Mumbai,Email,2023-05-16,52,F,184.0,3.0,807.03,11.0,Loyal Customers,3.0,Loyal
2998,customer_1997,customer1997.gmail.com,Delhi,SMS,2024-03-11,62,F,321.0,1.0,318.45,5.0,Hibernating,1.0,At-Risk
2999,customer_1998,customer1998.gmail.com,Delhi,Paid Social,2024-08-02,49,F,419.0,2.0,509.72,6.0,At-Risk,1.0,At-Risk
3000,customer_1999,customer1999.gmail.com,Mumbai,Paid Social,2024-02-05,49,M,111.0,2.0,859.48,9.0,New Customers,1.0,At-Risk
3001,customer_2000,customer2000.gmail.com,Chennai,Google Search,2022-05-14,60,M,510.0,2.0,188.35,5.0,At-Risk,2.0,Lost
3002,customer_2001,customer2001.gmail.com,Chennai,Google Search,2023-03-22,45,M,490.0,2.0,320.64,6.0,At-Risk,1.0,At-Risk
3003,customer_2002,customer2002.gmail.com,Bengaluru,Organic,2024-06-20,61,M,505.0,1.0,199.3,4.0,Hibernating,2.0,Lost
3004,customer_2003,customer2003.gmail.com,Bengaluru,SMS,2024-10-28,44,M,836.0,1.0,368.98,4.0,Lost,2.0,Lost
3005,customer_2004,customer2004.gmail.com,Chennai,Google Search,2022-04-21,32,F,218.0,2.0,484.78,7.0,Hibernating,1.0,At-Risk
3006,customer_2005,customer2005.gmail.com,Chennai,SMS,2022-08-05,41,M,110.0,3.0,703.3,11.0,Loyal Customers,3.0,Loyal
3007,customer_2006,customer2006.gmail.com,Delhi,Organic,2024-06-01,38,M,178.0,4.0,1121.46,13.0,champions,3.0,Loyal
3008,customer_2007,customer2007.gmail.com,Delhi,Email,2024-02-22,18,F,454.0,2.0,286.35,5.0,At-Risk,1.0,At-Risk
3009,customer_2008,customer2008.gmail.com,Mumbai,Organic,2022-05-30,38,M,42.0,3.0,599.47,12.0,Loyal Customers,3.0,Loyal
3010,customer_2009,customer2009.gmail.com,Hyderabad,SMS,2023-08-21,40,M,,,,,,,No Purchase
3011,customer_2010,customer2010.gmail.com,Pune,Google Search,2024-12-15,39,F,876.0,2.0,583.35,6.0,Hibernating,2.0,Lost
3012,customer_2011,customer2011.gmail.com,Delhi,Organic,2024-02-25,48,F,684.0,3.0,2008.98,10.0,Cannot Lose Them,4.0,Potential
3013,customer_2012,customer2012.gmail.com,Chennai,Paid Social,2022-04-17,46,M,819.0,2.0,2217.7200000000003,8.0,Hibernating,4.0,Potential
3014,customer_2013,customer2013.gmail.com,Delhi,SMS,2024-06-11,56,F,,,,,,,No Purchase
3015,customer_2014,customer2014.gmail.com,Hyderabad,Google Search,2024-11-28,64,M,667.0,1.0,314.25,3.0,Lost,2.0,Lost
3016,customer_2015,customer2015.gmail.com,Bengaluru,Email,2022-03-30,18,F,484.0,3.0,783.8399999999999,9.0,At-Risk,4.0,Potential
3017,customer_2016,customer2016.gmail.com,Pune,Google Search,2022-07-08,18,M,129.0,1.0,88.49,6.0,New Customers,1.0,At-Risk
3018,customer_2017,customer2017.gmail.com,Hyderabad,SMS,2024-10-05,35,F,719.0,1.0,171.67,3.0,Lost,2.0,Lost
3019,customer_2018,customer2018.gmail.com,Mumbai,Paid Social,2023-07-10,58,F,207.0,1.0,36.69,5.0,Hibernating,1.0,At-Risk
3020,customer_2019,customer2019.gmail.com,Bengaluru,Google Search,2022-08-20,28,F,292.0,2.0,1076.75,9.0,Potential Loyalists,4.0,Potential
3021,customer_2020,customer2020.gmail.com,Pune,Google Search,2024-03-06,64,M,106.0,2.0,1226.37,10.0,New Customers,3.0,Loyal
3022,customer_2021,customer2021.gmail.com,Bengaluru,SMS,2022-10-13,61,F,169.0,3.0,1218.15,12.0,champions,3.0,Loyal
3023,customer_2022,customer2022.gmail.com,Hyderabad,SMS,2024-12-10,54,M,907.0,1.0,317.51,3.0,Lost,2.0,Lost
3024,customer_2023,customer2023.gmail.com,Pune,Paid Social,2024-03-11,23,F,16.0,6.0,3326.38,15.0,champions,0.0,High Value
3025,customer_2024,customer2024.gmail.com,Delhi,Google Search,2024-10-06,29,F,189.0,6.0,4044.9,14.0,champions,0.0,High Value
3026,customer_2025,customer2025.gmail.com,Mumbai,Paid Social,2024-04-11,52,M,14.0,1.0,1310.9,10.0,New Customers,1.0,At-Risk
3027,customer_2026,customer2026.gmail.com,Bengaluru,SMS,2023-04-30,58,F,390.0,3.0,656.6400000000001,9.0,At-Risk,4.0,Potential
3028,customer_2027,customer2027.gmail.com,Chennai,Paid Social,2024-08-22,58,F,609.0,3.0,783.4100000000001,8.0,Cannot Lose Them,4.0,Potential
3029,customer_2028,customer2028.gmail.com,Mumbai,SMS,2024-04-01,25,F,555.0,1.0,213.48,4.0,Hibernating,2.0,Lost
3030,customer_2029,customer2029.gmail.com,Bengaluru,Email,2022-06-26,60,M,715.0,2.0,202.4,4.0,Hibernating,2.0,Lost
3031,customer_2030,customer2030.gmail.com,Bengaluru,Paid Social,2024-10-04,18,F,235.0,3.0,887.31,11.0,Loyal Customers,3.0,Loyal
3032,customer_2031,customer2031.gmail.com,Chennai,Google Search,2024-10-27,60,M,739.0,1.0,1037.57,6.0,Lost,2.0,Lost
3033,customer_2032,customer2032.gmail.com,Bengaluru,Google Search,2024-10-02,19,M,19.0,4.0,1997.23,15.0,champions,0.0,High Value
3034,customer_2033,customer2033.gmail.com,Mumbai,Google Search,2024-07-28,52,M,107.0,4.0,1086.12,13.0,champions,3.0,Loyal
3035,customer_2034,customer2034.gmail.com,Delhi,Google Search,2024-04-07,51,F,18.0,2.0,230.05,8.0,New Customers,1.0,At-Risk
3036,customer_2035,customer2035.gmail.com,Bengaluru,Email,2022-09-14,59,F,442.0,3.0,1227.36,10.0,At-Risk,4.0,Potential
3037,customer_2036,customer2036.gmail.com,Hyderabad,Google Search,2023-07-17,33,F,,,,,,,No Purchase
3038,customer_2037,customer2037.gmail.com,Chennai,Paid Social,2024-03-16,59,M,47.0,3.0,1091.5,13.0,champions,3.0,Loyal
3039,customer_2038,customer2038.gmail.com,Hyderabad,SMS,2023-08-01,25,F,586.0,1.0,138.74,4.0,Hibernating,2.0,Lost
3040,customer_2039,customer2039.gmail.com,Chennai,SMS,2023-01-04,23,M,1043.0,1.0,54.33,3.0,Lost,2.0,Lost
3041,customer_2040,customer2040.gmail.com,Mumbai,SMS,2024-08-21,57,M,,,,,,,No Purchase
3042,customer_2041,customer2041.gmail.com,Mumbai,SMS,2022-07-06,21,F,895.0,2.0,1166.91,7.0,Hibernating,2.0,Lost
3043,customer_2042,customer2042.gmail.com,Hyderabad,Paid Social,2023-12-03,40,M,392.0,2.0,972.69,8.0,At-Risk,4.0,Potential
3044,customer_2043,customer2043.gmail.com,Chennai,Google Search,2024-01-17,31,M,122.0,2.0,328.24,8.0,New Customers,1.0,At-Risk
3045,customer_2044,customer2044.gmail.com,Delhi,Organic,2022-03-04,42,M,117.0,2.0,514.72,8.0,New Customers,1.0,At-Risk
3046,customer_2045,customer2045.gmail.com,Delhi,Google Search,2024-06-08,53,M,,,,,,,No Purchase
3047,customer_2046,customer2046.gmail.com,Pune,Organic,2022-08-16,51,F,531.0,4.0,1293.8,11.0,At-Risk,4.0,Potential
3048,customer_2047,customer2047.gmail.com,Bengaluru,Email,2022-01-15,55,M,216.0,3.0,818.54,10.0,Loyal Customers,3.0,Loyal
3049,customer_2048,customer2048.gmail.com,Chennai,SMS,2022-05-09,29,F,384.0,2.0,364.15,6.0,At-Risk,1.0,At-Risk
3050,customer_2049,customer2049.gmail.com,Hyderabad,Email,2024-01-26,38,M,394.0,2.0,237.75,5.0,At-Risk,1.0,At-Risk
3051,customer_2050,customer2050.gmail.com,Chennai,SMS,2024-04-17,62,F,,,,,,,No Purchase
3052,customer_2051,customer2051.gmail.com,Mumbai,Organic,2024-10-30,32,F,118.0,5.0,1323.65,13.0,champions,3.0,Loyal
3053,customer_2052,customer2052.gmail.com,Hyderabad,SMS,2023-11-17,62,F,200.0,1.0,276.16,6.0,New Customers,1.0,At-Risk
3054,customer_2053,customer2053.gmail.com,Hyderabad,SMS,2023-11-18,34,M,817.0,2.0,1814.18,8.0,Hibernating,4.0,Potential
3055,customer_2054,customer2054.gmail.com,Mumbai,Google Search,2024-08-08,41,M,211.0,5.0,1846.68,13.0,Loyal Customers,0.0,High Value
3056,customer_2055,customer2055.gmail.com,Hyderabad,Google Search,2023-06-14,45,F,15.0,2.0,1305.14,11.0,New Customers,3.0,Loyal
3057,customer_2056,customer2056.gmail.com,Chennai,Google Search,2023-06-06,48,F,,,,,,,No Purchase
3058,customer_2057,customer2057.gmail.com,Delhi,Email,2023-03-19,61,M,388.0,2.0,324.83000000000004,6.0,At-Risk,1.0,At-Risk
3059,customer_2058,customer2058.gmail.com,Bengaluru,Paid Social,2022-10-25,48,F,408.0,3.0,844.72,9.0,At-Risk,4.0,Potential
3060,customer_2059,customer2059.gmail.com,Delhi,Organic,2022-04-23,38,M,194.0,5.0,861.04,12.0,Loyal Customers,3.0,Loyal
3061,customer_2060,customer2060.gmail.com,Hyderabad,Email,2023-01-26,50,F,784.0,1.0,195.37,3.0,Lost,2.0,Lost
3062,customer_2061,customer2061.gmail.com,Delhi,Google Search,2024-02-22,27,M,353.0,4.0,1412.28,13.0,Loyal Customers,3.0,Loyal
3063,customer_2062,customer2062.gmail.com,Pune,Google Search,2024-09-25,19,F,443.0,1.0,386.52,5.0,Hibernating,1.0,At-Risk
3064,customer_2063,customer2063.gmail.com,Hyderabad,Paid Social,2024-07-19,28,M,695.0,1.0,506.03,4.0,Lost,2.0,Lost
3065,customer_2064,customer2064.gmail.com,Pune,Email,2024-03-31,32,F,373.0,4.0,1109.3200000000002,11.0,At-Risk,3.0,Loyal
3066,customer_2065,customer2065.gmail.com,Chennai,Google Search,2024-10-21,42,M,244.0,2.0,491.47,7.0,Hibernating,1.0,At-Risk
3067,customer_2066,customer2066.gmail.com,Delhi,SMS,2024-01-25,51,M,750.0,2.0,498.69,5.0,Hibernating,2.0,Lost
3068,customer_2067,customer2067.gmail.com,Chennai,Organic,2023-02-10,40,M,,,,,,,No Purchase
3069,customer_2068,customer2068.gmail.com,Mumbai,Email,2024-09-06,60,M,491.0,3.0,1073.66,10.0,At-Risk,4.0,Potential
3070,customer_2069,customer2069.gmail.com,Bengaluru,SMS,2022-10-19,45,M,977.0,2.0,482.78,5.0,Hibernating,2.0,Lost
3071,customer_2070,customer2070.gmail.com,Mumbai,Email,2023-02-04,21,M,412.0,1.0,209.48,4.0,Hibernating,1.0,At-Risk
3072,customer_2071,customer2071.gmail.com,Pune,Email,2022-05-30,20,M,,,,,,,No Purchase
3073,customer_2072,customer2072.gmail.com,Chennai,Google Search,2024-04-27,31,M,309.0,2.0,459.59,7.0,Hibernating,1.0,At-Risk
3074,customer_2073,customer2073.gmail.com,Mumbai,Paid Social,2024-08-12,46,M,552.0,6.0,2034.31,12.0,At-Risk,0.0,High Value
3075,customer_2074,customer2074.gmail.com,Pune,SMS,2023-11-11,38,M,496.0,1.0,1965.65,8.0,Hibernating,4.0,Potential
3076,customer_2075,customer2075.gmail.com,Mumbai,Google Search,2022-12-13,34,M,403.0,1.0,447.48,5.0,Hibernating,1.0,At-Risk
3077,customer_2076,customer2076.gmail.com,Bengaluru,Organic,2022-04-26,23,F,510.0,1.0,50.12,4.0,Hibernating,2.0,Lost
3078,customer_2077,customer2077.gmail.com,Hyderabad,Google Search,2024-05-21,62,M,67.0,2.0,457.91,9.0,New Customers,1.0,At-Risk
3079,customer_2078,customer2078.gmail.com,Bengaluru,Email,2022-07-10,22,F,,,,,,,No Purchase
3080,customer_2079,customer2079.gmail.com,Delhi,SMS,2022-12-01,18,M,149.0,1.0,206.93,6.0,New Customers,1.0,At-Risk
3081,customer_2080,customer2080.gmail.com,Chennai,Organic,2022-12-15,27,M,530.0,2.0,243.1,5.0,At-Risk,2.0,Lost
3082,customer_2081,customer2081.gmail.com,Delhi,Google Search,2023-04-20,22,F,,,,,,,No Purchase
3083,customer_2082,customer2082.gmail.com,Mumbai,Email,2023-05-09,45,F,667.0,2.0,2396.06,8.0,Hibernating,4.0,Potential
3084,customer_2083,customer2083.gmail.com,Bengaluru,Organic,2022-04-16,49,M,81.0,1.0,733.78,9.0,New Customers,1.0,At-Risk
3085,customer_2084,customer2084.gmail.com,Delhi,Email,2023-02-17,24,M,510.0,4.0,1691.21,12.0,At-Risk,4.0,Potential
3086,customer_2085,customer2085.gmail.com,Hyderabad,Google Search,2023-08-13,59,F,402.0,3.0,960.86,10.0,At-Risk,4.0,Potential
3087,customer_2086,customer2086.gmail.com,Mumbai,Google Search,2023-01-13,19,F,,,,,,,No Purchase
3088,customer_2087,customer2087.gmail.com,Pune,Email,2024-12-11,39,F,918.0,3.0,1377.88,10.0,Cannot Lose Them,4.0,Potential
3089,customer_2088,customer2088.gmail.com,Mumbai,SMS,2023-12-02,45,Others,434.0,3.0,1433.92,11.0,At-Risk,4.0,Potential
3090,customer_2089,customer2089.gmail.com,Bengaluru,SMS,2022-09-08,50,M,,,,,,,No Purchase
3091,customer_2090,customer2090.gmail.com,Bengaluru,Paid Social,2023-05-01,56,M,340.0,1.0,390.46,6.0,Hibernating,1.0,At-Risk
3092,customer_2091,customer2091.gmail.com,Hyderabad,Google Search,2024-06-01,48,M,575.0,2.0,307.46000000000004,5.0,At-Risk,2.0,Lost
3093,customer_2092,customer2092.gmail.com,Mumbai,SMS,2023-07-05,51,F,797.0,2.0,537.65,5.0,Hibernating,2.0,Lost
3094,customer_2093,customer2093.gmail.com,Mumbai,Email,2024-12-22,27,M,340.0,4.0,516.59,10.0,Loyal Customers,3.0,Loyal
3095,customer_2094,customer2094.gmail.com,Chennai,SMS,2024-10-13,45,F,10.0,4.0,1355.08,15.0,champions,3.0,Loyal
3096,customer_2095,customer2095.gmail.com,Bengaluru,Organic,2024-02-07,41,F,,,,,,,No Purchase
3097,customer_2096,customer2096.gmail.com,Mumbai,Organic,2022-04-01,31,F,835.0,2.0,734.69,6.0,Hibernating,2.0,Lost
3098,customer_2097,customer2097.gmail.com,Delhi,Email,2022-07-22,53,F,860.0,1.0,54.11,3.0,Lost,2.0,Lost
3099,customer_2098,customer2098.gmail.com,Delhi,Email,2023-07-01,19,M,,,,,,,No Purchase
3100,customer_2099,customer2099.gmail.com,Mumbai,Google Search,2024-11-07,51,F,61.0,4.0,786.36,13.0,Loyal Customers,3.0,Loyal
3101,customer_2100,customer2100.gmail.com,Delhi,Organic,2022-10-02,52,F,384.0,2.0,707.4000000000001,7.0,At-Risk,1.0,At-Risk
3102,customer_2101,customer2101.gmail.com,Bengaluru,SMS,2024-08-17,60,F,189.0,5.0,1596.17,14.0,champions,0.0,High Value
3103,customer_2102,customer2102.gmail.com,Pune,Paid Social,2024-05-09,28,F,89.0,2.0,353.1,9.0,New Customers,1.0,At-Risk
3104,customer_2103,customer2103.gmail.com,Mumbai,Email,2023-03-06,49,M,74.0,6.0,4348.46,15.0,champions,0.0,High Value
3105,customer_2104,customer2104.gmail.com,Chennai,Organic,2024-04-14,55,F,546.0,1.0,154.1,4.0,Hibernating,2.0,Lost
3106,customer_2105,customer2105.gmail.com,Hyderabad,Email,2022-09-11,53,M,253.0,3.0,1051.24,11.0,Loyal Customers,3.0,Loyal
3107,customer_2106,customer2106.gmail.com,Mumbai,SMS,2024-02-22,64,F,344.0,3.0,701.77,10.0,Loyal Customers,4.0,Potential
3108,customer_2107,customer2107.gmail.com,Bengaluru,SMS,2022-07-17,59,F,409.0,4.0,557.05,9.0,At-Risk,4.0,Potential
3109,customer_2108,customer2108.gmail.com,Hyderabad,Organic,2022-03-01,34,F,788.0,1.0,270.88,3.0,Lost,2.0,Lost
3110,customer_2109,customer2109.gmail.com,Hyderabad,Google Search,2023-05-31,38,M,610.0,1.0,63.28,3.0,Lost,2.0,Lost
3111,customer_2110,customer2110.gmail.com,Pune,Google Search,2023-10-23,48,M,181.0,4.0,1196.61,13.0,champions,3.0,Loyal
3112,customer_2111,customer2111.gmail.com,Mumbai,Paid Social,2022-02-08,22,F,770.0,2.0,435.48,5.0,Hibernating,2.0,Lost
3113,customer_2112,customer2112.gmail.com,Mumbai,SMS,2023-08-02,39,M,203.0,3.0,491.39,10.0,Loyal Customers,3.0,Loyal
3114,customer_2113,customer2113.gmail.com,Hyderabad,Email,2023-04-03,46,F,51.0,3.0,1266.78,13.0,champions,3.0,Loyal
3115,customer_2114,customer2114.gmail.com,Delhi,SMS,2023-01-07,18,F,416.0,6.0,3266.88,12.0,At-Risk,0.0,High Value
3116,customer_2115,customer2115.gmail.com,Mumbai,Organic,2024-10-17,47,F,,,,,,,No Purchase
3117,customer_2116,customer2116.gmail.com,Mumbai,Paid Social,2022-11-10,43,Others,192.0,2.0,754.14,9.0,New Customers,1.0,At-Risk
3118,customer_2117,customer2117.gmail.com,Delhi,Google Search,2024-02-21,39,F,189.0,3.0,593.52,11.0,Loyal Customers,3.0,Loyal
3119,customer_2118,customer2118.gmail.com,Chennai,Google Search,2022-09-23,27,F,168.0,2.0,331.35,8.0,New Customers,1.0,At-Risk
3120,customer_2119,customer2119.gmail.com,Chennai,SMS,2022-04-12,30,F,420.0,3.0,1031.27,10.0,At-Risk,4.0,Potential
3121,customer_2120,customer2120.gmail.com,Chennai,Google Search,2024-03-17,42,F,618.0,2.0,263.06,4.0,Hibernating,2.0,Lost
3122,customer_2121,customer2121.gmail.com,Pune,Email,2023-03-01,32,F,454.0,1.0,263.23,4.0,Hibernating,1.0,At-Risk
3123,customer_2122,customer2122.gmail.com,Mumbai,Paid Social,2023-07-09,18,F,342.0,3.0,1101.47,11.0,Loyal Customers,4.0,Potential
3124,customer_2123,customer2123.gmail.com,Bengaluru,SMS,2024-12-26,28,F,335.0,3.0,1207.89,11.0,Loyal Customers,4.0,Potential
3125,customer_2124,customer2124.gmail.com,Delhi,Paid Social,2024-09-28,61,F,63.0,3.0,2080.03,14.0,champions,0.0,High Value
3126,customer_2125,customer2125.gmail.com,Mumbai,Paid Social,2022-03-19,52,F,466.0,2.0,454.6,6.0,At-Risk,1.0,At-Risk
3127,customer_2126,customer2126.gmail.com,Delhi,SMS,2022-01-16,30,M,198.0,1.0,194.13,6.0,New Customers,1.0,At-Risk
3128,customer_2127,customer2127.gmail.com,Delhi,Google Search,2023-10-27,36,F,164.0,4.0,856.3,12.0,Loyal Customers,3.0,Loyal
3129,customer_2128,customer2128.gmail.com,Pune,Paid Social,2024-11-16,29,F,376.0,1.0,762.99,6.0,Hibernating,1.0,At-Risk
3130,customer_2129,customer2129.gmail.com,Pune,Organic,2024-04-01,26,M,20.0,3.0,563.0,11.0,Loyal Customers,3.0,Loyal
3131,customer_2130,customer2130.gmail.com,Hyderabad,Organic,2024-12-15,37,Others,147.0,2.0,790.3199999999999,9.0,New Customers,1.0,At-Risk
3132,customer_2131,customer2131.gmail.com,Mumbai,Google Search,2024-08-28,35,F,20.0,3.0,785.13,12.0,Loyal Customers,3.0,Loyal
3133,customer_2132,customer2132.gmail.com,Pune,Organic,2022-04-11,42,M,,,,,,,No Purchase
3134,customer_2133,customer2133.gmail.com,Mumbai,Paid Social,2024-07-27,23,F,,,,,,,No Purchase
3135,customer_2134,customer2134.gmail.com,Hyderabad,Organic,2023-11-30,22,M,93.0,5.0,912.51,13.0,champions,3.0,Loyal
3136,customer_2135,customer2135.gmail.com,Chennai,Email,2022-07-30,55,M,685.0,3.0,1131.13,9.0,Cannot Lose Them,4.0,Potential
3137,customer_2136,customer2136.gmail.com,Pune,Organic,2024-06-03,64,M,813.0,2.0,397.59,5.0,Hibernating,2.0,Lost
3138,customer_2137,customer2137.gmail.com,Pune,Email,2024-02-15,29,M,,,,,,,No Purchase
3139,customer_2138,customer2138.gmail.com,Hyderabad,Organic,2023-05-16,19,F,18.0,5.0,1545.55,15.0,champions,0.0,High Value
3140,customer_2139,customer2139.gmail.com,Bengaluru,Paid Social,2024-03-07,20,F,312.0,3.0,1156.44,11.0,Loyal Customers,3.0,Loyal
3141,customer_2140,customer2140.gmail.com,Bengaluru,Organic,2024-06-28,43,M,348.0,2.0,374.36,7.0,Hibernating,1.0,At-Risk
3142,customer_2141,customer2141.gmail.com,Hyderabad,Organic,2024-01-24,48,F,33.0,4.0,708.4,13.0,Loyal Customers,3.0,Loyal
3143,customer_2142,customer2142.gmail.com,Bengaluru,Organic,2024-01-10,23,F,268.0,3.0,834.34,10.0,Loyal Customers,3.0,Loyal
3144,customer_2143,customer2143.gmail.com,Bengaluru,Paid Social,2024-05-17,47,M,1054.0,1.0,190.4,3.0,Lost,2.0,Lost
3145,customer_2144,customer2144.gmail.com,Bengaluru,Google Search,2023-05-02,49,F,182.0,2.0,1383.74,11.0,New Customers,3.0,Loyal
3146,customer_2145,customer2145.gmail.com,Bengaluru,Google Search,2023-04-07,35,F,363.0,5.0,1267.9199999999998,11.0,At-Risk,3.0,Loyal
3147,customer_2146,customer2146.gmail.com,Delhi,Email,2024-02-17,56,M,649.0,1.0,114.04,3.0,Lost,2.0,Lost
3148,customer_2147,customer2147.gmail.com,Delhi,Organic,2023-01-27,26,M,120.0,4.0,1855.2,14.0,champions,0.0,High Value
3149,customer_2148,customer2148.gmail.com,Pune,Paid Social,2023-11-14,52,F,136.0,3.0,505.68000000000006,10.0,Loyal Customers,3.0,Loyal
3150,customer_2149,customer2149.gmail.com,Mumbai,SMS,2023-09-16,26,F,1082.0,1.0,131.42,3.0,Lost,2.0,Lost
3151,customer_2150,customer2150.gmail.com,Delhi,Email,2024-05-06,61,M,544.0,1.0,346.05,5.0,Hibernating,2.0,Lost
3152,customer_2151,customer2151.gmail.com,Mumbai,SMS,2024-08-30,23,F,950.0,1.0,127.99,3.0,Lost,2.0,Lost
3153,customer_2152,customer2152.gmail.com,Chennai,Paid Social,2023-12-14,52,F,515.0,1.0,213.61,4.0,Hibernating,2.0,Lost
3154,customer_2153,customer2153.gmail.com,Hyderabad,Organic,2023-02-28,21,M,814.0,2.0,792.1700000000001,6.0,Hibernating,2.0,Lost
3155,customer_2154,customer2154.gmail.com,Chennai,Google Search,2023-05-10,47,M,50.0,1.0,750.01,9.0,New Customers,1.0,At-Risk
3156,customer_2155,customer2155.gmail.com,Chennai,Organic,2024-03-24,62,M,67.0,5.0,1833.74,15.0,champions,0.0,High Value
3157,customer_2156,customer2156.gmail.com,Hyderabad,Paid Social,2022-04-02,43,M,62.0,3.0,2501.89,14.0,champions,0.0,High Value
3158,customer_2157,customer2157.gmail.com,Chennai,Paid Social,2023-12-23,27,F,375.0,4.0,1003.14,11.0,At-Risk,3.0,Loyal
3159,customer_2158,customer2158.gmail.com,Hyderabad,Email,2024-01-15,23,F,51.0,3.0,1632.21,14.0,champions,3.0,Loyal
3160,customer_2159,customer2159.gmail.com,Mumbai,Email,2022-08-20,48,M,97.0,1.0,209.94,6.0,New Customers,1.0,At-Risk
3161,customer_2160,customer2160.gmail.com,Hyderabad,Paid Social,2022-05-16,43,M,457.0,3.0,874.74,9.0,At-Risk,4.0,Potential
3162,customer_2161,customer2161.gmail.com,Pune,Paid Social,2022-07-06,24,M,,,,,,,No Purchase
3163,customer_2162,customer2162.gmail.com,Mumbai,Paid Social,2022-02-05,25,M,80.0,4.0,1487.99,15.0,champions,3.0,Loyal
3164,customer_2163,customer2163.gmail.com,Pune,Email,2022-01-21,38,M,,,,,,,No Purchase
3165,customer_2164,customer2164.gmail.com,Pune,Email,2023-05-08,55,M,520.0,2.0,671.21,7.0,At-Risk,4.0,Potential
3166,customer_2165,customer2165.gmail.com,Bengaluru,Paid Social,2022-09-16,50,M,80.0,4.0,971.68,14.0,champions,3.0,Loyal
3167,customer_2166,customer2166.gmail.com,Pune,SMS,2023-08-23,33,F,427.0,4.0,557.76,9.0,At-Risk,4.0,Potential
3168,customer_2167,customer2167.gmail.com,Delhi,Organic,2022-01-16,20,F,289.0,1.0,167.22,5.0,Hibernating,1.0,At-Risk
3169,customer_2168,customer2168.gmail.com,Chennai,SMS,2023-12-24,20,M,276.0,3.0,1505.47,12.0,Loyal Customers,3.0,Loyal
3170,customer_2169,customer2169.gmail.com,Pune,Email,2023-07-21,52,F,,,,,,,No Purchase
3171,customer_2170,customer2170.gmail.com,Hyderabad,Email,2023-10-24,40,M,386.0,3.0,662.2,9.0,At-Risk,4.0,Potential
3172,customer_2171,customer2171.gmail.com,Bengaluru,SMS,2022-10-05,29,M,648.0,1.0,294.43,3.0,Lost,2.0,Lost
3173,customer_2172,customer2172.gmail.com,Chennai,SMS,2023-01-31,41,F,598.0,1.0,105.87,3.0,Lost,2.0,Lost
3174,customer_2173,customer2173.gmail.com,Mumbai,Google Search,2024-09-14,54,F,777.0,1.0,102.23,3.0,Lost,2.0,Lost
3175,customer_2174,customer2174.gmail.com,Pune,SMS,2023-04-01,30,F,,,,,,,No Purchase
3176,customer_2175,customer2175.gmail.com,Chennai,SMS,2023-08-19,32,M,742.0,1.0,768.47,5.0,Lost,2.0,Lost
3177,customer_2176,customer2176.gmail.com,Bengaluru,Google Search,2023-04-08,24,M,173.0,3.0,789.24,11.0,Loyal Customers,3.0,Loyal
3178,customer_2177,customer2177.gmail.com,Pune,Organic,2024-08-21,41,M,253.0,3.0,1794.98,12.0,Loyal Customers,3.0,Loyal
3179,customer_2178,customer2178.gmail.com,Pune,SMS,2023-07-14,61,M,376.0,1.0,481.05,5.0,Hibernating,1.0,At-Risk
3180,customer_2179,customer2179.gmail.com,Hyderabad,SMS,2023-02-03,30,M,326.0,1.0,515.6,6.0,Hibernating,1.0,At-Risk
3181,customer_2180,customer2180.gmail.com,Delhi,Email,2022-10-13,36,M,,,,,,,No Purchase
3182,customer_2181,customer2181.gmail.com,Bengaluru,Organic,2024-09-06,20,M,9.0,6.0,1682.54,15.0,champions,0.0,High Value
3183,customer_2182,customer2182.gmail.com,Bengaluru,SMS,2024-03-05,22,M,142.0,4.0,1718.5,14.0,champions,3.0,Loyal
3184,customer_2183,customer2183.gmail.com,Pune,SMS,2022-08-14,54,M,151.0,2.0,633.08,9.0,New Customers,1.0,At-Risk
3185,customer_2184,customer2184.gmail.com,Bengaluru,SMS,2023-04-02,60,M,26.0,6.0,5455.52,15.0,champions,0.0,High Value
3186,customer_2185,customer2185.gmail.com,Mumbai,Paid Social,2023-08-07,27,F,,,,,,,No Purchase
3187,customer_2186,customer2186.gmail.com,Mumbai,Paid Social,2023-12-19,37,F,50.0,3.0,1487.47,14.0,champions,3.0,Loyal
3188,customer_2187,customer2187.gmail.com,Pune,Organic,2023-05-18,33,F,286.0,1.0,204.76,5.0,Hibernating,1.0,At-Risk
3189,customer_2188,customer2188.gmail.com,Bengaluru,Email,2023-08-09,61,F,624.0,1.0,216.78,3.0,Lost,2.0,Lost
3190,customer_2189,customer2189.gmail.com,Chennai,Organic,2023-05-31,24,M,1054.0,1.0,159.46,3.0,Lost,2.0,Lost
3191,customer_2190,customer2190.gmail.com,Pune,Google Search,2024-09-04,51,F,537.0,2.0,534.76,6.0,At-Risk,4.0,Potential
3192,customer_2191,customer2191.gmail.com,Mumbai,SMS,2022-02-10,51,F,752.0,2.0,1155.32,7.0,Hibernating,4.0,Potential
3193,customer_2192,customer2192.gmail.com,Bengaluru,Organic,2024-07-27,32,M,272.0,2.0,297.97,6.0,Hibernating,1.0,At-Risk
3194,customer_2193,customer2193.gmail.com,Delhi,SMS,2023-02-02,22,F,171.0,1.0,144.93,6.0,New Customers,1.0,At-Risk
3195,customer_2194,customer2194.gmail.com,Pune,Organic,2023-02-17,27,M,842.0,1.0,1095.81,6.0,Lost,2.0,Lost
3196,customer_2195,customer2195.gmail.com,Mumbai,Google Search,2022-08-31,59,M,121.0,2.0,680.68,9.0,New Customers,1.0,At-Risk
3197,customer_2196,customer2196.gmail.com,Mumbai,SMS,2024-03-15,61,M,325.0,2.0,651.7,8.0,Potential Loyalists,1.0,At-Risk
3198,customer_2197,customer2197.gmail.com,Delhi,Paid Social,2023-05-23,25,F,,,,,,,No Purchase
3199,customer_2198,customer2198.gmail.com,Pune,SMS,2024-06-02,38,M,79.0,6.0,2162.21,15.0,champions,0.0,High Value
3200,customer_2199,customer2199.gmail.com,Hyderabad,Paid Social,2022-05-30,62,F,24.0,6.0,1703.77,15.0,champions,0.0,High Value
3201,customer_2200,customer2200.gmail.com,Hyderabad,Email,2022-08-15,24,F,38.0,3.0,675.8299999999999,12.0,Loyal Customers,3.0,Loyal
3202,customer_2201,customer2201.gmail.com,Mumbai,Paid Social,2022-07-08,57,F,40.0,2.0,389.28,9.0,New Customers,1.0,At-Risk
3203,customer_2202,customer2202.gmail.com,Hyderabad,Organic,2023-01-26,26,F,1049.0,1.0,497.04,4.0,Lost,2.0,Lost
3204,customer_2203,customer2203.gmail.com,Chennai,SMS,2023-08-26,60,M,,,,,,,No Purchase
3205,customer_2204,customer2204.gmail.com,Mumbai,SMS,2022-06-19,46,Others,44.0,3.0,769.6500000000001,12.0,Loyal Customers,3.0,Loyal
3206,customer_2205,customer2205.gmail.com,Hyderabad,Organic,2024-01-08,37,M,97.0,4.0,1433.9,14.0,champions,3.0,Loyal
3207,customer_2206,customer2206.gmail.com,Mumbai,SMS,2024-11-14,34,F,,,,,,,No Purchase
3208,customer_2207,customer2207.gmail.com,Chennai,Google Search,2024-10-24,56,Others,89.0,1.0,166.91,7.0,New Customers,1.0,At-Risk
3209,customer_2208,customer2208.gmail.com,Bengaluru,SMS,2024-12-25,39,M,370.0,2.0,1106.22,8.0,At-Risk,4.0,Potential
3210,customer_2209,customer2209.gmail.com,Delhi,SMS,2023-01-18,24,F,56.0,3.0,969.27,13.0,champions,3.0,Loyal
3211,customer_2210,customer2210.gmail.com,Mumbai,Email,2022-08-19,62,M,446.0,2.0,538.23,6.0,At-Risk,4.0,Potential
3212,customer_2211,customer2211.gmail.com,Hyderabad,SMS,2024-01-03,45,F,210.0,4.0,1037.89,12.0,Loyal Customers,3.0,Loyal
3213,customer_2212,customer2212.gmail.com,Pune,SMS,2022-06-03,23,M,595.0,3.0,758.5699999999999,9.0,At-Risk,4.0,Potential
3214,customer_2213,customer2213.gmail.com,Hyderabad,Google Search,2024-09-25,34,M,196.0,4.0,1132.76,13.0,champions,3.0,Loyal
3215,customer_2214,customer2214.gmail.com,Delhi,Paid Social,2022-11-08,19,M,,,,,,,No Purchase
3216,customer_2215,customer2215.gmail.com,Hyderabad,Paid Social,2023-03-28,54,M,518.0,3.0,1515.07,11.0,At-Risk,4.0,Potential
3217,customer_2216,customer2216.gmail.com,Hyderabad,SMS,2022-09-05,25,F,358.0,5.0,1123.7,12.0,Loyal Customers,3.0,Loyal
3218,customer_2217,customer2217.gmail.com,Pune,Paid Social,2024-07-28,24,F,48.0,2.0,648.6400000000001,10.0,New Customers,1.0,At-Risk
3219,customer_2218,customer2218.gmail.com,Mumbai,Email,2024-05-07,33,M,80.0,4.0,2099.18,15.0,champions,0.0,High Value
3220,customer_2219,customer2219.gmail.com,Chennai,Email,2023-10-07,19,M,,,,,,,No Purchase
3221,customer_2220,customer2220.gmail.com,Bengaluru,Paid Social,2022-07-05,39,F,21.0,3.0,1126.84,13.0,champions,3.0,Loyal
3222,customer_2221,customer2221.gmail.com,Pune,Email,2024-08-31,60,F,10.0,5.0,1618.42,15.0,champions,0.0,High Value
3223,customer_2222,customer2222.gmail.com,Delhi,SMS,2022-01-12,24,F,155.0,3.0,1793.01,13.0,champions,3.0,Loyal
3224,customer_2223,customer2223.gmail.com,Chennai,Paid Social,2022-07-14,43,M,679.0,2.0,820.97,6.0,Hibernating,4.0,Potential
3225,customer_2224,customer2224.gmail.com,Pune,Google Search,2022-04-04,51,F,342.0,1.0,261.12,5.0,Hibernating,1.0,At-Risk
3226,customer_2225,customer2225.gmail.com,Chennai,SMS,2022-01-20,56,F,220.0,3.0,961.5,11.0,Loyal Customers,3.0,Loyal
3227,customer_2226,customer2226.gmail.com,Mumbai,SMS,2023-01-22,29,F,668.0,5.0,888.0,10.0,Cannot Lose Them,4.0,Potential
3228,customer_2227,customer2227.gmail.com,Delhi,SMS,2024-10-02,58,M,330.0,6.0,2084.05,13.0,Loyal Customers,0.0,High Value
3229,customer_2228,customer2228.gmail.com,Bengaluru,Paid Social,2023-10-20,52,F,41.0,5.0,1386.61,15.0,champions,3.0,Loyal
3230,customer_2229,customer2229.gmail.com,Bengaluru,Google Search,2023-08-10,19,F,119.0,5.0,1538.04,14.0,champions,0.0,High Value
3231,customer_2230,customer2230.gmail.com,Hyderabad,Google Search,2022-01-07,46,M,,,,,,,No Purchase
3232,customer_2231,customer2231.gmail.com,Hyderabad,Google Search,2024-02-10,37,F,617.0,2.0,1375.06,8.0,Hibernating,4.0,Potential
3233,customer_2232,customer2232.gmail.com,Delhi,Paid Social,2024-06-15,36,F,989.0,2.0,516.76,5.0,Hibernating,2.0,Lost
3234,customer_2233,customer2233.gmail.com,Bengaluru,Email,2024-01-27,54,M,37.0,3.0,2331.4300000000003,14.0,champions,0.0,High Value
3235,customer_2234,customer2234.gmail.com,Mumbai,SMS,2023-06-13,62,F,207.0,2.0,311.02,6.0,Hibernating,1.0,At-Risk
3236,customer_2235,customer2235.gmail.com,Delhi,SMS,2023-01-04,43,F,396.0,3.0,558.23,8.0,At-Risk,4.0,Potential
3237,customer_2236,customer2236.gmail.com,Hyderabad,Email,2022-07-20,54,F,207.0,3.0,719.1899999999999,10.0,Loyal Customers,3.0,Loyal
3238,customer_2237,customer2237.gmail.com,Hyderabad,Paid Social,2023-04-11,30,M,47.0,5.0,1530.5500000000002,15.0,champions,0.0,High Value
3239,customer_2238,customer2238.gmail.com,Hyderabad,Google Search,2022-09-07,40,F,148.0,5.0,1136.17,13.0,champions,3.0,Loyal
3240,customer_2239,customer2239.gmail.com,Pune,Paid Social,2024-07-11,42,M,350.0,5.0,1606.54,13.0,Loyal Customers,0.0,High Value
3241,customer_2240,customer2240.gmail.com,Bengaluru,Email,2023-09-09,64,F,244.0,3.0,723.75,10.0,Loyal Customers,3.0,Loyal
3242,customer_2241,customer2241.gmail.com,Pune,Organic,2022-05-06,40,M,134.0,7.0,1794.75,14.0,champions,0.0,High Value
3243,customer_2242,customer2242.gmail.com,Delhi,Organic,2022-11-07,20,M,788.0,1.0,174.41,3.0,Lost,2.0,Lost
3244,customer_2243,customer2243.gmail.com,Pune,Email,2024-03-22,31,M,44.0,3.0,719.8800000000001,12.0,Loyal Customers,3.0,Loyal
3245,customer_2244,customer2244.gmail.com,Bengaluru,Email,2022-08-17,32,F,236.0,4.0,689.5899999999999,11.0,Loyal Customers,3.0,Loyal
3246,customer_2245,customer2245.gmail.com,Delhi,Google Search,2022-07-16,52,M,71.0,5.0,1616.59,15.0,champions,0.0,High Value
3247,customer_2246,customer2246.gmail.com,Bengaluru,SMS,2024-05-12,31,F,248.0,4.0,1909.82,13.0,Loyal Customers,0.0,High Value
3248,customer_2247,customer2247.gmail.com,Bengaluru,Google Search,2022-10-18,61,F,497.0,1.0,700.14,6.0,Hibernating,2.0,Lost
3249,customer_2248,customer2248.gmail.com,Chennai,SMS,2022-01-19,34,M,1085.0,1.0,239.33,3.0,Lost,2.0,Lost
3250,customer_2249,customer2249.gmail.com,Mumbai,Google Search,2022-08-08,23,F,120.0,4.0,983.35,13.0,champions,3.0,Loyal
3251,customer_2250,customer2250.gmail.com,Mumbai,Paid Social,2022-01-02,37,F,,,,,,,No Purchase
3252,customer_2251,customer2251.gmail.com,Mumbai,SMS,2022-06-29,27,F,,,,,,,No Purchase
3253,customer_2252,customer2252.gmail.com,Hyderabad,Google Search,2024-05-31,31,F,219.0,3.0,1134.4,11.0,Loyal Customers,3.0,Loyal
3254,customer_2253,customer2253.gmail.com,Chennai,Email,2024-10-07,44,F,600.0,2.0,463.17,5.0,Hibernating,2.0,Lost
3255,customer_2254,customer2254.gmail.com,Chennai,Google Search,2022-07-06,21,M,179.0,3.0,622.63,11.0,Loyal Customers,3.0,Loyal
3256,customer_2255,customer2255.gmail.com,Chennai,Paid Social,2022-09-21,36,F,144.0,3.0,1822.76,13.0,champions,3.0,Loyal
3257,customer_2256,customer2256.gmail.com,Pune,Email,2024-11-29,62,F,596.0,1.0,273.97,4.0,Hibernating,2.0,Lost
3258,customer_2257,customer2257.gmail.com,Mumbai,SMS,2022-01-30,19,M,,,,,,,No Purchase
3259,customer_2258,customer2258.gmail.com,Delhi,Email,2023-06-08,57,F,927.0,1.0,48.48,3.0,Lost,2.0,Lost
3260,customer_2259,customer2259.gmail.com,Chennai,Google Search,2023-09-20,44,F,41.0,1.0,149.65,7.0,New Customers,1.0,At-Risk
3261,customer_2260,customer2260.gmail.com,Hyderabad,Paid Social,2022-04-13,64,M,330.0,2.0,533.01,7.0,Hibernating,1.0,At-Risk
3262,customer_2261,customer2261.gmail.com,Mumbai,Google Search,2022-09-30,41,M,25.0,2.0,482.63,9.0,New Customers,1.0,At-Risk
3263,customer_2262,customer2262.gmail.com,Pune,Google Search,2024-04-13,59,F,676.0,1.0,441.58,4.0,Lost,2.0,Lost
3264,customer_2263,customer2263.gmail.com,Hyderabad,Organic,2024-09-23,21,M,201.0,3.0,497.82,10.0,Loyal Customers,3.0,Loyal
3265,customer_2264,customer2264.gmail.com,Hyderabad,Paid Social,2023-09-28,19,M,585.0,2.0,413.3,6.0,At-Risk,2.0,Lost
3266,customer_2265,customer2265.gmail.com,Chennai,Email,2024-11-12,63,M,,,,,,,No Purchase
3267,customer_2266,customer2266.gmail.com,Delhi,Organic,2022-05-07,64,F,42.0,3.0,459.78,11.0,Loyal Customers,3.0,Loyal
3268,customer_2267,customer2267.gmail.com,Bengaluru,Email,2022-10-10,39,F,333.0,3.0,1386.91,12.0,Loyal Customers,4.0,Potential
3269,customer_2268,customer2268.gmail.com,Delhi,Email,2023-11-28,38,M,716.0,3.0,440.63,7.0,Hibernating,4.0,Potential
3270,customer_2269,customer2269.gmail.com,Pune,SMS,2022-01-19,31,M,,,,,,,No Purchase
3271,customer_2270,customer2270.gmail.com,Pune,SMS,2022-05-02,37,M,176.0,6.0,1154.58,13.0,champions,3.0,Loyal
3272,customer_2271,customer2271.gmail.com,Pune,Paid Social,2022-10-15,51,F,857.0,1.0,271.2,3.0,Lost,2.0,Lost
3273,customer_2272,customer2272.gmail.com,Hyderabad,Paid Social,2024-03-11,37,F,117.0,2.0,1190.87,10.0,New Customers,3.0,Loyal
3274,customer_2273,customer2273.gmail.com,Pune,Google Search,2022-09-10,50,F,34.0,3.0,1689.77,14.0,champions,3.0,Loyal
3275,customer_2274,customer2274.gmail.com,Delhi,Paid Social,2023-06-10,26,F,102.0,2.0,1236.14,10.0,New Customers,3.0,Loyal
3276,customer_2275,customer2275.gmail.com,Hyderabad,Paid Social,2022-07-27,63,M,229.0,5.0,2280.88,13.0,Loyal Customers,0.0,High Value
3277,customer_2276,customer2276.gmail.com,Delhi,SMS,2024-05-15,59,F,491.0,4.0,1135.32,11.0,At-Risk,4.0,Potential
3278,customer_2277,customer2277.gmail.com,Mumbai,Organic,2023-11-29,55,F,350.0,3.0,1704.7500000000002,12.0,Loyal Customers,4.0,Potential
3279,customer_2278,customer2278.gmail.com,Chennai,SMS,2024-08-15,30,F,106.0,5.0,1923.18,14.0,champions,0.0,High Value
3280,customer_2279,customer2279.gmail.com,Mumbai,Paid Social,2024-05-25,30,M,550.0,2.0,242.01,5.0,At-Risk,2.0,Lost
3281,customer_2280,customer2280.gmail.com,Chennai,Google Search,2024-12-05,57,F,,,,,,,No Purchase
3282,customer_2281,customer2281.gmail.com,Mumbai,Google Search,2023-07-19,22,F,,,,,,,No Purchase
3283,customer_2282,customer2282.gmail.com,Delhi,Google Search,2023-06-25,50,M,,,,,,,No Purchase
3284,customer_2283,customer2283.gmail.com,Bengaluru,SMS,2023-03-09,63,F,768.0,1.0,496.86,4.0,Lost,2.0,Lost
3285,customer_2284,customer2284.gmail.com,Chennai,Google Search,2022-02-22,18,F,24.0,4.0,2125.1,15.0,champions,0.0,High Value
3286,customer_2285,customer2285.gmail.com,Delhi,Paid Social,2023-10-11,44,F,71.0,5.0,1370.19,15.0,champions,3.0,Loyal
3287,customer_2286,customer2286.gmail.com,Mumbai,SMS,2024-04-20,56,F,255.0,1.0,310.4,5.0,Hibernating,1.0,At-Risk
3288,customer_2287,customer2287.gmail.com,Chennai,Paid Social,2024-03-03,23,Others,512.0,1.0,55.05,4.0,Hibernating,2.0,Lost
3289,customer_2288,customer2288.gmail.com,Bengaluru,Organic,2022-02-16,21,F,948.0,1.0,92.7,3.0,Lost,2.0,Lost
3290,customer_2289,customer2289.gmail.com,Chennai,Paid Social,2024-06-01,57,M,233.0,3.0,2335.77,12.0,Loyal Customers,0.0,High Value
3291,customer_2290,customer2290.gmail.com,Hyderabad,Organic,2022-11-23,26,F,239.0,4.0,2013.82,13.0,Loyal Customers,0.0,High Value
3292,customer_2291,customer2291.gmail.com,Chennai,Organic,2022-09-29,43,M,469.0,2.0,1751.56,9.0,At-Risk,4.0,Potential
3293,customer_2292,customer2292.gmail.com,Pune,Email,2022-10-20,19,F,233.0,2.0,358.92999999999995,7.0,Hibernating,1.0,At-Risk
3294,customer_2293,customer2293.gmail.com,Bengaluru,Email,2023-01-13,41,M,518.0,4.0,918.5,11.0,At-Risk,4.0,Potential
3295,customer_2294,customer2294.gmail.com,Chennai,Paid Social,2023-02-27,22,Others,,,,,,,No Purchase
3296,customer_2295,customer2295.gmail.com,Mumbai,Organic,2023-08-17,18,F,666.0,2.0,320.17,5.0,Hibernating,2.0,Lost
3297,customer_2296,customer2296.gmail.com,Chennai,SMS,2023-07-23,52,F,292.0,1.0,183.89,5.0,Hibernating,1.0,At-Risk
3298,customer_2297,customer2297.gmail.com,Bengaluru,SMS,2024-05-06,24,F,147.0,4.0,1749.76,14.0,champions,3.0,Loyal
3299,customer_2298,customer2298.gmail.com,Pune,Google Search,2023-06-16,21,M,,,,,,,No Purchase
3300,customer_2299,customer2299.gmail.com,Chennai,Google Search,2024-06-15,55,M,,,,,,,No Purchase
3301,customer_2300,customer2300.gmail.com,Hyderabad,SMS,2022-04-20,38,M,318.0,4.0,702.3000000000001,11.0,Loyal Customers,3.0,Loyal
3302,customer_2301,customer2301.gmail.com,Delhi,Email,2023-09-29,26,F,375.0,3.0,2400.0,11.0,At-Risk,0.0,High Value
3303,customer_2302,customer2302.gmail.com,Bengaluru,Organic,2023-04-17,43,M,269.0,5.0,959.43,12.0,Loyal Customers,3.0,Loyal
3304,customer_2303,customer2303.gmail.com,Mumbai,Paid Social,2024-10-02,18,F,75.0,3.0,1526.58,14.0,champions,3.0,Loyal
3305,customer_2304,customer2304.gmail.com,Pune,SMS,2023-02-01,60,F,416.0,3.0,832.64,9.0,At-Risk,4.0,Potential
3306,customer_2305,customer2305.gmail.com,Bengaluru,SMS,2023-08-10,37,M,10.0,4.0,1293.13,14.0,champions,3.0,Loyal
3307,customer_2306,customer2306.gmail.com,Bengaluru,Email,2023-07-18,28,F,522.0,2.0,871.97,7.0,At-Risk,4.0,Potential
3308,customer_2307,customer2307.gmail.com,Bengaluru,Google Search,2022-12-24,49,F,784.0,1.0,399.98,4.0,Lost,2.0,Lost
3309,customer_2308,customer2308.gmail.com,Mumbai,Organic,2023-09-01,30,M,49.0,2.0,334.29,9.0,New Customers,1.0,At-Risk
3310,customer_2309,customer2309.gmail.com,Bengaluru,Paid Social,2024-04-28,45,M,,,,,,,No Purchase
3311,customer_2310,customer2310.gmail.com,Chennai,Email,2024-08-10,27,Others,437.0,2.0,909.99,8.0,At-Risk,4.0,Potential
3312,customer_2311,customer2311.gmail.com,Chennai,Google Search,2022-10-05,19,M,495.0,2.0,835.0999999999999,7.0,At-Risk,4.0,Potential
3313,customer_2312,customer2312.gmail.com,Bengaluru,Paid Social,2024-12-10,22,F,,,,,,,No Purchase
3314,customer_2313,customer2313.gmail.com,Chennai,Paid Social,2023-12-20,24,M,217.0,2.0,923.19,9.0,Potential Loyalists,1.0,At-Risk
3315,customer_2314,customer2314.gmail.com,Hyderabad,Email,2022-05-09,50,M,256.0,4.0,1684.5700000000002,13.0,Loyal Customers,3.0,Loyal
3316,customer_2315,customer2315.gmail.com,Mumbai,Paid Social,2023-07-12,24,F,2.0,4.0,1532.78,15.0,champions,3.0,Loyal
3317,customer_2316,customer2316.gmail.com,Chennai,Google Search,2023-07-08,19,M,172.0,5.0,651.8100000000001,12.0,Loyal Customers,3.0,Loyal
3318,customer_2317,customer2317.gmail.com,Bengaluru,SMS,2023-02-09,64,F,88.0,2.0,133.45,8.0,New Customers,1.0,At-Risk
3319,customer_2318,customer2318.gmail.com,Pune,Google Search,2024-08-22,31,M,520.0,1.0,286.7,4.0,Hibernating,2.0,Lost
3320,customer_2319,customer2319.gmail.com,Delhi,Email,2023-06-15,38,F,377.0,3.0,519.9,8.0,At-Risk,4.0,Potential
3321,customer_2320,customer2320.gmail.com,Delhi,Paid Social,2023-10-16,35,F,17.0,6.0,2441.08,15.0,champions,0.0,High Value
3322,customer_2321,customer2321.gmail.com,Hyderabad,SMS,2022-06-28,31,M,444.0,3.0,1125.39,10.0,At-Risk,4.0,Potential
3323,customer_2322,customer2322.gmail.com,Mumbai,Organic,2023-12-24,60,M,159.0,5.0,1011.44,13.0,champions,3.0,Loyal
3324,customer_2323,customer2323.gmail.com,Pune,Google Search,2024-01-01,30,M,168.0,1.0,142.54,6.0,New Customers,1.0,At-Risk
3325,customer_2324,customer2324.gmail.com,Mumbai,Organic,2022-11-05,36,M,344.0,2.0,280.49,6.0,Hibernating,1.0,At-Risk
3326,customer_2325,customer2325.gmail.com,Delhi,Email,2024-04-02,38,F,805.0,1.0,377.84,4.0,Lost,2.0,Lost
3327,customer_2326,customer2326.gmail.com,Pune,Email,2024-02-06,47,M,320.0,1.0,920.0,8.0,Hibernating,1.0,At-Risk
3328,customer_2327,customer2327.gmail.com,Delhi,Organic,2022-01-23,52,F,68.0,2.0,628.66,10.0,New Customers,1.0,At-Risk
3329,customer_2328,customer2328.gmail.com,Delhi,SMS,2023-03-31,49,M,778.0,1.0,62.41,3.0,Lost,2.0,Lost
3330,customer_2329,customer2329.gmail.com,Mumbai,Paid Social,2022-03-30,61,M,54.0,3.0,947.39,13.0,champions,3.0,Loyal
3331,customer_2330,customer2330.gmail.com,Bengaluru,Organic,2022-06-22,35,M,,,,,,,No Purchase
3332,customer_2331,customer2331.gmail.com,Chennai,SMS,2024-10-27,24,F,254.0,2.0,505.96,7.0,Hibernating,1.0,At-Risk
3333,customer_2332,customer2332.gmail.com,Hyderabad,Paid Social,2023-12-10,29,F,523.0,3.0,579.0,9.0,At-Risk,4.0,Potential
3334,customer_2333,customer2333.gmail.com,Pune,Organic,2022-12-27,27,M,152.0,4.0,1926.1,14.0,champions,0.0,High Value
3335,customer_2334,customer2334.gmail.com,Chennai,Organic,2022-08-01,55,F,637.0,3.0,513.14,7.0,Hibernating,4.0,Potential
3336,customer_2335,customer2335.gmail.com,Hyderabad,Email,2023-01-12,20,F,949.0,1.0,156.6,3.0,Lost,2.0,Lost
3337,customer_2336,customer2336.gmail.com,Pune,Email,2024-01-27,63,F,173.0,2.0,1372.71,11.0,New Customers,3.0,Loyal
3338,customer_2337,customer2337.gmail.com,Delhi,Google Search,2023-06-29,26,M,997.0,1.0,394.58,4.0,Lost,2.0,Lost
3339,customer_2338,customer2338.gmail.com,Pune,Paid Social,2024-11-23,24,M,486.0,2.0,414.29,6.0,At-Risk,4.0,Potential
3340,customer_2339,customer2339.gmail.com,Pune,Paid Social,2023-08-14,43,F,396.0,3.0,980.86,10.0,At-Risk,4.0,Potential
3341,customer_2340,customer2340.gmail.com,Chennai,Paid Social,2022-11-16,63,M,,,,,,,No Purchase
3342,customer_2341,customer2341.gmail.com,Mumbai,SMS,2023-03-20,62,F,788.0,1.0,543.67,4.0,Lost,2.0,Lost
3343,customer_2342,customer2342.gmail.com,Hyderabad,Organic,2022-09-22,35,M,514.0,1.0,101.96,4.0,Hibernating,2.0,Lost
3344,customer_2343,customer2343.gmail.com,Hyderabad,Google Search,2022-09-06,61,M,381.0,4.0,3124.2700000000004,12.0,At-Risk,0.0,High Value
3345,customer_2344,customer2344.gmail.com,Pune,Paid Social,2022-09-22,64,F,574.0,3.0,1359.96,11.0,At-Risk,4.0,Potential
3346,customer_2345,customer2345.gmail.com,Bengaluru,Google Search,2022-10-28,56,M,,,,,,,No Purchase
3347,customer_2346,customer2346.gmail.com,Bengaluru,SMS,2024-01-27,35,F,926.0,1.0,149.46,3.0,Lost,2.0,Lost
3348,customer_2347,customer2347.gmail.com,Chennai,Email,2023-05-13,63,F,222.0,5.0,2805.8,13.0,Loyal Customers,0.0,High Value
3349,customer_2348,customer2348.gmail.com,Chennai,Google Search,2023-07-29,35,F,68.0,4.0,853.29,13.0,Loyal Customers,3.0,Loyal
3350,customer_2349,customer2349.gmail.com,Hyderabad,Organic,2023-09-23,38,F,11.0,4.0,712.99,13.0,Loyal Customers,3.0,Loyal
3351,customer_2350,customer2350.gmail.com,Pune,SMS,2024-10-14,32,F,,,,,,,No Purchase
3352,customer_2351,customer2351.gmail.com,Chennai,SMS,2023-09-20,23,M,44.0,1.0,281.84,7.0,New Customers,1.0,At-Risk
3353,customer_2352,customer2352.gmail.com,Hyderabad,Google Search,2023-05-20,60,Others,225.0,1.0,63.73,5.0,Hibernating,1.0,At-Risk
3354,customer_2353,customer2353.gmail.com,Mumbai,Paid Social,2022-07-07,35,M,331.0,2.0,391.09,7.0,Hibernating,1.0,At-Risk
3355,customer_2354,customer2354.gmail.com,Delhi,SMS,2022-11-08,40,M,594.0,1.0,352.15,5.0,Hibernating,2.0,Lost
3356,customer_2355,customer2355.gmail.com,Mumbai,Email,2024-06-28,49,F,9.0,2.0,3572.84,12.0,New Customers,0.0,High Value
3357,customer_2356,customer2356.gmail.com,Delhi,SMS,2024-07-24,52,F,38.0,7.0,3732.13,15.0,champions,0.0,High Value
3358,customer_2357,customer2357.gmail.com,Pune,Organic,2023-08-07,52,M,401.0,2.0,927.28,8.0,At-Risk,4.0,Potential
3359,customer_2358,customer2358.gmail.com,Pune,Email,2023-11-21,19,M,289.0,2.0,511.37,7.0,Hibernating,1.0,At-Risk
3360,customer_2359,customer2359.gmail.com,Mumbai,Google Search,2022-03-29,41,F,286.0,3.0,1231.67,11.0,Loyal Customers,3.0,Loyal
3361,customer_2360,customer2360.gmail.com,Mumbai,Paid Social,2023-03-20,43,F,135.0,3.0,664.85,11.0,Loyal Customers,3.0,Loyal
3362,customer_2361,customer2361.gmail.com,Chennai,Email,2024-07-04,61,F,324.0,3.0,618.87,10.0,Loyal Customers,4.0,Potential
3363,customer_2362,customer2362.gmail.com,Bengaluru,Google Search,2022-05-08,59,F,26.0,3.0,960.96,13.0,champions,3.0,Loyal
3364,customer_2363,customer2363.gmail.com,Chennai,Email,2022-05-16,43,M,,,,,,,No Purchase
3365,customer_2364,customer2364.gmail.com,Mumbai,Paid Social,2022-09-13,61,F,584.0,2.0,275.96000000000004,5.0,At-Risk,2.0,Lost
3366,customer_2365,customer2365.gmail.com,Hyderabad,Organic,2023-09-25,21,F,211.0,2.0,483.3,7.0,Hibernating,1.0,At-Risk
3367,customer_2366,customer2366.gmail.com,Chennai,SMS,2024-11-11,39,M,115.0,1.0,257.99,6.0,New Customers,1.0,At-Risk
3368,customer_2367,customer2367.gmail.com,Delhi,SMS,2022-02-04,33,F,220.0,2.0,1122.76,9.0,Potential Loyalists,1.0,At-Risk
3369,customer_2368,customer2368.gmail.com,Bengaluru,Paid Social,2022-10-25,47,M,244.0,7.0,1439.13,13.0,Loyal Customers,0.0,High Value
3370,customer_2369,customer2369.gmail.com,Chennai,Paid Social,2023-12-18,19,F,680.0,2.0,946.36,7.0,Hibernating,4.0,Potential
3371,customer_2370,customer2370.gmail.com,Chennai,Email,2024-02-27,54,F,,,,,,,No Purchase
3372,customer_2371,customer2371.gmail.com,Chennai,SMS,2024-04-16,35,M,32.0,4.0,1877.79,15.0,champions,0.0,High Value
3373,customer_2372,customer2372.gmail.com,Chennai,SMS,2024-06-17,36,M,150.0,4.0,725.66,12.0,Loyal Customers,3.0,Loyal
3374,customer_2373,customer2373.gmail.com,Chennai,Paid Social,2022-05-08,47,M,217.0,1.0,493.74,6.0,Hibernating,1.0,At-Risk
3375,customer_2374,customer2374.gmail.com,Hyderabad,Google Search,2022-11-21,26,F,428.0,1.0,101.53,4.0,Hibernating,1.0,At-Risk
3376,customer_2375,customer2375.gmail.com,Hyderabad,Google Search,2023-05-24,48,F,129.0,1.0,27.82,6.0,New Customers,1.0,At-Risk
3377,customer_2376,customer2376.gmail.com,Mumbai,Organic,2023-01-11,35,M,501.0,2.0,481.8200000000001,6.0,At-Risk,4.0,Potential
3378,customer_2377,customer2377.gmail.com,Bengaluru,Paid Social,2023-06-19,62,M,309.0,5.0,2300.06,13.0,Loyal Customers,0.0,High Value
3379,customer_2378,customer2378.gmail.com,Pune,Organic,2023-03-15,22,F,322.0,3.0,1564.1,12.0,Loyal Customers,4.0,Potential
3380,customer_2379,customer2379.gmail.com,Pune,Paid Social,2024-03-27,27,M,74.0,1.0,165.64,7.0,New Customers,1.0,At-Risk
3381,customer_2380,customer2380.gmail.com,Mumbai,Paid Social,2024-05-13,55,M,267.0,3.0,1144.81,11.0,Loyal Customers,3.0,Loyal
3382,customer_2381,customer2381.gmail.com,Delhi,Paid Social,2022-07-27,39,M,898.0,2.0,1053.26,7.0,Hibernating,2.0,Lost
3383,customer_2382,customer2382.gmail.com,Mumbai,SMS,2024-12-24,57,F,232.0,4.0,837.1899999999999,11.0,Loyal Customers,3.0,Loyal
3384,customer_2383,customer2383.gmail.com,Delhi,SMS,2022-11-03,33,M,341.0,3.0,1227.03,11.0,Loyal Customers,4.0,Potential
3385,customer_2384,customer2384.gmail.com,Hyderabad,Organic,2023-04-05,40,Others,624.0,3.0,851.6600000000001,8.0,Cannot Lose Them,4.0,Potential
3386,customer_2385,customer2385.gmail.com,Bengaluru,Email,2024-04-24,47,M,75.0,4.0,3531.77,15.0,champions,0.0,High Value
3387,customer_2386,customer2386.gmail.com,Pune,Email,2024-10-12,27,F,925.0,1.0,109.91,3.0,Lost,2.0,Lost
3388,customer_2387,customer2387.gmail.com,Chennai,Email,2022-08-19,28,M,6.0,1.0,204.86,7.0,New Customers,1.0,At-Risk
3389,customer_2388,customer2388.gmail.com,Chennai,Organic,2024-07-13,45,M,163.0,1.0,191.45,6.0,New Customers,1.0,At-Risk
3390,customer_2389,customer2389.gmail.com,Hyderabad,Organic,2023-06-12,47,M,556.0,2.0,796.98,7.0,At-Risk,4.0,Potential
3391,customer_2390,customer2390.gmail.com,Mumbai,Paid Social,2022-01-05,54,F,861.0,1.0,149.48,3.0,Lost,2.0,Lost
3392,customer_2391,customer2391.gmail.com,Bengaluru,Organic,2022-06-20,42,M,,,,,,,No Purchase
3393,customer_2392,customer2392.gmail.com,Pune,SMS,2023-05-08,44,F,470.0,2.0,938.45,8.0,At-Risk,4.0,Potential
3394,customer_2393,customer2393.gmail.com,Chennai,Organic,2024-12-16,25,M,136.0,1.0,78.09,6.0,New Customers,1.0,At-Risk
3395,customer_2394,customer2394.gmail.com,Hyderabad,Google Search,2024-02-27,64,Others,219.0,1.0,176.02,5.0,Hibernating,1.0,At-Risk
3396,customer_2395,customer2395.gmail.com,Mumbai,Paid Social,2024-01-12,27,F,5.0,4.0,894.49,14.0,champions,3.0,Loyal
3397,customer_2396,customer2396.gmail.com,Delhi,SMS,2023-05-29,55,F,,,,,,,No Purchase
3398,customer_2397,customer2397.gmail.com,Bengaluru,Email,2022-05-20,51,M,629.0,3.0,1064.78,9.0,Cannot Lose Them,4.0,Potential
3399,customer_2398,customer2398.gmail.com,Chennai,Google Search,2023-02-27,46,F,40.0,3.0,2129.68,14.0,champions,0.0,High Value
3400,customer_2399,customer2399.gmail.com,Delhi,Organic,2023-07-19,34,F,968.0,2.0,839.6800000000001,6.0,Hibernating,2.0,Lost
3401,customer_2400,customer2400.gmail.com,Bengaluru,Google Search,2022-01-12,44,F,39.0,3.0,598.38,12.0,Loyal Customers,3.0,Loyal
3402,customer_2401,customer2401.gmail.com,Chennai,Email,2023-11-05,40,F,7.0,3.0,417.17,11.0,Loyal Customers,3.0,Loyal
3403,customer_2402,customer2402.gmail.com,Delhi,Paid Social,2022-06-11,44,F,135.0,3.0,885.62,12.0,champions,3.0,Loyal
3404,customer_2403,customer2403.gmail.com,Hyderabad,Paid Social,2022-01-17,55,Others,348.0,3.0,1205.9299999999998,11.0,Loyal Customers,4.0,Potential
3405,customer_2404,customer2404.gmail.com,Pune,Paid Social,2024-02-13,27,M,186.0,2.0,890.5,10.0,New Customers,1.0,At-Risk
3406,customer_2405,customer2405.gmail.com,Mumbai,Google Search,2022-01-30,33,F,60.0,2.0,1020.7,11.0,New Customers,1.0,At-Risk
3407,customer_2406,customer2406.gmail.com,Pune,SMS,2024-05-04,23,F,,,,,,,No Purchase
3408,customer_2407,customer2407.gmail.com,Bengaluru,Organic,2022-07-27,18,F,257.0,1.0,291.82,5.0,Hibernating,1.0,At-Risk
3409,customer_2408,customer2408.gmail.com,Chennai,Email,2022-10-09,42,M,332.0,2.0,460.6,7.0,Hibernating,1.0,At-Risk
3410,customer_2409,customer2409.gmail.com,Delhi,Google Search,2024-03-24,34,F,708.0,1.0,422.29,4.0,Lost,2.0,Lost
3411,customer_2410,customer2410.gmail.com,Chennai,Email,2024-08-19,50,F,111.0,2.0,986.8,10.0,New Customers,1.0,At-Risk
3412,customer_2411,customer2411.gmail.com,Pune,Google Search,2022-12-22,49,M,477.0,1.0,210.17,4.0,Hibernating,1.0,At-Risk
3413,customer_2412,customer2412.gmail.com,Mumbai,Organic,2024-07-01,31,F,741.0,2.0,1555.2,8.0,Hibernating,4.0,Potential
3414,customer_2413,customer2413.gmail.com,Mumbai,Google Search,2024-09-30,21,F,263.0,3.0,1501.49,12.0,Loyal Customers,3.0,Loyal
3415,customer_2414,customer2414.gmail.com,Pune,Paid Social,2023-09-29,49,F,142.0,4.0,1153.46,13.0,champions,3.0,Loyal
3416,customer_2415,customer2415.gmail.com,Delhi,Google Search,2024-12-27,34,M,705.0,2.0,227.12,4.0,Hibernating,2.0,Lost
3417,customer_2416,customer2416.gmail.com,Chennai,Google Search,2024-12-18,42,M,39.0,3.0,912.6,13.0,champions,3.0,Loyal
3418,customer_2417,customer2417.gmail.com,Bengaluru,Organic,2022-07-29,31,F,184.0,2.0,1847.55,11.0,New Customers,3.0,Loyal
3419,customer_2418,customer2418.gmail.com,Hyderabad,Paid Social,2023-10-29,23,Others,585.0,2.0,960.57,8.0,At-Risk,4.0,Potential
3420,customer_2419,customer2419.gmail.com,Chennai,Organic,2023-04-24,28,F,91.0,3.0,1271.25,13.0,champions,3.0,Loyal
3421,customer_2420,customer2420.gmail.com,Delhi,Email,2024-10-13,45,M,,,,,,,No Purchase
3422,customer_2421,customer2421.gmail.com,Hyderabad,Google Search,2023-05-03,26,M,52.0,6.0,1814.41,15.0,champions,0.0,High Value
3423,customer_2422,customer2422.gmail.com,Pune,Organic,2022-05-20,25,M,556.0,1.0,123.56,4.0,Hibernating,2.0,Lost
3424,customer_2423,customer2423.gmail.com,Pune,SMS,2022-06-08,47,F,1006.0,1.0,73.83,3.0,Lost,2.0,Lost
3425,customer_2424,customer2424.gmail.com,Pune,SMS,2022-10-09,61,F,304.0,1.0,429.91,6.0,Hibernating,1.0,At-Risk
3426,customer_2425,customer2425.gmail.com,Bengaluru,SMS,2022-08-29,55,M,461.0,1.0,276.57,4.0,Hibernating,1.0,At-Risk
3427,customer_2426,customer2426.gmail.com,Pune,Organic,2023-06-09,33,M,177.0,3.0,1183.3,12.0,champions,3.0,Loyal
3428,customer_2427,customer2427.gmail.com,Delhi,Google Search,2024-07-01,37,M,793.0,2.0,225.0,4.0,Hibernating,2.0,Lost
3429,customer_2428,customer2428.gmail.com,Delhi,SMS,2022-10-24,27,F,22.0,3.0,273.71,10.0,Loyal Customers,1.0,At-Risk
3430,customer_2429,customer2429.gmail.com,Bengaluru,Paid Social,2023-09-24,52,M,316.0,1.0,297.9,5.0,Hibernating,1.0,At-Risk
3431,customer_2430,customer2430.gmail.com,Mumbai,SMS,2023-09-14,24,F,138.0,1.0,294.85,6.0,New Customers,1.0,At-Risk
3432,customer_2431,customer2431.gmail.com,Hyderabad,SMS,2022-11-02,27,M,28.0,4.0,990.26,14.0,champions,3.0,Loyal
3433,customer_2432,customer2432.gmail.com,Chennai,Google Search,2022-01-03,38,M,1010.0,1.0,202.4,3.0,Lost,2.0,Lost
3434,customer_2433,customer2433.gmail.com,Delhi,SMS,2023-05-25,47,F,67.0,3.0,479.8,11.0,Loyal Customers,3.0,Loyal
3435,customer_2434,customer2434.gmail.com,Chennai,SMS,2024-08-12,61,Others,273.0,3.0,1006.79,11.0,Loyal Customers,3.0,Loyal
3436,customer_2435,customer2435.gmail.com,Delhi,Google Search,2023-08-30,23,M,546.0,4.0,1174.11,11.0,At-Risk,4.0,Potential
3437,customer_2436,customer2436.gmail.com,Chennai,SMS,2022-11-18,51,F,,,,,,,No Purchase
3438,customer_2437,customer2437.gmail.com,Pune,Organic,2023-03-16,29,M,218.0,1.0,329.78,6.0,Hibernating,1.0,At-Risk
3439,customer_2438,customer2438.gmail.com,Mumbai,Paid Social,2022-03-27,59,M,400.0,5.0,1829.81,12.0,At-Risk,0.0,High Value
3440,customer_2439,customer2439.gmail.com,Pune,Organic,2023-08-13,28,M,533.0,1.0,524.86,5.0,Hibernating,2.0,Lost
3441,customer_2440,customer2440.gmail.com,Bengaluru,SMS,2023-09-15,21,F,55.0,4.0,546.42,12.0,Loyal Customers,3.0,Loyal
3442,customer_2441,customer2441.gmail.com,Hyderabad,Paid Social,2024-12-28,40,M,33.0,1.0,316.84,7.0,New Customers,1.0,At-Risk
3443,customer_2442,customer2442.gmail.com,Chennai,Email,2023-04-09,50,F,981.0,1.0,225.46,3.0,Lost,2.0,Lost
3444,customer_2443,customer2443.gmail.com,Hyderabad,Paid Social,2022-08-11,50,F,63.0,3.0,2018.34,14.0,champions,3.0,Loyal
3445,customer_2444,customer2444.gmail.com,Pune,Google Search,2023-10-19,31,F,223.0,1.0,72.08,5.0,Hibernating,1.0,At-Risk
3446,customer_2445,customer2445.gmail.com,Hyderabad,Paid Social,2023-09-11,19,Others,55.0,4.0,1860.23,15.0,champions,0.0,High Value
3447,customer_2446,customer2446.gmail.com,Hyderabad,Organic,2024-11-16,20,F,616.0,3.0,558.9,7.0,Hibernating,4.0,Potential
3448,customer_2447,customer2447.gmail.com,Mumbai,Google Search,2022-04-14,61,M,19.0,4.0,1893.04,15.0,champions,0.0,High Value
3449,customer_2448,customer2448.gmail.com,Delhi,Organic,2024-08-12,35,F,119.0,3.0,555.69,10.0,Loyal Customers,3.0,Loyal
3450,customer_2449,customer2449.gmail.com,Chennai,Organic,2022-02-28,52,F,585.0,2.0,1056.12,8.0,At-Risk,4.0,Potential
3451,customer_2450,customer2450.gmail.com,Bengaluru,Email,2022-03-20,21,M,740.0,1.0,1047.08,6.0,Lost,2.0,Lost
3452,customer_2451,customer2451.gmail.com,Mumbai,SMS,2022-06-01,25,F,164.0,2.0,271.35,7.0,New Customers,1.0,At-Risk
3453,customer_2452,customer2452.gmail.com,Mumbai,Email,2024-08-07,24,F,244.0,5.0,1507.17,13.0,Loyal Customers,0.0,High Value
3454,customer_2453,customer2453.gmail.com,Pune,SMS,2022-05-21,54,M,709.0,1.0,183.39,3.0,Lost,2.0,Lost
3455,customer_2454,customer2454.gmail.com,Pune,Organic,2024-06-28,61,M,826.0,1.0,563.7,4.0,Lost,2.0,Lost
3456,customer_2455,customer2455.gmail.com,Pune,Paid Social,2024-08-23,43,M,896.0,2.0,751.84,6.0,Hibernating,2.0,Lost
3457,customer_2456,customer2456.gmail.com,Bengaluru,SMS,2024-12-11,28,F,394.0,2.0,482.4,6.0,At-Risk,1.0,At-Risk
3458,customer_2457,customer2457.gmail.com,Pune,Email,2022-04-06,34,F,218.0,1.0,55.91,5.0,Hibernating,1.0,At-Risk
3459,customer_2458,customer2458.gmail.com,Delhi,Google Search,2022-08-01,22,M,247.0,1.0,161.22,5.0,Hibernating,1.0,At-Risk
3460,customer_2459,customer2459.gmail.com,Bengaluru,Email,2024-12-13,63,M,216.0,2.0,436.48,7.0,Hibernating,1.0,At-Risk
3461,customer_2460,customer2460.gmail.com,Hyderabad,Organic,2023-12-27,30,M,189.0,1.0,76.72,6.0,New Customers,1.0,At-Risk
3462,customer_2461,customer2461.gmail.com,Bengaluru,Organic,2024-07-03,37,F,189.0,5.0,1652.4,14.0,champions,0.0,High Value
3463,customer_2462,customer2462.gmail.com,Hyderabad,Email,2023-01-14,52,M,473.0,3.0,1577.61,11.0,At-Risk,4.0,Potential
3464,customer_2463,customer2463.gmail.com,Mumbai,Email,2023-12-07,35,F,85.0,4.0,1218.76,14.0,champions,3.0,Loyal
3465,customer_2464,customer2464.gmail.com,Hyderabad,Google Search,2024-02-08,31,M,652.0,2.0,518.9200000000001,5.0,Hibernating,2.0,Lost
3466,customer_2465,customer2465.gmail.com,Bengaluru,SMS,2022-03-29,30,F,801.0,1.0,401.24,4.0,Lost,2.0,Lost
3467,customer_2466,customer2466.gmail.com,Delhi,Organic,2024-10-01,39,M,178.0,1.0,427.03,7.0,New Customers,1.0,At-Risk
3468,customer_2467,customer2467.gmail.com,Delhi,SMS,2022-10-04,30,M,818.0,2.0,569.83,6.0,Hibernating,2.0,Lost
3469,customer_2468,customer2468.gmail.com,Hyderabad,Organic,2023-09-28,22,F,991.0,1.0,31.96,3.0,Lost,2.0,Lost
3470,customer_2469,customer2469.gmail.com,Bengaluru,Organic,2022-03-15,63,M,,,,,,,No Purchase
3471,customer_2470,customer2470.gmail.com,Hyderabad,Email,2022-05-20,42,M,522.0,3.0,1283.24,10.0,At-Risk,4.0,Potential
3472,customer_2471,customer2471.gmail.com,Hyderabad,Email,2023-04-16,32,F,240.0,1.0,419.8,6.0,Hibernating,1.0,At-Risk
3473,customer_2472,customer2472.gmail.com,Mumbai,Paid Social,2022-04-26,61,F,163.0,2.0,363.41,8.0,New Customers,1.0,At-Risk
3474,customer_2473,customer2473.gmail.com,Bengaluru,Email,2023-03-15,32,Others,656.0,2.0,771.22,6.0,Hibernating,4.0,Potential
3475,customer_2474,customer2474.gmail.com,Hyderabad,Paid Social,2022-09-16,32,F,,,,,,,No Purchase
3476,customer_2475,customer2475.gmail.com,Pune,Organic,2023-08-01,39,M,308.0,1.0,147.67,5.0,Hibernating,1.0,At-Risk
3477,customer_2476,customer2476.gmail.com,Pune,Google Search,2023-10-08,53,M,51.0,4.0,1309.1799999999998,14.0,champions,3.0,Loyal
3478,customer_2477,customer2477.gmail.com,Pune,SMS,2024-02-05,38,M,145.0,6.0,1526.89,14.0,champions,0.0,High Value
3479,customer_2478,customer2478.gmail.com,Hyderabad,SMS,2023-05-10,34,F,142.0,2.0,224.77,7.0,New Customers,1.0,At-Risk
3480,customer_2479,customer2479.gmail.com,Bengaluru,Google Search,2022-03-14,30,F,,,,,,,No Purchase
3481,customer_2480,customer2480.gmail.com,Mumbai,Google Search,2022-10-04,47,M,440.0,4.0,1104.74,11.0,At-Risk,4.0,Potential
3482,customer_2481,customer2481.gmail.com,Pune,Email,2022-06-10,33,F,127.0,3.0,610.1700000000001,11.0,Loyal Customers,3.0,Loyal
3483,customer_2482,customer2482.gmail.com,Hyderabad,Organic,2023-09-26,33,M,283.0,3.0,1544.98,12.0,Loyal Customers,3.0,Loyal
3484,customer_2483,customer2483.gmail.com,Hyderabad,SMS,2022-11-17,63,M,129.0,3.0,2521.62,13.0,champions,0.0,High Value
3485,customer_2484,customer2484.gmail.com,Bengaluru,Google Search,2022-11-23,52,F,672.0,4.0,707.26,9.0,Cannot Lose Them,4.0,Potential
3486,customer_2485,customer2485.gmail.com,Hyderabad,Organic,2024-11-29,19,F,242.0,2.0,347.21,7.0,Hibernating,1.0,At-Risk
3487,customer_2486,customer2486.gmail.com,Bengaluru,SMS,2024-08-29,25,M,93.0,4.0,2522.55,14.0,champions,0.0,High Value
3488,customer_2487,customer2487.gmail.com,Mumbai,Organic,2024-03-20,44,F,10.0,6.0,1614.44,15.0,champions,0.0,High Value
3489,customer_2488,customer2488.gmail.com,Mumbai,Paid Social,2023-03-12,54,F,535.0,5.0,1927.95,12.0,At-Risk,0.0,High Value
3490,customer_2489,customer2489.gmail.com,Hyderabad,SMS,2023-06-25,22,F,333.0,2.0,638.84,8.0,Potential Loyalists,1.0,At-Risk
3491,customer_2490,customer2490.gmail.com,Delhi,Paid Social,2024-03-24,45,Others,249.0,1.0,85.31,5.0,Hibernating,1.0,At-Risk
3492,customer_2491,customer2491.gmail.com,Mumbai,Organic,2024-12-25,59,F,956.0,1.0,299.09,3.0,Lost,2.0,Lost
3493,customer_2492,customer2492.gmail.com,Bengaluru,Email,2024-08-18,58,F,393.0,1.0,718.83,6.0,Hibernating,1.0,At-Risk
3494,customer_2493,customer2493.gmail.com,Hyderabad,Google Search,2023-06-24,63,F,724.0,2.0,414.02,5.0,Hibernating,2.0,Lost
3495,customer_2494,customer2494.gmail.com,Chennai,Paid Social,2023-02-06,22,F,257.0,2.0,664.92,8.0,Potential Loyalists,1.0,At-Risk
3496,customer_2495,customer2495.gmail.com,Chennai,Email,2024-08-04,40,M,88.0,2.0,413.26,9.0,New Customers,1.0,At-Risk
3497,customer_2496,customer2496.gmail.com,Delhi,SMS,2023-06-25,59,F,182.0,1.0,401.17,7.0,New Customers,1.0,At-Risk
3498,customer_2497,customer2497.gmail.com,Mumbai,Google Search,2023-11-02,55,F,46.0,3.0,1071.16,13.0,champions,3.0,Loyal
3499,customer_2498,customer2498.gmail.com,Bengaluru,Organic,2024-05-12,27,Others,58.0,3.0,1173.53,13.0,champions,3.0,Loyal
3500,customer_2499,customer2499.gmail.com,Chennai,Google Search,2023-05-07,43,M,,,,,,,No Purchase
3501,customer_2500,customer2500.gmail.com,Hyderabad,Email,2023-05-11,24,Others,127.0,4.0,1682.99,14.0,champions,3.0,Loyal
3502,customer_2501,customer2501.gmail.com,Bengaluru,Email,2022-03-27,35,F,462.0,1.0,124.5,4.0,Hibernating,1.0,At-Risk
3503,customer_2502,customer2502.gmail.com,Hyderabad,SMS,2022-10-03,36,F,574.0,1.0,627.63,6.0,Hibernating,2.0,Lost
3504,customer_2503,customer2503.gmail.com,Delhi,Organic,2023-03-26,19,F,38.0,2.0,574.24,10.0,New Customers,1.0,At-Risk
3505,customer_2504,customer2504.gmail.com,Bengaluru,SMS,2022-03-09,42,F,487.0,1.0,145.29,4.0,Hibernating,2.0,Lost
3506,customer_2505,customer2505.gmail.com,Chennai,Organic,2023-11-17,61,F,188.0,3.0,852.0799999999999,11.0,Loyal Customers,3.0,Loyal
3507,customer_2506,customer2506.gmail.com,Bengaluru,SMS,2022-10-02,41,M,,,,,,,No Purchase
3508,customer_2507,customer2507.gmail.com,Mumbai,Google Search,2023-10-09,20,F,,,,,,,No Purchase
3509,customer_2508,customer2508.gmail.com,Bengaluru,Organic,2024-03-11,23,M,51.0,3.0,1267.57,13.0,champions,3.0,Loyal
3510,customer_2509,customer2509.gmail.com,Mumbai,Organic,2022-10-26,63,M,556.0,1.0,139.39,4.0,Hibernating,2.0,Lost
3511,customer_2510,customer2510.gmail.com,Bengaluru,Organic,2022-04-17,44,M,26.0,4.0,734.33,13.0,Loyal Customers,3.0,Loyal
3512,customer_2511,customer2511.gmail.com,Bengaluru,SMS,2024-07-30,38,M,118.0,3.0,711.4100000000001,11.0,Loyal Customers,3.0,Loyal
3513,customer_2512,customer2512.gmail.com,Mumbai,SMS,2022-09-28,35,F,313.0,3.0,751.1600000000001,10.0,Loyal Customers,3.0,Loyal
3514,customer_2513,customer2513.gmail.com,Mumbai,SMS,2023-07-09,50,M,373.0,3.0,575.27,9.0,At-Risk,4.0,Potential
3515,customer_2514,customer2514.gmail.com,Chennai,Email,2024-03-17,63,M,29.0,2.0,426.8200000000001,9.0,New Customers,1.0,At-Risk
3516,customer_2515,customer2515.gmail.com,Mumbai,Google Search,2022-04-17,33,F,262.0,2.0,232.78,6.0,Hibernating,1.0,At-Risk
3517,customer_2516,customer2516.gmail.com,Delhi,SMS,2022-01-14,38,M,316.0,1.0,378.08,6.0,Hibernating,1.0,At-Risk
3518,customer_2517,customer2517.gmail.com,Hyderabad,Google Search,2023-08-21,54,M,93.0,6.0,933.35,13.0,champions,3.0,Loyal
3519,customer_2518,customer2518.gmail.com,Chennai,Paid Social,2024-02-25,19,F,162.0,4.0,694.03,12.0,Loyal Customers,3.0,Loyal
3520,customer_2519,customer2519.gmail.com,Pune,SMS,2024-10-19,62,M,200.0,3.0,970.99,12.0,champions,3.0,Loyal
3521,customer_2520,customer2520.gmail.com,Hyderabad,Organic,2024-11-10,19,M,329.0,3.0,724.1,10.0,Loyal Customers,4.0,Potential
3522,customer_2521,customer2521.gmail.com,Hyderabad,Organic,2023-04-20,56,Others,561.0,2.0,169.78,5.0,At-Risk,2.0,Lost
3523,customer_2522,customer2522.gmail.com,Hyderabad,Paid Social,2022-07-08,20,F,398.0,2.0,724.77,7.0,At-Risk,4.0,Potential
3524,customer_2523,customer2523.gmail.com,Chennai,SMS,2024-05-12,33,F,149.0,5.0,1521.08,14.0,champions,0.0,High Value
3525,customer_2524,customer2524.gmail.com,Delhi,Organic,2022-03-06,45,M,311.0,1.0,183.7,5.0,Hibernating,1.0,At-Risk
3526,customer_2525,customer2525.gmail.com,Chennai,Organic,2023-02-13,45,M,22.0,2.0,169.95,8.0,New Customers,1.0,At-Risk
3527,customer_2526,customer2526.gmail.com,Hyderabad,Paid Social,2023-05-14,50,F,260.0,1.0,90.3,5.0,Hibernating,1.0,At-Risk
3528,customer_2527,customer2527.gmail.com,Chennai,Organic,2023-04-10,48,F,536.0,4.0,2178.07,12.0,At-Risk,0.0,High Value
3529,customer_2528,customer2528.gmail.com,Delhi,Google Search,2023-08-06,61,M,217.0,4.0,1207.29,12.0,Loyal Customers,3.0,Loyal
3530,customer_2529,customer2529.gmail.com,Pune,Google Search,2023-03-08,37,M,443.0,2.0,201.83,5.0,At-Risk,1.0,At-Risk
3531,customer_2530,customer2530.gmail.com,Pune,Email,2022-04-17,55,Others,35.0,3.0,3166.14,14.0,champions,0.0,High Value
3532,customer_2531,customer2531.gmail.com,Mumbai,Email,2022-02-04,28,M,268.0,3.0,711.47,10.0,Loyal Customers,3.0,Loyal
3533,customer_2532,customer2532.gmail.com,Hyderabad,SMS,2023-05-13,59,F,,,,,,,No Purchase
3534,customer_2533,customer2533.gmail.com,Hyderabad,Email,2024-09-25,53,M,36.0,5.0,1565.09,15.0,champions,0.0,High Value
3535,customer_2534,customer2534.gmail.com,Mumbai,Organic,2024-04-25,28,M,41.0,2.0,759.22,10.0,New Customers,1.0,At-Risk
3536,customer_2535,customer2535.gmail.com,Delhi,Organic,2024-02-29,56,F,36.0,3.0,1526.2,14.0,champions,3.0,Loyal
3537,customer_2536,customer2536.gmail.com,Hyderabad,SMS,2024-12-05,23,F,171.0,1.0,292.57,6.0,New Customers,1.0,At-Risk
3538,customer_2537,customer2537.gmail.com,Hyderabad,Email,2023-02-01,48,M,354.0,3.0,831.4200000000001,10.0,Loyal Customers,4.0,Potential
3539,customer_2538,customer2538.gmail.com,Chennai,Email,2022-10-16,55,F,170.0,3.0,2445.44,13.0,champions,0.0,High Value
3540,customer_2539,customer2539.gmail.com,Chennai,Organic,2024-01-27,52,F,308.0,4.0,571.6,11.0,Loyal Customers,3.0,Loyal
3541,customer_2540,customer2540.gmail.com,Pune,Google Search,2023-08-27,35,F,126.0,2.0,715.5699999999999,9.0,New Customers,1.0,At-Risk
3542,customer_2541,customer2541.gmail.com,Delhi,Email,2022-03-08,26,F,432.0,3.0,734.79,9.0,At-Risk,4.0,Potential
3543,customer_2542,customer2542.gmail.com,Delhi,Paid Social,2022-05-06,59,M,179.0,2.0,274.31,7.0,New Customers,1.0,At-Risk
3544,customer_2543,customer2543.gmail.com,Pune,Organic,2023-02-20,45,M,420.0,2.0,479.64,6.0,At-Risk,1.0,At-Risk
3545,customer_2544,customer2544.gmail.com,Delhi,SMS,2023-05-07,20,M,259.0,2.0,1119.35,9.0,Potential Loyalists,1.0,At-Risk
3546,customer_2545,customer2545.gmail.com,Chennai,Email,2024-10-30,40,M,971.0,2.0,274.49,4.0,Hibernating,2.0,Lost
3547,customer_2546,customer2546.gmail.com,Mumbai,Google Search,2023-01-20,27,M,491.0,5.0,934.91,11.0,At-Risk,3.0,Loyal
3548,customer_2547,customer2547.gmail.com,Hyderabad,Organic,2022-09-20,22,M,779.0,3.0,2654.16,10.0,Cannot Lose Them,4.0,Potential
3549,customer_2548,customer2548.gmail.com,Bengaluru,Email,2024-08-15,19,F,489.0,2.0,591.66,7.0,At-Risk,4.0,Potential
3550,customer_2549,customer2549.gmail.com,Chennai,Google Search,2022-03-09,42,F,,,,,,,No Purchase
3551,customer_2550,customer2550.gmail.com,Mumbai,Google Search,2022-05-12,40,M,299.0,3.0,701.1500000000001,10.0,Loyal Customers,3.0,Loyal
3552,customer_2551,customer2551.gmail.com,Pune,Organic,2023-06-01,20,M,1069.0,1.0,312.32,3.0,Lost,2.0,Lost
3553,customer_2552,customer2552.gmail.com,Pune,Email,2022-11-07,34,F,270.0,5.0,958.6,12.0,Loyal Customers,3.0,Loyal
3554,customer_2553,customer2553.gmail.com,Pune,SMS,2023-03-17,58,M,567.0,1.0,280.36,4.0,Hibernating,2.0,Lost
3555,customer_2554,customer2554.gmail.com,Bengaluru,Email,2024-10-03,50,M,389.0,3.0,914.72,10.0,At-Risk,4.0,Potential
3556,customer_2555,customer2555.gmail.com,Mumbai,Paid Social,2024-05-16,45,M,108.0,6.0,1396.24,14.0,champions,0.0,High Value
3557,customer_2556,customer2556.gmail.com,Bengaluru,SMS,2022-09-04,22,M,150.0,1.0,181.44,6.0,New Customers,1.0,At-Risk
3558,customer_2557,customer2557.gmail.com,Chennai,Organic,2023-07-05,58,M,935.0,1.0,157.71,3.0,Lost,2.0,Lost
3559,customer_2558,customer2558.gmail.com,Hyderabad,Paid Social,2022-03-21,40,M,331.0,3.0,1240.2,11.0,Loyal Customers,4.0,Potential
3560,customer_2559,customer2559.gmail.com,Pune,Paid Social,2022-12-27,26,F,77.0,4.0,1516.58,15.0,champions,3.0,Loyal
3561,customer_2560,customer2560.gmail.com,Bengaluru,Email,2024-07-27,23,M,298.0,2.0,444.14,7.0,Hibernating,1.0,At-Risk
3562,customer_2561,customer2561.gmail.com,Hyderabad,Google Search,2023-06-06,23,F,259.0,3.0,264.79,8.0,Loyal Customers,1.0,At-Risk
3563,customer_2562,customer2562.gmail.com,Hyderabad,Paid Social,2024-06-09,26,F,877.0,1.0,530.91,4.0,Lost,2.0,Lost
3564,customer_2563,customer2563.gmail.com,Chennai,Organic,2022-12-04,34,M,123.0,2.0,636.45,9.0,New Customers,1.0,At-Risk
3565,customer_2564,customer2564.gmail.com,Hyderabad,Organic,2022-01-29,30,M,286.0,3.0,513.48,9.0,Loyal Customers,3.0,Loyal
3566,customer_2565,customer2565.gmail.com,Pune,Google Search,2024-02-06,20,M,108.0,6.0,1009.38,13.0,champions,3.0,Loyal
3567,customer_2566,customer2566.gmail.com,Delhi,Paid Social,2022-06-03,26,Others,231.0,6.0,616.42,11.0,Loyal Customers,3.0,Loyal
3568,customer_2567,customer2567.gmail.com,Hyderabad,Google Search,2023-06-26,31,F,68.0,5.0,1875.26,15.0,champions,0.0,High Value
3569,customer_2568,customer2568.gmail.com,Delhi,Paid Social,2023-09-13,20,M,22.0,1.0,343.79,8.0,New Customers,1.0,At-Risk
3570,customer_2569,customer2569.gmail.com,Hyderabad,Email,2024-07-22,53,M,156.0,4.0,1539.84,14.0,champions,3.0,Loyal
3571,customer_2570,customer2570.gmail.com,Bengaluru,Organic,2023-05-10,37,F,,,,,,,No Purchase
3572,customer_2571,customer2571.gmail.com,Chennai,Google Search,2022-01-19,63,M,93.0,1.0,628.59,8.0,New Customers,1.0,At-Risk
3573,customer_2572,customer2572.gmail.com,Hyderabad,Paid Social,2022-01-28,35,F,125.0,2.0,681.98,9.0,New Customers,1.0,At-Risk
3574,customer_2573,customer2573.gmail.com,Pune,Paid Social,2023-05-12,18,M,23.0,3.0,461.07,11.0,Loyal Customers,3.0,Loyal
3575,customer_2574,customer2574.gmail.com,Pune,SMS,2024-12-20,37,F,1059.0,1.0,1103.76,6.0,Lost,2.0,Lost
3576,customer_2575,customer2575.gmail.com,Delhi,SMS,2022-02-07,46,M,369.0,2.0,764.87,7.0,At-Risk,1.0,At-Risk
3577,customer_2576,customer2576.gmail.com,Delhi,SMS,2022-10-15,41,F,690.0,1.0,115.98,3.0,Lost,2.0,Lost
3578,customer_2577,customer2577.gmail.com,Chennai,SMS,2023-12-19,49,F,419.0,4.0,938.07,11.0,At-Risk,4.0,Potential
3579,customer_2578,customer2578.gmail.com,Mumbai,SMS,2022-10-24,36,F,851.0,2.0,1814.63,8.0,Hibernating,4.0,Potential
3580,customer_2579,customer2579.gmail.com,Bengaluru,SMS,2022-08-01,22,F,236.0,6.0,2639.37,13.0,Loyal Customers,0.0,High Value
3581,customer_2580,customer2580.gmail.com,Chennai,Organic,2023-12-17,42,Others,77.0,3.0,617.81,12.0,Loyal Customers,3.0,Loyal
3582,customer_2581,customer2581.gmail.com,Mumbai,Paid Social,2023-02-03,41,F,123.0,2.0,507.81,8.0,New Customers,1.0,At-Risk
3583,customer_2582,customer2582.gmail.com,Chennai,Organic,2023-12-29,57,F,499.0,1.0,872.44,6.0,Hibernating,4.0,Potential
3584,customer_2583,customer2583.gmail.com,Hyderabad,Paid Social,2024-04-10,45,F,293.0,2.0,907.99,9.0,Potential Loyalists,1.0,At-Risk
3585,customer_2584,customer2584.gmail.com,Delhi,SMS,2024-10-21,56,M,599.0,1.0,553.33,4.0,Lost,2.0,Lost
3586,customer_2585,customer2585.gmail.com,Pune,Email,2023-03-03,43,M,384.0,4.0,1095.38,11.0,At-Risk,3.0,Loyal
3587,customer_2586,customer2586.gmail.com,Bengaluru,Google Search,2023-02-02,44,F,215.0,8.0,3891.73,13.0,Loyal Customers,0.0,High Value
3588,customer_2587,customer2587.gmail.com,Pune,Google Search,2022-05-10,33,F,217.0,5.0,1646.2099999999998,13.0,Loyal Customers,0.0,High Value
3589,customer_2588,customer2588.gmail.com,Chennai,Organic,2024-10-28,28,F,61.0,2.0,420.93,9.0,New Customers,1.0,At-Risk
3590,customer_2589,customer2589.gmail.com,Delhi,SMS,2022-01-11,44,M,83.0,2.0,229.26,8.0,New Customers,1.0,At-Risk
3591,customer_2590,customer2590.gmail.com,Mumbai,Organic,2022-01-20,45,F,,,,,,,No Purchase
3592,customer_2591,customer2591.gmail.com,Bengaluru,Google Search,2022-01-17,57,F,9.0,2.0,357.28,9.0,New Customers,1.0,At-Risk
3593,customer_2592,customer2592.gmail.com,Delhi,SMS,2022-09-02,23,M,833.0,3.0,6056.56,10.0,Cannot Lose Them,0.0,High Value
3594,customer_2593,customer2593.gmail.com,Pune,Google Search,2024-04-21,62,M,721.0,1.0,263.67,3.0,Lost,2.0,Lost
3595,customer_2594,customer2594.gmail.com,Hyderabad,Paid Social,2024-02-28,60,M,,,,,,,No Purchase
3596,customer_2595,customer2595.gmail.com,Hyderabad,Google Search,2022-07-14,32,M,319.0,2.0,435.01,7.0,Hibernating,1.0,At-Risk
3597,customer_2596,customer2596.gmail.com,Hyderabad,Paid Social,2022-08-04,18,M,855.0,2.0,221.56,4.0,Hibernating,2.0,Lost
3598,customer_2597,customer2597.gmail.com,Chennai,Email,2023-11-25,53,Others,129.0,1.0,409.61,7.0,New Customers,1.0,At-Risk
3599,customer_2598,customer2598.gmail.com,Mumbai,SMS,2022-08-17,34,F,327.0,4.0,484.07,10.0,Loyal Customers,3.0,Loyal
3600,customer_2599,customer2599.gmail.com,Pune,Google Search,2023-10-29,25,F,604.0,5.0,1643.39,11.0,Cannot Lose Them,0.0,High Value
3601,customer_2600,customer2600.gmail.com,Bengaluru,Google Search,2023-09-16,41,F,,,,,,,No Purchase
3602,customer_2601,customer2601.gmail.com,Delhi,Google Search,2024-01-05,56,F,333.0,3.0,1209.2399999999998,11.0,Loyal Customers,4.0,Potential
3603,customer_2602,customer2602.gmail.com,Hyderabad,Google Search,2022-09-10,40,M,,,,,,,No Purchase
3604,customer_2603,customer2603.gmail.com,Hyderabad,SMS,2023-12-15,52,F,602.0,3.0,859.63,8.0,Cannot Lose Them,4.0,Potential
3605,customer_2604,customer2604.gmail.com,Mumbai,Google Search,2024-08-29,61,M,400.0,3.0,573.23,9.0,At-Risk,4.0,Potential
3606,customer_2605,customer2605.gmail.com,Hyderabad,Organic,2022-03-20,43,F,452.0,2.0,586.38,7.0,At-Risk,4.0,Potential
3607,customer_2606,customer2606.gmail.com,Mumbai,Paid Social,2023-04-19,28,F,757.0,1.0,169.17,3.0,Lost,2.0,Lost
3608,customer_2607,customer2607.gmail.com,Mumbai,Paid Social,2023-11-05,45,F,241.0,4.0,2260.81,13.0,Loyal Customers,0.0,High Value
3609,customer_2608,customer2608.gmail.com,Mumbai,Google Search,2024-06-15,23,M,89.0,3.0,664.13,12.0,Loyal Customers,3.0,Loyal
3610,customer_2609,customer2609.gmail.com,Hyderabad,Email,2024-12-18,54,F,209.0,4.0,918.8,12.0,Loyal Customers,3.0,Loyal
3611,customer_2610,customer2610.gmail.com,Hyderabad,Organic,2022-02-23,42,Others,53.0,3.0,2624.17,14.0,champions,0.0,High Value
3612,customer_2611,customer2611.gmail.com,Chennai,Organic,2022-11-04,27,F,38.0,4.0,1374.3,15.0,champions,3.0,Loyal
3613,customer_2612,customer2612.gmail.com,Bengaluru,Email,2024-06-18,50,F,918.0,2.0,431.78,5.0,Hibernating,2.0,Lost
3614,customer_2613,customer2613.gmail.com,Mumbai,Paid Social,2024-12-12,64,M,872.0,1.0,471.03,4.0,Lost,2.0,Lost
3615,customer_2614,customer2614.gmail.com,Chennai,SMS,2022-03-31,60,M,544.0,6.0,2813.9,12.0,At-Risk,0.0,High Value
3616,customer_2615,customer2615.gmail.com,Delhi,Google Search,2024-12-04,42,M,245.0,2.0,675.08,8.0,Potential Loyalists,1.0,At-Risk
3617,customer_2616,customer2616.gmail.com,Chennai,Paid Social,2024-01-19,18,M,348.0,2.0,329.14,7.0,Hibernating,1.0,At-Risk
3618,customer_2617,customer2617.gmail.com,Pune,SMS,2024-10-06,31,M,668.0,3.0,1932.37,10.0,Cannot Lose Them,4.0,Potential
3619,customer_2618,customer2618.gmail.com,Mumbai,Paid Social,2024-10-07,28,M,208.0,2.0,1226.91,9.0,Potential Loyalists,1.0,At-Risk
3620,customer_2619,customer2619.gmail.com,Chennai,Email,2024-11-23,43,M,14.0,8.0,3470.11,15.0,champions,0.0,High Value
3621,customer_2620,customer2620.gmail.com,Delhi,Email,2022-05-19,56,Others,,,,,,,No Purchase
3622,customer_2621,customer2621.gmail.com,Mumbai,Paid Social,2022-02-18,21,M,671.0,2.0,550.14,5.0,Hibernating,2.0,Lost
3623,customer_2622,customer2622.gmail.com,Hyderabad,Paid Social,2023-02-28,31,M,812.0,2.0,339.82,5.0,Hibernating,2.0,Lost
3624,customer_2623,customer2623.gmail.com,Chennai,SMS,2024-08-04,45,F,491.0,3.0,534.4200000000001,8.0,At-Risk,4.0,Potential
3625,customer_2624,customer2624.gmail.com,Hyderabad,Google Search,2022-04-29,25,F,,,,,,,No Purchase
3626,customer_2625,customer2625.gmail.com,Bengaluru,Organic,2022-08-20,40,M,,,,,,,No Purchase
3627,customer_2626,customer2626.gmail.com,Bengaluru,Google Search,2023-10-30,45,F,15.0,4.0,930.79,14.0,champions,3.0,Loyal
3628,customer_2627,customer2627.gmail.com,Mumbai,SMS,2024-11-27,57,M,,,,,,,No Purchase
3629,customer_2628,customer2628.gmail.com,Hyderabad,SMS,2024-05-22,39,F,643.0,3.0,703.67,8.0,Cannot Lose Them,4.0,Potential
3630,customer_2629,customer2629.gmail.com,Mumbai,Paid Social,2024-03-27,35,F,188.0,2.0,709.26,9.0,New Customers,1.0,At-Risk
3631,customer_2630,customer2630.gmail.com,Chennai,Email,2023-10-16,27,F,329.0,2.0,1718.1,10.0,Potential Loyalists,4.0,Potential
3632,customer_2631,customer2631.gmail.com,Delhi,Organic,2023-09-20,53,F,498.0,3.0,1325.96,10.0,At-Risk,4.0,Potential
3633,customer_2632,customer2632.gmail.com,Mumbai,Google Search,2022-01-22,24,F,364.0,1.0,163.83,4.0,Hibernating,1.0,At-Risk
3634,customer_2633,customer2633.gmail.com,Bengaluru,Organic,2024-04-04,33,M,396.0,4.0,1676.56,12.0,At-Risk,3.0,Loyal
3635,customer_2634,customer2634.gmail.com,Pune,Google Search,2022-12-07,56,M,215.0,6.0,2250.55,13.0,Loyal Customers,0.0,High Value
3636,customer_2635,customer2635.gmail.com,Delhi,Google Search,2024-03-19,62,M,83.0,4.0,1268.79,14.0,champions,3.0,Loyal
3637,customer_2636,customer2636.gmail.com,Bengaluru,Email,2024-07-21,20,M,491.0,2.0,968.98,8.0,At-Risk,4.0,Potential
3638,customer_2637,customer2637.gmail.com,Hyderabad,Organic,2024-04-29,58,F,43.0,3.0,593.4300000000001,12.0,Loyal Customers,3.0,Loyal
3639,customer_2638,customer2638.gmail.com,Mumbai,Email,2022-07-20,21,F,496.0,1.0,127.29,4.0,Hibernating,2.0,Lost
3640,customer_2639,customer2639.gmail.com,Bengaluru,SMS,2024-10-25,57,M,754.0,1.0,131.89,3.0,Lost,2.0,Lost
3641,customer_2640,customer2640.gmail.com,Chennai,Paid Social,2024-12-24,32,M,67.0,3.0,505.51,11.0,Loyal Customers,3.0,Loyal
3642,customer_2641,customer2641.gmail.com,Bengaluru,Paid Social,2024-06-29,52,F,113.0,3.0,726.25,11.0,Loyal Customers,3.0,Loyal
3643,customer_2642,customer2642.gmail.com,Hyderabad,Paid Social,2022-03-31,23,F,123.0,3.0,1793.78,13.0,champions,3.0,Loyal
3644,customer_2643,customer2643.gmail.com,Pune,SMS,2022-06-18,19,F,13.0,3.0,1092.3,13.0,champions,3.0,Loyal
3645,customer_2644,customer2644.gmail.com,Hyderabad,Paid Social,2023-12-26,34,F,497.0,1.0,102.2,4.0,Hibernating,2.0,Lost
3646,customer_2645,customer2645.gmail.com,Mumbai,SMS,2024-11-24,63,M,576.0,1.0,247.97,4.0,Hibernating,2.0,Lost
3647,customer_2646,customer2646.gmail.com,Chennai,Paid Social,2023-06-29,30,M,128.0,4.0,657.06,12.0,Loyal Customers,3.0,Loyal
3648,customer_2647,customer2647.gmail.com,Hyderabad,Google Search,2022-10-25,41,M,83.0,4.0,507.74,12.0,Loyal Customers,3.0,Loyal
3649,customer_2648,customer2648.gmail.com,Mumbai,Email,2022-12-09,31,F,76.0,5.0,1962.79,15.0,champions,0.0,High Value
3650,customer_2649,customer2649.gmail.com,Chennai,SMS,2024-01-01,25,F,223.0,2.0,374.23,7.0,Hibernating,1.0,At-Risk
3651,customer_2650,customer2650.gmail.com,Chennai,SMS,2024-02-01,27,F,42.0,5.0,2203.17,15.0,champions,0.0,High Value
3652,customer_2651,customer2651.gmail.com,Hyderabad,Email,2024-06-13,45,M,165.0,7.0,1495.4699999999998,14.0,champions,0.0,High Value
3653,customer_2652,customer2652.gmail.com,Pune,Google Search,2022-06-07,50,M,173.0,2.0,485.79,8.0,New Customers,1.0,At-Risk
3654,customer_2653,customer2653.gmail.com,Mumbai,Email,2022-10-08,44,F,161.0,2.0,554.36,8.0,New Customers,1.0,At-Risk
3655,customer_2654,customer2654.gmail.com,Mumbai,SMS,2023-06-09,19,M,206.0,1.0,321.31,6.0,Hibernating,1.0,At-Risk
3656,customer_2655,customer2655.gmail.com,Bengaluru,Paid Social,2022-12-11,53,F,421.0,2.0,587.9200000000001,7.0,At-Risk,1.0,At-Risk
3657,customer_2656,customer2656.gmail.com,Hyderabad,Paid Social,2023-06-08,40,M,66.0,2.0,386.77,9.0,New Customers,1.0,At-Risk
3658,customer_2657,customer2657.gmail.com,Bengaluru,Google Search,2022-06-01,49,M,181.0,2.0,376.08,8.0,New Customers,1.0,At-Risk
3659,customer_2658,customer2658.gmail.com,Delhi,SMS,2022-11-22,28,Others,30.0,1.0,137.28,7.0,New Customers,1.0,At-Risk
3660,customer_2659,customer2659.gmail.com,Mumbai,SMS,2023-08-08,41,M,139.0,3.0,661.04,11.0,Loyal Customers,3.0,Loyal
3661,customer_2660,customer2660.gmail.com,Pune,Google Search,2023-07-04,32,F,342.0,3.0,517.31,9.0,Loyal Customers,4.0,Potential
3662,customer_2661,customer2661.gmail.com,Pune,Organic,2024-05-04,42,F,252.0,4.0,1585.9299999999998,13.0,Loyal Customers,3.0,Loyal
3663,customer_2662,customer2662.gmail.com,Mumbai,Google Search,2024-10-19,39,F,992.0,2.0,639.2,6.0,Hibernating,2.0,Lost
3664,customer_2663,customer2663.gmail.com,Bengaluru,Email,2022-04-19,40,Others,16.0,2.0,286.3,8.0,New Customers,1.0,At-Risk
3665,customer_2664,customer2664.gmail.com,Mumbai,Email,2024-11-24,18,F,408.0,1.0,405.74,5.0,Hibernating,1.0,At-Risk
3666,customer_2665,customer2665.gmail.com,Delhi,Organic,2022-01-28,39,M,398.0,2.0,1468.64,9.0,At-Risk,4.0,Potential
3667,customer_2666,customer2666.gmail.com,Chennai,Email,2023-12-25,43,F,686.0,4.0,2672.07,11.0,Cannot Lose Them,0.0,High Value
3668,customer_2667,customer2667.gmail.com,Delhi,Google Search,2022-06-28,37,F,966.0,1.0,123.35,3.0,Lost,2.0,Lost
3669,customer_2668,customer2668.gmail.com,Delhi,Email,2023-09-25,27,F,14.0,1.0,428.14,8.0,New Customers,1.0,At-Risk
3670,customer_2669,customer2669.gmail.com,Mumbai,Google Search,2022-07-23,30,M,,,,,,,No Purchase
3671,customer_2670,customer2670.gmail.com,Chennai,Email,2024-07-31,38,M,969.0,1.0,84.21,3.0,Lost,2.0,Lost
3672,customer_2671,customer2671.gmail.com,Hyderabad,Email,2023-09-22,42,F,447.0,2.0,385.47,6.0,At-Risk,1.0,At-Risk
3673,customer_2672,customer2672.gmail.com,Bengaluru,Paid Social,2023-02-27,33,F,,,,,,,No Purchase
3674,customer_2673,customer2673.gmail.com,Pune,Paid Social,2023-01-12,32,F,357.0,3.0,407.58,9.0,Loyal Customers,4.0,Potential
3675,customer_2674,customer2674.gmail.com,Chennai,Google Search,2023-03-28,22,M,785.0,2.0,647.4,6.0,Hibernating,2.0,Lost
3676,customer_2675,customer2675.gmail.com,Hyderabad,Organic,2023-03-07,41,M,104.0,4.0,943.76,13.0,champions,3.0,Loyal
3677,customer_2676,customer2676.gmail.com,Chennai,Paid Social,2022-08-19,44,Others,51.0,3.0,599.14,12.0,Loyal Customers,3.0,Loyal
3678,customer_2677,customer2677.gmail.com,Mumbai,Google Search,2022-09-03,62,F,123.0,1.0,181.66,6.0,New Customers,1.0,At-Risk
3679,customer_2678,customer2678.gmail.com,Bengaluru,Google Search,2022-10-31,51,F,334.0,2.0,204.3,6.0,Hibernating,1.0,At-Risk
3680,customer_2679,customer2679.gmail.com,Chennai,Paid Social,2023-03-10,57,M,901.0,2.0,647.47,6.0,Hibernating,2.0,Lost
3681,customer_2680,customer2680.gmail.com,Mumbai,Organic,2024-03-27,18,M,496.0,2.0,259.41,5.0,At-Risk,1.0,At-Risk
3682,customer_2681,customer2681.gmail.com,Pune,Email,2023-04-05,51,F,853.0,1.0,404.78,4.0,Lost,2.0,Lost
3683,customer_2682,customer2682.gmail.com,Mumbai,Organic,2022-03-21,58,M,238.0,2.0,428.16,7.0,Hibernating,1.0,At-Risk
3684,customer_2683,customer2683.gmail.com,Mumbai,Paid Social,2022-03-17,43,F,46.0,3.0,497.21,11.0,Loyal Customers,3.0,Loyal
3685,customer_2684,customer2684.gmail.com,Hyderabad,Google Search,2022-08-06,29,M,158.0,4.0,1158.89,13.0,champions,3.0,Loyal
3686,customer_2685,customer2685.gmail.com,Mumbai,Paid Social,2022-02-09,26,M,113.0,1.0,124.58,6.0,New Customers,1.0,At-Risk
3687,customer_2686,customer2686.gmail.com,Pune,Paid Social,2024-12-17,50,M,566.0,1.0,121.4,4.0,Hibernating,2.0,Lost
3688,customer_2687,customer2687.gmail.com,Hyderabad,Paid Social,2022-06-27,57,F,15.0,4.0,1457.46,15.0,champions,3.0,Loyal
3689,customer_2688,customer2688.gmail.com,Mumbai,Paid Social,2024-06-13,44,F,343.0,4.0,1039.09,12.0,Loyal Customers,3.0,Loyal
3690,customer_2689,customer2689.gmail.com,Mumbai,Organic,2022-04-21,24,F,196.0,2.0,662.33,9.0,New Customers,1.0,At-Risk
3691,customer_2690,customer2690.gmail.com,Delhi,SMS,2023-12-21,40,M,99.0,3.0,1021.04,12.0,champions,3.0,Loyal
3692,customer_2691,customer2691.gmail.com,Chennai,Paid Social,2023-08-26,45,M,506.0,1.0,438.34,5.0,Hibernating,2.0,Lost
3693,customer_2692,customer2692.gmail.com,Delhi,Organic,2022-10-16,59,M,136.0,2.0,551.4,8.0,New Customers,1.0,At-Risk
3694,customer_2693,customer2693.gmail.com,Hyderabad,Organic,2024-07-10,50,M,,,,,,,No Purchase
3695,customer_2694,customer2694.gmail.com,Chennai,Paid Social,2023-04-07,32,M,237.0,3.0,477.4699999999999,9.0,Loyal Customers,3.0,Loyal
3696,customer_2695,customer2695.gmail.com,Pune,Organic,2022-08-11,52,F,356.0,1.0,262.76,5.0,Hibernating,1.0,At-Risk
3697,customer_2696,customer2696.gmail.com,Mumbai,Paid Social,2023-06-12,42,F,280.0,3.0,475.33,9.0,Loyal Customers,1.0,At-Risk
3698,customer_2697,customer2697.gmail.com,Chennai,Google Search,2022-01-21,38,F,591.0,1.0,111.57,4.0,Hibernating,2.0,Lost
3699,customer_2698,customer2698.gmail.com,Chennai,Email,2023-01-21,22,F,430.0,1.0,161.63,4.0,Hibernating,1.0,At-Risk
3700,customer_2699,customer2699.gmail.com,Chennai,Organic,2024-08-12,50,F,357.0,2.0,797.86,8.0,Potential Loyalists,1.0,At-Risk
3701,customer_2700,customer2700.gmail.com,Bengaluru,SMS,2024-06-22,41,M,368.0,2.0,908.68,8.0,At-Risk,4.0,Potential
3702,customer_2701,customer2701.gmail.com,Hyderabad,SMS,2024-09-12,48,M,193.0,5.0,2607.85,14.0,champions,0.0,High Value
3703,customer_2702,customer2702.gmail.com,Chennai,Google Search,2023-05-28,35,F,,,,,,,No Purchase
3704,customer_2703,customer2703.gmail.com,Hyderabad,Organic,2022-08-07,48,M,439.0,2.0,613.87,7.0,At-Risk,4.0,Potential
3705,customer_2704,customer2704.gmail.com,Mumbai,Google Search,2024-05-09,20,F,466.0,2.0,578.58,7.0,At-Risk,4.0,Potential
3706,customer_2705,customer2705.gmail.com,Hyderabad,SMS,2024-05-19,51,F,238.0,2.0,518.38,7.0,Hibernating,1.0,At-Risk
3707,customer_2706,customer2706.gmail.com,Bengaluru,Google Search,2024-06-16,41,M,1051.0,1.0,314.96,3.0,Lost,2.0,Lost
3708,customer_2707,customer2707.gmail.com,Chennai,Paid Social,2023-12-19,61,F,,,,,,,No Purchase
3709,customer_2708,customer2708.gmail.com,Chennai,Email,2024-07-19,58,F,60.0,2.0,274.71000000000004,8.0,New Customers,1.0,At-Risk
3710,customer_2709,customer2709.gmail.com,Hyderabad,Paid Social,2023-06-27,58,M,152.0,3.0,3171.77,13.0,champions,0.0,High Value
3711,customer_2710,customer2710.gmail.com,Pune,Organic,2023-11-12,47,F,334.0,3.0,493.57,9.0,Loyal Customers,4.0,Potential
3712,customer_2711,customer2711.gmail.com,Chennai,SMS,2023-03-27,28,F,934.0,1.0,87.94,3.0,Lost,2.0,Lost
3713,customer_2712,customer2712.gmail.com,Chennai,Organic,2024-11-04,48,F,975.0,1.0,101.13,3.0,Lost,2.0,Lost
3714,customer_2713,customer2713.gmail.com,Bengaluru,Google Search,2022-06-15,43,F,298.0,3.0,653.18,10.0,Loyal Customers,3.0,Loyal
3715,customer_2714,customer2714.gmail.com,Chennai,Email,2022-07-26,43,M,920.0,1.0,307.15,3.0,Lost,2.0,Lost
3716,customer_2715,customer2715.gmail.com,Pune,Paid Social,2022-09-02,55,M,287.0,2.0,286.61,6.0,Hibernating,1.0,At-Risk
3717,customer_2716,customer2716.gmail.com,Delhi,Paid Social,2023-01-07,58,M,458.0,1.0,144.9,4.0,Hibernating,1.0,At-Risk
3718,customer_2717,customer2717.gmail.com,Delhi,Email,2024-10-12,54,M,550.0,1.0,474.32,5.0,Hibernating,2.0,Lost
3719,customer_2718,customer2718.gmail.com,Mumbai,Email,2023-12-22,43,F,24.0,2.0,1243.48,11.0,New Customers,3.0,Loyal
3720,customer_2719,customer2719.gmail.com,Mumbai,Google Search,2024-06-06,37,M,442.0,1.0,60.98,4.0,Hibernating,1.0,At-Risk
3721,customer_2720,customer2720.gmail.com,Hyderabad,Paid Social,2022-04-26,38,M,283.0,1.0,254.79,5.0,Hibernating,1.0,At-Risk
3722,customer_2721,customer2721.gmail.com,Delhi,SMS,2024-09-17,30,Others,601.0,1.0,83.19,3.0,Lost,2.0,Lost
3723,customer_2722,customer2722.gmail.com,Hyderabad,Email,2022-01-05,63,M,25.0,1.0,137.91,7.0,New Customers,1.0,At-Risk
3724,customer_2723,customer2723.gmail.com,Hyderabad,Google Search,2024-02-09,35,F,364.0,7.0,1420.28,12.0,At-Risk,0.0,High Value
3725,customer_2724,customer2724.gmail.com,Pune,Email,2023-05-29,57,M,,,,,,,No Purchase
3726,customer_2725,customer2725.gmail.com,Bengaluru,Organic,2024-09-12,43,M,893.0,3.0,554.11,7.0,Hibernating,2.0,Lost
3727,customer_2726,customer2726.gmail.com,Pune,Email,2024-11-26,19,M,189.0,5.0,2182.71,14.0,champions,0.0,High Value
3728,customer_2727,customer2727.gmail.com,Pune,Organic,2024-01-01,34,M,364.0,2.0,806.55,7.0,At-Risk,4.0,Potential
3729,customer_2728,customer2728.gmail.com,Pune,Organic,2022-04-09,60,M,663.0,1.0,440.02,4.0,Lost,2.0,Lost
3730,customer_2729,customer2729.gmail.com,Chennai,SMS,2022-06-01,43,F,,,,,,,No Purchase
3731,customer_2730,customer2730.gmail.com,Bengaluru,Organic,2024-11-13,55,F,621.0,1.0,223.21,3.0,Lost,2.0,Lost
3732,customer_2731,customer2731.gmail.com,Chennai,Organic,2022-12-17,48,M,49.0,3.0,1716.35,14.0,champions,3.0,Loyal
3733,customer_2732,customer2732.gmail.com,Pune,Organic,2022-02-09,38,M,977.0,1.0,358.08,4.0,Lost,2.0,Lost
3734,customer_2733,customer2733.gmail.com,Chennai,Email,2022-01-27,58,F,648.0,1.0,501.39,4.0,Lost,2.0,Lost
3735,customer_2734,customer2734.gmail.com,Chennai,Email,2023-10-08,50,M,28.0,3.0,1246.3,13.0,champions,3.0,Loyal
3736,customer_2735,customer2735.gmail.com,Mumbai,Google Search,2023-09-12,60,F,121.0,2.0,570.0799999999999,9.0,New Customers,1.0,At-Risk
3737,customer_2736,customer2736.gmail.com,Hyderabad,Paid Social,2024-02-29,29,F,948.0,1.0,341.69,4.0,Lost,2.0,Lost
3738,customer_2737,customer2737.gmail.com,Pune,SMS,2023-03-09,23,M,250.0,3.0,1259.59,11.0,Loyal Customers,3.0,Loyal
3739,customer_2738,customer2738.gmail.com,Delhi,Email,2023-01-22,40,F,645.0,1.0,53.35,3.0,Lost,2.0,Lost
3740,customer_2739,customer2739.gmail.com,Bengaluru,Google Search,2022-05-08,32,M,148.0,5.0,1829.37,14.0,champions,0.0,High Value
3741,customer_2740,customer2740.gmail.com,Hyderabad,Google Search,2022-12-02,42,F,,,,,,,No Purchase
3742,customer_2741,customer2741.gmail.com,Pune,SMS,2024-08-26,55,F,268.0,2.0,440.07,7.0,Hibernating,1.0,At-Risk
3743,customer_2742,customer2742.gmail.com,Bengaluru,Google Search,2023-11-20,48,M,296.0,2.0,458.97,7.0,Hibernating,1.0,At-Risk
3744,customer_2743,customer2743.gmail.com,Chennai,Email,2024-05-13,24,M,288.0,1.0,350.18,6.0,Hibernating,1.0,At-Risk
3745,customer_2744,customer2744.gmail.com,Bengaluru,Organic,2024-03-03,46,F,411.0,1.0,129.07,4.0,Hibernating,1.0,At-Risk
3746,customer_2745,customer2745.gmail.com,Delhi,Email,2024-01-01,49,F,619.0,3.0,942.73,9.0,Cannot Lose Them,4.0,Potential
3747,customer_2746,customer2746.gmail.com,Bengaluru,Google Search,2023-06-18,44,F,902.0,1.0,224.2,3.0,Lost,2.0,Lost
3748,customer_2747,customer2747.gmail.com,Hyderabad,Paid Social,2023-08-01,25,F,8.0,2.0,241.68,8.0,New Customers,1.0,At-Risk
3749,customer_2748,customer2748.gmail.com,Bengaluru,Paid Social,2022-10-31,22,F,143.0,4.0,753.0,12.0,Loyal Customers,3.0,Loyal
3750,customer_2749,customer2749.gmail.com,Pune,Organic,2022-06-30,25,F,68.0,2.0,941.01,11.0,New Customers,1.0,At-Risk
3751,customer_2750,customer2750.gmail.com,Mumbai,Google Search,2022-04-29,49,M,194.0,2.0,1300.79,10.0,New Customers,3.0,Loyal
3752,customer_2751,customer2751.gmail.com,Bengaluru,Organic,2024-08-07,23,M,814.0,2.0,444.67,5.0,Hibernating,2.0,Lost
3753,customer_2752,customer2752.gmail.com,Hyderabad,Organic,2023-07-05,45,F,460.0,3.0,660.71,9.0,At-Risk,4.0,Potential
3754,customer_2753,customer2753.gmail.com,Pune,Organic,2023-06-06,36,M,556.0,1.0,140.23,4.0,Hibernating,2.0,Lost
3755,customer_2754,customer2754.gmail.com,Chennai,Paid Social,2024-02-19,49,F,878.0,1.0,207.41,3.0,Lost,2.0,Lost
3756,customer_2755,customer2755.gmail.com,Bengaluru,SMS,2024-07-21,60,M,822.0,2.0,600.7,6.0,Hibernating,2.0,Lost
3757,customer_2756,customer2756.gmail.com,Bengaluru,Google Search,2024-02-24,61,F,99.0,3.0,817.3199999999999,11.0,Loyal Customers,3.0,Loyal
3758,customer_2757,customer2757.gmail.com,Pune,Organic,2023-01-22,34,M,140.0,3.0,873.1800000000001,11.0,Loyal Customers,3.0,Loyal
3759,customer_2758,customer2758.gmail.com,Bengaluru,Organic,2022-12-07,41,M,933.0,2.0,1126.42,7.0,Hibernating,2.0,Lost
3760,customer_2759,customer2759.gmail.com,Pune,Email,2022-07-06,28,F,139.0,3.0,702.92,11.0,Loyal Customers,3.0,Loyal
3761,customer_2760,customer2760.gmail.com,Delhi,Email,2024-01-22,29,M,208.0,2.0,463.41,7.0,Hibernating,1.0,At-Risk
3762,customer_2761,customer2761.gmail.com,Chennai,Email,2023-10-29,42,F,229.0,3.0,720.68,10.0,Loyal Customers,3.0,Loyal
3763,customer_2762,customer2762.gmail.com,Mumbai,Google Search,2023-03-05,56,F,10.0,4.0,722.12,13.0,Loyal Customers,3.0,Loyal
3764,customer_2763,customer2763.gmail.com,Bengaluru,SMS,2023-07-07,25,M,492.0,6.0,3606.6,12.0,At-Risk,0.0,High Value
3765,customer_2764,customer2764.gmail.com,Delhi,Google Search,2023-12-08,44,M,308.0,3.0,469.91,9.0,Loyal Customers,1.0,At-Risk
3766,customer_2765,customer2765.gmail.com,Pune,Google Search,2023-01-24,25,M,997.0,1.0,67.29,3.0,Lost,2.0,Lost
3767,customer_2766,customer2766.gmail.com,Mumbai,Paid Social,2023-03-23,43,M,,,,,,,No Purchase
3768,customer_2767,customer2767.gmail.com,Bengaluru,Google Search,2024-05-15,53,M,319.0,4.0,1503.55,13.0,Loyal Customers,3.0,Loyal
3769,customer_2768,customer2768.gmail.com,Chennai,Email,2024-05-02,38,M,,,,,,,No Purchase
3770,customer_2769,customer2769.gmail.com,Delhi,Email,2022-05-21,35,F,387.0,3.0,356.74,8.0,At-Risk,4.0,Potential
3771,customer_2770,customer2770.gmail.com,Pune,Organic,2023-08-24,34,F,139.0,5.0,1184.27,13.0,champions,3.0,Loyal
3772,customer_2771,customer2771.gmail.com,Bengaluru,Organic,2024-02-21,41,F,631.0,1.0,108.33,3.0,Lost,2.0,Lost
3773,customer_2772,customer2772.gmail.com,Delhi,Email,2022-09-10,40,M,606.0,1.0,186.46,3.0,Lost,2.0,Lost
3774,customer_2773,customer2773.gmail.com,Mumbai,Google Search,2023-04-11,32,M,634.0,1.0,177.06,3.0,Lost,2.0,Lost
3775,customer_2774,customer2774.gmail.com,Mumbai,Google Search,2024-04-08,57,F,384.0,1.0,107.58,4.0,Hibernating,1.0,At-Risk
3776,customer_2775,customer2775.gmail.com,Chennai,SMS,2024-06-17,30,M,5.0,1.0,163.32,7.0,New Customers,1.0,At-Risk
3777,customer_2776,customer2776.gmail.com,Chennai,Google Search,2024-06-17,42,F,90.0,2.0,370.52,9.0,New Customers,1.0,At-Risk
3778,customer_2777,customer2777.gmail.com,Delhi,Paid Social,2023-04-25,57,M,5.0,2.0,667.44,10.0,New Customers,1.0,At-Risk
3779,customer_2778,customer2778.gmail.com,Mumbai,Paid Social,2023-06-14,22,F,423.0,4.0,1289.49,11.0,At-Risk,4.0,Potential
3780,customer_2779,customer2779.gmail.com,Mumbai,Google Search,2023-11-03,56,F,,,,,,,No Purchase
3781,customer_2780,customer2780.gmail.com,Delhi,Organic,2024-03-22,22,F,210.0,6.0,1731.02,13.0,Loyal Customers,0.0,High Value
3782,customer_2781,customer2781.gmail.com,Pune,Organic,2022-12-15,31,F,305.0,4.0,1032.79,12.0,Loyal Customers,3.0,Loyal
3783,customer_2782,customer2782.gmail.com,Hyderabad,Organic,2022-10-20,18,M,513.0,1.0,129.76,4.0,Hibernating,2.0,Lost
3784,customer_2783,customer2783.gmail.com,Bengaluru,Paid Social,2022-04-09,52,F,337.0,4.0,1141.0,12.0,Loyal Customers,3.0,Loyal
3785,customer_2784,customer2784.gmail.com,Mumbai,Email,2022-10-10,34,F,610.0,1.0,372.98,4.0,Lost,2.0,Lost
3786,customer_2785,customer2785.gmail.com,Pune,SMS,2023-10-26,61,M,332.0,2.0,3466.91,10.0,Potential Loyalists,0.0,High Value
3787,customer_2786,customer2786.gmail.com,Pune,Organic,2023-03-16,42,Others,970.0,1.0,84.22,3.0,Lost,2.0,Lost
3788,customer_2787,customer2787.gmail.com,Chennai,Google Search,2024-09-21,37,M,721.0,1.0,222.8,3.0,Lost,2.0,Lost
3789,customer_2788,customer2788.gmail.com,Hyderabad,Email,2022-08-20,62,M,362.0,3.0,831.49,9.0,At-Risk,4.0,Potential
3790,customer_2789,customer2789.gmail.com,Delhi,SMS,2022-05-14,50,F,47.0,3.0,1479.03,14.0,champions,3.0,Loyal
3791,customer_2790,customer2790.gmail.com,Mumbai,Email,2023-03-31,34,F,313.0,1.0,1272.77,8.0,Hibernating,1.0,At-Risk
3792,customer_2791,customer2791.gmail.com,Bengaluru,Google Search,2022-07-25,49,M,145.0,2.0,571.76,10.0,Loyal Customers,1.0,At-Risk
3793,customer_2792,customer2792.gmail.com,Mumbai,Email,2024-11-06,44,F,,,,,,,No Purchase
3794,customer_2793,customer2793.gmail.com,Bengaluru,SMS,2024-08-14,48,M,42.0,4.0,1157.53,14.0,champions,3.0,Loyal
3795,customer_2794,customer2794.gmail.com,Bengaluru,Google Search,2024-01-16,34,F,535.0,1.0,48.44,4.0,Hibernating,2.0,Lost
3796,customer_2795,customer2795.gmail.com,Hyderabad,Paid Social,2022-02-13,40,F,264.0,4.0,1114.5,12.0,Loyal Customers,3.0,Loyal
3797,customer_2796,customer2796.gmail.com,Chennai,Email,2023-09-30,26,M,46.0,3.0,1691.69,14.0,champions,3.0,Loyal
3798,customer_2797,customer2797.gmail.com,Bengaluru,Google Search,2024-09-09,22,F,,,,,,,No Purchase
3799,customer_2798,customer2798.gmail.com,Delhi,Email,2024-02-16,55,F,299.0,3.0,1749.94,12.0,Loyal Customers,3.0,Loyal
3800,customer_2799,customer2799.gmail.com,Bengaluru,Google Search,2024-02-16,50,M,91.0,2.0,413.05,10.0,Loyal Customers,1.0,At-Risk
3801,customer_2800,customer2800.gmail.com,Pune,Organic,2023-06-08,59,M,135.0,3.0,904.23,12.0,champions,3.0,Loyal
3802,customer_2801,customer2801.gmail.com,Pune,Email,2024-04-14,20,F,524.0,1.0,209.17,4.0,Hibernating,2.0,Lost
3803,customer_2802,customer2802.gmail.com,Chennai,Organic,2023-05-27,44,F,296.0,1.0,787.22,7.0,Hibernating,1.0,At-Risk
3804,customer_2803,customer2803.gmail.com,Mumbai,Organic,2022-08-08,63,F,480.0,4.0,647.59,10.0,At-Risk,4.0,Potential
3805,customer_2804,customer2804.gmail.com,Bengaluru,Paid Social,2024-09-19,39,F,542.0,4.0,1081.65,11.0,At-Risk,4.0,Potential
3806,customer_2805,customer2805.gmail.com,Hyderabad,Organic,2024-07-06,61,M,190.0,4.0,748.68,12.0,Loyal Customers,3.0,Loyal
3807,customer_2806,customer2806.gmail.com,Bengaluru,Email,2022-08-17,38,M,,,,,,,No Purchase
3808,customer_2807,customer2807.gmail.com,Bengaluru,Email,2022-06-07,30,F,229.0,3.0,1097.5,11.0,Loyal Customers,3.0,Loyal
3809,customer_2808,customer2808.gmail.com,Bengaluru,SMS,2022-12-02,47,F,73.0,2.0,248.61,9.0,Loyal Customers,1.0,At-Risk
3810,customer_2809,customer2809.gmail.com,Hyderabad,Organic,2023-05-15,46,F,560.0,1.0,46.42,4.0,Hibernating,2.0,Lost
3811,customer_2810,customer2810.gmail.com,Mumbai,Paid Social,2024-01-09,30,F,,,,,,,No Purchase
3812,customer_2811,customer2811.gmail.com,Chennai,Google Search,2022-03-06,64,M,20.0,6.0,1509.23,15.0,champions,0.0,High Value
3813,customer_2812,customer2812.gmail.com,Bengaluru,Google Search,2023-12-28,36,F,218.0,4.0,901.2,12.0,Loyal Customers,3.0,Loyal
3814,customer_2813,customer2813.gmail.com,Mumbai,Google Search,2022-09-17,42,M,686.0,4.0,1134.87,10.0,Cannot Lose Them,4.0,Potential
3815,customer_2814,customer2814.gmail.com,Hyderabad,Paid Social,2022-09-23,63,M,583.0,3.0,1317.38,10.0,At-Risk,4.0,Potential
3816,customer_2815,customer2815.gmail.com,Mumbai,Paid Social,2024-03-05,58,F,547.0,2.0,663.3,8.0,At-Risk,4.0,Potential
3817,customer_2816,customer2816.gmail.com,Mumbai,SMS,2022-04-21,55,M,375.0,3.0,386.11,8.0,At-Risk,4.0,Potential
3818,customer_2817,customer2817.gmail.com,Delhi,SMS,2022-09-15,30,F,545.0,1.0,324.96,5.0,Hibernating,2.0,Lost
3819,customer_2818,customer2818.gmail.com,Bengaluru,Google Search,2023-07-21,42,F,844.0,1.0,164.16,3.0,Lost,2.0,Lost
3820,customer_2819,customer2819.gmail.com,Mumbai,Organic,2023-08-03,51,F,340.0,2.0,327.57,8.0,Loyal Customers,1.0,At-Risk
3821,customer_2820,customer2820.gmail.com,Bengaluru,Paid Social,2023-02-28,56,M,160.0,2.0,742.91,10.0,Loyal Customers,1.0,At-Risk
3822,customer_2821,customer2821.gmail.com,Delhi,Organic,2023-10-10,45,F,81.0,5.0,1135.71,14.0,champions,3.0,Loyal
3823,customer_2822,customer2822.gmail.com,Delhi,SMS,2022-09-28,61,M,141.0,4.0,1780.31,14.0,champions,0.0,High Value
3824,customer_2823,customer2823.gmail.com,Mumbai,Organic,2024-12-20,24,F,300.0,3.0,552.6800000000001,9.0,Loyal Customers,3.0,Loyal
3825,customer_2824,customer2824.gmail.com,Mumbai,Email,2023-01-16,38,M,243.0,5.0,794.39,11.0,Loyal Customers,3.0,Loyal
3826,customer_2825,customer2825.gmail.com,Delhi,Paid Social,2024-01-20,59,M,722.0,2.0,526.65,6.0,Hibernating,2.0,Lost
3827,customer_2826,customer2826.gmail.com,Pune,Paid Social,2023-04-23,42,F,476.0,3.0,918.43,10.0,At-Risk,4.0,Potential
3828,customer_2827,customer2827.gmail.com,Mumbai,Google Search,2024-05-26,20,M,724.0,2.0,1612.91,9.0,Cannot Lose Them,4.0,Potential
3829,customer_2828,customer2828.gmail.com,Pune,Google Search,2023-10-26,56,M,122.0,2.0,504.59,9.0,Loyal Customers,1.0,At-Risk
3830,customer_2829,customer2829.gmail.com,Chennai,Google Search,2022-01-20,32,M,,,,,,,No Purchase
3831,customer_2830,customer2830.gmail.com,Hyderabad,Email,2023-07-21,53,M,826.0,2.0,356.68,6.0,Hibernating,2.0,Lost
3832,customer_2831,customer2831.gmail.com,Hyderabad,Google Search,2022-01-05,34,M,93.0,1.0,296.56,6.0,New Customers,1.0,At-Risk
3833,customer_2832,customer2832.gmail.com,Hyderabad,Google Search,2023-06-03,62,M,495.0,1.0,273.62,4.0,Hibernating,2.0,Lost
3834,customer_2833,customer2833.gmail.com,Mumbai,Paid Social,2024-02-01,37,M,667.0,3.0,2284.51,10.0,Cannot Lose Them,4.0,Potential
3835,customer_2834,customer2834.gmail.com,Mumbai,Organic,2022-01-21,18,F,,,,,,,No Purchase
3836,customer_2835,customer2835.gmail.com,Hyderabad,Paid Social,2024-10-23,38,M,282.0,2.0,259.01,7.0,Loyal Customers,1.0,At-Risk
3837,customer_2836,customer2836.gmail.com,Pune,Organic,2023-11-24,61,M,525.0,2.0,1653.5,10.0,At-Risk,4.0,Potential
3838,customer_2837,customer2837.gmail.com,Mumbai,Paid Social,2023-09-29,30,M,864.0,2.0,429.99,6.0,Hibernating,2.0,Lost
3839,customer_2838,customer2838.gmail.com,Mumbai,Email,2023-07-19,18,M,215.0,3.0,491.9700000000001,9.0,Loyal Customers,3.0,Loyal
3840,customer_2839,customer2839.gmail.com,Bengaluru,Organic,2024-04-10,18,F,861.0,1.0,588.66,5.0,Lost,2.0,Lost
3841,customer_2840,customer2840.gmail.com,Bengaluru,Email,2023-03-14,60,F,284.0,3.0,671.98,10.0,Loyal Customers,3.0,Loyal
3842,customer_2841,customer2841.gmail.com,Bengaluru,Paid Social,2024-08-31,44,M,401.0,2.0,292.18,6.0,At-Risk,1.0,At-Risk
3843,customer_2842,customer2842.gmail.com,Delhi,SMS,2024-06-20,27,M,87.0,1.0,121.96,7.0,New Customers,1.0,At-Risk
3844,customer_2843,customer2843.gmail.com,Mumbai,Email,2024-09-10,39,M,752.0,2.0,426.2000000000001,6.0,Hibernating,2.0,Lost
3845,customer_2844,customer2844.gmail.com,Hyderabad,Google Search,2024-03-04,20,M,184.0,4.0,1189.44,13.0,champions,3.0,Loyal
3846,customer_2845,customer2845.gmail.com,Delhi,SMS,2023-02-22,62,M,124.0,2.0,949.62,11.0,Loyal Customers,1.0,At-Risk
3847,customer_2846,customer2846.gmail.com,Delhi,Paid Social,2022-02-13,46,M,27.0,2.0,828.11,11.0,Loyal Customers,1.0,At-Risk
3848,customer_2847,customer2847.gmail.com,Delhi,SMS,2022-12-28,37,M,914.0,2.0,512.45,6.0,Hibernating,2.0,Lost
3849,customer_2848,customer2848.gmail.com,Hyderabad,Email,2023-09-02,35,M,182.0,2.0,1233.35,11.0,Loyal Customers,3.0,Loyal
3850,customer_2849,customer2849.gmail.com,Delhi,SMS,2023-12-18,30,M,187.0,4.0,1277.13,13.0,champions,3.0,Loyal
3851,customer_2850,customer2850.gmail.com,Bengaluru,Paid Social,2022-03-08,31,F,853.0,3.0,799.92,8.0,Cannot Lose Them,4.0,Potential
3852,customer_2851,customer2851.gmail.com,Chennai,SMS,2022-01-05,18,F,426.0,2.0,1076.44,9.0,At-Risk,4.0,Potential
3853,customer_2852,customer2852.gmail.com,Delhi,Email,2023-04-15,49,Others,,,,,,,No Purchase
3854,customer_2853,customer2853.gmail.com,Pune,Organic,2023-04-20,33,F,16.0,3.0,1049.01,13.0,champions,3.0,Loyal
3855,customer_2854,customer2854.gmail.com,Bengaluru,Organic,2022-08-04,38,F,20.0,2.0,525.3499999999999,10.0,Loyal Customers,1.0,At-Risk
3856,customer_2855,customer2855.gmail.com,Mumbai,Email,2024-03-17,44,F,239.0,1.0,542.59,6.0,Hibernating,1.0,At-Risk
3857,customer_2856,customer2856.gmail.com,Mumbai,Paid Social,2023-01-03,39,F,245.0,2.0,1611.71,11.0,Loyal Customers,4.0,Potential
3858,customer_2857,customer2857.gmail.com,Bengaluru,SMS,2023-02-24,64,M,644.0,2.0,838.6899999999999,7.0,Cannot Lose Them,4.0,Potential
3859,customer_2858,customer2858.gmail.com,Chennai,Google Search,2024-12-29,28,Others,275.0,2.0,2081.75,11.0,Loyal Customers,4.0,Potential
3860,customer_2859,customer2859.gmail.com,Mumbai,Email,2024-04-16,27,F,523.0,2.0,694.1700000000001,8.0,At-Risk,4.0,Potential
3861,customer_2860,customer2860.gmail.com,Hyderabad,SMS,2022-05-10,64,M,18.0,3.0,1526.72,14.0,champions,3.0,Loyal
3862,customer_2861,customer2861.gmail.com,Hyderabad,Paid Social,2022-09-14,37,F,403.0,4.0,984.34,11.0,At-Risk,3.0,Loyal
3863,customer_2862,customer2862.gmail.com,Chennai,SMS,2023-06-25,55,F,63.0,1.0,648.34,9.0,New Customers,1.0,At-Risk
3864,customer_2863,customer2863.gmail.com,Delhi,Paid Social,2022-03-28,50,F,153.0,5.0,1586.66,14.0,champions,0.0,High Value
3865,customer_2864,customer2864.gmail.com,Chennai,Email,2024-01-17,46,F,147.0,3.0,859.72,11.0,Loyal Customers,3.0,Loyal
3866,customer_2865,customer2865.gmail.com,Pune,SMS,2024-09-22,56,F,980.0,1.0,2062.38,7.0,Lost,2.0,Lost
3867,customer_2866,customer2866.gmail.com,Chennai,Google Search,2024-11-11,23,M,67.0,5.0,1262.98,14.0,champions,3.0,Loyal
3868,customer_2867,customer2867.gmail.com,Delhi,Google Search,2022-01-08,63,M,664.0,1.0,184.02,3.0,Lost,2.0,Lost
3869,customer_2868,customer2868.gmail.com,Pune,SMS,2022-01-22,30,M,1090.0,1.0,259.02,3.0,Lost,2.0,Lost
3870,customer_2869,customer2869.gmail.com,Chennai,Email,2022-03-18,51,M,51.0,5.0,1986.11,15.0,champions,0.0,High Value
3871,customer_2870,customer2870.gmail.com,Mumbai,Organic,2024-03-07,59,M,167.0,3.0,1353.13,13.0,champions,3.0,Loyal
3872,customer_2871,customer2871.gmail.com,Bengaluru,Paid Social,2022-03-21,29,F,693.0,2.0,364.4,6.0,Hibernating,2.0,Lost
3873,customer_2872,customer2872.gmail.com,Delhi,Organic,2022-10-16,38,M,377.0,5.0,1429.61,12.0,At-Risk,0.0,High Value
3874,customer_2873,customer2873.gmail.com,Chennai,Paid Social,2023-08-13,23,M,43.0,1.0,155.43,7.0,New Customers,1.0,At-Risk
3875,customer_2874,customer2874.gmail.com,Hyderabad,Paid Social,2024-10-04,25,F,873.0,1.0,146.49,3.0,Lost,2.0,Lost
3876,customer_2875,customer2875.gmail.com,Delhi,Paid Social,2024-07-07,44,F,112.0,3.0,1244.08,12.0,champions,3.0,Loyal
3877,customer_2876,customer2876.gmail.com,Hyderabad,Organic,2023-02-03,35,F,429.0,2.0,555.87,7.0,At-Risk,1.0,At-Risk
3878,customer_2877,customer2877.gmail.com,Bengaluru,Google Search,2023-09-25,50,M,618.0,2.0,1159.43,8.0,Cannot Lose Them,4.0,Potential
3879,customer_2878,customer2878.gmail.com,Bengaluru,Google Search,2023-12-05,39,M,,,,,,,No Purchase
3880,customer_2879,customer2879.gmail.com,Bengaluru,Google Search,2022-01-19,23,F,,,,,,,No Purchase
3881,customer_2880,customer2880.gmail.com,Delhi,Email,2022-02-18,59,F,464.0,1.0,107.14,4.0,Hibernating,1.0,At-Risk
3882,customer_2881,customer2881.gmail.com,Chennai,Organic,2023-02-07,56,F,710.0,2.0,452.73,6.0,Hibernating,2.0,Lost
3883,customer_2882,customer2882.gmail.com,Hyderabad,Paid Social,2022-12-18,34,M,369.0,2.0,140.92000000000002,6.0,At-Risk,1.0,At-Risk
3884,customer_2883,customer2883.gmail.com,Mumbai,Email,2024-01-01,24,M,79.0,3.0,623.98,12.0,Loyal Customers,3.0,Loyal
3885,customer_2884,customer2884.gmail.com,Pune,Email,2023-07-22,19,M,293.0,5.0,3435.98,13.0,Loyal Customers,0.0,High Value
3886,customer_2885,customer2885.gmail.com,Bengaluru,Organic,2023-12-04,59,M,20.0,4.0,1408.33,15.0,champions,3.0,Loyal
3887,customer_2886,customer2886.gmail.com,Mumbai,SMS,2023-07-18,32,F,617.0,2.0,1059.72,8.0,Cannot Lose Them,4.0,Potential
3888,customer_2887,customer2887.gmail.com,Delhi,SMS,2024-05-16,58,F,203.0,2.0,425.99,9.0,Loyal Customers,1.0,At-Risk
3889,customer_2888,customer2888.gmail.com,Pune,Google Search,2024-04-13,57,F,386.0,3.0,1483.84,11.0,At-Risk,4.0,Potential
3890,customer_2889,customer2889.gmail.com,Chennai,Google Search,2023-02-10,48,M,98.0,4.0,720.0,12.0,Loyal Customers,3.0,Loyal
3891,customer_2890,customer2890.gmail.com,Chennai,Google Search,2022-05-15,27,M,1067.0,1.0,127.29,3.0,Lost,2.0,Lost
3892,customer_2891,customer2891.gmail.com,Chennai,SMS,2023-10-14,61,M,213.0,5.0,2109.32,13.0,Loyal Customers,0.0,High Value
3893,customer_2892,customer2892.gmail.com,Mumbai,Email,2022-03-20,20,M,274.0,3.0,702.53,10.0,Loyal Customers,3.0,Loyal
3894,customer_2893,customer2893.gmail.com,Chennai,Email,2022-12-15,18,M,74.0,2.0,502.66,10.0,Loyal Customers,1.0,At-Risk
3895,customer_2894,customer2894.gmail.com,Chennai,Email,2024-01-22,57,F,187.0,4.0,1133.76,13.0,champions,3.0,Loyal
3896,customer_2895,customer2895.gmail.com,Mumbai,Google Search,2023-10-15,35,M,124.0,3.0,974.93,12.0,champions,3.0,Loyal
3897,customer_2896,customer2896.gmail.com,Chennai,SMS,2022-12-19,61,F,377.0,1.0,503.78,5.0,Hibernating,1.0,At-Risk
3898,customer_2897,customer2897.gmail.com,Bengaluru,Google Search,2024-06-19,58,F,158.0,5.0,1324.42,13.0,champions,3.0,Loyal
3899,customer_2898,customer2898.gmail.com,Mumbai,Paid Social,2023-08-03,23,F,832.0,1.0,129.81,3.0,Lost,2.0,Lost
3900,customer_2899,customer2899.gmail.com,Chennai,Google Search,2024-05-18,57,Others,62.0,2.0,816.14,11.0,Loyal Customers,1.0,At-Risk
3901,customer_2900,customer2900.gmail.com,Mumbai,Paid Social,2023-01-28,41,F,250.0,5.0,1272.01,12.0,Loyal Customers,3.0,Loyal
3902,customer_2901,customer2901.gmail.com,Chennai,Paid Social,2023-06-15,27,M,80.0,2.0,469.15,10.0,Loyal Customers,1.0,At-Risk
3903,customer_2902,customer2902.gmail.com,Pune,SMS,2022-08-23,54,M,455.0,3.0,629.99,9.0,At-Risk,4.0,Potential
3904,customer_2903,customer2903.gmail.com,Pune,Email,2024-04-15,25,F,76.0,6.0,1691.52,15.0,champions,0.0,High Value
3905,customer_2904,customer2904.gmail.com,Delhi,Organic,2023-04-11,42,M,67.0,3.0,962.36,13.0,champions,3.0,Loyal
3906,customer_2905,customer2905.gmail.com,Bengaluru,Google Search,2022-06-29,59,M,115.0,2.0,1409.31,12.0,Loyal Customers,3.0,Loyal
3907,customer_2906,customer2906.gmail.com,Bengaluru,SMS,2024-09-09,20,M,14.0,2.0,377.51,10.0,Loyal Customers,1.0,At-Risk
3908,customer_2907,customer2907.gmail.com,Mumbai,Google Search,2022-01-28,40,M,207.0,2.0,486.18,8.0,Loyal Customers,1.0,At-Risk
3909,customer_2908,customer2908.gmail.com,Bengaluru,Paid Social,2023-06-02,42,F,105.0,5.0,995.93,13.0,champions,3.0,Loyal
3910,customer_2909,customer2909.gmail.com,Bengaluru,Email,2024-03-05,56,Others,48.0,3.0,1113.13,13.0,champions,3.0,Loyal
3911,customer_2910,customer2910.gmail.com,Hyderabad,Email,2023-01-03,26,F,609.0,1.0,552.6,4.0,Lost,2.0,Lost
3912,customer_2911,customer2911.gmail.com,Chennai,Organic,2023-07-12,24,F,202.0,4.0,1492.52,14.0,champions,3.0,Loyal
3913,customer_2912,customer2912.gmail.com,Mumbai,Paid Social,2024-10-24,49,Others,525.0,4.0,927.37,11.0,At-Risk,4.0,Potential
3914,customer_2913,customer2913.gmail.com,Chennai,Organic,2022-12-09,39,M,,,,,,,No Purchase
3915,customer_2914,customer2914.gmail.com,Hyderabad,Google Search,2022-02-14,25,M,406.0,2.0,426.55,7.0,At-Risk,1.0,At-Risk
3916,customer_2915,customer2915.gmail.com,Delhi,Email,2023-05-24,33,M,213.0,2.0,1035.17,10.0,Loyal Customers,1.0,At-Risk
3917,customer_2916,customer2916.gmail.com,Pune,Email,2024-04-05,60,M,330.0,2.0,885.13,10.0,Loyal Customers,1.0,At-Risk
3918,customer_2917,customer2917.gmail.com,Bengaluru,Organic,2023-07-28,42,M,,,,,,,No Purchase
3919,customer_2918,customer2918.gmail.com,Bengaluru,Paid Social,2023-07-20,39,F,259.0,4.0,2730.32,13.0,Loyal Customers,0.0,High Value
3920,customer_2919,customer2919.gmail.com,Hyderabad,Email,2023-03-17,64,M,406.0,3.0,700.71,9.0,At-Risk,4.0,Potential
3921,customer_2920,customer2920.gmail.com,Chennai,SMS,2022-06-30,44,F,187.0,2.0,1021.9,11.0,Loyal Customers,1.0,At-Risk
3922,customer_2921,customer2921.gmail.com,Bengaluru,SMS,2023-09-30,31,M,302.0,1.0,423.99,6.0,Hibernating,1.0,At-Risk
3923,customer_2922,customer2922.gmail.com,Pune,Paid Social,2022-07-31,32,M,505.0,3.0,3038.75,11.0,At-Risk,0.0,High Value
3924,customer_2923,customer2923.gmail.com,Mumbai,Paid Social,2022-05-18,53,M,159.0,1.0,1149.66,9.0,New Customers,1.0,At-Risk
3925,customer_2924,customer2924.gmail.com,Hyderabad,Organic,2022-04-20,30,M,405.0,3.0,2451.52,11.0,At-Risk,0.0,High Value
3926,customer_2925,customer2925.gmail.com,Bengaluru,Paid Social,2024-12-18,41,M,445.0,1.0,61.33,4.0,Hibernating,1.0,At-Risk
3927,customer_2926,customer2926.gmail.com,Pune,Organic,2022-09-24,21,F,487.0,3.0,1791.99,11.0,At-Risk,4.0,Potential
3928,customer_2927,customer2927.gmail.com,Bengaluru,Paid Social,2023-10-22,38,F,549.0,3.0,918.35,10.0,At-Risk,4.0,Potential
3929,customer_2928,customer2928.gmail.com,Bengaluru,SMS,2024-04-23,44,F,43.0,1.0,83.16,7.0,New Customers,1.0,At-Risk
3930,customer_2929,customer2929.gmail.com,Mumbai,Email,2023-12-01,48,M,358.0,5.0,2571.65,13.0,Loyal Customers,0.0,High Value
3931,customer_2930,customer2930.gmail.com,Hyderabad,Paid Social,2024-06-14,36,M,532.0,2.0,115.22,6.0,At-Risk,2.0,Lost
3932,customer_2931,customer2931.gmail.com,Chennai,Paid Social,2024-04-26,35,M,19.0,6.0,1281.2,14.0,champions,0.0,High Value
3933,customer_2932,customer2932.gmail.com,Hyderabad,Paid Social,2023-04-19,60,M,320.0,2.0,259.41,7.0,Loyal Customers,1.0,At-Risk
3934,customer_2933,customer2933.gmail.com,Pune,SMS,2024-06-10,23,F,319.0,2.0,302.11,7.0,Loyal Customers,1.0,At-Risk
3935,customer_2934,customer2934.gmail.com,Chennai,Google Search,2022-07-03,27,Others,137.0,4.0,1168.76,13.0,champions,3.0,Loyal
3936,customer_2935,customer2935.gmail.com,Chennai,Paid Social,2024-08-28,25,M,117.0,2.0,186.19,8.0,Loyal Customers,1.0,At-Risk
3937,customer_2936,customer2936.gmail.com,Hyderabad,SMS,2022-06-21,37,F,325.0,5.0,1045.84,12.0,Loyal Customers,3.0,Loyal
3938,customer_2937,customer2937.gmail.com,Delhi,Email,2023-08-18,21,F,20.0,4.0,1235.61,14.0,champions,3.0,Loyal
3939,customer_2938,customer2938.gmail.com,Mumbai,SMS,2024-05-13,21,F,33.0,4.0,1812.14,15.0,champions,0.0,High Value
3940,customer_2939,customer2939.gmail.com,Bengaluru,Paid Social,2023-06-20,28,M,380.0,2.0,240.42,6.0,At-Risk,1.0,At-Risk
3941,customer_2940,customer2940.gmail.com,Hyderabad,Email,2024-11-02,25,M,56.0,5.0,1334.12,14.0,champions,3.0,Loyal
3942,customer_2941,customer2941.gmail.com,Delhi,SMS,2024-10-21,36,F,489.0,2.0,680.23,8.0,At-Risk,4.0,Potential
3943,customer_2942,customer2942.gmail.com,Hyderabad,Organic,2024-11-28,50,M,37.0,2.0,509.25,10.0,Loyal Customers,1.0,At-Risk
3944,customer_2943,customer2943.gmail.com,Bengaluru,Paid Social,2023-01-24,38,F,849.0,2.0,589.22,7.0,Cannot Lose Them,2.0,Lost
3945,customer_2944,customer2944.gmail.com,Hyderabad,Google Search,2022-04-17,34,F,3.0,6.0,2288.94,15.0,champions,0.0,High Value
3946,customer_2945,customer2945.gmail.com,Bengaluru,SMS,2022-05-21,55,F,21.0,6.0,1807.42,15.0,champions,0.0,High Value
3947,customer_2946,customer2946.gmail.com,Chennai,Google Search,2024-02-15,38,F,,,,,,,No Purchase
3948,customer_2947,customer2947.gmail.com,Pune,SMS,2022-06-28,28,F,311.0,2.0,2060.82,11.0,Loyal Customers,4.0,Potential
3949,customer_2948,customer2948.gmail.com,Hyderabad,Email,2023-11-19,42,M,219.0,4.0,1592.58,13.0,Loyal Customers,3.0,Loyal
3950,customer_2949,customer2949.gmail.com,Mumbai,Google Search,2024-12-12,61,M,550.0,3.0,1090.25,10.0,At-Risk,4.0,Potential
3951,customer_2950,customer2950.gmail.com,Bengaluru,Paid Social,2022-03-10,18,M,101.0,4.0,1080.64,13.0,champions,3.0,Loyal
3952,customer_2951,customer2951.gmail.com,Chennai,Google Search,2024-08-24,61,F,720.0,1.0,246.73,3.0,Lost,2.0,Lost
3953,customer_2952,customer2952.gmail.com,Mumbai,Paid Social,2024-03-08,40,F,638.0,2.0,228.95,5.0,Hibernating,2.0,Lost
3954,customer_2953,customer2953.gmail.com,Pune,Email,2022-05-15,20,M,930.0,1.0,656.41,5.0,Lost,2.0,Lost
3955,customer_2954,customer2954.gmail.com,Mumbai,Paid Social,2022-03-16,35,M,363.0,3.0,351.03,8.0,At-Risk,1.0,At-Risk
3956,customer_2955,customer2955.gmail.com,Mumbai,SMS,2022-07-22,29,M,951.0,1.0,113.63,3.0,Lost,2.0,Lost
3957,customer_2956,customer2956.gmail.com,Pune,Paid Social,2022-10-16,60,M,322.0,6.0,1852.17,13.0,Loyal Customers,0.0,High Value
3958,customer_2957,customer2957.gmail.com,Chennai,Google Search,2024-04-26,23,M,372.0,1.0,658.13,6.0,Hibernating,1.0,At-Risk
3959,customer_2958,customer2958.gmail.com,Hyderabad,Google Search,2024-04-15,36,M,987.0,1.0,113.89,3.0,Lost,2.0,Lost
3960,customer_2959,customer2959.gmail.com,Pune,SMS,2022-11-03,25,M,291.0,2.0,227.79,7.0,Loyal Customers,1.0,At-Risk
3961,customer_2960,customer2960.gmail.com,Delhi,Paid Social,2024-07-22,29,M,,,,,,,No Purchase
3962,customer_2961,customer2961.gmail.com,Bengaluru,Paid Social,2024-07-24,40,F,609.0,2.0,174.29999999999998,5.0,Hibernating,2.0,Lost
3963,customer_2962,customer2962.gmail.com,Chennai,Paid Social,2022-06-01,25,M,576.0,1.0,147.39,4.0,Hibernating,2.0,Lost
3964,customer_2963,customer2963.gmail.com,Chennai,Organic,2022-01-23,21,F,606.0,3.0,1910.88,10.0,Cannot Lose Them,4.0,Potential
3965,customer_2964,customer2964.gmail.com,Bengaluru,Organic,2024-04-06,55,F,164.0,4.0,1395.79,14.0,champions,3.0,Loyal
3966,customer_2965,customer2965.gmail.com,Chennai,Google Search,2022-02-11,23,F,57.0,5.0,1560.76,15.0,champions,0.0,High Value
3967,customer_2966,customer2966.gmail.com,Chennai,Google Search,2022-10-09,44,F,1096.0,1.0,923.75,6.0,Lost,2.0,Lost
3968,customer_2967,customer2967.gmail.com,Hyderabad,Email,2022-12-04,39,F,77.0,3.0,651.35,12.0,Loyal Customers,3.0,Loyal
3969,customer_2968,customer2968.gmail.com,Chennai,Paid Social,2022-05-08,38,M,155.0,4.0,1672.67,14.0,champions,3.0,Loyal
3970,customer_2969,customer2969.gmail.com,Pune,Google Search,2024-07-28,26,M,4.0,3.0,724.48,12.0,Loyal Customers,3.0,Loyal
3971,customer_2970,customer2970.gmail.com,Bengaluru,Email,2024-03-26,21,M,968.0,1.0,272.67,3.0,Lost,2.0,Lost
3972,customer_2971,customer2971.gmail.com,Bengaluru,Organic,2024-02-16,46,M,354.0,1.0,111.6,5.0,Hibernating,1.0,At-Risk
3973,customer_2972,customer2972.gmail.com,Chennai,Google Search,2022-04-07,61,M,783.0,1.0,584.46,5.0,Lost,2.0,Lost
3974,customer_2973,customer2973.gmail.com,Chennai,Paid Social,2023-05-25,32,M,43.0,1.0,190.89,7.0,New Customers,1.0,At-Risk
3975,customer_2974,customer2974.gmail.com,Mumbai,Google Search,2023-01-30,46,F,59.0,5.0,872.2,13.0,Loyal Customers,3.0,Loyal
3976,customer_2975,customer2975.gmail.com,Pune,Organic,2023-05-05,50,F,551.0,2.0,617.72,8.0,At-Risk,4.0,Potential
3977,customer_2976,customer2976.gmail.com,Mumbai,Email,2022-03-03,26,F,91.0,2.0,444.25,10.0,Loyal Customers,1.0,At-Risk
3978,customer_2977,customer2977.gmail.com,Delhi,Email,2022-03-29,31,M,608.0,1.0,102.32,3.0,Lost,2.0,Lost
3979,customer_2978,customer2978.gmail.com,Delhi,Email,2023-02-12,54,F,39.0,4.0,1603.19,15.0,champions,3.0,Loyal
3980,customer_2979,customer2979.gmail.com,Delhi,Paid Social,2024-11-21,40,F,178.0,2.0,1858.23,12.0,Loyal Customers,3.0,Loyal
3981,customer_2980,customer2980.gmail.com,Hyderabad,Google Search,2022-02-02,46,F,169.0,2.0,659.49,10.0,Loyal Customers,1.0,At-Risk
3982,customer_2981,customer2981.gmail.com,Pune,Google Search,2023-04-10,44,M,297.0,5.0,2530.75,13.0,Loyal Customers,0.0,High Value
3983,customer_2982,customer2982.gmail.com,Hyderabad,Email,2023-11-16,23,F,48.0,3.0,534.9200000000001,11.0,Loyal Customers,3.0,Loyal
3984,customer_2983,customer2983.gmail.com,Delhi,SMS,2022-01-02,20,F,,,,,,,No Purchase
3985,customer_2984,customer2984.gmail.com,Chennai,Organic,2022-07-13,56,M,,,,,,,No Purchase
3986,customer_2985,customer2985.gmail.com,Hyderabad,Google Search,2023-12-19,24,F,327.0,3.0,1568.77,12.0,Loyal Customers,4.0,Potential
3987,customer_2986,customer2986.gmail.com,Bengaluru,Organic,2022-10-04,64,F,206.0,3.0,1012.67,11.0,Loyal Customers,3.0,Loyal
3988,customer_2987,customer2987.gmail.com,Hyderabad,Paid Social,2022-12-09,43,F,1036.0,2.0,857.12,7.0,Cannot Lose Them,2.0,Lost
3989,customer_2988,customer2988.gmail.com,Pune,Google Search,2023-10-24,28,M,428.0,2.0,551.63,7.0,At-Risk,1.0,At-Risk
3990,customer_2989,customer2989.gmail.com,Mumbai,Paid Social,2022-04-10,36,M,728.0,1.0,444.32,4.0,Lost,2.0,Lost
3991,customer_2990,customer2990.gmail.com,Pune,Paid Social,2024-04-12,36,M,146.0,4.0,1596.09,14.0,champions,3.0,Loyal
3992,customer_2991,customer2991.gmail.com,Mumbai,Google Search,2022-10-15,31,F,,,,,,,No Purchase
3993,customer_2992,customer2992.gmail.com,Chennai,Organic,2023-06-18,22,M,109.0,1.0,126.3,6.0,New Customers,1.0,At-Risk
3994,customer_2993,customer2993.gmail.com,Hyderabad,Google Search,2022-03-10,37,F,227.0,4.0,1809.39,13.0,Loyal Customers,0.0,High Value
3995,customer_2994,customer2994.gmail.com,Hyderabad,Email,2023-03-12,26,M,630.0,2.0,413.35,6.0,Hibernating,2.0,Lost
3996,customer_2995,customer2995.gmail.com,Pune,Paid Social,2024-01-27,28,F,2.0,4.0,1926.25,15.0,champions,0.0,High Value
3997,customer_2996,customer2996.gmail.com,Chennai,Paid Social,2024-12-26,50,M,38.0,2.0,496.44,10.0,Loyal Customers,1.0,At-Risk
3998,customer_2997,customer2997.gmail.com,Mumbai,Organic,2022-10-07,30,M,5.0,3.0,1584.0299999999995,14.0,champions,3.0,Loyal
3999,customer_2998,customer2998.gmail.com,Delhi,Email,2023-05-20,60,Others,259.0,3.0,894.82,11.0,Loyal Customers,3.0,Loyal
4000,customer_2999,customer2999.gmail.com,Chennai,SMS,2022-12-14,58,M,75.0,5.0,2435.13,15.0,champions,0.0,High Value
4001,customer_3000,customer3000.gmail.com,Delhi,Organic,2024-09-02,21,M,393.0,4.0,939.46,11.0,At-Risk,3.0,Loyal
4002,customer_3001,customer3001.gmail.com,Hyderabad,SMS,2022-09-24,53,M,191.0,2.0,385.93,9.0,Loyal Customers,1.0,At-Risk
4003,customer_3002,customer3002.gmail.com,Hyderabad,Email,2023-11-22,59,M,834.0,2.0,1762.72,9.0,Cannot Lose Them,4.0,Potential
4004,customer_3003,customer3003.gmail.com,Chennai,Paid Social,2023-09-06,64,M,5.0,3.0,3102.77,14.0,champions,0.0,High Value
4005,customer_3004,customer3004.gmail.com,Chennai,Email,2023-07-27,45,F,360.0,4.0,1051.85,11.0,At-Risk,3.0,Loyal
4006,customer_3005,customer3005.gmail.com,Chennai,Email,2023-08-17,41,M,67.0,2.0,577.8,11.0,Loyal Customers,1.0,At-Risk
4007,customer_3006,customer3006.gmail.com,Bengaluru,Organic,2022-06-21,60,Others,125.0,3.0,929.07,12.0,champions,3.0,Loyal
4008,customer_3007,customer3007.gmail.com,Hyderabad,Paid Social,2024-10-30,18,F,101.0,4.0,2181.34,14.0,champions,0.0,High Value
4009,customer_3008,customer3008.gmail.com,Chennai,Paid Social,2024-01-29,36,F,117.0,1.0,359.64,7.0,New Customers,1.0,At-Risk
4010,customer_3009,customer3009.gmail.com,Hyderabad,Paid Social,2023-04-05,39,M,1090.0,1.0,50.75,3.0,Lost,2.0,Lost
4011,customer_3010,customer3010.gmail.com,Bengaluru,Google Search,2022-08-29,33,F,187.0,2.0,339.03000000000003,9.0,Loyal Customers,1.0,At-Risk
4012,customer_3011,customer3011.gmail.com,Bengaluru,Email,2024-02-22,39,M,361.0,3.0,2090.8900000000003,11.0,At-Risk,0.0,High Value
4013,customer_3012,customer3012.gmail.com,Pune,Paid Social,2024-08-29,55,F,15.0,6.0,1826.03,15.0,champions,0.0,High Value
4014,customer_3013,customer3013.gmail.com,Chennai,Google Search,2024-03-16,41,F,23.0,2.0,734.04,11.0,Loyal Customers,1.0,At-Risk
4015,customer_3014,customer3014.gmail.com,Hyderabad,Organic,2023-09-02,40,M,336.0,2.0,508.61,8.0,Loyal Customers,1.0,At-Risk
4016,customer_3015,customer3015.gmail.com,Delhi,Google Search,2023-06-08,45,F,542.0,3.0,1241.61,10.0,At-Risk,4.0,Potential
4017,customer_3016,customer3016.gmail.com,Hyderabad,Organic,2022-10-13,52,F,363.0,3.0,1023.44,10.0,At-Risk,4.0,Potential
4018,customer_3017,customer3017.gmail.com,Hyderabad,SMS,2022-03-14,21,F,48.0,4.0,1069.37,14.0,champions,3.0,Loyal
4019,customer_3018,customer3018.gmail.com,Chennai,Email,2024-12-03,20,M,478.0,2.0,205.86,6.0,At-Risk,1.0,At-Risk
4020,customer_3019,customer3019.gmail.com,Mumbai,Google Search,2022-06-23,58,Others,93.0,4.0,950.24,13.0,champions,3.0,Loyal
4021,customer_3020,customer3020.gmail.com,Mumbai,Organic,2023-03-23,49,F,157.0,3.0,813.98,11.0,Loyal Customers,3.0,Loyal
4022,customer_3021,customer3021.gmail.com,Pune,SMS,2022-01-26,34,M,31.0,2.0,920.71,12.0,Loyal Customers,1.0,At-Risk
4023,customer_3022,customer3022.gmail.com,Delhi,Paid Social,2024-09-19,35,F,,,,,,,No Purchase
4024,customer_3023,customer3023.gmail.com,Mumbai,SMS,2022-10-22,62,M,33.0,5.0,1610.19,15.0,champions,0.0,High Value
4025,customer_3024,customer3024.gmail.com,Chennai,Paid Social,2023-01-24,27,F,429.0,1.0,285.99,4.0,Hibernating,1.0,At-Risk
4026,customer_3025,customer3025.gmail.com,Chennai,Organic,2023-05-28,48,F,803.0,2.0,420.28,6.0,Hibernating,2.0,Lost
4027,customer_3026,customer3026.gmail.com,Delhi,Email,2024-12-11,53,F,548.0,3.0,1308.87,10.0,At-Risk,4.0,Potential
4028,customer_3027,customer3027.gmail.com,Bengaluru,SMS,2024-02-15,23,M,154.0,4.0,1624.66,14.0,champions,3.0,Loyal
4029,customer_3028,customer3028.gmail.com,Hyderabad,Organic,2024-07-22,23,M,103.0,1.0,302.77,6.0,New Customers,1.0,At-Risk
4030,customer_3029,customer3029.gmail.com,Pune,Organic,2022-11-11,42,F,586.0,2.0,555.0999999999999,7.0,At-Risk,4.0,Potential
4031,customer_3030,customer3030.gmail.com,Delhi,Organic,2022-11-19,33,F,31.0,3.0,456.8,11.0,Loyal Customers,3.0,Loyal
4032,customer_3031,customer3031.gmail.com,Chennai,Paid Social,2023-05-05,31,M,662.0,1.0,46.57,3.0,Lost,2.0,Lost
4033,customer_3032,customer3032.gmail.com,Mumbai,Email,2022-09-20,20,F,118.0,6.0,1381.42,14.0,champions,0.0,High Value
4034,customer_3033,customer3033.gmail.com,Hyderabad,SMS,2022-09-21,60,M,414.0,1.0,241.55,4.0,Hibernating,1.0,At-Risk
4035,customer_3034,customer3034.gmail.com,Hyderabad,Paid Social,2022-02-03,40,M,,,,,,,No Purchase
4036,customer_3035,customer3035.gmail.com,Hyderabad,Email,2024-03-20,62,F,213.0,4.0,1857.17,13.0,Loyal Customers,0.0,High Value
4037,customer_3036,customer3036.gmail.com,Chennai,Email,2024-01-06,19,F,655.0,3.0,538.05,7.0,Hibernating,4.0,Potential
4038,customer_3037,customer3037.gmail.com,Pune,Paid Social,2024-10-02,18,F,319.0,3.0,456.36,9.0,Loyal Customers,1.0,At-Risk
4039,customer_3038,customer3038.gmail.com,Bengaluru,SMS,2023-08-26,32,F,133.0,2.0,744.8199999999999,10.0,Loyal Customers,1.0,At-Risk
4040,customer_3039,customer3039.gmail.com,Hyderabad,Paid Social,2022-12-28,30,F,425.0,1.0,125.06,4.0,Hibernating,1.0,At-Risk
4041,customer_3040,customer3040.gmail.com,Hyderabad,Email,2024-02-08,32,M,59.0,3.0,797.12,12.0,Loyal Customers,3.0,Loyal
4042,customer_3041,customer3041.gmail.com,Hyderabad,SMS,2022-05-03,19,F,6.0,3.0,600.05,12.0,Loyal Customers,3.0,Loyal
4043,customer_3042,customer3042.gmail.com,Bengaluru,Organic,2024-06-24,38,M,783.0,2.0,661.8299999999999,7.0,Cannot Lose Them,2.0,Lost
4044,customer_3043,customer3043.gmail.com,Mumbai,Organic,2022-06-14,42,F,,,,,,,No Purchase
4045,customer_3044,customer3044.gmail.com,Chennai,Google Search,2024-02-20,22,F,8.0,5.0,1068.2,14.0,champions,3.0,Loyal
4046,customer_3045,customer3045.gmail.com,Delhi,Google Search,2022-05-31,44,F,583.0,5.0,4193.07,12.0,At-Risk,0.0,High Value
4047,customer_3046,customer3046.gmail.com,Hyderabad,Organic,2023-05-12,35,F,704.0,1.0,425.38,4.0,Lost,2.0,Lost
4048,customer_3047,customer3047.gmail.com,Hyderabad,Paid Social,2022-11-09,45,M,337.0,2.0,2479.0,11.0,Loyal Customers,4.0,Potential
4049,customer_3048,customer3048.gmail.com,Mumbai,Google Search,2022-08-22,48,F,66.0,1.0,495.85,8.0,New Customers,1.0,At-Risk
4050,customer_3049,customer3049.gmail.com,Bengaluru,Google Search,2023-10-12,48,M,557.0,2.0,1143.5,9.0,At-Risk,4.0,Potential
4051,customer_3050,customer3050.gmail.com,Chennai,SMS,2024-04-29,39,M,473.0,1.0,285.07,4.0,Hibernating,1.0,At-Risk
4052,customer_3051,customer3051.gmail.com,Chennai,Paid Social,2024-01-18,45,F,185.0,2.0,544.89,9.0,Loyal Customers,1.0,At-Risk
4053,customer_3052,customer3052.gmail.com,Bengaluru,Paid Social,2022-08-29,34,M,435.0,3.0,563.74,8.0,At-Risk,4.0,Potential
4054,customer_3053,customer3053.gmail.com,Delhi,Paid Social,2023-03-08,36,M,51.0,4.0,1116.78,14.0,champions,3.0,Loyal
4055,customer_3054,customer3054.gmail.com,Bengaluru,SMS,2024-06-05,22,F,352.0,3.0,641.9599999999999,10.0,Loyal Customers,4.0,Potential
4056,customer_3055,customer3055.gmail.com,Bengaluru,Google Search,2023-06-19,33,M,469.0,5.0,1454.58,12.0,At-Risk,0.0,High Value
4057,customer_3056,customer3056.gmail.com,Mumbai,SMS,2024-05-21,64,F,860.0,1.0,268.96,3.0,Lost,2.0,Lost
4058,customer_3057,customer3057.gmail.com,Mumbai,Organic,2022-11-07,48,M,695.0,2.0,415.79,6.0,Hibernating,2.0,Lost
4059,customer_3058,customer3058.gmail.com,Mumbai,Email,2024-10-09,35,F,296.0,1.0,770.36,7.0,Hibernating,1.0,At-Risk
4060,customer_3059,customer3059.gmail.com,Delhi,Organic,2024-02-01,18,M,131.0,2.0,1232.64,11.0,Loyal Customers,3.0,Loyal
4061,customer_3060,customer3060.gmail.com,Bengaluru,Organic,2022-01-23,53,M,77.0,2.0,1379.77,13.0,Loyal Customers,3.0,Loyal
4062,customer_3061,customer3061.gmail.com,Mumbai,Google Search,2024-08-03,32,F,,,,,,,No Purchase
4063,customer_3062,customer3062.gmail.com,Pune,Google Search,2022-07-01,21,M,185.0,3.0,584.4300000000001,11.0,Loyal Customers,3.0,Loyal
4064,customer_3063,customer3063.gmail.com,Chennai,Email,2024-10-17,60,F,162.0,1.0,498.57,7.0,New Customers,1.0,At-Risk
4065,customer_3064,customer3064.gmail.com,Hyderabad,Google Search,2023-03-05,52,M,134.0,5.0,1018.77,13.0,champions,3.0,Loyal
4066,customer_3065,customer3065.gmail.com,Pune,Paid Social,2022-11-23,40,M,,,,,,,No Purchase
4067,customer_3066,customer3066.gmail.com,Delhi,Organic,2023-06-08,48,M,34.0,4.0,1690.04,15.0,champions,3.0,Loyal
4068,customer_3067,customer3067.gmail.com,Bengaluru,Email,2024-01-29,58,F,138.0,3.0,894.97,12.0,champions,3.0,Loyal
4069,customer_3068,customer3068.gmail.com,Bengaluru,Email,2022-03-18,28,M,,,,,,,No Purchase
4070,customer_3069,customer3069.gmail.com,Hyderabad,Google Search,2022-12-24,44,F,604.0,1.0,302.93,3.0,Lost,2.0,Lost
4071,customer_3070,customer3070.gmail.com,Delhi,Email,2022-06-25,59,F,519.0,1.0,223.11,4.0,Hibernating,2.0,Lost
4072,customer_3071,customer3071.gmail.com,Chennai,Email,2023-12-12,55,F,39.0,3.0,1507.48,14.0,champions,3.0,Loyal
4073,customer_3072,customer3072.gmail.com,Delhi,Paid Social,2023-07-16,22,F,1023.0,1.0,461.18,4.0,Lost,2.0,Lost
4074,customer_3073,customer3073.gmail.com,Pune,Organic,2024-08-24,38,Others,26.0,3.0,2371.48,14.0,champions,0.0,High Value
4075,customer_3074,customer3074.gmail.com,Delhi,Email,2024-08-13,30,M,48.0,4.0,903.23,14.0,champions,3.0,Loyal
4076,customer_3075,customer3075.gmail.com,Bengaluru,Email,2024-02-24,29,M,127.0,2.0,2348.88,12.0,Loyal Customers,0.0,High Value
4077,customer_3076,customer3076.gmail.com,Bengaluru,Email,2024-03-17,35,F,42.0,1.0,327.78,8.0,New Customers,1.0,At-Risk
4078,customer_3077,customer3077.gmail.com,Bengaluru,SMS,2022-05-12,42,F,641.0,1.0,974.55,6.0,Lost,2.0,Lost
4079,customer_3078,customer3078.gmail.com,Bengaluru,Paid Social,2022-05-05,26,M,48.0,2.0,790.8199999999999,11.0,Loyal Customers,1.0,At-Risk
4080,customer_3079,customer3079.gmail.com,Pune,Organic,2022-02-28,38,F,172.0,1.0,387.2,7.0,New Customers,1.0,At-Risk
4081,customer_3080,customer3080.gmail.com,Bengaluru,SMS,2022-08-01,31,M,958.0,1.0,118.42,3.0,Lost,2.0,Lost
4082,customer_3081,customer3081.gmail.com,Bengaluru,Email,2022-10-08,60,F,563.0,2.0,837.48,8.0,At-Risk,4.0,Potential
4083,customer_3082,customer3082.gmail.com,Hyderabad,Google Search,2023-04-25,32,F,189.0,4.0,4059.92,14.0,champions,0.0,High Value
4084,customer_3083,customer3083.gmail.com,Pune,Email,2024-01-11,62,M,510.0,1.0,918.35,7.0,Hibernating,4.0,Potential
4085,customer_3084,customer3084.gmail.com,Pune,Paid Social,2022-05-28,53,M,356.0,5.0,1165.92,12.0,Loyal Customers,3.0,Loyal
4086,customer_3085,customer3085.gmail.com,Delhi,Email,2022-05-19,27,F,205.0,2.0,669.26,9.0,Loyal Customers,1.0,At-Risk
4087,customer_3086,customer3086.gmail.com,Delhi,Google Search,2022-04-10,64,F,737.0,2.0,579.74,7.0,Cannot Lose Them,2.0,Lost
4088,customer_3087,customer3087.gmail.com,Mumbai,SMS,2024-03-10,55,F,613.0,1.0,1699.23,7.0,Lost,4.0,Potential
4089,customer_3088,customer3088.gmail.com,Bengaluru,Paid Social,2024-04-29,21,F,143.0,3.0,607.03,11.0,Loyal Customers,3.0,Loyal
4090,customer_3089,customer3089.gmail.com,Bengaluru,SMS,2023-10-02,61,M,58.0,4.0,3098.75,15.0,champions,0.0,High Value
4091,customer_3090,customer3090.gmail.com,Hyderabad,Google Search,2023-08-31,33,F,110.0,3.0,903.9199999999998,12.0,champions,3.0,Loyal
4092,customer_3091,customer3091.gmail.com,Chennai,Organic,2023-09-21,64,F,418.0,3.0,534.62,8.0,At-Risk,4.0,Potential
4093,customer_3092,customer3092.gmail.com,Pune,SMS,2023-10-26,56,M,,,,,,,No Purchase
4094,customer_3093,customer3093.gmail.com,Pune,SMS,2024-04-26,63,M,,,,,,,No Purchase
4095,customer_3094,customer3094.gmail.com,Hyderabad,Email,2024-10-20,62,M,,,,,,,No Purchase
4096,customer_3095,customer3095.gmail.com,Pune,Paid Social,2024-07-30,50,F,549.0,1.0,213.77,4.0,Hibernating,2.0,Lost
4097,customer_3096,customer3096.gmail.com,Chennai,Paid Social,2022-08-25,55,M,9.0,3.0,1023.24,13.0,champions,3.0,Loyal
4098,customer_3097,customer3097.gmail.com,Hyderabad,Organic,2024-10-11,28,M,291.0,5.0,1810.37,13.0,Loyal Customers,0.0,High Value
4099,customer_3098,customer3098.gmail.com,Chennai,Organic,2024-04-06,23,F,587.0,2.0,1306.89,9.0,At-Risk,4.0,Potential
4100,customer_3099,customer3099.gmail.com,Bengaluru,SMS,2022-09-23,45,M,257.0,8.0,2264.93,13.0,Loyal Customers,0.0,High Value
4101,customer_3100,customer3100.gmail.com,Bengaluru,Organic,2022-10-25,27,F,46.0,6.0,1136.7,14.0,champions,3.0,Loyal
4102,customer_3101,customer3101.gmail.com,Hyderabad,Paid Social,2024-05-20,49,M,381.0,5.0,2065.95,12.0,At-Risk,0.0,High Value
4103,customer_3102,customer3102.gmail.com,Bengaluru,Paid Social,2023-01-20,27,M,831.0,2.0,718.67,7.0,Cannot Lose Them,2.0,Lost
4104,customer_3103,customer3103.gmail.com,Delhi,SMS,2022-05-17,33,F,388.0,1.0,240.64,4.0,Hibernating,1.0,At-Risk
4105,customer_3104,customer3104.gmail.com,Delhi,SMS,2022-06-19,24,Others,431.0,3.0,583.0600000000001,9.0,At-Risk,4.0,Potential
4106,customer_3105,customer3105.gmail.com,Mumbai,Google Search,2022-10-09,47,M,33.0,3.0,551.12,11.0,Loyal Customers,3.0,Loyal
4107,customer_3106,customer3106.gmail.com,Hyderabad,Paid Social,2024-01-19,50,M,659.0,2.0,1630.97,9.0,Cannot Lose Them,4.0,Potential
4108,customer_3107,customer3107.gmail.com,Pune,Organic,2023-09-28,21,F,537.0,1.0,299.49,4.0,Hibernating,2.0,Lost
4109,customer_3108,customer3108.gmail.com,Pune,Google Search,2024-02-29,22,M,482.0,4.0,1362.34,12.0,At-Risk,4.0,Potential
4110,customer_3109,customer3109.gmail.com,Mumbai,Email,2022-09-16,36,M,469.0,5.0,1439.69,12.0,At-Risk,0.0,High Value
4111,customer_3110,customer3110.gmail.com,Delhi,Organic,2024-06-25,28,F,238.0,2.0,329.09000000000003,8.0,Loyal Customers,1.0,At-Risk
4112,customer_3111,customer3111.gmail.com,Hyderabad,Email,2024-04-03,53,F,200.0,1.0,425.37,7.0,New Customers,1.0,At-Risk
4113,customer_3112,customer3112.gmail.com,Mumbai,Google Search,2022-06-17,51,F,192.0,2.0,624.4000000000001,10.0,Loyal Customers,1.0,At-Risk
4114,customer_3113,customer3113.gmail.com,Delhi,Paid Social,2023-04-07,28,F,,,,,,,No Purchase
4115,customer_3114,customer3114.gmail.com,Hyderabad,Paid Social,2023-05-08,56,F,507.0,2.0,885.09,9.0,At-Risk,4.0,Potential
4116,customer_3115,customer3115.gmail.com,Bengaluru,Email,2024-06-30,32,F,,,,,,,No Purchase
4117,customer_3116,customer3116.gmail.com,Delhi,Paid Social,2023-06-01,22,M,947.0,1.0,181.05,3.0,Lost,2.0,Lost
4118,customer_3117,customer3117.gmail.com,Hyderabad,SMS,2022-02-22,24,F,384.0,2.0,354.12,7.0,At-Risk,1.0,At-Risk
4119,customer_3118,customer3118.gmail.com,Delhi,Google Search,2023-10-13,28,F,55.0,3.0,1987.01,14.0,champions,3.0,Loyal
4120,customer_3119,customer3119.gmail.com,Delhi,Organic,2022-04-25,48,F,373.0,2.0,588.9399999999999,8.0,At-Risk,1.0,At-Risk
4121,customer_3120,customer3120.gmail.com,Mumbai,Google Search,2022-04-15,38,F,34.0,3.0,1050.95,13.0,champions,3.0,Loyal
4122,customer_3121,customer3121.gmail.com,Bengaluru,Email,2024-02-02,36,F,1056.0,1.0,252.18,3.0,Lost,2.0,Lost
4123,customer_3122,customer3122.gmail.com,Chennai,Email,2022-02-14,30,M,270.0,1.0,267.86,5.0,Hibernating,1.0,At-Risk
4124,customer_3123,customer3123.gmail.com,Chennai,Paid Social,2022-07-09,47,M,133.0,2.0,2038.64,12.0,Loyal Customers,3.0,Loyal
4125,customer_3124,customer3124.gmail.com,Hyderabad,Email,2024-09-27,39,F,560.0,3.0,747.08,9.0,At-Risk,4.0,Potential
4126,customer_3125,customer3125.gmail.com,Delhi,Organic,2023-08-09,57,M,1009.0,1.0,81.42,3.0,Lost,2.0,Lost
4127,customer_3126,customer3126.gmail.com,Pune,Google Search,2024-12-26,32,M,748.0,1.0,1126.95,6.0,Lost,2.0,Lost
4128,customer_3127,customer3127.gmail.com,Bengaluru,Organic,2024-09-05,35,M,93.0,2.0,322.29999999999995,9.0,Loyal Customers,1.0,At-Risk
4129,customer_3128,customer3128.gmail.com,Delhi,Google Search,2024-03-07,52,F,344.0,3.0,1625.99,12.0,Loyal Customers,4.0,Potential
4130,customer_3129,customer3129.gmail.com,Pune,Paid Social,2023-05-23,35,M,438.0,3.0,686.3499999999999,9.0,At-Risk,4.0,Potential
4131,customer_3130,customer3130.gmail.com,Mumbai,Email,2023-06-04,62,F,174.0,4.0,454.64,11.0,Loyal Customers,3.0,Loyal
4132,customer_3131,customer3131.gmail.com,Hyderabad,Google Search,2022-12-11,24,F,45.0,3.0,643.56,12.0,Loyal Customers,3.0,Loyal
4133,customer_3132,customer3132.gmail.com,Bengaluru,SMS,2024-10-10,48,M,129.0,4.0,1681.5,14.0,champions,3.0,Loyal
4134,customer_3133,customer3133.gmail.com,Bengaluru,SMS,2024-05-19,20,M,156.0,5.0,2093.7200000000003,14.0,champions,0.0,High Value
4135,customer_3134,customer3134.gmail.com,Hyderabad,SMS,2024-12-11,52,F,237.0,2.0,1059.49,10.0,Loyal Customers,1.0,At-Risk
4136,customer_3135,customer3135.gmail.com,Delhi,SMS,2024-02-19,25,M,188.0,3.0,1140.67,12.0,champions,3.0,Loyal
4137,customer_3136,customer3136.gmail.com,Hyderabad,Organic,2024-05-20,46,M,173.0,3.0,851.04,11.0,Loyal Customers,3.0,Loyal
4138,customer_3137,customer3137.gmail.com,Hyderabad,Email,2022-08-14,55,M,152.0,2.0,451.1,9.0,Loyal Customers,1.0,At-Risk
4139,customer_3138,customer3138.gmail.com,Bengaluru,Google Search,2022-04-07,32,M,298.0,3.0,775.32,10.0,Loyal Customers,3.0,Loyal
4140,customer_3139,customer3139.gmail.com,Delhi,SMS,2024-07-14,19,Others,,,,,,,No Purchase
4141,customer_3140,customer3140.gmail.com,Hyderabad,SMS,2024-07-24,23,M,311.0,5.0,1569.88,13.0,Loyal Customers,0.0,High Value
4142,customer_3141,customer3141.gmail.com,Chennai,Google Search,2022-09-26,64,F,426.0,1.0,1342.65,7.0,Hibernating,4.0,Potential
4143,customer_3142,customer3142.gmail.com,Chennai,Paid Social,2023-02-18,30,M,500.0,3.0,388.67,8.0,At-Risk,4.0,Potential
4144,customer_3143,customer3143.gmail.com,Delhi,Organic,2024-02-27,32,F,50.0,6.0,5551.87,15.0,champions,0.0,High Value
4145,customer_3144,customer3144.gmail.com,Mumbai,Organic,2022-06-15,33,F,725.0,1.0,188.93,3.0,Lost,2.0,Lost
4146,customer_3145,customer3145.gmail.com,Chennai,Email,2022-07-10,40,F,553.0,1.0,343.2,5.0,Hibernating,2.0,Lost
4147,customer_3146,customer3146.gmail.com,Bengaluru,SMS,2023-01-08,56,F,177.0,4.0,1253.59,13.0,champions,3.0,Loyal
4148,customer_3147,customer3147.gmail.com,Bengaluru,Email,2022-01-23,56,F,,,,,,,No Purchase
4149,customer_3148,customer3148.gmail.com,Mumbai,Email,2022-08-05,62,Others,119.0,2.0,314.66,8.0,Loyal Customers,1.0,At-Risk
4150,customer_3149,customer3149.gmail.com,Hyderabad,Email,2023-01-18,39,M,249.0,5.0,1951.73,13.0,Loyal Customers,0.0,High Value
4151,customer_3150,customer3150.gmail.com,Mumbai,Email,2022-01-31,35,F,414.0,5.0,885.1,11.0,At-Risk,3.0,Loyal
4152,customer_3151,customer3151.gmail.com,Mumbai,Google Search,2024-08-29,21,F,970.0,1.0,277.29,3.0,Lost,2.0,Lost
4153,customer_3152,customer3152.gmail.com,Bengaluru,Google Search,2023-07-07,53,F,4.0,8.0,2716.95,15.0,champions,0.0,High Value
4154,customer_3153,customer3153.gmail.com,Pune,Google Search,2022-08-14,37,M,233.0,3.0,1445.52,12.0,Loyal Customers,3.0,Loyal
4155,customer_3154,customer3154.gmail.com,Bengaluru,Email,2023-07-23,31,F,145.0,2.0,422.29,9.0,Loyal Customers,1.0,At-Risk
4156,customer_3155,customer3155.gmail.com,Mumbai,SMS,2023-08-17,37,F,377.0,1.0,608.98,6.0,Hibernating,1.0,At-Risk
4157,customer_3156,customer3156.gmail.com,Bengaluru,Organic,2024-09-17,28,F,351.0,5.0,1130.86,12.0,Loyal Customers,3.0,Loyal
4158,customer_3157,customer3157.gmail.com,Pune,SMS,2024-07-20,18,M,95.0,2.0,326.79,9.0,Loyal Customers,1.0,At-Risk
4159,customer_3158,customer3158.gmail.com,Mumbai,Email,2022-07-24,23,M,330.0,3.0,1163.25,11.0,Loyal Customers,4.0,Potential
4160,customer_3159,customer3159.gmail.com,Bengaluru,Paid Social,2023-07-28,33,F,322.0,2.0,427.47,8.0,Loyal Customers,1.0,At-Risk
4161,customer_3160,customer3160.gmail.com,Hyderabad,Google Search,2024-07-19,63,F,407.0,1.0,736.65,6.0,Hibernating,1.0,At-Risk
4162,customer_3161,customer3161.gmail.com,Mumbai,SMS,2022-06-04,53,F,879.0,2.0,472.37,6.0,Hibernating,2.0,Lost
4163,customer_3162,customer3162.gmail.com,Pune,Google Search,2023-07-30,41,M,7.0,2.0,584.83,11.0,Loyal Customers,1.0,At-Risk
4164,customer_3163,customer3163.gmail.com,Bengaluru,SMS,2024-03-25,28,F,346.0,5.0,1294.27,12.0,Loyal Customers,3.0,Loyal
4165,customer_3164,customer3164.gmail.com,Mumbai,Paid Social,2022-03-12,19,F,506.0,1.0,486.48,5.0,Hibernating,2.0,Lost
4166,customer_3165,customer3165.gmail.com,Bengaluru,SMS,2024-12-25,41,M,526.0,1.0,358.61,5.0,Hibernating,2.0,Lost
4167,customer_3166,customer3166.gmail.com,Chennai,Google Search,2024-12-02,21,F,79.0,3.0,1045.86,13.0,champions,3.0,Loyal
4168,customer_3167,customer3167.gmail.com,Delhi,Paid Social,2023-07-23,19,F,200.0,3.0,759.42,11.0,Loyal Customers,3.0,Loyal
4169,customer_3168,customer3168.gmail.com,Chennai,Google Search,2022-08-22,57,F,1002.0,1.0,193.93,3.0,Lost,2.0,Lost
4170,customer_3169,customer3169.gmail.com,Mumbai,Organic,2024-05-07,26,F,67.0,4.0,562.06,12.0,Loyal Customers,3.0,Loyal
4171,customer_3170,customer3170.gmail.com,Mumbai,Email,2023-06-14,57,F,632.0,1.0,187.39,3.0,Lost,2.0,Lost
4172,customer_3171,customer3171.gmail.com,Delhi,Organic,2023-02-08,36,M,343.0,2.0,308.5,7.0,Loyal Customers,1.0,At-Risk
4173,customer_3172,customer3172.gmail.com,Bengaluru,Email,2024-10-07,56,F,950.0,1.0,286.76,3.0,Lost,2.0,Lost
4174,customer_3173,customer3173.gmail.com,Hyderabad,Email,2022-07-14,35,M,26.0,4.0,1512.29,15.0,champions,3.0,Loyal
4175,customer_3174,customer3174.gmail.com,Hyderabad,Organic,2024-06-12,26,M,888.0,1.0,126.18,3.0,Lost,2.0,Lost
4176,customer_3175,customer3175.gmail.com,Hyderabad,Paid Social,2023-07-23,61,F,59.0,2.0,1679.56,13.0,Loyal Customers,3.0,Loyal
4177,customer_3176,customer3176.gmail.com,Chennai,Email,2022-12-22,46,F,209.0,4.0,1627.66,13.0,Loyal Customers,3.0,Loyal
4178,customer_3177,customer3177.gmail.com,Delhi,SMS,2022-11-26,34,M,378.0,3.0,2730.99,11.0,At-Risk,0.0,High Value
4179,customer_3178,customer3178.gmail.com,Chennai,Organic,2022-04-18,57,F,710.0,2.0,761.4,7.0,Cannot Lose Them,2.0,Lost
4180,customer_3179,customer3179.gmail.com,Pune,SMS,2024-09-06,22,M,250.0,2.0,849.31,9.0,Loyal Customers,1.0,At-Risk
4181,customer_3180,customer3180.gmail.com,Mumbai,Paid Social,2024-10-28,56,F,317.0,2.0,964.42,10.0,Loyal Customers,4.0,Potential
4182,customer_3181,customer3181.gmail.com,Chennai,Paid Social,2024-03-26,44,M,921.0,1.0,124.43,3.0,Lost,2.0,Lost
4183,customer_3182,customer3182.gmail.com,Pune,Organic,2022-07-05,61,F,326.0,2.0,541.65,8.0,Loyal Customers,1.0,At-Risk
4184,customer_3183,customer3183.gmail.com,Chennai,SMS,2023-09-21,32,M,100.0,3.0,2616.72,13.0,champions,0.0,High Value
4185,customer_3184,customer3184.gmail.com,Mumbai,Google Search,2023-12-05,60,M,608.0,4.0,2005.51,11.0,Cannot Lose Them,4.0,Potential
4186,customer_3185,customer3185.gmail.com,Chennai,Email,2024-12-30,42,F,,,,,,,No Purchase
4187,customer_3186,customer3186.gmail.com,Chennai,Google Search,2024-08-10,38,M,139.0,4.0,2132.6,14.0,champions,0.0,High Value
4188,customer_3187,customer3187.gmail.com,Pune,Google Search,2023-05-06,57,F,161.0,3.0,1719.69,13.0,champions,3.0,Loyal
4189,customer_3188,customer3188.gmail.com,Pune,Organic,2023-07-06,44,M,584.0,3.0,249.82,7.0,At-Risk,4.0,Potential
4190,customer_3189,customer3189.gmail.com,Delhi,Google Search,2024-02-10,40,M,199.0,1.0,84.75,6.0,New Customers,1.0,At-Risk
4191,customer_3190,customer3190.gmail.com,Delhi,Google Search,2023-12-04,35,F,17.0,5.0,2015.3,15.0,champions,0.0,High Value
4192,customer_3191,customer3191.gmail.com,Pune,Email,2022-01-11,31,F,131.0,2.0,735.79,10.0,Loyal Customers,1.0,At-Risk
4193,customer_3192,customer3192.gmail.com,Mumbai,Paid Social,2024-12-17,30,M,728.0,3.0,796.73,8.0,Cannot Lose Them,4.0,Potential
4194,customer_3193,customer3193.gmail.com,Bengaluru,Email,2023-12-17,58,M,323.0,4.0,1572.94,13.0,Loyal Customers,3.0,Loyal
4195,customer_3194,customer3194.gmail.com,Pune,Email,2022-04-16,38,M,533.0,1.0,474.61,5.0,Hibernating,2.0,Lost
4196,customer_3195,customer3195.gmail.com,Delhi,Organic,2024-03-24,43,F,246.0,4.0,861.38,11.0,Loyal Customers,3.0,Loyal
4197,customer_3196,customer3196.gmail.com,Mumbai,Paid Social,2023-06-08,58,M,12.0,4.0,673.77,13.0,Loyal Customers,3.0,Loyal
4198,customer_3197,customer3197.gmail.com,Bengaluru,SMS,2024-07-29,51,F,461.0,3.0,700.9799999999999,9.0,At-Risk,4.0,Potential
4199,customer_3198,customer3198.gmail.com,Pune,SMS,2023-12-27,24,F,337.0,2.0,1356.77,11.0,Loyal Customers,4.0,Potential
4200,customer_3199,customer3199.gmail.com,Chennai,Google Search,2022-07-31,19,M,19.0,5.0,3397.21,15.0,champions,0.0,High Value
4201,customer_3200,customer3200.gmail.com,Chennai,Organic,2024-03-27,31,M,119.0,7.0,2112.3,14.0,champions,0.0,High Value
4202,customer_3201,customer3201.gmail.com,Delhi,Paid Social,2022-08-10,63,M,454.0,2.0,947.24,9.0,At-Risk,4.0,Potential
4203,customer_3202,customer3202.gmail.com,Hyderabad,Organic,2022-06-08,25,M,733.0,3.0,1100.78,9.0,Cannot Lose Them,4.0,Potential
4204,customer_3203,customer3203.gmail.com,Mumbai,Paid Social,2022-01-20,45,F,301.0,4.0,1368.27,13.0,Loyal Customers,3.0,Loyal
4205,customer_3204,customer3204.gmail.com,Bengaluru,Paid Social,2023-10-04,27,Others,398.0,1.0,119.3,4.0,Hibernating,1.0,At-Risk
4206,customer_3205,customer3205.gmail.com,Delhi,Email,2022-09-19,51,F,145.0,2.0,524.56,9.0,Loyal Customers,1.0,At-Risk
4207,customer_3206,customer3206.gmail.com,Hyderabad,Paid Social,2023-02-14,36,M,392.0,1.0,144.66,4.0,Hibernating,1.0,At-Risk
4208,customer_3207,customer3207.gmail.com,Pune,Paid Social,2024-11-26,46,M,673.0,2.0,1013.12,8.0,Cannot Lose Them,4.0,Potential
4209,customer_3208,customer3208.gmail.com,Mumbai,SMS,2023-04-28,33,M,824.0,1.0,371.0,4.0,Lost,2.0,Lost
4210,customer_3209,customer3209.gmail.com,Bengaluru,Google Search,2023-09-26,50,M,99.0,2.0,1060.63,11.0,Loyal Customers,1.0,At-Risk
4211,customer_3210,customer3210.gmail.com,Delhi,SMS,2022-07-18,23,M,778.0,1.0,619.79,5.0,Lost,2.0,Lost
4212,customer_3211,customer3211.gmail.com,Chennai,Email,2023-03-26,62,F,157.0,3.0,568.44,11.0,Loyal Customers,3.0,Loyal
4213,customer_3212,customer3212.gmail.com,Pune,Email,2024-09-13,29,M,593.0,2.0,797.74,8.0,At-Risk,4.0,Potential
4214,customer_3213,customer3213.gmail.com,Delhi,Organic,2022-05-07,44,F,112.0,3.0,1804.4,13.0,champions,3.0,Loyal
4215,customer_3214,customer3214.gmail.com,Hyderabad,Email,2022-01-12,18,F,965.0,2.0,553.6,6.0,Hibernating,2.0,Lost
4216,customer_3215,customer3215.gmail.com,Chennai,Google Search,2023-05-15,36,F,765.0,1.0,622.13,5.0,Lost,2.0,Lost
4217,customer_3216,customer3216.gmail.com,Pune,Paid Social,2023-11-03,41,F,432.0,2.0,423.58,7.0,At-Risk,1.0,At-Risk
4218,customer_3217,customer3217.gmail.com,Delhi,SMS,2022-03-03,43,F,1078.0,1.0,306.76,3.0,Lost,2.0,Lost
4219,customer_3218,customer3218.gmail.com,Mumbai,Organic,2022-01-16,24,M,851.0,1.0,155.32,3.0,Lost,2.0,Lost
4220,customer_3219,customer3219.gmail.com,Mumbai,Email,2024-03-02,24,M,14.0,3.0,945.66,13.0,champions,3.0,Loyal
4221,customer_3220,customer3220.gmail.com,Bengaluru,Email,2022-09-02,40,F,195.0,3.0,674.01,11.0,Loyal Customers,3.0,Loyal
4222,customer_3221,customer3221.gmail.com,Mumbai,Google Search,2024-08-02,55,F,197.0,1.0,198.25,6.0,New Customers,1.0,At-Risk
4223,customer_3222,customer3222.gmail.com,Mumbai,SMS,2023-12-05,25,M,,,,,,,No Purchase
4224,customer_3223,customer3223.gmail.com,Bengaluru,Organic,2022-10-25,58,F,317.0,4.0,722.86,11.0,Loyal Customers,3.0,Loyal
4225,customer_3224,customer3224.gmail.com,Pune,SMS,2024-10-11,23,F,421.0,3.0,1598.4499999999998,11.0,At-Risk,4.0,Potential
4226,customer_3225,customer3225.gmail.com,Chennai,SMS,2022-03-29,58,M,166.0,2.0,615.8,10.0,Loyal Customers,1.0,At-Risk
4227,customer_3226,customer3226.gmail.com,Delhi,Organic,2022-03-19,60,Others,626.0,5.0,2804.83,11.0,Cannot Lose Them,0.0,High Value
4228,customer_3227,customer3227.gmail.com,Pune,Email,2022-08-24,18,M,565.0,2.0,197.66000000000005,6.0,At-Risk,2.0,Lost
4229,customer_3228,customer3228.gmail.com,Delhi,Google Search,2023-10-03,18,F,31.0,5.0,2616.35,15.0,champions,0.0,High Value
4230,customer_3229,customer3229.gmail.com,Mumbai,Google Search,2023-08-25,42,M,179.0,5.0,2349.55,14.0,champions,0.0,High Value
4231,customer_3230,customer3230.gmail.com,Hyderabad,Google Search,2024-11-15,30,M,17.0,3.0,1540.3,14.0,champions,3.0,Loyal
4232,customer_3231,customer3231.gmail.com,Bengaluru,Organic,2022-03-31,60,M,62.0,2.0,1158.79,12.0,Loyal Customers,3.0,Loyal
4233,customer_3232,customer3232.gmail.com,Chennai,SMS,2023-09-05,42,M,88.0,2.0,799.36,11.0,Loyal Customers,1.0,At-Risk
4234,customer_3233,customer3233.gmail.com,Pune,Google Search,2023-12-25,54,M,194.0,2.0,1126.76,11.0,Loyal Customers,1.0,At-Risk
4235,customer_3234,customer3234.gmail.com,Delhi,Google Search,2023-08-31,33,F,2.0,7.0,2977.31,15.0,champions,0.0,High Value
4236,customer_3235,customer3235.gmail.com,Hyderabad,SMS,2022-05-08,32,M,229.0,3.0,843.31,10.0,Loyal Customers,3.0,Loyal
4237,customer_3236,customer3236.gmail.com,Delhi,Email,2023-07-28,52,M,347.0,5.0,1977.01,13.0,Loyal Customers,0.0,High Value
4238,customer_3237,customer3237.gmail.com,Bengaluru,Email,2022-12-15,56,F,38.0,4.0,999.23,14.0,champions,3.0,Loyal
4239,customer_3238,customer3238.gmail.com,Pune,Google Search,2024-11-16,28,F,339.0,2.0,269.24,7.0,Loyal Customers,1.0,At-Risk
4240,customer_3239,customer3239.gmail.com,Chennai,SMS,2023-08-20,39,M,116.0,3.0,494.57,10.0,Loyal Customers,3.0,Loyal
4241,customer_3240,customer3240.gmail.com,Bengaluru,Email,2023-05-02,36,M,15.0,5.0,1398.72,15.0,champions,3.0,Loyal
4242,customer_3241,customer3241.gmail.com,Chennai,Paid Social,2022-01-29,54,F,214.0,2.0,749.9200000000001,9.0,Loyal Customers,1.0,At-Risk
4243,customer_3242,customer3242.gmail.com,Pune,Paid Social,2022-06-18,21,M,257.0,2.0,1061.33,10.0,Loyal Customers,1.0,At-Risk
4244,customer_3243,customer3243.gmail.com,Bengaluru,Organic,2022-08-21,42,F,168.0,4.0,1072.75,13.0,champions,3.0,Loyal
4245,customer_3244,customer3244.gmail.com,Pune,Organic,2023-01-16,57,M,94.0,2.0,282.96000000000004,8.0,Loyal Customers,1.0,At-Risk
4246,customer_3245,customer3245.gmail.com,Mumbai,Google Search,2024-06-26,23,F,73.0,4.0,1820.9,15.0,champions,0.0,High Value
4247,customer_3246,customer3246.gmail.com,Pune,SMS,2022-11-03,62,F,304.0,5.0,1282.13,12.0,Loyal Customers,3.0,Loyal
4248,customer_3247,customer3247.gmail.com,Mumbai,Organic,2022-10-07,44,F,248.0,5.0,1904.91,13.0,Loyal Customers,0.0,High Value
4249,customer_3248,customer3248.gmail.com,Hyderabad,SMS,2023-06-27,19,F,513.0,1.0,147.72,4.0,Hibernating,2.0,Lost
4250,customer_3249,customer3249.gmail.com,Pune,Paid Social,2024-01-19,64,Others,310.0,2.0,355.98,8.0,Loyal Customers,1.0,At-Risk
4251,customer_3250,customer3250.gmail.com,Delhi,SMS,2023-03-19,28,M,80.0,2.0,518.0699999999999,10.0,Loyal Customers,1.0,At-Risk
4252,customer_3251,customer3251.gmail.com,Pune,Google Search,2022-10-23,55,F,802.0,1.0,419.49,4.0,Lost,2.0,Lost
4253,customer_3252,customer3252.gmail.com,Pune,Email,2024-12-12,27,F,590.0,2.0,310.61,6.0,At-Risk,2.0,Lost
4254,customer_3253,customer3253.gmail.com,Hyderabad,Organic,2024-04-12,38,M,2.0,2.0,3070.2200000000003,13.0,Loyal Customers,0.0,High Value
4255,customer_3254,customer3254.gmail.com,Delhi,SMS,2023-08-19,35,M,71.0,4.0,1372.26,15.0,champions,3.0,Loyal
4256,customer_3255,customer3255.gmail.com,Mumbai,Google Search,2023-12-26,53,F,595.0,2.0,945.37,9.0,At-Risk,4.0,Potential
4257,customer_3256,customer3256.gmail.com,Chennai,SMS,2022-08-27,23,M,569.0,3.0,411.65,8.0,At-Risk,4.0,Potential
4258,customer_3257,customer3257.gmail.com,Pune,Google Search,2023-09-13,62,F,418.0,2.0,498.73,7.0,At-Risk,1.0,At-Risk
4259,customer_3258,customer3258.gmail.com,Pune,Google Search,2023-01-11,33,M,555.0,2.0,615.52,8.0,At-Risk,4.0,Potential
4260,customer_3259,customer3259.gmail.com,Delhi,Organic,2023-06-18,36,F,492.0,1.0,143.64,4.0,Hibernating,2.0,Lost
4261,customer_3260,customer3260.gmail.com,Hyderabad,Email,2023-03-21,48,F,411.0,1.0,194.49,4.0,Hibernating,1.0,At-Risk
4262,customer_3261,customer3261.gmail.com,Delhi,SMS,2024-04-27,34,Others,328.0,5.0,2529.74,13.0,Loyal Customers,0.0,High Value
4263,customer_3262,customer3262.gmail.com,Chennai,Paid Social,2024-04-30,29,M,218.0,2.0,162.05,7.0,Loyal Customers,1.0,At-Risk
4264,customer_3263,customer3263.gmail.com,Delhi,Organic,2024-01-31,37,M,769.0,2.0,244.08,5.0,Hibernating,2.0,Lost
4265,customer_3264,customer3264.gmail.com,Bengaluru,Organic,2022-05-23,41,F,656.0,1.0,178.3,3.0,Lost,2.0,Lost
4266,customer_3265,customer3265.gmail.com,Mumbai,Organic,2023-09-19,26,M,30.0,1.0,150.61,7.0,New Customers,1.0,At-Risk
4267,customer_3266,customer3266.gmail.com,Hyderabad,SMS,2023-09-25,63,M,379.0,1.0,419.66,5.0,Hibernating,1.0,At-Risk
4268,customer_3267,customer3267.gmail.com,Pune,Organic,2024-06-27,39,M,722.0,1.0,117.93,3.0,Lost,2.0,Lost
4269,customer_3268,customer3268.gmail.com,Hyderabad,Organic,2023-10-26,47,F,671.0,1.0,83.53,3.0,Lost,2.0,Lost
4270,customer_3269,customer3269.gmail.com,Chennai,Organic,2024-01-28,24,M,310.0,1.0,336.94,6.0,Hibernating,1.0,At-Risk
4271,customer_3270,customer3270.gmail.com,Chennai,Organic,2022-12-09,32,F,239.0,3.0,881.24,10.0,Loyal Customers,3.0,Loyal
4272,customer_3271,customer3271.gmail.com,Hyderabad,Email,2022-04-12,18,M,452.0,3.0,1267.11,10.0,At-Risk,4.0,Potential
4273,customer_3272,customer3272.gmail.com,Chennai,SMS,2023-08-28,32,F,47.0,3.0,1359.19,14.0,champions,3.0,Loyal
4274,customer_3273,customer3273.gmail.com,Delhi,Google Search,2023-10-18,35,Others,706.0,2.0,714.12,7.0,Cannot Lose Them,2.0,Lost
4275,customer_3274,customer3274.gmail.com,Pune,Paid Social,2024-03-10,38,M,726.0,3.0,1183.25,9.0,Cannot Lose Them,4.0,Potential
4276,customer_3275,customer3275.gmail.com,Pune,Google Search,2023-09-12,64,F,197.0,2.0,594.3100000000001,10.0,Loyal Customers,1.0,At-Risk
4277,customer_3276,customer3276.gmail.com,Bengaluru,Organic,2022-08-17,18,M,845.0,3.0,812.7,8.0,Cannot Lose Them,4.0,Potential
4278,customer_3277,customer3277.gmail.com,Pune,SMS,2022-09-29,28,F,235.0,4.0,1544.03,13.0,Loyal Customers,3.0,Loyal
4279,customer_3278,customer3278.gmail.com,Bengaluru,Paid Social,2022-12-25,62,F,46.0,1.0,78.21,7.0,New Customers,1.0,At-Risk
4280,customer_3279,customer3279.gmail.com,Chennai,Google Search,2024-03-31,33,F,104.0,3.0,815.31,11.0,Loyal Customers,3.0,Loyal
4281,customer_3280,customer3280.gmail.com,Chennai,SMS,2023-03-19,51,F,308.0,4.0,846.9,11.0,Loyal Customers,3.0,Loyal
4282,customer_3281,customer3281.gmail.com,Delhi,Organic,2024-12-19,33,F,12.0,3.0,950.52,13.0,champions,3.0,Loyal
4283,customer_3282,customer3282.gmail.com,Mumbai,Organic,2024-07-13,28,M,601.0,1.0,177.31,3.0,Lost,2.0,Lost
4284,customer_3283,customer3283.gmail.com,Chennai,Organic,2022-02-02,26,M,776.0,2.0,816.2,7.0,Cannot Lose Them,2.0,Lost
4285,customer_3284,customer3284.gmail.com,Hyderabad,Paid Social,2022-12-22,61,F,361.0,1.0,256.04,4.0,Hibernating,1.0,At-Risk
4286,customer_3285,customer3285.gmail.com,Hyderabad,Paid Social,2022-09-05,21,F,85.0,6.0,2461.94,15.0,champions,0.0,High Value
4287,customer_3286,customer3286.gmail.com,Pune,Organic,2023-02-20,19,F,447.0,4.0,1230.09,11.0,At-Risk,4.0,Potential
4288,customer_3287,customer3287.gmail.com,Pune,Paid Social,2022-10-29,39,Others,46.0,3.0,390.5,11.0,Loyal Customers,3.0,Loyal
4289,customer_3288,customer3288.gmail.com,Hyderabad,Google Search,2022-08-29,23,F,50.0,2.0,543.79,10.0,Loyal Customers,1.0,At-Risk
4290,customer_3289,customer3289.gmail.com,Mumbai,Email,2024-01-12,46,M,529.0,1.0,815.77,6.0,Hibernating,2.0,Lost
4291,customer_3290,customer3290.gmail.com,Mumbai,SMS,2022-06-25,29,M,523.0,4.0,1742.03,12.0,At-Risk,4.0,Potential
4292,customer_3291,customer3291.gmail.com,Mumbai,Email,2022-06-24,22,F,41.0,4.0,1095.95,14.0,champions,3.0,Loyal
4293,customer_3292,customer3292.gmail.com,Pune,Email,2023-07-29,35,M,319.0,3.0,481.54,9.0,Loyal Customers,1.0,At-Risk
4294,customer_3293,customer3293.gmail.com,Chennai,SMS,2022-10-30,50,F,1094.0,1.0,265.55,3.0,Lost,2.0,Lost
4295,customer_3294,customer3294.gmail.com,Pune,Google Search,2022-12-01,19,M,1000.0,1.0,126.63,3.0,Lost,2.0,Lost
4296,customer_3295,customer3295.gmail.com,Chennai,Paid Social,2023-09-02,40,M,50.0,3.0,1267.0,13.0,champions,3.0,Loyal
4297,customer_3296,customer3296.gmail.com,Mumbai,Email,2023-02-07,61,M,501.0,4.0,1272.37,11.0,At-Risk,4.0,Potential
4298,customer_3297,customer3297.gmail.com,Hyderabad,Email,2024-04-28,59,F,,,,,,,No Purchase
4299,customer_3298,customer3298.gmail.com,Bengaluru,Google Search,2022-04-30,50,F,202.0,5.0,3141.07,14.0,champions,0.0,High Value
4300,customer_3299,customer3299.gmail.com,Hyderabad,Google Search,2023-12-21,22,F,25.0,2.0,735.48,11.0,Loyal Customers,1.0,At-Risk
4301,customer_3300,customer3300.gmail.com,Chennai,Organic,2022-02-23,48,M,430.0,1.0,288.89,4.0,Hibernating,1.0,At-Risk
4302,customer_3301,customer3301.gmail.com,Bengaluru,Organic,2022-08-19,59,F,52.0,8.0,4462.35,15.0,champions,0.0,High Value
4303,customer_3302,customer3302.gmail.com,Chennai,Google Search,2024-01-01,31,M,527.0,1.0,207.41,4.0,Hibernating,2.0,Lost
4304,customer_3303,customer3303.gmail.com,Mumbai,Email,2023-04-11,22,F,777.0,1.0,252.58,3.0,Lost,2.0,Lost
4305,customer_3304,customer3304.gmail.com,Pune,SMS,2022-06-26,39,F,28.0,5.0,2196.26,15.0,champions,0.0,High Value
4306,customer_3305,customer3305.gmail.com,Mumbai,Email,2023-06-23,39,F,319.0,3.0,657.91,10.0,Loyal Customers,4.0,Potential
4307,customer_3306,customer3306.gmail.com,Delhi,Organic,2022-02-25,45,M,,,,,,,No Purchase
4308,customer_3307,customer3307.gmail.com,Pune,Email,2024-11-12,26,M,264.0,1.0,185.37,5.0,Hibernating,1.0,At-Risk
4309,customer_3308,customer3308.gmail.com,Bengaluru,Paid Social,2023-04-19,45,M,273.0,2.0,672.38,9.0,Loyal Customers,1.0,At-Risk
4310,customer_3309,customer3309.gmail.com,Pune,Paid Social,2022-10-25,20,M,312.0,1.0,77.76,5.0,Hibernating,1.0,At-Risk
4311,customer_3310,customer3310.gmail.com,Mumbai,Paid Social,2023-03-24,61,F,,,,,,,No Purchase
4312,customer_3311,customer3311.gmail.com,Bengaluru,Google Search,2024-10-10,56,F,,,,,,,No Purchase
4313,customer_3312,customer3312.gmail.com,Delhi,Email,2023-08-23,58,Others,166.0,2.0,313.46,8.0,Loyal Customers,1.0,At-Risk
4314,customer_3313,customer3313.gmail.com,Hyderabad,SMS,2022-08-12,43,M,826.0,3.0,1194.95,9.0,Cannot Lose Them,4.0,Potential
4315,customer_3314,customer3314.gmail.com,Delhi,Organic,2022-01-02,31,F,259.0,3.0,1378.74,12.0,Loyal Customers,3.0,Loyal
4316,customer_3315,customer3315.gmail.com,Hyderabad,Google Search,2023-01-22,18,F,,,,,,,No Purchase
4317,customer_3316,customer3316.gmail.com,Pune,Google Search,2024-09-22,27,F,108.0,2.0,1293.47,11.0,Loyal Customers,3.0,Loyal
4318,customer_3317,customer3317.gmail.com,Mumbai,Paid Social,2024-02-21,48,M,700.0,2.0,399.4500000000001,6.0,Hibernating,2.0,Lost
4319,customer_3318,customer3318.gmail.com,Mumbai,Paid Social,2023-11-09,56,F,562.0,3.0,1677.93,11.0,At-Risk,4.0,Potential
4320,customer_3319,customer3319.gmail.com,Hyderabad,Paid Social,2023-04-05,34,F,721.0,1.0,132.61,3.0,Lost,2.0,Lost
4321,customer_3320,customer3320.gmail.com,Mumbai,Organic,2024-11-29,54,F,112.0,3.0,867.23,11.0,Loyal Customers,3.0,Loyal
4322,customer_3321,customer3321.gmail.com,Pune,Paid Social,2024-04-22,21,F,485.0,1.0,337.77,5.0,Hibernating,1.0,At-Risk
4323,customer_3322,customer3322.gmail.com,Delhi,Google Search,2022-02-19,58,F,289.0,3.0,1076.97,11.0,Loyal Customers,3.0,Loyal
4324,customer_3323,customer3323.gmail.com,Pune,Paid Social,2022-01-10,21,M,7.0,2.0,529.45,10.0,Loyal Customers,1.0,At-Risk
4325,customer_3324,customer3324.gmail.com,Pune,Google Search,2022-09-19,32,M,175.0,3.0,1036.37,12.0,champions,3.0,Loyal
4326,customer_3325,customer3325.gmail.com,Delhi,Email,2023-07-13,53,F,87.0,2.0,577.24,11.0,Loyal Customers,1.0,At-Risk
4327,customer_3326,customer3326.gmail.com,Chennai,Organic,2022-08-07,37,M,486.0,2.0,825.5699999999999,8.0,At-Risk,4.0,Potential
4328,customer_3327,customer3327.gmail.com,Bengaluru,Email,2024-06-24,58,F,81.0,2.0,517.36,10.0,Loyal Customers,1.0,At-Risk
4329,customer_3328,customer3328.gmail.com,Bengaluru,Email,2024-03-23,51,F,76.0,1.0,338.16,8.0,New Customers,1.0,At-Risk
4330,customer_3329,customer3329.gmail.com,Hyderabad,SMS,2022-03-01,29,F,685.0,3.0,1157.48,9.0,Cannot Lose Them,4.0,Potential
4331,customer_3330,customer3330.gmail.com,Hyderabad,SMS,2024-01-25,25,F,1079.0,1.0,540.05,4.0,Lost,2.0,Lost
4332,customer_3331,customer3331.gmail.com,Bengaluru,Paid Social,2023-08-14,53,M,38.0,3.0,636.53,12.0,Loyal Customers,3.0,Loyal
4333,customer_3332,customer3332.gmail.com,Chennai,Paid Social,2024-09-06,47,F,337.0,2.0,818.09,9.0,Loyal Customers,1.0,At-Risk
4334,customer_3333,customer3333.gmail.com,Bengaluru,Google Search,2022-05-08,54,F,235.0,4.0,1309.12,12.0,Loyal Customers,3.0,Loyal
4335,customer_3334,customer3334.gmail.com,Pune,Google Search,2024-12-23,42,M,296.0,1.0,206.47,5.0,Hibernating,1.0,At-Risk
4336,customer_3335,customer3335.gmail.com,Mumbai,Organic,2023-12-21,31,M,286.0,1.0,511.28,6.0,Hibernating,1.0,At-Risk
4337,customer_3336,customer3336.gmail.com,Hyderabad,Email,2022-10-05,50,F,847.0,2.0,619.08,7.0,Cannot Lose Them,2.0,Lost
4338,customer_3337,customer3337.gmail.com,Mumbai,Email,2023-11-30,50,M,233.0,2.0,1327.71,10.0,Loyal Customers,4.0,Potential
4339,customer_3338,customer3338.gmail.com,Delhi,Organic,2022-07-16,35,M,,,,,,,No Purchase
4340,customer_3339,customer3339.gmail.com,Bengaluru,Paid Social,2024-12-30,45,M,743.0,1.0,265.39,3.0,Lost,2.0,Lost
4341,customer_3340,customer3340.gmail.com,Pune,Paid Social,2022-05-11,23,F,,,,,,,No Purchase
4342,customer_3341,customer3341.gmail.com,Delhi,Paid Social,2023-01-25,51,F,428.0,1.0,954.87,7.0,Hibernating,1.0,At-Risk
4343,customer_3342,customer3342.gmail.com,Hyderabad,Paid Social,2022-04-01,48,M,256.0,4.0,1459.22,13.0,Loyal Customers,3.0,Loyal
4344,customer_3343,customer3343.gmail.com,Pune,Google Search,2023-03-25,41,M,18.0,5.0,1163.13,14.0,champions,3.0,Loyal
4345,customer_3344,customer3344.gmail.com,Delhi,Paid Social,2024-01-23,41,M,392.0,3.0,1204.29,10.0,At-Risk,4.0,Potential
4346,customer_3345,customer3345.gmail.com,Delhi,Paid Social,2023-11-25,33,F,221.0,3.0,462.08,9.0,Loyal Customers,3.0,Loyal
4347,customer_3346,customer3346.gmail.com,Mumbai,Email,2022-06-11,22,M,150.0,5.0,2124.04,14.0,champions,0.0,High Value
4348,customer_3347,customer3347.gmail.com,Bengaluru,SMS,2024-10-28,23,M,,,,,,,No Purchase
4349,customer_3348,customer3348.gmail.com,Chennai,Organic,2022-02-07,58,M,422.0,5.0,1881.71,12.0,At-Risk,0.0,High Value
4350,customer_3349,customer3349.gmail.com,Pune,Organic,2024-02-18,64,M,457.0,1.0,296.48,4.0,Hibernating,1.0,At-Risk
4351,customer_3350,customer3350.gmail.com,Pune,Organic,2022-10-10,63,F,94.0,5.0,1619.36,14.0,champions,0.0,High Value
4352,customer_3351,customer3351.gmail.com,Chennai,SMS,2022-07-24,27,F,151.0,4.0,767.52,12.0,Loyal Customers,3.0,Loyal
4353,customer_3352,customer3352.gmail.com,Pune,Google Search,2024-10-31,40,F,104.0,5.0,1787.28,14.0,champions,0.0,High Value
4354,customer_3353,customer3353.gmail.com,Delhi,Organic,2024-04-05,52,F,967.0,2.0,766.4300000000001,7.0,Cannot Lose Them,2.0,Lost
4355,customer_3354,customer3354.gmail.com,Chennai,Organic,2023-02-23,26,F,553.0,2.0,504.08,7.0,At-Risk,4.0,Potential
4356,customer_3355,customer3355.gmail.com,Bengaluru,Organic,2022-12-09,55,M,739.0,2.0,965.51,8.0,Cannot Lose Them,4.0,Potential
4357,customer_3356,customer3356.gmail.com,Pune,Organic,2023-09-29,60,F,1057.0,2.0,824.8299999999999,7.0,Cannot Lose Them,2.0,Lost
4358,customer_3357,customer3357.gmail.com,Delhi,Google Search,2024-07-12,51,F,50.0,4.0,794.9000000000001,13.0,Loyal Customers,3.0,Loyal
4359,customer_3358,customer3358.gmail.com,Bengaluru,Paid Social,2024-02-14,22,F,135.0,2.0,926.59,11.0,Loyal Customers,1.0,At-Risk
4360,customer_3359,customer3359.gmail.com,Delhi,Google Search,2024-05-12,35,F,155.0,4.0,1061.29,13.0,champions,3.0,Loyal
4361,customer_3360,customer3360.gmail.com,Pune,Google Search,2023-04-15,18,Others,550.0,1.0,237.48,4.0,Hibernating,2.0,Lost
4362,customer_3361,customer3361.gmail.com,Mumbai,Email,2024-06-20,57,M,289.0,3.0,1077.87,11.0,Loyal Customers,3.0,Loyal
4363,customer_3362,customer3362.gmail.com,Chennai,Google Search,2024-02-08,55,F,35.0,6.0,2437.9500000000003,15.0,champions,0.0,High Value
4364,customer_3363,customer3363.gmail.com,Chennai,Email,2024-01-24,35,M,96.0,2.0,994.15,11.0,Loyal Customers,1.0,At-Risk
4365,customer_3364,customer3364.gmail.com,Pune,Google Search,2023-06-12,59,F,136.0,3.0,895.5799999999999,12.0,champions,3.0,Loyal
4366,customer_3365,customer3365.gmail.com,Hyderabad,SMS,2024-06-01,58,M,849.0,1.0,424.87,4.0,Lost,2.0,Lost
4367,customer_3366,customer3366.gmail.com,Hyderabad,Email,2023-04-20,45,M,368.0,2.0,681.98,8.0,At-Risk,1.0,At-Risk
4368,customer_3367,customer3367.gmail.com,Mumbai,SMS,2023-05-17,60,F,598.0,1.0,284.4,3.0,Lost,2.0,Lost
4369,customer_3368,customer3368.gmail.com,Pune,Google Search,2023-08-18,42,F,407.0,3.0,1028.06,10.0,At-Risk,4.0,Potential
4370,customer_3369,customer3369.gmail.com,Pune,SMS,2022-05-19,29,Others,46.0,6.0,1453.79,15.0,champions,0.0,High Value
4371,customer_3370,customer3370.gmail.com,Bengaluru,Google Search,2022-08-23,33,F,201.0,2.0,329.24,9.0,Loyal Customers,1.0,At-Risk
4372,customer_3371,customer3371.gmail.com,Hyderabad,Email,2024-02-15,24,F,186.0,3.0,808.69,11.0,Loyal Customers,3.0,Loyal
4373,customer_3372,customer3372.gmail.com,Mumbai,SMS,2022-11-05,42,F,57.0,3.0,862.15,12.0,Loyal Customers,3.0,Loyal
4374,customer_3373,customer3373.gmail.com,Bengaluru,Google Search,2023-04-24,30,M,359.0,4.0,1404.51,12.0,At-Risk,3.0,Loyal
4375,customer_3374,customer3374.gmail.com,Delhi,Paid Social,2022-09-24,36,F,584.0,3.0,1438.02,11.0,At-Risk,4.0,Potential
4376,customer_3375,customer3375.gmail.com,Delhi,Paid Social,2022-10-30,60,M,193.0,3.0,738.1800000000001,11.0,Loyal Customers,3.0,Loyal
4377,customer_3376,customer3376.gmail.com,Bengaluru,Google Search,2024-12-08,42,F,310.0,4.0,2777.71,13.0,Loyal Customers,0.0,High Value
4378,customer_3377,customer3377.gmail.com,Mumbai,Email,2022-06-02,41,F,,,,,,,No Purchase
4379,customer_3378,customer3378.gmail.com,Bengaluru,Organic,2022-02-24,52,M,116.0,2.0,2218.72,12.0,Loyal Customers,3.0,Loyal
4380,customer_3379,customer3379.gmail.com,Mumbai,SMS,2023-01-06,53,F,265.0,3.0,963.12,11.0,Loyal Customers,3.0,Loyal
4381,customer_3380,customer3380.gmail.com,Pune,Organic,2023-10-28,62,M,764.0,1.0,214.05,3.0,Lost,2.0,Lost
4382,customer_3381,customer3381.gmail.com,Delhi,SMS,2023-11-05,57,F,692.0,2.0,418.86,6.0,Hibernating,2.0,Lost
4383,customer_3382,customer3382.gmail.com,Chennai,SMS,2022-05-10,21,M,175.0,2.0,101.59,8.0,Loyal Customers,1.0,At-Risk
4384,customer_3383,customer3383.gmail.com,Delhi,Paid Social,2024-02-23,58,M,285.0,3.0,843.38,10.0,Loyal Customers,3.0,Loyal
4385,customer_3384,customer3384.gmail.com,Bengaluru,SMS,2022-01-31,26,F,140.0,3.0,496.89,10.0,Loyal Customers,3.0,Loyal
4386,customer_3385,customer3385.gmail.com,Hyderabad,Google Search,2022-03-27,31,M,286.0,4.0,885.24,12.0,Loyal Customers,3.0,Loyal
4387,customer_3386,customer3386.gmail.com,Bengaluru,SMS,2024-03-10,42,M,648.0,2.0,149.87,5.0,Hibernating,2.0,Lost
4388,customer_3387,customer3387.gmail.com,Pune,Google Search,2022-07-17,31,M,666.0,2.0,1766.12,9.0,Cannot Lose Them,4.0,Potential
4389,customer_3388,customer3388.gmail.com,Bengaluru,Google Search,2024-04-18,60,F,719.0,1.0,170.15,3.0,Lost,2.0,Lost
4390,customer_3389,customer3389.gmail.com,Chennai,Organic,2024-06-25,64,M,10.0,4.0,712.85,13.0,Loyal Customers,3.0,Loyal
4391,customer_3390,customer3390.gmail.com,Mumbai,Paid Social,2022-02-20,27,F,101.0,3.0,592.85,11.0,Loyal Customers,3.0,Loyal
4392,customer_3391,customer3391.gmail.com,Chennai,Email,2023-10-03,40,M,388.0,6.0,1776.84,12.0,At-Risk,0.0,High Value
4393,customer_3392,customer3392.gmail.com,Pune,Email,2023-09-06,28,M,207.0,1.0,117.43,5.0,Hibernating,1.0,At-Risk
4394,customer_3393,customer3393.gmail.com,Chennai,Email,2022-06-16,35,M,430.0,2.0,333.54,7.0,At-Risk,1.0,At-Risk
4395,customer_3394,customer3394.gmail.com,Delhi,Google Search,2024-01-09,38,M,144.0,1.0,123.14,6.0,New Customers,1.0,At-Risk
4396,customer_3395,customer3395.gmail.com,Mumbai,SMS,2024-04-24,47,M,127.0,5.0,987.68,13.0,champions,3.0,Loyal
4397,customer_3396,customer3396.gmail.com,Bengaluru,Organic,2024-01-16,43,F,64.0,3.0,651.11,12.0,Loyal Customers,3.0,Loyal
4398,customer_3397,customer3397.gmail.com,Hyderabad,Google Search,2024-12-03,40,M,34.0,6.0,1944.44,15.0,champions,0.0,High Value
4399,customer_3398,customer3398.gmail.com,Chennai,Google Search,2022-02-07,53,F,925.0,1.0,470.57,4.0,Lost,2.0,Lost
4400,customer_3399,customer3399.gmail.com,Hyderabad,Email,2022-04-20,33,M,985.0,1.0,237.14,3.0,Lost,2.0,Lost
4401,customer_3400,customer3400.gmail.com,Mumbai,Google Search,2024-04-19,47,M,106.0,2.0,1104.3,11.0,Loyal Customers,1.0,At-Risk
4402,customer_3401,customer3401.gmail.com,Bengaluru,Email,2022-11-16,26,F,93.0,2.0,225.39,8.0,Loyal Customers,1.0,At-Risk
4403,customer_3402,customer3402.gmail.com,Hyderabad,Email,2022-09-07,28,F,,,,,,,No Purchase
4404,customer_3403,customer3403.gmail.com,Chennai,Email,2024-10-24,41,M,511.0,1.0,165.31,4.0,Hibernating,2.0,Lost
4405,customer_3404,customer3404.gmail.com,Mumbai,Google Search,2023-04-17,25,F,,,,,,,No Purchase
4406,customer_3405,customer3405.gmail.com,Chennai,Organic,2024-12-19,42,F,1012.0,1.0,136.68,3.0,Lost,2.0,Lost
4407,customer_3406,customer3406.gmail.com,Hyderabad,Paid Social,2022-01-13,26,F,39.0,2.0,405.81,10.0,Loyal Customers,1.0,At-Risk
4408,customer_3407,customer3407.gmail.com,Mumbai,SMS,2024-10-17,19,M,455.0,2.0,1032.4499999999998,9.0,At-Risk,4.0,Potential
4409,customer_3408,customer3408.gmail.com,Mumbai,Email,2024-09-27,50,M,389.0,3.0,699.02,9.0,At-Risk,4.0,Potential
4410,customer_3409,customer3409.gmail.com,Bengaluru,Google Search,2024-04-11,54,F,20.0,2.0,882.0799999999999,11.0,Loyal Customers,1.0,At-Risk
4411,customer_3410,customer3410.gmail.com,Hyderabad,Paid Social,2023-02-02,57,F,194.0,4.0,927.56,13.0,champions,3.0,Loyal
4412,customer_3411,customer3411.gmail.com,Chennai,Google Search,2023-01-09,24,F,62.0,2.0,308.06,9.0,Loyal Customers,1.0,At-Risk
4413,customer_3412,customer3412.gmail.com,Chennai,Google Search,2022-12-08,25,F,999.0,1.0,459.68,4.0,Lost,2.0,Lost
4414,customer_3413,customer3413.gmail.com,Mumbai,SMS,2024-01-06,64,M,138.0,5.0,1847.45,14.0,champions,0.0,High Value
4415,customer_3414,customer3414.gmail.com,Delhi,Email,2022-12-18,25,F,169.0,2.0,1195.11,11.0,Loyal Customers,1.0,At-Risk
4416,customer_3415,customer3415.gmail.com,Mumbai,Google Search,2024-04-23,39,M,258.0,3.0,1141.9,11.0,Loyal Customers,3.0,Loyal
4417,customer_3416,customer3416.gmail.com,Mumbai,SMS,2023-08-22,60,F,191.0,3.0,508.58,10.0,Loyal Customers,3.0,Loyal
4418,customer_3417,customer3417.gmail.com,Pune,Google Search,2022-03-10,19,F,386.0,3.0,1690.2399999999998,11.0,At-Risk,4.0,Potential
4419,customer_3418,customer3418.gmail.com,Mumbai,Paid Social,2024-03-23,21,M,104.0,2.0,526.01,9.0,Loyal Customers,1.0,At-Risk
4420,customer_3419,customer3419.gmail.com,Chennai,Organic,2022-01-09,36,Others,,,,,,,No Purchase
4421,customer_3420,customer3420.gmail.com,Bengaluru,Organic,2024-02-16,59,F,,,,,,,No Purchase
4422,customer_3421,customer3421.gmail.com,Bengaluru,Email,2023-08-16,22,F,48.0,6.0,2943.09,15.0,champions,0.0,High Value
4423,customer_3422,customer3422.gmail.com,Mumbai,Organic,2023-08-18,61,F,313.0,3.0,1622.22,12.0,Loyal Customers,3.0,Loyal
4424,customer_3423,customer3423.gmail.com,Bengaluru,SMS,2022-02-23,58,F,309.0,3.0,450.3200000000001,9.0,Loyal Customers,1.0,At-Risk
4425,customer_3424,customer3424.gmail.com,Chennai,SMS,2023-01-21,32,M,67.0,3.0,826.21,12.0,Loyal Customers,3.0,Loyal
4426,customer_3425,customer3425.gmail.com,Chennai,Organic,2022-08-28,24,F,167.0,2.0,214.71,8.0,Loyal Customers,1.0,At-Risk
4427,customer_3426,customer3426.gmail.com,Mumbai,SMS,2022-11-01,29,M,829.0,1.0,1238.52,6.0,Lost,2.0,Lost
4428,customer_3427,customer3427.gmail.com,Bengaluru,Google Search,2022-03-31,56,F,355.0,5.0,1130.72,12.0,Loyal Customers,3.0,Loyal
4429,customer_3428,customer3428.gmail.com,Delhi,Google Search,2023-05-09,63,F,424.0,2.0,487.72,7.0,At-Risk,1.0,At-Risk
4430,customer_3429,customer3429.gmail.com,Chennai,SMS,2023-10-14,29,M,351.0,1.0,153.58,5.0,Hibernating,1.0,At-Risk
4431,customer_3430,customer3430.gmail.com,Mumbai,Paid Social,2022-08-06,42,M,586.0,3.0,1426.91,11.0,At-Risk,4.0,Potential
4432,customer_3431,customer3431.gmail.com,Mumbai,Email,2024-08-29,24,F,125.0,2.0,1025.11,11.0,Loyal Customers,1.0,At-Risk
4433,customer_3432,customer3432.gmail.com,Delhi,SMS,2022-04-07,57,M,244.0,2.0,432.07,8.0,Loyal Customers,1.0,At-Risk
4434,customer_3433,customer3433.gmail.com,Bengaluru,Email,2024-05-07,26,M,257.0,3.0,996.68,11.0,Loyal Customers,3.0,Loyal
4435,customer_3434,customer3434.gmail.com,Bengaluru,Organic,2022-12-09,21,F,532.0,4.0,1143.29,11.0,At-Risk,4.0,Potential
4436,customer_3435,customer3435.gmail.com,Hyderabad,Paid Social,2023-09-26,31,F,344.0,4.0,2821.03,13.0,Loyal Customers,0.0,High Value
4437,customer_3436,customer3436.gmail.com,Delhi,Google Search,2023-11-08,60,F,376.0,5.0,1971.96,12.0,At-Risk,0.0,High Value
4438,customer_3437,customer3437.gmail.com,Chennai,SMS,2022-02-09,61,M,,,,,,,No Purchase
4439,customer_3438,customer3438.gmail.com,Delhi,Paid Social,2022-08-08,47,M,122.0,3.0,303.86,9.0,Loyal Customers,1.0,At-Risk
4440,customer_3439,customer3439.gmail.com,Pune,Email,2022-11-06,24,M,691.0,2.0,457.65,6.0,Hibernating,2.0,Lost
4441,customer_3440,customer3440.gmail.com,Bengaluru,SMS,2023-09-22,26,F,697.0,1.0,220.35,3.0,Lost,2.0,Lost
4442,customer_3441,customer3441.gmail.com,Mumbai,Google Search,2022-08-26,24,F,268.0,1.0,120.03,5.0,Hibernating,1.0,At-Risk
4443,customer_3442,customer3442.gmail.com,Delhi,Google Search,2022-08-05,64,F,,,,,,,No Purchase
4444,customer_3443,customer3443.gmail.com,Pune,SMS,2023-04-28,51,F,178.0,4.0,1124.89,13.0,champions,3.0,Loyal
4445,customer_3444,customer3444.gmail.com,Bengaluru,SMS,2023-12-26,27,F,117.0,6.0,3148.06,14.0,champions,0.0,High Value
4446,customer_3445,customer3445.gmail.com,Mumbai,Paid Social,2022-04-23,19,F,900.0,1.0,476.84,4.0,Lost,2.0,Lost
4447,customer_3446,customer3446.gmail.com,Pune,Google Search,2024-02-23,28,M,2.0,3.0,441.05,11.0,Loyal Customers,3.0,Loyal
4448,customer_3447,customer3447.gmail.com,Delhi,Email,2022-05-24,26,F,206.0,3.0,783.54,10.0,Loyal Customers,3.0,Loyal
4449,customer_3448,customer3448.gmail.com,Mumbai,Google Search,2024-02-06,23,M,871.0,1.0,215.7,3.0,Lost,2.0,Lost
4450,customer_3449,customer3449.gmail.com,Mumbai,SMS,2023-12-15,39,M,279.0,5.0,1954.26,13.0,Loyal Customers,0.0,High Value
4451,customer_3450,customer3450.gmail.com,Hyderabad,Email,2022-04-30,31,F,47.0,3.0,263.7,10.0,Loyal Customers,1.0,At-Risk
4452,customer_3451,customer3451.gmail.com,Pune,SMS,2024-08-01,33,F,744.0,2.0,291.07,5.0,Hibernating,2.0,Lost
4453,customer_3452,customer3452.gmail.com,Mumbai,Google Search,2022-01-20,36,F,170.0,3.0,543.98,10.0,Loyal Customers,3.0,Loyal
4454,customer_3453,customer3453.gmail.com,Delhi,Paid Social,2024-12-14,23,F,688.0,1.0,70.27,3.0,Lost,2.0,Lost
4455,customer_3454,customer3454.gmail.com,Mumbai,Email,2023-06-22,30,M,690.0,2.0,353.48,6.0,Hibernating,2.0,Lost
4456,customer_3455,customer3455.gmail.com,Hyderabad,Paid Social,2022-01-29,59,F,,,,,,,No Purchase
4457,customer_3456,customer3456.gmail.com,Hyderabad,Organic,2023-09-24,49,F,,,,,,,No Purchase
4458,customer_3457,customer3457.gmail.com,Mumbai,Email,2023-02-08,20,M,171.0,1.0,447.42,7.0,New Customers,1.0,At-Risk
4459,customer_3458,customer3458.gmail.com,Bengaluru,Google Search,2023-06-25,46,M,77.0,5.0,1326.99,14.0,champions,3.0,Loyal
4460,customer_3459,customer3459.gmail.com,Mumbai,Paid Social,2022-05-05,50,M,373.0,2.0,495.29,7.0,At-Risk,1.0,At-Risk
4461,customer_3460,customer3460.gmail.com,Hyderabad,Paid Social,2022-04-22,52,M,43.0,3.0,352.8,11.0,Loyal Customers,3.0,Loyal
4462,customer_3461,customer3461.gmail.com,Hyderabad,Google Search,2024-09-09,51,M,684.0,2.0,391.46,6.0,Hibernating,2.0,Lost
4463,customer_3462,customer3462.gmail.com,Delhi,SMS,2024-04-04,32,M,591.0,1.0,458.92,5.0,Hibernating,2.0,Lost
4464,customer_3463,customer3463.gmail.com,Delhi,Organic,2023-09-02,45,M,51.0,3.0,587.94,12.0,Loyal Customers,3.0,Loyal
4465,customer_3464,customer3464.gmail.com,Bengaluru,Google Search,2024-04-30,62,M,331.0,2.0,1364.5700000000002,11.0,Loyal Customers,4.0,Potential
4466,customer_3465,customer3465.gmail.com,Delhi,Paid Social,2022-05-08,30,F,,,,,,,No Purchase
4467,customer_3466,customer3466.gmail.com,Chennai,Email,2022-09-13,64,M,5.0,4.0,1167.65,14.0,champions,3.0,Loyal
4468,customer_3467,customer3467.gmail.com,Chennai,Organic,2023-02-05,29,M,526.0,1.0,219.02,4.0,Hibernating,2.0,Lost
4469,customer_3468,customer3468.gmail.com,Mumbai,Google Search,2023-09-07,51,F,338.0,2.0,472.9,8.0,Loyal Customers,1.0,At-Risk
4470,customer_3469,customer3469.gmail.com,Mumbai,Paid Social,2023-05-26,50,M,260.0,1.0,942.31,8.0,Hibernating,1.0,At-Risk
4471,customer_3470,customer3470.gmail.com,Chennai,Organic,2023-08-21,51,F,660.0,2.0,1018.89,8.0,Cannot Lose Them,4.0,Potential
4472,customer_3471,customer3471.gmail.com,Hyderabad,SMS,2024-06-06,38,F,312.0,3.0,1316.8200000000002,11.0,Loyal Customers,3.0,Loyal
4473,customer_3472,customer3472.gmail.com,Mumbai,Organic,2023-03-29,61,M,491.0,3.0,649.63,9.0,At-Risk,4.0,Potential
4474,customer_3473,customer3473.gmail.com,Hyderabad,Google Search,2023-12-31,63,M,147.0,2.0,773.15,10.0,Loyal Customers,1.0,At-Risk
4475,customer_3474,customer3474.gmail.com,Mumbai,Email,2022-06-23,64,M,213.0,4.0,1779.97,13.0,Loyal Customers,0.0,High Value
4476,customer_3475,customer3475.gmail.com,Mumbai,Paid Social,2023-01-19,23,F,244.0,1.0,226.77,5.0,Hibernating,1.0,At-Risk
4477,customer_3476,customer3476.gmail.com,Mumbai,Google Search,2024-07-02,47,F,251.0,1.0,437.89,6.0,Hibernating,1.0,At-Risk
4478,customer_3477,customer3477.gmail.com,Mumbai,Email,2023-10-04,59,M,17.0,3.0,861.29,12.0,Loyal Customers,3.0,Loyal
4479,customer_3478,customer3478.gmail.com,Delhi,Paid Social,2023-01-16,57,F,530.0,1.0,186.72,4.0,Hibernating,2.0,Lost
4480,customer_3479,customer3479.gmail.com,Delhi,Google Search,2022-10-16,31,M,134.0,3.0,1148.0,12.0,champions,3.0,Loyal
4481,customer_3480,customer3480.gmail.com,Hyderabad,SMS,2022-05-09,44,F,446.0,2.0,1270.47,9.0,At-Risk,4.0,Potential
4482,customer_3481,customer3481.gmail.com,Pune,Email,2024-08-28,22,M,147.0,4.0,923.01,13.0,champions,3.0,Loyal
4483,customer_3482,customer3482.gmail.com,Mumbai,Email,2022-10-05,37,F,16.0,4.0,1259.44,14.0,champions,3.0,Loyal
4484,customer_3483,customer3483.gmail.com,Hyderabad,Organic,2023-08-03,35,M,158.0,3.0,724.0,11.0,Loyal Customers,3.0,Loyal
4485,customer_3484,customer3484.gmail.com,Hyderabad,SMS,2024-02-28,30,M,77.0,4.0,1139.29,14.0,champions,3.0,Loyal
4486,customer_3485,customer3485.gmail.com,Mumbai,Paid Social,2024-12-28,60,M,298.0,1.0,422.4,6.0,Hibernating,1.0,At-Risk
4487,customer_3486,customer3486.gmail.com,Mumbai,Organic,2024-12-10,31,F,58.0,3.0,733.89,12.0,Loyal Customers,3.0,Loyal
4488,customer_3487,customer3487.gmail.com,Chennai,SMS,2024-11-16,49,M,294.0,3.0,620.29,10.0,Loyal Customers,3.0,Loyal
4489,customer_3488,customer3488.gmail.com,Hyderabad,Google Search,2023-05-17,20,F,915.0,1.0,117.02,3.0,Lost,2.0,Lost
4490,customer_3489,customer3489.gmail.com,Hyderabad,Email,2024-07-02,50,F,459.0,1.0,418.45,5.0,Hibernating,1.0,At-Risk
4491,customer_3490,customer3490.gmail.com,Delhi,Organic,2022-10-24,26,F,158.0,3.0,807.97,11.0,Loyal Customers,3.0,Loyal
4492,customer_3491,customer3491.gmail.com,Delhi,Email,2024-03-15,49,F,83.0,3.0,606.6800000000001,12.0,Loyal Customers,3.0,Loyal
4493,customer_3492,customer3492.gmail.com,Mumbai,SMS,2022-05-26,25,F,781.0,2.0,521.53,6.0,Hibernating,2.0,Lost
4494,customer_3493,customer3493.gmail.com,Chennai,Email,2024-02-28,37,F,415.0,2.0,574.97,8.0,At-Risk,1.0,At-Risk
4495,customer_3494,customer3494.gmail.com,Hyderabad,Organic,2024-02-13,41,M,404.0,2.0,390.3,7.0,At-Risk,1.0,At-Risk
4496,customer_3495,customer3495.gmail.com,Mumbai,Google Search,2023-05-29,58,F,76.0,5.0,1189.33,14.0,champions,3.0,Loyal
4497,customer_3496,customer3496.gmail.com,Bengaluru,Organic,2023-04-08,57,M,189.0,3.0,530.4300000000001,10.0,Loyal Customers,3.0,Loyal
4498,customer_3497,customer3497.gmail.com,Chennai,Paid Social,2023-10-13,53,F,9.0,3.0,654.91,12.0,Loyal Customers,3.0,Loyal
4499,customer_3498,customer3498.gmail.com,Mumbai,Email,2022-09-24,35,M,67.0,3.0,924.44,13.0,champions,3.0,Loyal
4500,customer_3499,customer3499.gmail.com,Chennai,Organic,2022-10-26,55,F,536.0,2.0,539.29,7.0,At-Risk,4.0,Potential
4501,customer_3500,customer3500.gmail.com,Mumbai,Organic,2022-03-04,40,M,1036.0,1.0,706.44,5.0,Lost,2.0,Lost
4502,customer_3501,customer3501.gmail.com,Hyderabad,Google Search,2022-04-28,22,F,760.0,1.0,2007.12,7.0,Lost,4.0,Potential
4503,customer_3502,customer3502.gmail.com,Hyderabad,Email,2024-03-04,34,F,944.0,1.0,356.83,4.0,Lost,2.0,Lost
4504,customer_3503,customer3503.gmail.com,Chennai,Email,2024-08-18,50,F,546.0,2.0,578.88,8.0,At-Risk,4.0,Potential
4505,customer_3504,customer3504.gmail.com,Delhi,Paid Social,2023-05-08,34,F,173.0,3.0,793.99,11.0,Loyal Customers,3.0,Loyal
4506,customer_3505,customer3505.gmail.com,Pune,SMS,2023-08-28,40,F,76.0,5.0,2293.25,15.0,champions,0.0,High Value
4507,customer_3506,customer3506.gmail.com,Mumbai,SMS,2024-10-31,31,F,211.0,5.0,1401.91,13.0,Loyal Customers,3.0,Loyal
4508,customer_3507,customer3507.gmail.com,Delhi,Email,2023-06-26,25,F,13.0,1.0,217.68,7.0,New Customers,1.0,At-Risk
4509,customer_3508,customer3508.gmail.com,Bengaluru,Organic,2023-05-10,50,F,,,,,,,No Purchase
4510,customer_3509,customer3509.gmail.com,Mumbai,SMS,2023-12-01,22,F,289.0,2.0,879.9499999999999,9.0,Loyal Customers,1.0,At-Risk
4511,customer_3510,customer3510.gmail.com,Chennai,SMS,2023-01-30,24,F,,,,,,,No Purchase
4512,customer_3511,customer3511.gmail.com,Chennai,Organic,2023-11-22,18,M,248.0,2.0,173.87,7.0,Loyal Customers,1.0,At-Risk
4513,customer_3512,customer3512.gmail.com,Pune,Paid Social,2022-09-03,25,M,706.0,1.0,346.05,4.0,Lost,2.0,Lost
4514,customer_3513,customer3513.gmail.com,Chennai,Paid Social,2022-10-25,21,F,86.0,2.0,261.87,9.0,Loyal Customers,1.0,At-Risk
4515,customer_3514,customer3514.gmail.com,Bengaluru,Email,2023-02-11,63,M,541.0,4.0,896.63,11.0,At-Risk,4.0,Potential
4516,customer_3515,customer3515.gmail.com,Mumbai,SMS,2022-03-29,60,F,66.0,2.0,675.01,11.0,Loyal Customers,1.0,At-Risk
4517,customer_3516,customer3516.gmail.com,Hyderabad,Organic,2023-04-03,41,F,107.0,2.0,518.65,9.0,Loyal Customers,1.0,At-Risk
4518,customer_3517,customer3517.gmail.com,Pune,Paid Social,2023-08-17,41,F,205.0,2.0,403.2,8.0,Loyal Customers,1.0,At-Risk
4519,customer_3518,customer3518.gmail.com,Chennai,Organic,2023-02-03,30,F,,,,,,,No Purchase
4520,customer_3519,customer3519.gmail.com,Hyderabad,Email,2022-06-24,53,M,,,,,,,No Purchase
4521,customer_3520,customer3520.gmail.com,Chennai,Email,2024-01-08,35,F,,,,,,,No Purchase
4522,customer_3521,customer3521.gmail.com,Bengaluru,Paid Social,2022-09-26,62,M,234.0,3.0,655.3900000000001,10.0,Loyal Customers,3.0,Loyal
4523,customer_3522,customer3522.gmail.com,Delhi,SMS,2023-09-20,45,M,869.0,3.0,958.31,9.0,Cannot Lose Them,4.0,Potential
4524,customer_3523,customer3523.gmail.com,Hyderabad,Organic,2022-05-31,53,F,280.0,5.0,2664.67,13.0,Loyal Customers,0.0,High Value
4525,customer_3524,customer3524.gmail.com,Pune,SMS,2024-02-29,31,M,164.0,5.0,1652.16,14.0,champions,0.0,High Value
4526,customer_3525,customer3525.gmail.com,Hyderabad,Paid Social,2024-12-11,46,F,712.0,1.0,248.32,3.0,Lost,2.0,Lost
4527,customer_3526,customer3526.gmail.com,Delhi,Email,2023-12-10,21,Others,640.0,1.0,353.88,4.0,Lost,2.0,Lost
4528,customer_3527,customer3527.gmail.com,Mumbai,Email,2023-02-28,46,M,637.0,2.0,486.22,6.0,Hibernating,2.0,Lost
4529,customer_3528,customer3528.gmail.com,Chennai,Paid Social,2022-03-08,32,M,666.0,3.0,1369.0,10.0,Cannot Lose Them,4.0,Potential
4530,customer_3529,customer3529.gmail.com,Delhi,Email,2023-11-03,61,M,16.0,3.0,1166.69,13.0,champions,3.0,Loyal
4531,customer_3530,customer3530.gmail.com,Bengaluru,Google Search,2023-01-10,37,M,125.0,2.0,408.99,9.0,Loyal Customers,1.0,At-Risk
4532,customer_3531,customer3531.gmail.com,Mumbai,Email,2024-11-09,56,F,143.0,3.0,892.02,12.0,champions,3.0,Loyal
4533,customer_3532,customer3532.gmail.com,Hyderabad,Google Search,2022-10-01,50,M,770.0,1.0,222.64,3.0,Lost,2.0,Lost
4534,customer_3533,customer3533.gmail.com,Hyderabad,Google Search,2024-09-20,34,F,345.0,5.0,1190.52,12.0,Loyal Customers,3.0,Loyal
4535,customer_3534,customer3534.gmail.com,Chennai,Google Search,2024-04-29,63,F,881.0,2.0,372.54,6.0,Hibernating,2.0,Lost
4536,customer_3535,customer3535.gmail.com,Delhi,SMS,2022-01-13,44,F,659.0,2.0,429.41,6.0,Hibernating,2.0,Lost
4537,customer_3536,customer3536.gmail.com,Mumbai,Paid Social,2024-12-15,52,F,913.0,1.0,152.46,3.0,Lost,2.0,Lost
4538,customer_3537,customer3537.gmail.com,Delhi,Paid Social,2024-02-03,55,F,211.0,5.0,892.32,12.0,Loyal Customers,3.0,Loyal
4539,customer_3538,customer3538.gmail.com,Mumbai,Paid Social,2023-01-08,23,F,297.0,4.0,1069.25,12.0,Loyal Customers,3.0,Loyal
4540,customer_3539,customer3539.gmail.com,Delhi,Google Search,2024-08-30,38,F,561.0,2.0,1407.92,10.0,At-Risk,4.0,Potential
4541,customer_3540,customer3540.gmail.com,Chennai,Google Search,2024-03-25,55,F,186.0,6.0,2468.27,14.0,champions,0.0,High Value
4542,customer_3541,customer3541.gmail.com,Pune,Google Search,2023-04-19,39,F,7.0,1.0,294.2,7.0,New Customers,1.0,At-Risk
4543,customer_3542,customer3542.gmail.com,Pune,Email,2022-11-16,63,M,392.0,3.0,2296.5,11.0,At-Risk,0.0,High Value
4544,customer_3543,customer3543.gmail.com,Mumbai,Organic,2023-01-31,62,F,342.0,3.0,986.89,11.0,Loyal Customers,4.0,Potential
4545,customer_3544,customer3544.gmail.com,Chennai,Organic,2023-01-31,18,M,22.0,2.0,386.55,10.0,Loyal Customers,1.0,At-Risk
4546,customer_3545,customer3545.gmail.com,Mumbai,Email,2023-09-12,49,F,164.0,5.0,1303.28,13.0,champions,3.0,Loyal
4547,customer_3546,customer3546.gmail.com,Delhi,Organic,2022-01-18,25,F,151.0,4.0,1381.6,14.0,champions,3.0,Loyal
4548,customer_3547,customer3547.gmail.com,Pune,Organic,2023-02-12,55,F,386.0,3.0,430.17,8.0,At-Risk,4.0,Potential
4549,customer_3548,customer3548.gmail.com,Delhi,SMS,2023-07-13,39,F,155.0,5.0,1928.54,14.0,champions,0.0,High Value
4550,customer_3549,customer3549.gmail.com,Hyderabad,Organic,2024-09-13,30,M,335.0,2.0,297.18,7.0,Loyal Customers,1.0,At-Risk
4551,customer_3550,customer3550.gmail.com,Mumbai,Email,2023-07-06,23,M,789.0,2.0,619.04,7.0,Cannot Lose Them,2.0,Lost
4552,customer_3551,customer3551.gmail.com,Pune,Google Search,2023-08-02,56,Others,245.0,3.0,1050.58,11.0,Loyal Customers,3.0,Loyal
4553,customer_3552,customer3552.gmail.com,Hyderabad,SMS,2023-09-19,46,F,842.0,1.0,97.97,3.0,Lost,2.0,Lost
4554,customer_3553,customer3553.gmail.com,Mumbai,Organic,2023-03-22,38,M,49.0,4.0,3147.3,15.0,champions,0.0,High Value
4555,customer_3554,customer3554.gmail.com,Pune,Email,2024-09-17,60,F,,,,,,,No Purchase
4556,customer_3555,customer3555.gmail.com,Hyderabad,Paid Social,2022-04-20,35,M,402.0,2.0,1985.17,10.0,At-Risk,4.0,Potential
4557,customer_3556,customer3556.gmail.com,Delhi,Paid Social,2022-05-01,20,Others,320.0,4.0,1387.91,13.0,Loyal Customers,3.0,Loyal
4558,customer_3557,customer3557.gmail.com,Delhi,SMS,2023-08-27,43,M,167.0,6.0,1865.45,14.0,champions,0.0,High Value
4559,customer_3558,customer3558.gmail.com,Pune,Paid Social,2022-01-09,22,F,62.0,3.0,1665.18,14.0,champions,3.0,Loyal
4560,customer_3559,customer3559.gmail.com,Bengaluru,Email,2023-06-30,30,F,562.0,2.0,833.56,8.0,At-Risk,4.0,Potential
4561,customer_3560,customer3560.gmail.com,Bengaluru,Paid Social,2023-07-26,50,M,974.0,1.0,103.5,3.0,Lost,2.0,Lost
4562,customer_3561,customer3561.gmail.com,Mumbai,Paid Social,2023-09-10,18,M,167.0,2.0,630.9200000000001,10.0,Loyal Customers,1.0,At-Risk
4563,customer_3562,customer3562.gmail.com,Mumbai,Organic,2022-03-24,23,F,403.0,2.0,561.9300000000001,7.0,At-Risk,1.0,At-Risk
4564,customer_3563,customer3563.gmail.com,Chennai,Email,2023-04-07,44,F,798.0,2.0,1747.92,9.0,Cannot Lose Them,4.0,Potential
4565,customer_3564,customer3564.gmail.com,Chennai,Email,2024-02-01,30,M,81.0,4.0,1207.81,14.0,champions,3.0,Loyal
4566,customer_3565,customer3565.gmail.com,Chennai,Email,2024-03-18,20,M,494.0,1.0,308.32,4.0,Hibernating,2.0,Lost
4567,customer_3566,customer3566.gmail.com,Hyderabad,Google Search,2023-08-11,34,M,102.0,1.0,582.68,8.0,New Customers,1.0,At-Risk
4568,customer_3567,customer3567.gmail.com,Hyderabad,Email,2022-06-02,31,M,815.0,1.0,853.54,5.0,Lost,2.0,Lost
4569,customer_3568,customer3568.gmail.com,Chennai,Organic,2023-07-27,36,M,691.0,1.0,58.2,3.0,Lost,2.0,Lost
4570,customer_3569,customer3569.gmail.com,Delhi,Paid Social,2022-06-29,26,F,204.0,2.0,622.73,10.0,Loyal Customers,1.0,At-Risk
4571,customer_3570,customer3570.gmail.com,Bengaluru,Paid Social,2024-02-13,31,M,514.0,2.0,228.75,6.0,At-Risk,2.0,Lost
4572,customer_3571,customer3571.gmail.com,Mumbai,Paid Social,2024-11-03,57,F,54.0,2.0,475.82,10.0,Loyal Customers,1.0,At-Risk
4573,customer_3572,customer3572.gmail.com,Chennai,Email,2024-09-15,18,F,,,,,,,No Purchase
4574,customer_3573,customer3573.gmail.com,Bengaluru,Email,2023-12-31,34,M,456.0,3.0,1203.44,10.0,At-Risk,4.0,Potential
4575,customer_3574,customer3574.gmail.com,Hyderabad,SMS,2023-11-05,24,F,566.0,3.0,713.41,9.0,At-Risk,4.0,Potential
4576,customer_3575,customer3575.gmail.com,Bengaluru,SMS,2022-02-05,30,M,233.0,1.0,173.7,5.0,Hibernating,1.0,At-Risk
4577,customer_3576,customer3576.gmail.com,Delhi,SMS,2024-12-10,48,F,469.0,4.0,1152.62,11.0,At-Risk,4.0,Potential
4578,customer_3577,customer3577.gmail.com,Mumbai,Google Search,2022-03-16,36,M,68.0,1.0,395.99,8.0,New Customers,1.0,At-Risk
4579,customer_3578,customer3578.gmail.com,Delhi,SMS,2022-07-28,62,M,88.0,6.0,1719.22,15.0,champions,0.0,High Value
4580,customer_3579,customer3579.gmail.com,Mumbai,Organic,2023-09-11,32,F,172.0,1.0,368.79,7.0,New Customers,1.0,At-Risk
4581,customer_3580,customer3580.gmail.com,Delhi,Email,2024-01-15,46,F,507.0,3.0,491.71,8.0,At-Risk,4.0,Potential
4582,customer_3581,customer3581.gmail.com,Hyderabad,Google Search,2023-11-02,62,M,134.0,3.0,2191.82,13.0,champions,0.0,High Value
4583,customer_3582,customer3582.gmail.com,Pune,Organic,2022-12-04,40,M,,,,,,,No Purchase
4584,customer_3583,customer3583.gmail.com,Chennai,Paid Social,2024-08-03,40,M,6.0,6.0,2174.56,15.0,champions,0.0,High Value
4585,customer_3584,customer3584.gmail.com,Delhi,SMS,2023-06-04,21,M,419.0,3.0,478.16,8.0,At-Risk,4.0,Potential
4586,customer_3585,customer3585.gmail.com,Delhi,SMS,2024-08-28,33,M,541.0,2.0,341.06,7.0,At-Risk,2.0,Lost
4587,customer_3586,customer3586.gmail.com,Chennai,Email,2024-07-03,63,F,548.0,3.0,579.15,9.0,At-Risk,4.0,Potential
4588,customer_3587,customer3587.gmail.com,Bengaluru,Organic,2023-06-18,57,M,672.0,3.0,1015.73,9.0,Cannot Lose Them,4.0,Potential
4589,customer_3588,customer3588.gmail.com,Hyderabad,Organic,2023-03-09,39,M,138.0,2.0,790.3100000000001,10.0,Loyal Customers,1.0,At-Risk
4590,customer_3589,customer3589.gmail.com,Pune,SMS,2022-04-01,49,F,810.0,1.0,396.73,4.0,Lost,2.0,Lost
4591,customer_3590,customer3590.gmail.com,Pune,SMS,2022-09-24,54,F,987.0,1.0,150.17,3.0,Lost,2.0,Lost
4592,customer_3591,customer3591.gmail.com,Mumbai,Organic,2022-03-01,19,M,830.0,1.0,92.33,3.0,Lost,2.0,Lost
4593,customer_3592,customer3592.gmail.com,Mumbai,Organic,2023-05-31,58,M,716.0,1.0,283.43,3.0,Lost,2.0,Lost
4594,customer_3593,customer3593.gmail.com,Pune,Paid Social,2024-12-17,44,M,411.0,5.0,1771.48,12.0,At-Risk,0.0,High Value
4595,customer_3594,customer3594.gmail.com,Pune,SMS,2024-10-13,60,F,144.0,4.0,800.58,12.0,Loyal Customers,3.0,Loyal
4596,customer_3595,customer3595.gmail.com,Chennai,SMS,2023-05-20,35,M,63.0,4.0,1404.24,15.0,champions,3.0,Loyal
4597,customer_3596,customer3596.gmail.com,Hyderabad,Organic,2023-07-02,46,M,119.0,4.0,1768.16,14.0,champions,0.0,High Value
4598,customer_3597,customer3597.gmail.com,Pune,Email,2022-03-24,46,M,490.0,4.0,1385.0,12.0,At-Risk,4.0,Potential
4599,customer_3598,customer3598.gmail.com,Mumbai,Organic,2023-05-25,25,M,,,,,,,No Purchase
4600,customer_3599,customer3599.gmail.com,Mumbai,SMS,2024-10-25,32,F,391.0,4.0,832.8,10.0,At-Risk,3.0,Loyal
4601,customer_3600,customer3600.gmail.com,Bengaluru,Paid Social,2023-03-15,38,M,593.0,1.0,298.38,4.0,Hibernating,2.0,Lost
4602,customer_3601,customer3601.gmail.com,Pune,SMS,2022-01-26,20,M,176.0,3.0,598.9,11.0,Loyal Customers,3.0,Loyal
4603,customer_3602,customer3602.gmail.com,Hyderabad,Google Search,2022-02-21,39,M,140.0,2.0,942.54,11.0,Loyal Customers,1.0,At-Risk
4604,customer_3603,customer3603.gmail.com,Chennai,SMS,2022-08-16,29,F,58.0,3.0,443.52,11.0,Loyal Customers,3.0,Loyal
4605,customer_3604,customer3604.gmail.com,Delhi,SMS,2024-09-18,20,F,280.0,4.0,703.9300000000001,11.0,Loyal Customers,3.0,Loyal
4606,customer_3605,customer3605.gmail.com,Mumbai,SMS,2023-07-27,54,M,21.0,5.0,1048.78,14.0,champions,3.0,Loyal
4607,customer_3606,customer3606.gmail.com,Delhi,Organic,2023-08-24,36,F,104.0,3.0,1158.91,12.0,champions,3.0,Loyal
4608,customer_3607,customer3607.gmail.com,Mumbai,Email,2024-11-04,56,M,519.0,1.0,463.72,5.0,Hibernating,2.0,Lost
4609,customer_3608,customer3608.gmail.com,Hyderabad,SMS,2024-05-20,60,F,322.0,1.0,86.78,5.0,Hibernating,1.0,At-Risk
4610,customer_3609,customer3609.gmail.com,Delhi,SMS,2023-11-24,37,F,632.0,1.0,539.91,4.0,Lost,2.0,Lost
4611,customer_3610,customer3610.gmail.com,Bengaluru,SMS,2022-08-24,57,M,170.0,4.0,1359.4199999999998,14.0,champions,3.0,Loyal
4612,customer_3611,customer3611.gmail.com,Chennai,SMS,2023-10-18,41,M,240.0,3.0,1443.02,12.0,Loyal Customers,3.0,Loyal
4613,customer_3612,customer3612.gmail.com,Hyderabad,SMS,2022-10-30,28,F,550.0,4.0,885.97,11.0,At-Risk,4.0,Potential
4614,customer_3613,customer3613.gmail.com,Mumbai,Paid Social,2022-03-05,34,F,350.0,1.0,80.52,5.0,Hibernating,1.0,At-Risk
4615,customer_3614,customer3614.gmail.com,Pune,Organic,2024-09-30,36,F,98.0,5.0,2566.8,14.0,champions,0.0,High Value
4616,customer_3615,customer3615.gmail.com,Chennai,Organic,2024-06-12,55,F,735.0,1.0,249.41,3.0,Lost,2.0,Lost
4617,customer_3616,customer3616.gmail.com,Delhi,SMS,2023-12-15,41,F,899.0,2.0,204.75,5.0,Hibernating,2.0,Lost
4618,customer_3617,customer3617.gmail.com,Pune,Paid Social,2023-05-13,24,M,586.0,3.0,704.57,9.0,At-Risk,4.0,Potential
4619,customer_3618,customer3618.gmail.com,Mumbai,Google Search,2024-06-13,18,M,1056.0,1.0,146.52,3.0,Lost,2.0,Lost
4620,customer_3619,customer3619.gmail.com,Delhi,Google Search,2022-07-17,19,M,131.0,4.0,1044.88,13.0,champions,3.0,Loyal
4621,customer_3620,customer3620.gmail.com,Delhi,Paid Social,2022-09-07,27,M,589.0,2.0,486.61,7.0,At-Risk,2.0,Lost
4622,customer_3621,customer3621.gmail.com,Chennai,Google Search,2024-07-25,37,M,982.0,1.0,333.97,4.0,Lost,2.0,Lost
4623,customer_3622,customer3622.gmail.com,Delhi,Organic,2024-12-04,52,M,503.0,3.0,750.77,9.0,At-Risk,4.0,Potential
4624,customer_3623,customer3623.gmail.com,Hyderabad,Google Search,2024-12-08,24,F,591.0,1.0,883.76,6.0,Hibernating,2.0,Lost
4625,customer_3624,customer3624.gmail.com,Hyderabad,SMS,2022-05-27,38,F,331.0,2.0,779.9300000000001,9.0,Loyal Customers,1.0,At-Risk
4626,customer_3625,customer3625.gmail.com,Hyderabad,Email,2023-05-04,48,F,39.0,3.0,961.71,13.0,champions,3.0,Loyal
4627,customer_3626,customer3626.gmail.com,Hyderabad,Paid Social,2024-07-22,34,M,246.0,3.0,1347.98,11.0,Loyal Customers,3.0,Loyal
4628,customer_3627,customer3627.gmail.com,Chennai,Email,2023-02-05,29,F,1058.0,1.0,1315.26,6.0,Lost,2.0,Lost
4629,customer_3628,customer3628.gmail.com,Mumbai,Paid Social,2023-11-25,25,M,519.0,3.0,349.39,8.0,At-Risk,4.0,Potential
4630,customer_3629,customer3629.gmail.com,Bengaluru,Paid Social,2024-03-26,49,F,21.0,3.0,1035.15,13.0,champions,3.0,Loyal
4631,customer_3630,customer3630.gmail.com,Mumbai,Paid Social,2023-03-04,32,M,60.0,4.0,1403.12,15.0,champions,3.0,Loyal
4632,customer_3631,customer3631.gmail.com,Chennai,Organic,2022-02-28,28,F,41.0,3.0,522.39,11.0,Loyal Customers,3.0,Loyal
4633,customer_3632,customer3632.gmail.com,Delhi,Organic,2023-05-12,20,M,885.0,2.0,302.86,5.0,Hibernating,2.0,Lost
4634,customer_3633,customer3633.gmail.com,Hyderabad,Paid Social,2024-03-12,55,F,765.0,1.0,405.2,4.0,Lost,2.0,Lost
4635,customer_3634,customer3634.gmail.com,Chennai,SMS,2023-02-03,48,F,52.0,2.0,220.3,9.0,Loyal Customers,1.0,At-Risk
4636,customer_3635,customer3635.gmail.com,Delhi,Google Search,2024-05-08,41,M,580.0,3.0,794.0600000000001,9.0,At-Risk,4.0,Potential
4637,customer_3636,customer3636.gmail.com,Hyderabad,SMS,2023-11-06,40,Others,243.0,1.0,896.36,8.0,Hibernating,1.0,At-Risk
4638,customer_3637,customer3637.gmail.com,Pune,Organic,2022-07-30,45,F,,,,,,,No Purchase
4639,customer_3638,customer3638.gmail.com,Pune,Paid Social,2023-11-15,24,M,369.0,3.0,848.0699999999999,9.0,At-Risk,4.0,Potential
4640,customer_3639,customer3639.gmail.com,Hyderabad,Organic,2024-11-09,49,F,253.0,2.0,984.29,10.0,Loyal Customers,1.0,At-Risk
4641,customer_3640,customer3640.gmail.com,Pune,Google Search,2022-06-22,47,F,241.0,4.0,787.88,11.0,Loyal Customers,3.0,Loyal
4642,customer_3641,customer3641.gmail.com,Chennai,Email,2022-07-09,24,M,186.0,2.0,888.86,11.0,Loyal Customers,1.0,At-Risk
4643,customer_3642,customer3642.gmail.com,Hyderabad,Email,2023-12-02,52,M,126.0,3.0,823.36,11.0,Loyal Customers,3.0,Loyal
4644,customer_3643,customer3643.gmail.com,Bengaluru,SMS,2023-09-01,63,F,127.0,2.0,713.61,10.0,Loyal Customers,1.0,At-Risk
4645,customer_3644,customer3644.gmail.com,Delhi,Paid Social,2023-03-16,57,M,784.0,2.0,370.29,6.0,Hibernating,2.0,Lost
4646,customer_3645,customer3645.gmail.com,Mumbai,Organic,2022-04-15,27,M,959.0,2.0,1059.03,8.0,Cannot Lose Them,2.0,Lost
4647,customer_3646,customer3646.gmail.com,Mumbai,SMS,2023-07-22,20,F,7.0,4.0,1371.44,15.0,champions,3.0,Loyal
4648,customer_3647,customer3647.gmail.com,Chennai,SMS,2023-09-18,19,Others,156.0,2.0,607.07,10.0,Loyal Customers,1.0,At-Risk
4649,customer_3648,customer3648.gmail.com,Mumbai,SMS,2024-07-07,55,M,,,,,,,No Purchase
4650,customer_3649,customer3649.gmail.com,Hyderabad,Google Search,2024-12-13,52,Others,80.0,2.0,501.27,10.0,Loyal Customers,1.0,At-Risk
4651,customer_3650,customer3650.gmail.com,Hyderabad,SMS,2023-05-27,55,F,,,,,,,No Purchase
4652,customer_3651,customer3651.gmail.com,Chennai,Paid Social,2022-11-21,63,M,809.0,2.0,645.51,7.0,Cannot Lose Them,2.0,Lost
4653,customer_3652,customer3652.gmail.com,Bengaluru,Google Search,2022-01-21,48,M,104.0,3.0,787.0799999999999,11.0,Loyal Customers,3.0,Loyal
4654,customer_3653,customer3653.gmail.com,Hyderabad,Email,2024-10-02,36,F,121.0,1.0,488.51,7.0,New Customers,1.0,At-Risk
4655,customer_3654,customer3654.gmail.com,Chennai,Email,2023-12-01,39,F,288.0,3.0,1174.51,11.0,Loyal Customers,3.0,Loyal
4656,customer_3655,customer3655.gmail.com,Chennai,Email,2023-12-21,36,F,147.0,1.0,188.37,6.0,New Customers,1.0,At-Risk
4657,customer_3656,customer3656.gmail.com,Mumbai,Paid Social,2024-05-24,38,F,30.0,5.0,2227.62,15.0,champions,0.0,High Value
4658,customer_3657,customer3657.gmail.com,Pune,Paid Social,2024-09-21,44,M,515.0,2.0,501.5,7.0,At-Risk,4.0,Potential
4659,customer_3658,customer3658.gmail.com,Delhi,Google Search,2022-10-06,38,F,921.0,2.0,675.99,7.0,Cannot Lose Them,2.0,Lost
4660,customer_3659,customer3659.gmail.com,Hyderabad,Email,2023-07-20,33,M,39.0,2.0,832.14,11.0,Loyal Customers,1.0,At-Risk
4661,customer_3660,customer3660.gmail.com,Mumbai,Google Search,2022-04-23,46,M,272.0,6.0,2374.66,13.0,Loyal Customers,0.0,High Value
4662,customer_3661,customer3661.gmail.com,Delhi,Email,2022-01-18,50,M,264.0,6.0,1377.71,13.0,Loyal Customers,0.0,High Value
4663,customer_3662,customer3662.gmail.com,Delhi,Email,2022-05-02,28,M,44.0,2.0,955.58,12.0,Loyal Customers,1.0,At-Risk
4664,customer_3663,customer3663.gmail.com,Hyderabad,Email,2022-06-25,27,F,641.0,2.0,768.45,7.0,Cannot Lose Them,4.0,Potential
4665,customer_3664,customer3664.gmail.com,Chennai,Email,2022-05-21,38,M,115.0,4.0,803.69,12.0,Loyal Customers,3.0,Loyal
4666,customer_3665,customer3665.gmail.com,Hyderabad,Google Search,2024-01-04,34,M,440.0,3.0,557.79,8.0,At-Risk,4.0,Potential
4667,customer_3666,customer3666.gmail.com,Hyderabad,Paid Social,2023-09-24,27,M,36.0,2.0,251.98,9.0,Loyal Customers,1.0,At-Risk
4668,customer_3667,customer3667.gmail.com,Chennai,Email,2024-01-09,46,M,213.0,3.0,1181.81,11.0,Loyal Customers,3.0,Loyal
4669,customer_3668,customer3668.gmail.com,Bengaluru,SMS,2024-01-15,23,F,120.0,3.0,1297.62,12.0,champions,3.0,Loyal
4670,customer_3669,customer3669.gmail.com,Chennai,Organic,2024-11-11,27,F,472.0,4.0,2239.01,12.0,At-Risk,0.0,High Value
4671,customer_3670,customer3670.gmail.com,Mumbai,Paid Social,2022-08-18,63,F,47.0,3.0,853.6199999999999,12.0,Loyal Customers,3.0,Loyal
4672,customer_3671,customer3671.gmail.com,Hyderabad,Paid Social,2023-08-12,24,M,379.0,1.0,352.97,5.0,Hibernating,1.0,At-Risk
4673,customer_3672,customer3672.gmail.com,Chennai,Google Search,2024-10-29,28,F,288.0,1.0,54.82,5.0,Hibernating,1.0,At-Risk
4674,customer_3673,customer3673.gmail.com,Delhi,Organic,2022-12-02,60,M,2.0,4.0,1151.54,14.0,champions,3.0,Loyal
4675,customer_3674,customer3674.gmail.com,Bengaluru,Google Search,2023-08-08,60,F,181.0,5.0,1464.78,14.0,champions,0.0,High Value
4676,customer_3675,customer3675.gmail.com,Mumbai,Paid Social,2023-02-07,55,F,1070.0,1.0,228.9,3.0,Lost,2.0,Lost
4677,customer_3676,customer3676.gmail.com,Pune,Email,2023-05-13,57,M,37.0,6.0,2655.13,15.0,champions,0.0,High Value
4678,customer_3677,customer3677.gmail.com,Hyderabad,Email,2022-10-26,40,F,859.0,1.0,366.15,4.0,Lost,2.0,Lost
4679,customer_3678,customer3678.gmail.com,Chennai,Google Search,2022-05-08,63,M,183.0,4.0,1298.17,13.0,champions,3.0,Loyal
4680,customer_3679,customer3679.gmail.com,Hyderabad,Paid Social,2022-04-02,49,M,71.0,4.0,903.65,14.0,champions,3.0,Loyal
4681,customer_3680,customer3680.gmail.com,Pune,Paid Social,2022-10-02,42,F,474.0,2.0,231.17,6.0,At-Risk,1.0,At-Risk
4682,customer_3681,customer3681.gmail.com,Hyderabad,Paid Social,2022-06-01,20,F,468.0,2.0,939.68,9.0,At-Risk,4.0,Potential
4683,customer_3682,customer3682.gmail.com,Chennai,SMS,2022-12-01,45,M,196.0,2.0,451.9,9.0,Loyal Customers,1.0,At-Risk
4684,customer_3683,customer3683.gmail.com,Chennai,Email,2024-07-07,26,F,,,,,,,No Purchase
4685,customer_3684,customer3684.gmail.com,Mumbai,Google Search,2023-08-14,21,F,877.0,1.0,162.14,3.0,Lost,2.0,Lost
4686,customer_3685,customer3685.gmail.com,Bengaluru,Google Search,2024-09-13,63,F,72.0,4.0,698.21,13.0,Loyal Customers,3.0,Loyal
4687,customer_3686,customer3686.gmail.com,Chennai,Email,2024-01-26,22,F,3.0,4.0,1016.86,14.0,champions,3.0,Loyal
4688,customer_3687,customer3687.gmail.com,Delhi,Google Search,2024-02-29,30,Others,270.0,4.0,692.77,11.0,Loyal Customers,3.0,Loyal
4689,customer_3688,customer3688.gmail.com,Pune,Google Search,2023-02-10,26,M,,,,,,,No Purchase
4690,customer_3689,customer3689.gmail.com,Mumbai,Google Search,2023-02-08,32,F,436.0,2.0,458.03,7.0,At-Risk,1.0,At-Risk
4691,customer_3690,customer3690.gmail.com,Mumbai,Google Search,2022-05-29,59,M,693.0,2.0,508.25,6.0,Hibernating,2.0,Lost
4692,customer_3691,customer3691.gmail.com,Pune,Google Search,2023-06-18,38,F,695.0,2.0,1169.59,8.0,Cannot Lose Them,4.0,Potential
4693,customer_3692,customer3692.gmail.com,Bengaluru,Paid Social,2022-06-10,37,M,589.0,4.0,2108.53,12.0,At-Risk,0.0,High Value
4694,customer_3693,customer3693.gmail.com,Bengaluru,SMS,2022-03-19,60,F,1052.0,1.0,287.67,3.0,Lost,2.0,Lost
4695,customer_3694,customer3694.gmail.com,Delhi,Organic,2023-09-18,21,M,685.0,2.0,843.85,7.0,Cannot Lose Them,4.0,Potential
4696,customer_3695,customer3695.gmail.com,Delhi,Paid Social,2024-02-02,61,Others,171.0,2.0,900.28,11.0,Loyal Customers,1.0,At-Risk
4697,customer_3696,customer3696.gmail.com,Delhi,Paid Social,2022-08-06,53,F,464.0,3.0,1663.2800000000002,11.0,At-Risk,4.0,Potential
4698,customer_3697,customer3697.gmail.com,Bengaluru,Paid Social,2022-08-01,44,F,,,,,,,No Purchase
4699,customer_3698,customer3698.gmail.com,Hyderabad,Paid Social,2022-07-22,30,F,564.0,2.0,780.61,8.0,At-Risk,4.0,Potential
4700,customer_3699,customer3699.gmail.com,Hyderabad,Google Search,2024-06-11,26,F,505.0,1.0,205.99,4.0,Hibernating,2.0,Lost
4701,customer_3700,customer3700.gmail.com,Chennai,Organic,2022-01-06,29,Others,292.0,5.0,823.6800000000001,11.0,Loyal Customers,3.0,Loyal
4702,customer_3701,customer3701.gmail.com,Hyderabad,Organic,2022-02-01,41,Others,1007.0,1.0,541.79,4.0,Lost,2.0,Lost
4703,customer_3702,customer3702.gmail.com,Pune,Google Search,2024-03-02,45,M,,,,,,,No Purchase
4704,customer_3703,customer3703.gmail.com,Pune,Google Search,2022-04-08,24,F,273.0,5.0,1416.23,13.0,Loyal Customers,3.0,Loyal
4705,customer_3704,customer3704.gmail.com,Pune,Organic,2022-03-29,57,F,151.0,1.0,270.35,6.0,New Customers,1.0,At-Risk
4706,customer_3705,customer3705.gmail.com,Pune,Paid Social,2022-05-04,32,M,205.0,2.0,421.91,8.0,Loyal Customers,1.0,At-Risk
4707,customer_3706,customer3706.gmail.com,Bengaluru,Google Search,2023-04-15,34,F,95.0,2.0,376.37,9.0,Loyal Customers,1.0,At-Risk
4708,customer_3707,customer3707.gmail.com,Pune,Paid Social,2022-10-06,26,F,311.0,3.0,402.5899999999999,9.0,Loyal Customers,1.0,At-Risk
4709,customer_3708,customer3708.gmail.com,Delhi,Paid Social,2022-12-03,51,F,452.0,2.0,608.69,8.0,At-Risk,4.0,Potential
4710,customer_3709,customer3709.gmail.com,Pune,Google Search,2024-08-06,55,F,156.0,4.0,1212.64,13.0,champions,3.0,Loyal
4711,customer_3710,customer3710.gmail.com,Mumbai,Google Search,2023-09-29,57,M,91.0,4.0,2046.34,15.0,champions,0.0,High Value
4712,customer_3711,customer3711.gmail.com,Hyderabad,Organic,2024-03-23,20,F,194.0,5.0,1077.45,13.0,champions,3.0,Loyal
4713,customer_3712,customer3712.gmail.com,Mumbai,Google Search,2024-08-09,51,M,106.0,5.0,1154.79,13.0,champions,3.0,Loyal
4714,customer_3713,customer3713.gmail.com,Mumbai,Email,2024-10-21,63,F,,,,,,,No Purchase
4715,customer_3714,customer3714.gmail.com,Chennai,Paid Social,2023-07-03,23,F,251.0,2.0,532.1,8.0,Loyal Customers,1.0,At-Risk
4716,customer_3715,customer3715.gmail.com,Delhi,Paid Social,2024-09-12,29,M,140.0,3.0,1024.01,12.0,champions,3.0,Loyal
4717,customer_3716,customer3716.gmail.com,Bengaluru,SMS,2022-12-25,25,M,323.0,2.0,609.36,9.0,Loyal Customers,1.0,At-Risk
4718,customer_3717,customer3717.gmail.com,Delhi,Paid Social,2023-04-01,44,M,628.0,3.0,438.41,7.0,Hibernating,4.0,Potential
4719,customer_3718,customer3718.gmail.com,Bengaluru,Email,2024-02-18,31,F,350.0,1.0,91.49,5.0,Hibernating,1.0,At-Risk
4720,customer_3719,customer3719.gmail.com,Delhi,Paid Social,2023-10-27,39,F,15.0,2.0,659.6800000000001,11.0,Loyal Customers,1.0,At-Risk
4721,customer_3720,customer3720.gmail.com,Bengaluru,Paid Social,2022-09-30,58,M,662.0,1.0,102.11,3.0,Lost,2.0,Lost
4722,customer_3721,customer3721.gmail.com,Pune,SMS,2023-08-19,23,M,545.0,1.0,704.38,6.0,Hibernating,2.0,Lost
4723,customer_3722,customer3722.gmail.com,Delhi,Paid Social,2022-04-30,46,F,469.0,2.0,678.3299999999999,8.0,At-Risk,4.0,Potential
4724,customer_3723,customer3723.gmail.com,Mumbai,Email,2023-10-07,61,F,13.0,2.0,232.31,9.0,Loyal Customers,1.0,At-Risk
4725,customer_3724,customer3724.gmail.com,Delhi,Google Search,2023-10-08,23,F,74.0,4.0,1290.21,14.0,champions,3.0,Loyal
4726,customer_3725,customer3725.gmail.com,Mumbai,Google Search,2022-05-11,63,F,951.0,1.0,738.89,5.0,Lost,2.0,Lost
4727,customer_3726,customer3726.gmail.com,Bengaluru,Paid Social,2023-02-21,62,F,6.0,6.0,2096.67,15.0,champions,0.0,High Value
4728,customer_3727,customer3727.gmail.com,Pune,Google Search,2024-03-02,57,F,128.0,4.0,958.6,13.0,champions,3.0,Loyal
4729,customer_3728,customer3728.gmail.com,Pune,Organic,2024-03-05,21,M,91.0,1.0,590.29,9.0,New Customers,1.0,At-Risk
4730,customer_3729,customer3729.gmail.com,Pune,Organic,2024-05-16,57,F,,,,,,,No Purchase
4731,customer_3730,customer3730.gmail.com,Mumbai,Email,2022-10-07,41,M,442.0,3.0,699.52,9.0,At-Risk,4.0,Potential
4732,customer_3731,customer3731.gmail.com,Hyderabad,Paid Social,2024-10-30,36,F,472.0,2.0,1281.48,9.0,At-Risk,4.0,Potential
4733,customer_3732,customer3732.gmail.com,Hyderabad,Google Search,2023-02-10,60,Others,25.0,6.0,2228.97,15.0,champions,0.0,High Value
4734,customer_3733,customer3733.gmail.com,Delhi,Google Search,2024-12-11,36,M,228.0,2.0,245.17,7.0,Loyal Customers,1.0,At-Risk
4735,customer_3734,customer3734.gmail.com,Hyderabad,Email,2022-10-02,49,M,229.0,4.0,565.6,10.0,Loyal Customers,3.0,Loyal
4736,customer_3735,customer3735.gmail.com,Hyderabad,Organic,2022-07-27,55,Others,313.0,1.0,183.97,5.0,Hibernating,1.0,At-Risk
4737,customer_3736,customer3736.gmail.com,Hyderabad,Paid Social,2022-03-15,57,M,406.0,3.0,778.23,9.0,At-Risk,4.0,Potential
4738,customer_3737,customer3737.gmail.com,Hyderabad,Organic,2023-07-14,38,M,440.0,2.0,311.4,6.0,At-Risk,1.0,At-Risk
4739,customer_3738,customer3738.gmail.com,Mumbai,Email,2022-03-11,54,F,726.0,1.0,133.52,3.0,Lost,2.0,Lost
4740,customer_3739,customer3739.gmail.com,Pune,Paid Social,2023-06-04,40,F,,,,,,,No Purchase
4741,customer_3740,customer3740.gmail.com,Bengaluru,Email,2023-06-01,64,M,948.0,1.0,197.24,3.0,Lost,2.0,Lost
4742,customer_3741,customer3741.gmail.com,Mumbai,Email,2023-12-09,34,M,36.0,2.0,117.62,9.0,Loyal Customers,1.0,At-Risk
4743,customer_3742,customer3742.gmail.com,Hyderabad,Google Search,2022-02-04,48,F,381.0,3.0,1017.69,10.0,At-Risk,4.0,Potential
4744,customer_3743,customer3743.gmail.com,Hyderabad,Organic,2023-06-11,60,M,216.0,2.0,788.23,9.0,Loyal Customers,1.0,At-Risk
4745,customer_3744,customer3744.gmail.com,Mumbai,Email,2023-09-19,55,M,349.0,2.0,650.6700000000001,9.0,Loyal Customers,1.0,At-Risk
4746,customer_3745,customer3745.gmail.com,Bengaluru,Email,2022-06-10,20,M,243.0,2.0,1088.0500000000002,10.0,Loyal Customers,1.0,At-Risk
4747,customer_3746,customer3746.gmail.com,Pune,Paid Social,2024-04-15,52,F,507.0,1.0,172.29,4.0,Hibernating,2.0,Lost
4748,customer_3747,customer3747.gmail.com,Hyderabad,Paid Social,2024-08-13,26,F,36.0,6.0,2570.08,15.0,champions,0.0,High Value
4749,customer_3748,customer3748.gmail.com,Delhi,Organic,2024-06-03,64,M,95.0,3.0,724.69,11.0,Loyal Customers,3.0,Loyal
4750,customer_3749,customer3749.gmail.com,Chennai,Organic,2022-08-12,29,M,538.0,3.0,842.86,9.0,At-Risk,4.0,Potential
4751,customer_3750,customer3750.gmail.com,Bengaluru,Organic,2022-10-18,26,F,353.0,2.0,233.94,7.0,Loyal Customers,1.0,At-Risk
4752,customer_3751,customer3751.gmail.com,Chennai,Google Search,2022-05-09,64,F,568.0,3.0,1493.58,11.0,At-Risk,4.0,Potential
4753,customer_3752,customer3752.gmail.com,Chennai,Google Search,2023-09-25,48,Others,246.0,2.0,894.1099999999999,10.0,Loyal Customers,1.0,At-Risk
4754,customer_3753,customer3753.gmail.com,Hyderabad,Email,2024-02-13,38,F,188.0,3.0,1503.36,13.0,champions,3.0,Loyal
4755,customer_3754,customer3754.gmail.com,Delhi,Paid Social,2024-03-26,57,F,660.0,3.0,592.74,8.0,Cannot Lose Them,4.0,Potential
4756,customer_3755,customer3755.gmail.com,Mumbai,Google Search,2024-12-19,56,M,603.0,1.0,57.45,3.0,Lost,2.0,Lost
4757,customer_3756,customer3756.gmail.com,Pune,SMS,2024-12-15,53,F,714.0,1.0,198.96,3.0,Lost,2.0,Lost
4758,customer_3757,customer3757.gmail.com,Delhi,Organic,2023-01-27,59,F,248.0,3.0,1367.42,12.0,Loyal Customers,3.0,Loyal
4759,customer_3758,customer3758.gmail.com,Hyderabad,Paid Social,2022-03-11,52,M,723.0,1.0,153.4,3.0,Lost,2.0,Lost
4760,customer_3759,customer3759.gmail.com,Delhi,Email,2024-05-20,39,M,687.0,2.0,613.81,7.0,Cannot Lose Them,2.0,Lost
4761,customer_3760,customer3760.gmail.com,Mumbai,Paid Social,2023-12-09,23,F,234.0,5.0,1364.81,13.0,Loyal Customers,3.0,Loyal
4762,customer_3761,customer3761.gmail.com,Chennai,Paid Social,2022-05-20,32,F,255.0,2.0,282.31,7.0,Loyal Customers,1.0,At-Risk
4763,customer_3762,customer3762.gmail.com,Hyderabad,Email,2022-06-28,45,M,526.0,1.0,200.82,4.0,Hibernating,2.0,Lost
4764,customer_3763,customer3763.gmail.com,Chennai,Google Search,2023-06-26,28,F,71.0,4.0,651.23,13.0,Loyal Customers,3.0,Loyal
4765,customer_3764,customer3764.gmail.com,Bengaluru,SMS,2022-04-13,27,F,978.0,1.0,212.27,3.0,Lost,2.0,Lost
4766,customer_3765,customer3765.gmail.com,Delhi,Google Search,2023-04-05,56,F,214.0,6.0,1767.72,13.0,Loyal Customers,0.0,High Value
4767,customer_3766,customer3766.gmail.com,Bengaluru,Organic,2024-02-15,48,F,245.0,3.0,958.79,11.0,Loyal Customers,3.0,Loyal
4768,customer_3767,customer3767.gmail.com,Mumbai,SMS,2022-07-06,37,M,453.0,3.0,2138.1,11.0,At-Risk,4.0,Potential
4769,customer_3768,customer3768.gmail.com,Delhi,SMS,2023-03-21,21,M,221.0,2.0,1002.34,10.0,Loyal Customers,1.0,At-Risk
4770,customer_3769,customer3769.gmail.com,Pune,Google Search,2024-04-17,63,M,8.0,4.0,1501.06,15.0,champions,3.0,Loyal
4771,customer_3770,customer3770.gmail.com,Mumbai,Google Search,2024-06-12,29,M,606.0,2.0,654.24,7.0,Cannot Lose Them,4.0,Potential
4772,customer_3771,customer3771.gmail.com,Delhi,Organic,2024-05-14,44,M,1044.0,1.0,244.94,3.0,Lost,2.0,Lost
4773,customer_3772,customer3772.gmail.com,Delhi,Organic,2022-05-15,23,M,14.0,2.0,526.63,10.0,Loyal Customers,1.0,At-Risk
4774,customer_3773,customer3773.gmail.com,Pune,Paid Social,2022-12-18,53,F,207.0,6.0,1124.3200000000002,12.0,Loyal Customers,3.0,Loyal
4775,customer_3774,customer3774.gmail.com,Chennai,Email,2022-12-15,54,M,24.0,4.0,744.54,13.0,Loyal Customers,3.0,Loyal
4776,customer_3775,customer3775.gmail.com,Chennai,Google Search,2022-10-21,39,F,155.0,1.0,71.71,6.0,New Customers,1.0,At-Risk
4777,customer_3776,customer3776.gmail.com,Delhi,Email,2022-01-30,42,F,155.0,9.0,4368.05,14.0,champions,0.0,High Value
4778,customer_3777,customer3777.gmail.com,Delhi,Google Search,2024-04-09,49,M,486.0,3.0,2617.9300000000003,11.0,At-Risk,0.0,High Value
4779,customer_3778,customer3778.gmail.com,Bengaluru,SMS,2022-10-12,30,M,240.0,1.0,868.21,7.0,Hibernating,1.0,At-Risk
4780,customer_3779,customer3779.gmail.com,Bengaluru,Organic,2024-08-04,30,F,228.0,2.0,384.14,8.0,Loyal Customers,1.0,At-Risk
4781,customer_3780,customer3780.gmail.com,Hyderabad,SMS,2022-05-28,63,M,28.0,5.0,2288.07,15.0,champions,0.0,High Value
4782,customer_3781,customer3781.gmail.com,Delhi,Google Search,2023-02-19,47,M,547.0,2.0,956.77,9.0,At-Risk,4.0,Potential
4783,customer_3782,customer3782.gmail.com,Mumbai,Organic,2022-02-16,46,M,90.0,5.0,1465.68,15.0,champions,3.0,Loyal
4784,customer_3783,customer3783.gmail.com,Mumbai,Paid Social,2022-07-24,50,F,180.0,2.0,500.75,9.0,Loyal Customers,1.0,At-Risk
4785,customer_3784,customer3784.gmail.com,Delhi,Organic,2022-03-11,48,M,517.0,1.0,209.74,4.0,Hibernating,2.0,Lost
4786,customer_3785,customer3785.gmail.com,Chennai,Organic,2024-02-08,48,M,134.0,6.0,1562.0,14.0,champions,0.0,High Value
4787,customer_3786,customer3786.gmail.com,Hyderabad,Google Search,2023-01-10,47,F,596.0,3.0,787.9200000000001,9.0,At-Risk,4.0,Potential
4788,customer_3787,customer3787.gmail.com,Bengaluru,Email,2024-01-24,31,F,703.0,2.0,337.67,6.0,Hibernating,2.0,Lost
4789,customer_3788,customer3788.gmail.com,Bengaluru,Organic,2024-06-20,40,M,96.0,4.0,1363.04,14.0,champions,3.0,Loyal
4790,customer_3789,customer3789.gmail.com,Chennai,Google Search,2024-08-16,53,M,519.0,3.0,531.49,8.0,At-Risk,4.0,Potential
4791,customer_3790,customer3790.gmail.com,Hyderabad,Organic,2024-05-23,50,F,419.0,3.0,419.73,8.0,At-Risk,4.0,Potential
4792,customer_3791,customer3791.gmail.com,Delhi,Google Search,2024-04-03,45,M,97.0,5.0,1009.09,13.0,champions,3.0,Loyal
4793,customer_3792,customer3792.gmail.com,Hyderabad,SMS,2024-01-17,57,F,716.0,3.0,734.15,8.0,Cannot Lose Them,4.0,Potential
4794,customer_3793,customer3793.gmail.com,Mumbai,Google Search,2024-08-09,49,M,101.0,3.0,472.29,10.0,Loyal Customers,3.0,Loyal
4795,customer_3794,customer3794.gmail.com,Delhi,SMS,2023-09-01,62,M,160.0,1.0,194.24,6.0,New Customers,1.0,At-Risk
4796,customer_3795,customer3795.gmail.com,Delhi,SMS,2022-06-25,58,F,597.0,1.0,460.51,5.0,Hibernating,2.0,Lost
4797,customer_3796,customer3796.gmail.com,Chennai,Email,2022-11-29,43,Others,656.0,4.0,1011.55,10.0,Cannot Lose Them,4.0,Potential
4798,customer_3797,customer3797.gmail.com,Hyderabad,SMS,2022-03-21,21,M,70.0,2.0,531.64,10.0,Loyal Customers,1.0,At-Risk
4799,customer_3798,customer3798.gmail.com,Hyderabad,Google Search,2023-12-05,40,M,157.0,3.0,540.28,10.0,Loyal Customers,3.0,Loyal
4800,customer_3799,customer3799.gmail.com,Pune,Email,2023-03-05,31,M,461.0,1.0,201.35,4.0,Hibernating,1.0,At-Risk
4801,customer_3800,customer3800.gmail.com,Chennai,Email,2023-02-05,50,M,601.0,1.0,1092.12,6.0,Lost,2.0,Lost
4802,customer_3801,customer3801.gmail.com,Pune,Email,2022-07-19,22,F,2.0,3.0,350.30000000000007,11.0,Loyal Customers,3.0,Loyal
4803,customer_3802,customer3802.gmail.com,Bengaluru,SMS,2023-03-24,27,F,359.0,2.0,395.7000000000001,7.0,At-Risk,1.0,At-Risk
4804,customer_3803,customer3803.gmail.com,Pune,Google Search,2023-04-24,26,M,643.0,1.0,320.6,4.0,Lost,2.0,Lost
4805,customer_3804,customer3804.gmail.com,Bengaluru,Organic,2022-06-29,25,M,7.0,2.0,725.74,11.0,Loyal Customers,1.0,At-Risk
4806,customer_3805,customer3805.gmail.com,Mumbai,Organic,2022-11-16,30,M,,,,,,,No Purchase
4807,customer_3806,customer3806.gmail.com,Pune,Email,2022-12-24,30,M,254.0,2.0,566.95,8.0,Loyal Customers,1.0,At-Risk
4808,customer_3807,customer3807.gmail.com,Hyderabad,Paid Social,2023-10-10,19,F,108.0,3.0,1094.96,12.0,champions,3.0,Loyal
4809,customer_3808,customer3808.gmail.com,Bengaluru,Organic,2022-04-22,39,F,977.0,1.0,412.21,4.0,Lost,2.0,Lost
4810,customer_3809,customer3809.gmail.com,Chennai,Google Search,2024-09-30,51,F,491.0,2.0,1167.19,9.0,At-Risk,4.0,Potential
4811,customer_3810,customer3810.gmail.com,Chennai,Email,2023-03-11,54,F,758.0,1.0,232.32,3.0,Lost,2.0,Lost
4812,customer_3811,customer3811.gmail.com,Bengaluru,Paid Social,2023-08-08,54,F,446.0,4.0,2159.24,12.0,At-Risk,0.0,High Value
4813,customer_3812,customer3812.gmail.com,Mumbai,Google Search,2024-11-09,29,F,258.0,3.0,872.29,10.0,Loyal Customers,3.0,Loyal
4814,customer_3813,customer3813.gmail.com,Pune,Paid Social,2022-03-09,22,F,349.0,4.0,1115.06,12.0,Loyal Customers,3.0,Loyal
4815,customer_3814,customer3814.gmail.com,Hyderabad,Organic,2022-12-21,59,M,,,,,,,No Purchase
4816,customer_3815,customer3815.gmail.com,Bengaluru,Paid Social,2024-04-07,63,M,747.0,2.0,205.94,5.0,Hibernating,2.0,Lost
4817,customer_3816,customer3816.gmail.com,Mumbai,SMS,2022-11-06,50,F,905.0,1.0,387.59,4.0,Lost,2.0,Lost
4818,customer_3817,customer3817.gmail.com,Mumbai,SMS,2023-03-24,39,M,128.0,4.0,1231.15,13.0,champions,3.0,Loyal
4819,customer_3818,customer3818.gmail.com,Pune,Email,2024-03-21,45,M,223.0,2.0,1952.3,11.0,Loyal Customers,3.0,Loyal
4820,customer_3819,customer3819.gmail.com,Hyderabad,SMS,2023-05-21,28,M,133.0,1.0,264.86,6.0,New Customers,1.0,At-Risk
4821,customer_3820,customer3820.gmail.com,Pune,Paid Social,2022-05-17,54,F,28.0,2.0,1144.17,12.0,Loyal Customers,3.0,Loyal
4822,customer_3821,customer3821.gmail.com,Bengaluru,SMS,2023-09-23,40,F,30.0,4.0,2953.54,15.0,champions,0.0,High Value
4823,customer_3822,customer3822.gmail.com,Chennai,Email,2024-03-08,53,M,600.0,1.0,378.63,4.0,Lost,2.0,Lost
4824,customer_3823,customer3823.gmail.com,Hyderabad,Organic,2022-09-14,28,F,,,,,,,No Purchase
4825,customer_3824,customer3824.gmail.com,Chennai,Email,2024-12-08,56,M,481.0,3.0,465.64,8.0,At-Risk,4.0,Potential
4826,customer_3825,customer3825.gmail.com,Pune,Email,2022-03-03,40,F,547.0,3.0,712.24,9.0,At-Risk,4.0,Potential
4827,customer_3826,customer3826.gmail.com,Hyderabad,Paid Social,2024-02-25,30,F,463.0,1.0,94.12,4.0,Hibernating,1.0,At-Risk
4828,customer_3827,customer3827.gmail.com,Mumbai,Paid Social,2023-07-21,40,F,166.0,2.0,486.47,9.0,Loyal Customers,1.0,At-Risk
4829,customer_3828,customer3828.gmail.com,Chennai,Google Search,2023-09-26,31,F,524.0,1.0,50.89,4.0,Hibernating,2.0,Lost
4830,customer_3829,customer3829.gmail.com,Chennai,SMS,2023-09-21,50,M,55.0,4.0,1949.14,15.0,champions,0.0,High Value
4831,customer_3830,customer3830.gmail.com,Mumbai,Organic,2023-09-30,34,F,943.0,1.0,221.86,3.0,Lost,2.0,Lost
4832,customer_3831,customer3831.gmail.com,Delhi,Google Search,2023-11-28,32,F,8.0,3.0,965.6,13.0,champions,3.0,Loyal
4833,customer_3832,customer3832.gmail.com,Mumbai,Paid Social,2024-07-23,24,M,,,,,,,No Purchase
4834,customer_3833,customer3833.gmail.com,Pune,Organic,2024-12-27,55,M,23.0,3.0,663.95,12.0,Loyal Customers,3.0,Loyal
4835,customer_3834,customer3834.gmail.com,Mumbai,Paid Social,2023-10-17,47,M,,,,,,,No Purchase
4836,customer_3835,customer3835.gmail.com,Chennai,SMS,2024-12-23,45,F,324.0,5.0,791.77,11.0,Loyal Customers,3.0,Loyal
4837,customer_3836,customer3836.gmail.com,Chennai,Email,2024-09-15,39,F,45.0,1.0,214.77,7.0,New Customers,1.0,At-Risk
4838,customer_3837,customer3837.gmail.com,Bengaluru,Organic,2024-09-11,20,M,272.0,3.0,982.1,11.0,Loyal Customers,3.0,Loyal
4839,customer_3838,customer3838.gmail.com,Mumbai,Organic,2022-08-31,18,F,118.0,1.0,681.91,8.0,New Customers,1.0,At-Risk
4840,customer_3839,customer3839.gmail.com,Chennai,Google Search,2023-12-18,20,F,846.0,2.0,851.24,7.0,Cannot Lose Them,2.0,Lost
4841,customer_3840,customer3840.gmail.com,Chennai,Organic,2023-02-08,53,M,22.0,3.0,732.0,12.0,Loyal Customers,3.0,Loyal
4842,customer_3841,customer3841.gmail.com,Chennai,Organic,2024-11-23,49,F,922.0,2.0,176.92000000000002,5.0,Hibernating,2.0,Lost
4843,customer_3842,customer3842.gmail.com,Pune,Paid Social,2024-06-05,31,F,528.0,2.0,519.3,7.0,At-Risk,4.0,Potential
4844,customer_3843,customer3843.gmail.com,Bengaluru,SMS,2022-09-11,52,F,737.0,1.0,128.03,3.0,Lost,2.0,Lost
4845,customer_3844,customer3844.gmail.com,Chennai,Google Search,2022-03-16,39,M,71.0,4.0,693.86,13.0,Loyal Customers,3.0,Loyal
4846,customer_3845,customer3845.gmail.com,Delhi,Paid Social,2022-04-02,39,M,1079.0,1.0,644.77,5.0,Lost,2.0,Lost
4847,customer_3846,customer3846.gmail.com,Mumbai,Google Search,2023-02-07,45,M,173.0,3.0,1776.53,13.0,champions,3.0,Loyal
4848,customer_3847,customer3847.gmail.com,Delhi,Google Search,2022-07-29,22,M,369.0,2.0,2338.9500000000003,10.0,At-Risk,4.0,Potential
4849,customer_3848,customer3848.gmail.com,Pune,SMS,2022-06-26,38,M,730.0,1.0,55.43,3.0,Lost,2.0,Lost
4850,customer_3849,customer3849.gmail.com,Hyderabad,SMS,2022-10-03,22,F,949.0,1.0,142.22,3.0,Lost,2.0,Lost
4851,customer_3850,customer3850.gmail.com,Chennai,Email,2022-05-16,22,F,272.0,3.0,777.4599999999999,10.0,Loyal Customers,3.0,Loyal
4852,customer_3851,customer3851.gmail.com,Pune,Paid Social,2024-05-21,40,M,16.0,4.0,1268.94,14.0,champions,3.0,Loyal
4853,customer_3852,customer3852.gmail.com,Mumbai,SMS,2022-06-23,20,F,,,,,,,No Purchase
4854,customer_3853,customer3853.gmail.com,Delhi,Google Search,2023-12-30,20,M,37.0,3.0,2770.78,14.0,champions,0.0,High Value
4855,customer_3854,customer3854.gmail.com,Pune,Google Search,2022-07-18,26,F,16.0,2.0,769.03,11.0,Loyal Customers,1.0,At-Risk
4856,customer_3855,customer3855.gmail.com,Delhi,Google Search,2022-01-28,26,F,910.0,1.0,234.93,3.0,Lost,2.0,Lost
4857,customer_3856,customer3856.gmail.com,Bengaluru,Paid Social,2023-03-16,43,F,16.0,4.0,1440.56,15.0,champions,3.0,Loyal
4858,customer_3857,customer3857.gmail.com,Chennai,Organic,2022-08-08,28,F,78.0,5.0,1686.43,15.0,champions,0.0,High Value
4859,customer_3858,customer3858.gmail.com,Delhi,Email,2024-06-04,58,M,80.0,3.0,372.79,11.0,Loyal Customers,3.0,Loyal
4860,customer_3859,customer3859.gmail.com,Pune,Google Search,2024-09-24,49,M,591.0,4.0,2047.38,12.0,At-Risk,0.0,High Value
4861,customer_3860,customer3860.gmail.com,Bengaluru,Email,2022-08-10,36,F,,,,,,,No Purchase
4862,customer_3861,customer3861.gmail.com,Pune,Organic,2022-04-13,46,F,8.0,3.0,1359.65,14.0,champions,3.0,Loyal
4863,customer_3862,customer3862.gmail.com,Hyderabad,Email,2023-08-07,39,F,726.0,1.0,399.22,4.0,Lost,2.0,Lost
4864,customer_3863,customer3863.gmail.com,Mumbai,Paid Social,2023-04-09,24,M,38.0,4.0,757.4200000000001,13.0,Loyal Customers,3.0,Loyal
4865,customer_3864,customer3864.gmail.com,Chennai,Paid Social,2024-11-27,46,F,90.0,1.0,479.68,8.0,New Customers,1.0,At-Risk
4866,customer_3865,customer3865.gmail.com,Pune,Google Search,2023-04-19,31,M,717.0,2.0,327.74,6.0,Hibernating,2.0,Lost
4867,customer_3866,customer3866.gmail.com,Bengaluru,Email,2023-02-06,34,M,310.0,4.0,2079.1600000000003,13.0,Loyal Customers,0.0,High Value
4868,customer_3867,customer3867.gmail.com,Chennai,SMS,2024-10-02,56,M,92.0,3.0,1120.59,12.0,champions,3.0,Loyal
4869,customer_3868,customer3868.gmail.com,Hyderabad,Organic,2023-08-16,29,M,51.0,5.0,2309.65,15.0,champions,0.0,High Value
4870,customer_3869,customer3869.gmail.com,Delhi,Paid Social,2022-01-30,44,F,21.0,4.0,1550.69,15.0,champions,3.0,Loyal
4871,customer_3870,customer3870.gmail.com,Pune,Paid Social,2022-04-25,26,F,660.0,2.0,305.32,5.0,Hibernating,2.0,Lost
4872,customer_3871,customer3871.gmail.com,Chennai,Organic,2023-03-11,30,F,641.0,1.0,314.85,3.0,Lost,2.0,Lost
4873,customer_3872,customer3872.gmail.com,Chennai,SMS,2024-12-29,20,Others,197.0,1.0,146.68,6.0,New Customers,1.0,At-Risk
4874,customer_3873,customer3873.gmail.com,Pune,SMS,2022-08-21,33,M,328.0,1.0,132.05,5.0,Hibernating,1.0,At-Risk
4875,customer_3874,customer3874.gmail.com,Delhi,Google Search,2024-09-18,50,F,791.0,1.0,219.93,3.0,Lost,2.0,Lost
4876,customer_3875,customer3875.gmail.com,Bengaluru,Organic,2024-08-08,22,F,429.0,3.0,423.02,8.0,At-Risk,4.0,Potential
4877,customer_3876,customer3876.gmail.com,Delhi,SMS,2022-09-30,40,M,,,,,,,No Purchase
4878,customer_3877,customer3877.gmail.com,Hyderabad,SMS,2023-05-30,56,M,263.0,1.0,67.71,5.0,Hibernating,1.0,At-Risk
4879,customer_3878,customer3878.gmail.com,Pune,Paid Social,2024-01-29,52,M,250.0,1.0,150.14,5.0,Hibernating,1.0,At-Risk
4880,customer_3879,customer3879.gmail.com,Delhi,Email,2024-10-12,32,M,24.0,3.0,1895.62,14.0,champions,3.0,Loyal
4881,customer_3880,customer3880.gmail.com,Pune,Organic,2022-10-10,54,M,580.0,2.0,682.8299999999999,8.0,At-Risk,4.0,Potential
4882,customer_3881,customer3881.gmail.com,Pune,Organic,2022-03-17,33,M,440.0,4.0,1510.54,12.0,At-Risk,4.0,Potential
4883,customer_3882,customer3882.gmail.com,Chennai,Paid Social,2022-12-21,22,F,56.0,1.0,533.01,8.0,New Customers,1.0,At-Risk
4884,customer_3883,customer3883.gmail.com,Pune,Google Search,2024-10-18,57,F,414.0,4.0,2882.39,12.0,At-Risk,0.0,High Value
4885,customer_3884,customer3884.gmail.com,Chennai,Paid Social,2024-11-03,33,M,37.0,1.0,273.87,7.0,New Customers,1.0,At-Risk
4886,customer_3885,customer3885.gmail.com,Delhi,Google Search,2024-12-15,21,F,811.0,1.0,322.18,4.0,Lost,2.0,Lost
4887,customer_3886,customer3886.gmail.com,Delhi,Email,2022-01-22,26,F,505.0,2.0,365.69,7.0,At-Risk,4.0,Potential
4888,customer_3887,customer3887.gmail.com,Chennai,Paid Social,2023-05-04,30,M,87.0,5.0,1403.26,15.0,champions,3.0,Loyal
4889,customer_3888,customer3888.gmail.com,Chennai,Organic,2024-07-13,40,F,388.0,2.0,179.26999999999998,6.0,At-Risk,1.0,At-Risk
4890,customer_3889,customer3889.gmail.com,Mumbai,SMS,2022-02-07,21,F,98.0,3.0,928.19,12.0,champions,3.0,Loyal
4891,customer_3890,customer3890.gmail.com,Delhi,Email,2024-09-14,41,F,319.0,4.0,1576.67,13.0,Loyal Customers,3.0,Loyal
4892,customer_3891,customer3891.gmail.com,Chennai,Paid Social,2022-03-31,64,F,12.0,5.0,1129.14,14.0,champions,3.0,Loyal
4893,customer_3892,customer3892.gmail.com,Hyderabad,Organic,2023-08-24,46,M,131.0,2.0,500.23,9.0,Loyal Customers,1.0,At-Risk
4894,customer_3893,customer3893.gmail.com,Bengaluru,Organic,2023-10-02,48,M,379.0,3.0,318.76,7.0,At-Risk,4.0,Potential
4895,customer_3894,customer3894.gmail.com,Mumbai,Organic,2024-06-20,28,F,264.0,3.0,518.13,9.0,Loyal Customers,3.0,Loyal
4896,customer_3895,customer3895.gmail.com,Pune,SMS,2023-07-26,19,M,,,,,,,No Purchase
4897,customer_3896,customer3896.gmail.com,Delhi,Organic,2024-04-06,48,M,33.0,2.0,1521.61,13.0,Loyal Customers,3.0,Loyal
4898,customer_3897,customer3897.gmail.com,Bengaluru,SMS,2022-08-27,30,F,391.0,2.0,1317.02,9.0,At-Risk,4.0,Potential
4899,customer_3898,customer3898.gmail.com,Bengaluru,Paid Social,2024-10-12,48,F,18.0,5.0,1313.65,14.0,champions,3.0,Loyal
4900,customer_3899,customer3899.gmail.com,Bengaluru,Google Search,2023-06-07,41,M,168.0,4.0,988.81,13.0,champions,3.0,Loyal
4901,customer_3900,customer3900.gmail.com,Pune,Email,2024-07-01,28,M,8.0,4.0,991.78,14.0,champions,3.0,Loyal
4902,customer_3901,customer3901.gmail.com,Chennai,Email,2022-02-20,64,F,82.0,2.0,523.38,10.0,Loyal Customers,1.0,At-Risk
4903,customer_3902,customer3902.gmail.com,Mumbai,Paid Social,2024-04-02,29,M,,,,,,,No Purchase
4904,customer_3903,customer3903.gmail.com,Bengaluru,Paid Social,2023-04-15,31,M,537.0,1.0,268.58,4.0,Hibernating,2.0,Lost
4905,customer_3904,customer3904.gmail.com,Mumbai,Organic,2023-12-26,41,Others,530.0,3.0,375.49,8.0,At-Risk,4.0,Potential
4906,customer_3905,customer3905.gmail.com,Hyderabad,Organic,2024-05-15,59,F,69.0,3.0,538.48,11.0,Loyal Customers,3.0,Loyal
4907,customer_3906,customer3906.gmail.com,Hyderabad,Paid Social,2022-12-29,52,M,340.0,3.0,1040.3000000000002,11.0,Loyal Customers,4.0,Potential
4908,customer_3907,customer3907.gmail.com,Bengaluru,Email,2023-11-25,24,M,411.0,1.0,350.42,5.0,Hibernating,1.0,At-Risk
4909,customer_3908,customer3908.gmail.com,Chennai,Paid Social,2023-05-21,35,F,237.0,4.0,916.7,12.0,Loyal Customers,3.0,Loyal
4910,customer_3909,customer3909.gmail.com,Bengaluru,Organic,2023-05-19,44,F,272.0,2.0,1181.08,10.0,Loyal Customers,4.0,Potential
4911,customer_3910,customer3910.gmail.com,Hyderabad,Paid Social,2024-02-14,43,M,85.0,1.0,909.34,10.0,New Customers,1.0,At-Risk
4912,customer_3911,customer3911.gmail.com,Mumbai,Organic,2023-08-31,32,M,480.0,3.0,571.6,9.0,At-Risk,4.0,Potential
4913,customer_3912,customer3912.gmail.com,Mumbai,Email,2023-08-18,52,M,175.0,3.0,995.91,12.0,champions,3.0,Loyal
4914,customer_3913,customer3913.gmail.com,Mumbai,Google Search,2023-07-06,36,F,99.0,3.0,1699.22,13.0,champions,3.0,Loyal
4915,customer_3914,customer3914.gmail.com,Delhi,Email,2022-07-16,23,M,,,,,,,No Purchase
4916,customer_3915,customer3915.gmail.com,Hyderabad,SMS,2024-03-18,60,F,798.0,2.0,842.8699999999999,7.0,Cannot Lose Them,2.0,Lost
4917,customer_3916,customer3916.gmail.com,Delhi,Organic,2022-04-04,55,M,41.0,5.0,1199.18,14.0,champions,3.0,Loyal
4918,customer_3917,customer3917.gmail.com,Delhi,Paid Social,2024-04-06,59,M,183.0,2.0,522.69,9.0,Loyal Customers,1.0,At-Risk
4919,customer_3918,customer3918.gmail.com,Hyderabad,Paid Social,2022-11-02,45,M,168.0,2.0,975.61,11.0,Loyal Customers,1.0,At-Risk
4920,customer_3919,customer3919.gmail.com,Delhi,Organic,2022-01-11,64,M,130.0,3.0,2167.33,13.0,champions,0.0,High Value
4921,customer_3920,customer3920.gmail.com,Delhi,SMS,2024-08-13,21,M,568.0,4.0,994.48,11.0,At-Risk,4.0,Potential
4922,customer_3921,customer3921.gmail.com,Chennai,Organic,2023-01-29,53,F,,,,,,,No Purchase
4923,customer_3922,customer3922.gmail.com,Pune,Paid Social,2022-05-28,58,M,358.0,2.0,535.04,8.0,Loyal Customers,1.0,At-Risk
4924,customer_3923,customer3923.gmail.com,Hyderabad,Google Search,2023-02-18,32,M,346.0,2.0,542.23,8.0,Loyal Customers,1.0,At-Risk
4925,customer_3924,customer3924.gmail.com,Bengaluru,SMS,2022-06-12,22,F,561.0,3.0,413.06,8.0,At-Risk,4.0,Potential
4926,customer_3925,customer3925.gmail.com,Bengaluru,Paid Social,2024-01-06,26,M,303.0,2.0,122.44,7.0,Loyal Customers,1.0,At-Risk
4927,customer_3926,customer3926.gmail.com,Mumbai,Email,2023-07-25,41,M,39.0,3.0,1823.96,14.0,champions,3.0,Loyal
4928,customer_3927,customer3927.gmail.com,Mumbai,SMS,2024-12-10,27,M,,,,,,,No Purchase
4929,customer_3928,customer3928.gmail.com,Bengaluru,Organic,2024-02-19,51,Others,,,,,,,No Purchase
4930,customer_3929,customer3929.gmail.com,Mumbai,Email,2022-02-15,55,F,29.0,6.0,2117.41,15.0,champions,0.0,High Value
4931,customer_3930,customer3930.gmail.com,Delhi,Google Search,2022-12-31,27,M,111.0,2.0,1821.04,12.0,Loyal Customers,3.0,Loyal
4932,customer_3931,customer3931.gmail.com,Chennai,Google Search,2023-01-30,47,M,496.0,1.0,202.69,4.0,Hibernating,2.0,Lost
4933,customer_3932,customer3932.gmail.com,Bengaluru,Organic,2023-09-02,64,F,68.0,1.0,208.94,7.0,New Customers,1.0,At-Risk
4934,customer_3933,customer3933.gmail.com,Bengaluru,Organic,2024-11-04,34,M,234.0,1.0,289.76,5.0,Hibernating,1.0,At-Risk
4935,customer_3934,customer3934.gmail.com,Chennai,Email,2024-07-24,19,M,,,,,,,No Purchase
4936,customer_3935,customer3935.gmail.com,Mumbai,Paid Social,2024-11-08,63,M,567.0,2.0,578.53,8.0,At-Risk,4.0,Potential
4937,customer_3936,customer3936.gmail.com,Mumbai,SMS,2023-03-13,42,F,1068.0,1.0,53.1,3.0,Lost,2.0,Lost
4938,customer_3937,customer3937.gmail.com,Delhi,SMS,2023-10-12,49,F,102.0,2.0,338.87,9.0,Loyal Customers,1.0,At-Risk
4939,customer_3938,customer3938.gmail.com,Chennai,Email,2024-07-06,48,F,280.0,3.0,643.29,10.0,Loyal Customers,3.0,Loyal
4940,customer_3939,customer3939.gmail.com,Delhi,Organic,2022-01-01,21,F,142.0,2.0,480.44,9.0,Loyal Customers,1.0,At-Risk
4941,customer_3940,customer3940.gmail.com,Pune,Organic,2022-04-17,23,F,202.0,4.0,737.1600000000001,12.0,Loyal Customers,3.0,Loyal
4942,customer_3941,customer3941.gmail.com,Bengaluru,Paid Social,2023-06-29,55,F,221.0,1.0,50.7,5.0,Hibernating,1.0,At-Risk
4943,customer_3942,customer3942.gmail.com,Delhi,Google Search,2022-07-10,47,M,222.0,2.0,315.08,7.0,Loyal Customers,1.0,At-Risk
4944,customer_3943,customer3943.gmail.com,Delhi,Google Search,2022-05-22,64,M,69.0,4.0,1899.49,15.0,champions,0.0,High Value
4945,customer_3944,customer3944.gmail.com,Delhi,Email,2023-04-15,50,M,231.0,4.0,911.39,12.0,Loyal Customers,3.0,Loyal
4946,customer_3945,customer3945.gmail.com,Delhi,Email,2023-11-03,51,M,117.0,1.0,1126.26,9.0,New Customers,1.0,At-Risk
4947,customer_3946,customer3946.gmail.com,Bengaluru,Google Search,2024-10-31,26,M,516.0,2.0,603.72,8.0,At-Risk,4.0,Potential
4948,customer_3947,customer3947.gmail.com,Mumbai,Paid Social,2024-06-04,21,F,405.0,1.0,259.76,4.0,Hibernating,1.0,At-Risk
4949,customer_3948,customer3948.gmail.com,Mumbai,Paid Social,2023-05-01,41,M,,,,,,,No Purchase
4950,customer_3949,customer3949.gmail.com,Hyderabad,Email,2024-06-01,32,M,567.0,1.0,63.71,4.0,Hibernating,2.0,Lost
4951,customer_3950,customer3950.gmail.com,Mumbai,SMS,2022-04-26,50,Others,162.0,3.0,798.77,11.0,Loyal Customers,3.0,Loyal
4952,customer_3951,customer3951.gmail.com,Mumbai,SMS,2023-07-31,37,F,28.0,4.0,1755.29,15.0,champions,3.0,Loyal
4953,customer_3952,customer3952.gmail.com,Hyderabad,Google Search,2024-01-13,32,M,286.0,4.0,1207.4,12.0,Loyal Customers,3.0,Loyal
4954,customer_3953,customer3953.gmail.com,Pune,Organic,2023-08-29,57,M,328.0,2.0,623.22,9.0,Loyal Customers,1.0,At-Risk
4955,customer_3954,customer3954.gmail.com,Pune,Organic,2024-07-18,37,F,648.0,1.0,71.89,3.0,Lost,2.0,Lost
4956,customer_3955,customer3955.gmail.com,Chennai,SMS,2023-08-30,32,F,,,,,,,No Purchase
4957,customer_3956,customer3956.gmail.com,Chennai,Paid Social,2023-02-27,32,M,667.0,1.0,829.13,5.0,Lost,2.0,Lost
4958,customer_3957,customer3957.gmail.com,Hyderabad,Google Search,2023-09-10,23,F,415.0,2.0,837.2,8.0,At-Risk,4.0,Potential
4959,customer_3958,customer3958.gmail.com,Hyderabad,Email,2023-05-07,49,M,,,,,,,No Purchase
4960,customer_3959,customer3959.gmail.com,Bengaluru,Organic,2023-09-23,33,F,,,,,,,No Purchase
4961,customer_3960,customer3960.gmail.com,Hyderabad,SMS,2022-04-22,18,F,288.0,1.0,457.91,6.0,Hibernating,1.0,At-Risk
4962,customer_3961,customer3961.gmail.com,Bengaluru,Organic,2022-02-04,33,M,583.0,1.0,195.3,4.0,Hibernating,2.0,Lost
4963,customer_3962,customer3962.gmail.com,Pune,Paid Social,2023-10-27,53,F,7.0,4.0,1255.44,14.0,champions,3.0,Loyal
4964,customer_3963,customer3963.gmail.com,Bengaluru,Paid Social,2022-11-05,26,M,,,,,,,No Purchase
4965,customer_3964,customer3964.gmail.com,Mumbai,Organic,2024-11-18,34,F,,,,,,,No Purchase
4966,customer_3965,customer3965.gmail.com,Mumbai,Paid Social,2023-11-24,55,F,704.0,3.0,811.24,8.0,Cannot Lose Them,4.0,Potential
4967,customer_3966,customer3966.gmail.com,Hyderabad,Email,2023-01-08,48,M,283.0,2.0,1236.37,10.0,Loyal Customers,4.0,Potential
4968,customer_3967,customer3967.gmail.com,Pune,Email,2022-10-04,61,M,254.0,5.0,973.44,12.0,Loyal Customers,3.0,Loyal
4969,customer_3968,customer3968.gmail.com,Chennai,SMS,2022-03-22,57,M,162.0,7.0,2443.71,14.0,champions,0.0,High Value
4970,customer_3969,customer3969.gmail.com,Hyderabad,Google Search,2022-09-09,27,F,60.0,3.0,950.02,13.0,champions,3.0,Loyal
4971,customer_3970,customer3970.gmail.com,Pune,Paid Social,2023-06-06,58,F,766.0,2.0,449.4500000000001,6.0,Hibernating,2.0,Lost
4972,customer_3971,customer3971.gmail.com,Bengaluru,Google Search,2022-11-26,25,F,107.0,3.0,820.49,11.0,Loyal Customers,3.0,Loyal
4973,customer_3972,customer3972.gmail.com,Mumbai,Organic,2024-02-08,44,M,576.0,2.0,225.0,6.0,At-Risk,2.0,Lost
4974,customer_3973,customer3973.gmail.com,Delhi,SMS,2024-11-01,47,M,399.0,4.0,959.77,11.0,At-Risk,3.0,Loyal
4975,customer_3974,customer3974.gmail.com,Delhi,Paid Social,2024-09-01,35,M,43.0,4.0,697.89,13.0,Loyal Customers,3.0,Loyal
4976,customer_3975,customer3975.gmail.com,Bengaluru,Email,2023-02-03,38,F,,,,,,,No Purchase
4977,customer_3976,customer3976.gmail.com,Delhi,Organic,2022-12-19,25,M,281.0,3.0,917.12,11.0,Loyal Customers,3.0,Loyal
4978,customer_3977,customer3977.gmail.com,Pune,Email,2024-04-17,34,F,,,,,,,No Purchase
4979,customer_3978,customer3978.gmail.com,Bengaluru,Organic,2022-01-30,59,F,854.0,1.0,279.66,3.0,Lost,2.0,Lost
4980,customer_3979,customer3979.gmail.com,Delhi,Email,2022-04-16,33,M,375.0,5.0,2915.76,12.0,At-Risk,0.0,High Value
4981,customer_3980,customer3980.gmail.com,Delhi,Email,2022-09-30,56,M,,,,,,,No Purchase
4982,customer_3981,customer3981.gmail.com,Mumbai,SMS,2022-08-13,46,F,693.0,2.0,782.87,7.0,Cannot Lose Them,2.0,Lost
4983,customer_3982,customer3982.gmail.com,Pune,SMS,2023-03-09,43,M,87.0,3.0,1174.05,13.0,champions,3.0,Loyal
4984,customer_3983,customer3983.gmail.com,Delhi,Paid Social,2023-10-30,31,F,441.0,2.0,678.08,8.0,At-Risk,4.0,Potential
4985,customer_3984,customer3984.gmail.com,Chennai,Email,2023-12-22,50,F,761.0,1.0,742.2,5.0,Lost,2.0,Lost
4986,customer_3985,customer3985.gmail.com,Mumbai,Google Search,2022-01-14,56,F,75.0,5.0,1369.4,15.0,champions,3.0,Loyal
4987,customer_3986,customer3986.gmail.com,Mumbai,Organic,2023-08-24,39,M,570.0,2.0,1264.48,9.0,At-Risk,4.0,Potential
4988,customer_3987,customer3987.gmail.com,Delhi,Paid Social,2022-07-17,21,M,411.0,5.0,1850.56,12.0,At-Risk,0.0,High Value
4989,customer_3988,customer3988.gmail.com,Hyderabad,SMS,2023-05-18,42,Others,619.0,1.0,264.69,3.0,Lost,2.0,Lost
4990,customer_3989,customer3989.gmail.com,Chennai,Organic,2022-11-20,49,M,333.0,2.0,304.04,7.0,Loyal Customers,1.0,At-Risk
4991,customer_3990,customer3990.gmail.com,Chennai,Organic,2023-09-23,48,M,83.0,3.0,739.92,12.0,Loyal Customers,3.0,Loyal
4992,customer_3991,customer3991.gmail.com,Delhi,SMS,2022-11-12,47,M,701.0,1.0,320.71,4.0,Lost,2.0,Lost
4993,customer_3992,customer3992.gmail.com,Mumbai,Paid Social,2022-11-20,37,F,176.0,1.0,586.34,9.0,New Customers,1.0,At-Risk
4994,customer_3993,customer3993.gmail.com,Mumbai,Google Search,2024-01-13,51,M,956.0,1.0,331.31,5.0,Hibernating,2.0,Lost
4995,customer_3994,customer3994.gmail.com,Delhi,Google Search,2022-04-09,21,M,405.0,1.0,124.7,5.0,At-Risk,1.0,At-Risk
4996,customer_3995,customer3995.gmail.com,Hyderabad,SMS,2023-09-27,53,M,51.0,4.0,2227.77,15.0,champions,0.0,High Value
4997,customer_3996,customer3996.gmail.com,Bengaluru,Organic,2023-08-09,26,F,4.0,2.0,596.3,11.0,Loyal Customers,1.0,At-Risk
4998,customer_3997,customer3997.gmail.com,Hyderabad,SMS,2023-12-10,56,F,147.0,1.0,199.75,7.0,New Customers,1.0,At-Risk
4999,customer_3998,customer3998.gmail.com,Hyderabad,Organic,2023-08-13,49,M,582.0,2.0,886.78,9.0,At-Risk,4.0,Potential
5000,customer_3999,customer3999.gmail.com,Hyderabad,Email,2024-10-22,44,F,72.0,3.0,990.73,13.0,champions,3.0,Loyal
5001,customer_4000,customer4000.gmail.com,Chennai,Organic,2023-05-25,22,M,692.0,3.0,717.3,8.0,Cannot Lose Them,4.0,Potential
5002,customer_4001,customer4001.gmail.com,Delhi,Email,2022-03-20,49,M,76.0,3.0,1945.09,14.0,champions,3.0,Loyal
5003,customer_4002,customer4002.gmail.com,Bengaluru,Organic,2023-08-08,45,M,111.0,2.0,455.81,9.0,Loyal Customers,1.0,At-Risk
5004,customer_4003,customer4003.gmail.com,Hyderabad,Email,2023-06-27,61,M,120.0,1.0,186.04,7.0,New Customers,1.0,At-Risk
5005,customer_4004,customer4004.gmail.com,Hyderabad,Paid Social,2022-11-08,37,F,29.0,2.0,450.3,10.0,Loyal Customers,1.0,At-Risk
5006,customer_4005,customer4005.gmail.com,Pune,Google Search,2022-03-03,63,M,188.0,3.0,878.32,11.0,Loyal Customers,3.0,Loyal
5007,customer_4006,customer4006.gmail.com,Hyderabad,Email,2022-04-12,53,M,626.0,2.0,643.51,7.0,Cannot Lose Them,4.0,Potential
5008,customer_4007,customer4007.gmail.com,Pune,Organic,2024-11-11,39,F,54.0,4.0,1369.78,15.0,champions,3.0,Loyal
5009,customer_4008,customer4008.gmail.com,Bengaluru,Email,2022-09-25,53,M,75.0,3.0,1087.61,13.0,champions,3.0,Loyal
5010,customer_4009,customer4009.gmail.com,Hyderabad,Organic,2023-03-08,55,F,,,,,,,No Purchase
5011,customer_4010,customer4010.gmail.com,Mumbai,Google Search,2023-04-01,43,F,473.0,2.0,419.86,7.0,At-Risk,1.0,At-Risk
5012,customer_4011,customer4011.gmail.com,Delhi,Paid Social,2022-05-03,22,M,89.0,6.0,2646.96,15.0,champions,0.0,High Value
5013,customer_4012,customer4012.gmail.com,Mumbai,Email,2022-02-11,37,F,361.0,5.0,1397.76,12.0,At-Risk,3.0,Loyal
5014,customer_4013,customer4013.gmail.com,Chennai,Organic,2023-09-30,21,F,251.0,3.0,1001.94,11.0,Loyal Customers,3.0,Loyal
5015,customer_4014,customer4014.gmail.com,Chennai,Google Search,2022-11-07,37,M,680.0,2.0,933.6,8.0,Cannot Lose Them,4.0,Potential
5016,customer_4015,customer4015.gmail.com,Chennai,SMS,2022-12-02,42,F,342.0,3.0,1078.99,11.0,Loyal Customers,4.0,Potential
5017,customer_4016,customer4016.gmail.com,Hyderabad,SMS,2023-08-16,48,F,598.0,3.0,364.73,7.0,Hibernating,4.0,Potential
5018,customer_4017,customer4017.gmail.com,Hyderabad,Email,2024-07-10,58,F,26.0,1.0,127.45,8.0,New Customers,1.0,At-Risk
5019,customer_4018,customer4018.gmail.com,Pune,Google Search,2022-04-24,28,M,60.0,5.0,1673.11,15.0,champions,0.0,High Value
5020,customer_4019,customer4019.gmail.com,Bengaluru,Email,2023-07-18,29,M,316.0,4.0,1528.53,13.0,Loyal Customers,3.0,Loyal
5021,customer_4020,customer4020.gmail.com,Mumbai,Organic,2022-02-27,27,M,182.0,2.0,247.37,8.0,Loyal Customers,1.0,At-Risk
5022,customer_4021,customer4021.gmail.com,Hyderabad,Organic,2023-03-17,37,F,138.0,3.0,841.5699999999999,11.0,Loyal Customers,3.0,Loyal
5023,customer_4022,customer4022.gmail.com,Delhi,SMS,2024-03-12,53,M,861.0,2.0,1098.56,8.0,Cannot Lose Them,2.0,Lost
5024,customer_4023,customer4023.gmail.com,Delhi,Organic,2022-12-05,42,M,153.0,2.0,354.33,9.0,Loyal Customers,1.0,At-Risk
5025,customer_4024,customer4024.gmail.com,Bengaluru,Organic,2024-01-29,45,F,365.0,1.0,399.03,6.0,At-Risk,1.0,At-Risk
5026,customer_4025,customer4025.gmail.com,Chennai,Email,2024-01-22,50,F,202.0,2.0,83.46,8.0,Loyal Customers,1.0,At-Risk
5027,customer_4026,customer4026.gmail.com,Mumbai,SMS,2024-05-20,48,M,102.0,4.0,850.64,12.0,Loyal Customers,3.0,Loyal
5028,customer_4027,customer4027.gmail.com,Pune,Paid Social,2023-09-14,26,M,26.0,4.0,877.45,13.0,Loyal Customers,3.0,Loyal
5029,customer_4028,customer4028.gmail.com,Pune,Organic,2022-09-25,34,F,105.0,7.0,2966.25,14.0,champions,0.0,High Value
5030,customer_4029,customer4029.gmail.com,Chennai,SMS,2024-02-03,29,M,271.0,6.0,1508.59,13.0,Loyal Customers,0.0,High Value
5031,customer_4030,customer4030.gmail.com,Pune,Paid Social,2024-10-13,52,M,186.0,2.0,363.74,9.0,Loyal Customers,1.0,At-Risk
5032,customer_4031,customer4031.gmail.com,Chennai,Paid Social,2023-04-02,48,M,671.0,1.0,157.4,4.0,Hibernating,2.0,Lost
5033,customer_4032,customer4032.gmail.com,Pune,SMS,2023-09-10,36,F,,,,,,,No Purchase
5034,customer_4033,customer4033.gmail.com,Delhi,Email,2022-10-05,18,M,20.0,6.0,2648.28,15.0,champions,0.0,High Value
5035,customer_4034,customer4034.gmail.com,Delhi,SMS,2023-04-17,64,M,515.0,3.0,875.13,9.0,At-Risk,4.0,Potential
5036,customer_4035,customer4035.gmail.com,Hyderabad,Paid Social,2022-06-28,29,M,16.0,5.0,1237.26,14.0,champions,3.0,Loyal
5037,customer_4036,customer4036.gmail.com,Hyderabad,Paid Social,2022-04-01,45,M,7.0,5.0,975.74,14.0,champions,3.0,Loyal
5038,customer_4037,customer4037.gmail.com,Chennai,Paid Social,2023-02-05,61,M,63.0,3.0,1118.9299999999998,13.0,champions,3.0,Loyal
5039,customer_4038,customer4038.gmail.com,Mumbai,SMS,2023-11-30,61,M,252.0,2.0,143.31,7.0,Loyal Customers,1.0,At-Risk
5040,customer_4039,customer4039.gmail.com,Mumbai,Organic,2023-03-04,30,F,568.0,2.0,639.87,8.0,At-Risk,4.0,Potential
5041,customer_4040,customer4040.gmail.com,Bengaluru,Paid Social,2023-05-08,20,Others,157.0,2.0,1149.33,11.0,Loyal Customers,1.0,At-Risk
5042,customer_4041,customer4041.gmail.com,Chennai,SMS,2024-03-26,32,Others,150.0,2.0,256.4,8.0,Loyal Customers,1.0,At-Risk
5043,customer_4042,customer4042.gmail.com,Delhi,Email,2022-01-30,23,M,243.0,4.0,1179.5700000000002,12.0,Loyal Customers,3.0,Loyal
5044,customer_4043,customer4043.gmail.com,Bengaluru,Organic,2022-04-10,44,F,238.0,2.0,1369.91,11.0,Loyal Customers,4.0,Potential
5045,customer_4044,customer4044.gmail.com,Pune,Google Search,2022-07-30,20,F,307.0,5.0,1547.61,13.0,Loyal Customers,0.0,High Value
5046,customer_4045,customer4045.gmail.com,Hyderabad,Email,2024-02-25,25,F,105.0,4.0,1618.73,14.0,champions,3.0,Loyal
5047,customer_4046,customer4046.gmail.com,Hyderabad,Organic,2024-07-04,26,M,46.0,4.0,1136.23,14.0,champions,3.0,Loyal
5048,customer_4047,customer4047.gmail.com,Bengaluru,Email,2023-03-20,54,F,283.0,3.0,737.62,10.0,Loyal Customers,3.0,Loyal
5049,customer_4048,customer4048.gmail.com,Bengaluru,Google Search,2024-01-14,40,M,,,,,,,No Purchase
5050,customer_4049,customer4049.gmail.com,Delhi,Paid Social,2024-03-12,35,F,288.0,3.0,2444.62,12.0,Loyal Customers,0.0,High Value
5051,customer_4050,customer4050.gmail.com,Pune,Email,2023-11-09,36,F,,,,,,,No Purchase
5052,customer_4051,customer4051.gmail.com,Chennai,Email,2024-12-08,33,M,17.0,3.0,517.31,11.0,Loyal Customers,3.0,Loyal
5053,customer_4052,customer4052.gmail.com,Mumbai,Organic,2023-08-22,57,M,511.0,2.0,988.56,9.0,At-Risk,4.0,Potential
5054,customer_4053,customer4053.gmail.com,Mumbai,SMS,2024-08-24,24,M,802.0,2.0,424.96,6.0,Hibernating,2.0,Lost
5055,customer_4054,customer4054.gmail.com,Bengaluru,Organic,2022-08-22,28,F,841.0,1.0,380.84,5.0,Hibernating,2.0,Lost
5056,customer_4055,customer4055.gmail.com,Bengaluru,SMS,2023-03-16,57,M,221.0,6.0,2561.83,13.0,Loyal Customers,0.0,High Value
5057,customer_4056,customer4056.gmail.com,Bengaluru,Google Search,2023-05-18,22,M,122.0,3.0,571.1600000000001,11.0,Loyal Customers,3.0,Loyal
5058,customer_4057,customer4057.gmail.com,Mumbai,Organic,2024-10-09,64,M,46.0,2.0,519.0,10.0,Loyal Customers,1.0,At-Risk
5059,customer_4058,customer4058.gmail.com,Hyderabad,Email,2023-09-22,30,M,365.0,4.0,1171.5,11.0,At-Risk,3.0,Loyal
5060,customer_4059,customer4059.gmail.com,Hyderabad,Google Search,2022-11-03,49,F,860.0,1.0,140.8,4.0,Hibernating,2.0,Lost
5061,customer_4060,customer4060.gmail.com,Mumbai,Organic,2023-07-17,59,F,,,,,,,No Purchase
5062,customer_4061,customer4061.gmail.com,Hyderabad,Paid Social,2023-02-04,36,M,109.0,2.0,700.69,10.0,Loyal Customers,1.0,At-Risk
5063,customer_4062,customer4062.gmail.com,Delhi,Google Search,2024-05-30,18,M,83.0,3.0,1198.31,13.0,champions,3.0,Loyal
5064,customer_4063,customer4063.gmail.com,Chennai,Paid Social,2024-09-07,25,M,545.0,2.0,931.71,9.0,At-Risk,4.0,Potential
5065,customer_4064,customer4064.gmail.com,Bengaluru,Organic,2022-10-23,34,M,334.0,2.0,374.29,8.0,Loyal Customers,1.0,At-Risk
5066,customer_4065,customer4065.gmail.com,Chennai,Organic,2024-06-22,22,F,,,,,,,No Purchase
5067,customer_4066,customer4066.gmail.com,Pune,Organic,2024-04-18,29,F,215.0,2.0,572.0,9.0,Loyal Customers,1.0,At-Risk
5068,customer_4067,customer4067.gmail.com,Pune,SMS,2022-02-28,58,F,79.0,3.0,1467.0,14.0,champions,3.0,Loyal
5069,customer_4068,customer4068.gmail.com,Hyderabad,Google Search,2024-02-07,57,F,208.0,3.0,1316.24,11.0,Loyal Customers,3.0,Loyal
5070,customer_4069,customer4069.gmail.com,Mumbai,Google Search,2023-06-20,44,F,632.0,4.0,2735.29,11.0,Cannot Lose Them,0.0,High Value
5071,customer_4070,customer4070.gmail.com,Chennai,Paid Social,2022-09-24,22,F,88.0,6.0,1399.72,15.0,champions,0.0,High Value
5072,customer_4071,customer4071.gmail.com,Delhi,Paid Social,2024-04-18,35,F,21.0,3.0,719.26,12.0,Loyal Customers,3.0,Loyal
5073,customer_4072,customer4072.gmail.com,Chennai,Paid Social,2024-01-11,63,M,19.0,2.0,377.23,10.0,Loyal Customers,1.0,At-Risk
5074,customer_4073,customer4073.gmail.com,Pune,Google Search,2023-10-01,23,F,531.0,1.0,221.95,5.0,At-Risk,2.0,Lost
5075,customer_4074,customer4074.gmail.com,Pune,Paid Social,2024-03-19,58,F,206.0,2.0,284.73,7.0,Loyal Customers,1.0,At-Risk
5076,customer_4075,customer4075.gmail.com,Hyderabad,Email,2024-02-11,24,F,580.0,1.0,187.78,5.0,At-Risk,2.0,Lost
5077,customer_4076,customer4076.gmail.com,Mumbai,Organic,2024-06-04,56,F,220.0,1.0,199.8,6.0,Hibernating,1.0,At-Risk
5078,customer_4077,customer4077.gmail.com,Pune,Paid Social,2023-09-30,63,M,,,,,,,No Purchase
5079,customer_4078,customer4078.gmail.com,Delhi,Email,2024-02-02,35,M,538.0,4.0,1217.57,11.0,At-Risk,4.0,Potential
5080,customer_4079,customer4079.gmail.com,Bengaluru,Paid Social,2023-06-15,51,M,85.0,2.0,564.37,10.0,Loyal Customers,1.0,At-Risk
5081,customer_4080,customer4080.gmail.com,Mumbai,Organic,2022-03-20,40,F,335.0,5.0,1295.9499999999998,12.0,Loyal Customers,3.0,Loyal
5082,customer_4081,customer4081.gmail.com,Chennai,Email,2022-08-25,44,F,97.0,3.0,788.67,11.0,Loyal Customers,3.0,Loyal
5083,customer_4082,customer4082.gmail.com,Bengaluru,Organic,2022-08-03,20,F,632.0,3.0,277.26,6.0,Hibernating,4.0,Potential
5084,customer_4083,customer4083.gmail.com,Chennai,SMS,2024-06-06,26,M,325.0,4.0,1663.51,13.0,Loyal Customers,3.0,Loyal
5085,customer_4084,customer4084.gmail.com,Bengaluru,Organic,2022-05-09,53,F,41.0,1.0,72.12,8.0,New Customers,1.0,At-Risk
5086,customer_4085,customer4085.gmail.com,Mumbai,Google Search,2022-01-17,51,M,228.0,7.0,1399.4,13.0,Loyal Customers,0.0,High Value
5087,customer_4086,customer4086.gmail.com,Delhi,Organic,2022-06-16,43,M,358.0,5.0,1999.84,13.0,Loyal Customers,0.0,High Value
5088,customer_4087,customer4087.gmail.com,Chennai,SMS,2022-02-26,61,M,,,,,,,No Purchase
5089,customer_4088,customer4088.gmail.com,Delhi,Paid Social,2023-06-22,51,M,203.0,5.0,2866.9,14.0,champions,0.0,High Value
5090,customer_4089,customer4089.gmail.com,Chennai,Google Search,2024-03-11,57,M,1060.0,1.0,38.11,4.0,Hibernating,2.0,Lost
5091,customer_4090,customer4090.gmail.com,Hyderabad,SMS,2023-08-29,32,F,,,,,,,No Purchase
5092,customer_4091,customer4091.gmail.com,Mumbai,Organic,2023-02-24,50,F,,,,,,,No Purchase
5093,customer_4092,customer4092.gmail.com,Mumbai,SMS,2022-01-21,21,F,2.0,2.0,802.73,11.0,Loyal Customers,1.0,At-Risk
5094,customer_4093,customer4093.gmail.com,Chennai,Paid Social,2023-02-25,47,M,73.0,3.0,599.93,12.0,Loyal Customers,3.0,Loyal
5095,customer_4094,customer4094.gmail.com,Hyderabad,Google Search,2024-10-28,33,F,252.0,1.0,1230.88,9.0,Potential Loyalists,1.0,At-Risk
5096,customer_4095,customer4095.gmail.com,Delhi,Email,2024-02-21,23,M,343.0,4.0,1817.93,13.0,Loyal Customers,0.0,High Value
5097,customer_4096,customer4096.gmail.com,Chennai,SMS,2022-03-26,44,F,812.0,3.0,563.48,7.0,Hibernating,2.0,Lost
5098,customer_4097,customer4097.gmail.com,Mumbai,SMS,2022-04-30,29,Others,824.0,2.0,926.9,8.0,Cannot Lose Them,2.0,Lost
5099,customer_4098,customer4098.gmail.com,Mumbai,Organic,2023-10-02,47,M,855.0,2.0,368.91,6.0,Hibernating,2.0,Lost
5100,customer_4099,customer4099.gmail.com,Chennai,Google Search,2024-06-29,49,M,,,,,,,No Purchase
5101,customer_4100,customer4100.gmail.com,Bengaluru,Email,2022-11-23,58,F,597.0,2.0,294.77,6.0,At-Risk,2.0,Lost
5102,customer_4101,customer4101.gmail.com,Bengaluru,SMS,2022-10-10,64,M,,,,,,,No Purchase
5103,customer_4102,customer4102.gmail.com,Delhi,Email,2022-10-18,41,F,272.0,2.0,964.85,10.0,Loyal Customers,1.0,At-Risk
5104,customer_4103,customer4103.gmail.com,Bengaluru,Email,2024-07-25,45,M,287.0,3.0,238.17,8.0,Loyal Customers,1.0,At-Risk
5105,customer_4104,customer4104.gmail.com,Bengaluru,Paid Social,2024-08-06,51,M,7.0,6.0,1184.64,14.0,champions,3.0,Loyal
5106,customer_4105,customer4105.gmail.com,Delhi,Organic,2022-03-02,59,F,804.0,2.0,492.55,6.0,Hibernating,2.0,Lost
5107,customer_4106,customer4106.gmail.com,Delhi,Email,2022-05-05,59,M,763.0,1.0,107.74,4.0,Hibernating,2.0,Lost
5108,customer_4107,customer4107.gmail.com,Hyderabad,Organic,2024-01-13,39,M,255.0,3.0,546.44,9.0,Loyal Customers,3.0,Loyal
5109,customer_4108,customer4108.gmail.com,Mumbai,Paid Social,2024-09-17,34,M,320.0,3.0,1755.95,12.0,Loyal Customers,4.0,Potential
5110,customer_4109,customer4109.gmail.com,Mumbai,Email,2024-02-05,31,F,50.0,4.0,2993.53,15.0,champions,0.0,High Value
5111,customer_4110,customer4110.gmail.com,Delhi,Organic,2022-02-14,64,M,,,,,,,No Purchase
5112,customer_4111,customer4111.gmail.com,Delhi,Google Search,2023-10-03,32,F,375.0,1.0,379.43,6.0,At-Risk,1.0,At-Risk
5113,customer_4112,customer4112.gmail.com,Pune,Organic,2024-07-17,32,F,,,,,,,No Purchase
5114,customer_4113,customer4113.gmail.com,Chennai,Google Search,2023-01-26,25,M,355.0,4.0,880.7199999999999,11.0,Loyal Customers,3.0,Loyal
5115,customer_4114,customer4114.gmail.com,Chennai,Paid Social,2023-02-10,31,F,316.0,2.0,331.77,8.0,Loyal Customers,1.0,At-Risk
5116,customer_4115,customer4115.gmail.com,Chennai,Paid Social,2024-03-29,18,M,640.0,2.0,472.29,6.0,Hibernating,2.0,Lost
5117,customer_4116,customer4116.gmail.com,Bengaluru,Google Search,2024-04-16,18,M,699.0,3.0,751.24,8.0,Cannot Lose Them,4.0,Potential
5118,customer_4117,customer4117.gmail.com,Pune,SMS,2024-12-14,34,F,641.0,3.0,478.89,7.0,Hibernating,4.0,Potential
5119,customer_4118,customer4118.gmail.com,Mumbai,Email,2022-04-24,54,F,,,,,,,No Purchase
5120,customer_4119,customer4119.gmail.com,Delhi,Email,2022-12-01,30,F,111.0,2.0,526.65,9.0,Loyal Customers,1.0,At-Risk
5121,customer_4120,customer4120.gmail.com,Hyderabad,Google Search,2023-08-22,31,F,603.0,2.0,1383.4,9.0,Cannot Lose Them,4.0,Potential
5122,customer_4121,customer4121.gmail.com,Chennai,Email,2022-11-05,33,M,,,,,,,No Purchase
5123,customer_4122,customer4122.gmail.com,Mumbai,Paid Social,2024-01-04,64,M,51.0,6.0,2288.64,15.0,champions,0.0,High Value
5124,customer_4123,customer4123.gmail.com,Delhi,SMS,2024-04-13,58,M,76.0,2.0,593.36,11.0,Loyal Customers,1.0,At-Risk
5125,customer_4124,customer4124.gmail.com,Chennai,Google Search,2024-02-09,39,F,,,,,,,No Purchase
5126,customer_4125,customer4125.gmail.com,Mumbai,Paid Social,2022-12-19,38,F,198.0,3.0,728.44,11.0,Loyal Customers,3.0,Loyal
5127,customer_4126,customer4126.gmail.com,Pune,Paid Social,2022-04-27,55,F,35.0,5.0,1254.17,14.0,champions,3.0,Loyal
5128,customer_4127,customer4127.gmail.com,Delhi,Google Search,2024-10-30,52,M,171.0,2.0,727.3,10.0,Loyal Customers,1.0,At-Risk
5129,customer_4128,customer4128.gmail.com,Bengaluru,Google Search,2024-08-22,36,F,174.0,2.0,358.0,9.0,Loyal Customers,1.0,At-Risk
5130,customer_4129,customer4129.gmail.com,Hyderabad,Organic,2023-07-24,31,F,,,,,,,No Purchase
5131,customer_4130,customer4130.gmail.com,Delhi,Paid Social,2023-04-10,42,F,1053.0,1.0,618.18,6.0,Hibernating,2.0,Lost
5132,customer_4131,customer4131.gmail.com,Mumbai,Email,2024-01-25,31,F,386.0,2.0,366.61,7.0,At-Risk,1.0,At-Risk
5133,customer_4132,customer4132.gmail.com,Chennai,SMS,2022-03-03,64,F,238.0,3.0,1040.63,11.0,Loyal Customers,3.0,Loyal
5134,customer_4133,customer4133.gmail.com,Chennai,Organic,2024-12-19,62,F,493.0,1.0,236.89,5.0,At-Risk,2.0,Lost
5135,customer_4134,customer4134.gmail.com,Delhi,Paid Social,2022-11-25,18,F,131.0,3.0,565.85,10.0,Loyal Customers,3.0,Loyal
5136,customer_4135,customer4135.gmail.com,Bengaluru,Google Search,2024-10-20,55,M,154.0,4.0,2210.6,14.0,champions,0.0,High Value
5137,customer_4136,customer4136.gmail.com,Bengaluru,SMS,2023-05-27,34,M,466.0,5.0,1926.1,12.0,At-Risk,0.0,High Value
5138,customer_4137,customer4137.gmail.com,Chennai,SMS,2023-07-05,39,F,575.0,1.0,582.07,7.0,At-Risk,2.0,Lost
5139,customer_4138,customer4138.gmail.com,Delhi,Paid Social,2023-03-11,43,M,40.0,2.0,797.75,11.0,Loyal Customers,1.0,At-Risk
5140,customer_4139,customer4139.gmail.com,Pune,Email,2023-07-20,21,F,39.0,3.0,753.8199999999999,12.0,Loyal Customers,3.0,Loyal
5141,customer_4140,customer4140.gmail.com,Chennai,SMS,2024-05-21,57,M,106.0,4.0,932.34,13.0,champions,3.0,Loyal
5142,customer_4141,customer4141.gmail.com,Hyderabad,Paid Social,2023-05-03,60,F,993.0,1.0,98.21,4.0,Hibernating,2.0,Lost
5143,customer_4142,customer4142.gmail.com,Hyderabad,SMS,2022-11-23,57,M,377.0,2.0,809.22,8.0,At-Risk,4.0,Potential
5144,customer_4143,customer4143.gmail.com,Bengaluru,Email,2024-09-11,64,M,54.0,3.0,1916.3,14.0,champions,3.0,Loyal
5145,customer_4144,customer4144.gmail.com,Mumbai,Organic,2023-12-01,26,M,17.0,1.0,819.96,10.0,New Customers,1.0,At-Risk
5146,customer_4145,customer4145.gmail.com,Chennai,Paid Social,2022-04-11,44,M,218.0,5.0,2190.86,13.0,Loyal Customers,0.0,High Value
5147,customer_4146,customer4146.gmail.com,Bengaluru,Paid Social,2024-08-25,42,Others,1050.0,1.0,208.01,4.0,Hibernating,2.0,Lost
5148,customer_4147,customer4147.gmail.com,Chennai,Organic,2022-01-20,54,F,215.0,3.0,382.21,9.0,Loyal Customers,1.0,At-Risk
5149,customer_4148,customer4148.gmail.com,Pune,Google Search,2022-03-05,28,F,687.0,2.0,499.91,6.0,Hibernating,2.0,Lost
5150,customer_4149,customer4149.gmail.com,Chennai,Paid Social,2022-04-08,21,F,525.0,1.0,266.25,5.0,At-Risk,2.0,Lost
5151,customer_4150,customer4150.gmail.com,Bengaluru,Google Search,2022-11-20,30,M,817.0,1.0,222.25,4.0,Hibernating,2.0,Lost
5152,customer_4151,customer4151.gmail.com,Pune,Paid Social,2022-07-26,49,F,,,,,,,No Purchase
5153,customer_4152,customer4152.gmail.com,Pune,SMS,2023-04-06,37,Others,554.0,2.0,1032.4299999999998,9.0,At-Risk,4.0,Potential
5154,customer_4153,customer4153.gmail.com,Mumbai,Email,2022-10-09,34,M,65.0,3.0,521.23,11.0,Loyal Customers,3.0,Loyal
5155,customer_4154,customer4154.gmail.com,Delhi,SMS,2024-01-24,40,F,113.0,3.0,959.9,12.0,champions,3.0,Loyal
5156,customer_4155,customer4155.gmail.com,Mumbai,Paid Social,2024-10-16,21,M,131.0,4.0,930.69,13.0,champions,3.0,Loyal
5157,customer_4156,customer4156.gmail.com,Mumbai,Google Search,2024-10-25,39,F,630.0,1.0,171.48,4.0,Hibernating,2.0,Lost
5158,customer_4157,customer4157.gmail.com,Chennai,Google Search,2024-02-21,56,M,362.0,4.0,739.1,10.0,At-Risk,3.0,Loyal
5159,customer_4158,customer4158.gmail.com,Delhi,Organic,2023-09-17,49,F,52.0,3.0,703.24,12.0,Loyal Customers,3.0,Loyal
5160,customer_4159,customer4159.gmail.com,Delhi,Organic,2023-02-03,39,F,111.0,3.0,1155.63,12.0,champions,3.0,Loyal
5161,customer_4160,customer4160.gmail.com,Delhi,Organic,2023-09-16,28,M,117.0,4.0,1529.39,14.0,champions,3.0,Loyal
5162,customer_4161,customer4161.gmail.com,Mumbai,Email,2023-03-27,19,F,499.0,1.0,474.43,6.0,At-Risk,2.0,Lost
5163,customer_4162,customer4162.gmail.com,Bengaluru,Organic,2023-04-24,42,F,319.0,4.0,369.84,10.0,Loyal Customers,3.0,Loyal
5164,customer_4163,customer4163.gmail.com,Bengaluru,Google Search,2023-08-01,33,Others,63.0,4.0,642.23,13.0,Loyal Customers,3.0,Loyal
5165,customer_4164,customer4164.gmail.com,Mumbai,SMS,2023-06-19,47,M,87.0,2.0,675.9,11.0,Loyal Customers,1.0,At-Risk
5166,customer_4165,customer4165.gmail.com,Delhi,Paid Social,2022-06-10,54,M,148.0,3.0,1247.13,12.0,champions,3.0,Loyal
5167,customer_4166,customer4166.gmail.com,Mumbai,Organic,2023-02-16,29,F,1010.0,1.0,101.69,4.0,Hibernating,2.0,Lost
5168,customer_4167,customer4167.gmail.com,Bengaluru,Email,2023-01-27,62,F,51.0,4.0,1229.16,14.0,champions,3.0,Loyal
5169,customer_4168,customer4168.gmail.com,Delhi,SMS,2023-02-24,49,F,,,,,,,No Purchase
5170,customer_4169,customer4169.gmail.com,Mumbai,Google Search,2023-01-21,19,F,1016.0,2.0,1481.5700000000002,9.0,Cannot Lose Them,2.0,Lost
5171,customer_4170,customer4170.gmail.com,Bengaluru,Email,2022-12-01,50,F,482.0,3.0,964.04,10.0,At-Risk,4.0,Potential
5172,customer_4171,customer4171.gmail.com,Delhi,Paid Social,2022-01-24,60,M,24.0,6.0,2929.47,15.0,champions,0.0,High Value
5173,customer_4172,customer4172.gmail.com,Delhi,Organic,2024-08-06,21,Others,42.0,4.0,814.7,13.0,Loyal Customers,3.0,Loyal
5174,customer_4173,customer4173.gmail.com,Hyderabad,Paid Social,2023-12-22,25,M,636.0,2.0,1197.53,8.0,Cannot Lose Them,4.0,Potential
5175,customer_4174,customer4174.gmail.com,Delhi,Paid Social,2022-07-05,45,F,760.0,1.0,113.67,4.0,Hibernating,2.0,Lost
5176,customer_4175,customer4175.gmail.com,Bengaluru,Google Search,2022-02-04,28,F,287.0,3.0,1282.55,11.0,Loyal Customers,3.0,Loyal
5177,customer_4176,customer4176.gmail.com,Bengaluru,SMS,2022-09-04,37,M,20.0,3.0,576.62,12.0,Loyal Customers,3.0,Loyal
5178,customer_4177,customer4177.gmail.com,Pune,Organic,2023-03-15,51,F,939.0,2.0,997.33,8.0,Cannot Lose Them,2.0,Lost
5179,customer_4178,customer4178.gmail.com,Chennai,Google Search,2022-10-29,30,F,556.0,1.0,165.41,5.0,At-Risk,2.0,Lost
5180,customer_4179,customer4179.gmail.com,Bengaluru,SMS,2022-06-02,62,M,628.0,3.0,789.98,8.0,Cannot Lose Them,4.0,Potential
5181,customer_4180,customer4180.gmail.com,Bengaluru,SMS,2022-08-01,33,M,688.0,1.0,438.14,5.0,Hibernating,2.0,Lost
5182,customer_4181,customer4181.gmail.com,Bengaluru,Email,2024-01-30,18,F,560.0,2.0,798.94,8.0,At-Risk,4.0,Potential
5183,customer_4182,customer4182.gmail.com,Delhi,Google Search,2024-03-02,27,F,41.0,2.0,479.48,10.0,Loyal Customers,1.0,At-Risk
5184,customer_4183,customer4183.gmail.com,Pune,Google Search,2023-08-13,30,Others,707.0,2.0,424.68000000000006,6.0,Hibernating,2.0,Lost
5185,customer_4184,customer4184.gmail.com,Chennai,SMS,2022-11-25,50,M,31.0,1.0,237.65,8.0,New Customers,1.0,At-Risk
5186,customer_4185,customer4185.gmail.com,Pune,Organic,2022-01-06,64,M,27.0,5.0,1107.87,14.0,champions,3.0,Loyal
5187,customer_4186,customer4186.gmail.com,Mumbai,Email,2023-05-30,34,M,745.0,1.0,529.59,5.0,Hibernating,2.0,Lost
5188,customer_4187,customer4187.gmail.com,Mumbai,Organic,2022-05-13,57,M,608.0,1.0,346.44,5.0,Hibernating,2.0,Lost
5189,customer_4188,customer4188.gmail.com,Pune,Paid Social,2023-02-20,60,M,204.0,2.0,1106.48,11.0,Loyal Customers,1.0,At-Risk
5190,customer_4189,customer4189.gmail.com,Pune,SMS,2024-01-03,33,M,299.0,3.0,482.46,9.0,Loyal Customers,1.0,At-Risk
5191,customer_4190,customer4190.gmail.com,Delhi,Paid Social,2023-02-24,60,M,585.0,1.0,530.68,6.0,At-Risk,2.0,Lost
5192,customer_4191,customer4191.gmail.com,Bengaluru,Organic,2024-06-11,33,M,409.0,1.0,306.87,5.0,At-Risk,1.0,At-Risk
5193,customer_4192,customer4192.gmail.com,Chennai,Email,2022-04-29,18,M,629.0,2.0,132.45999999999998,5.0,Hibernating,2.0,Lost
5194,customer_4193,customer4193.gmail.com,Pune,SMS,2024-07-09,38,F,63.0,3.0,664.1,12.0,Loyal Customers,3.0,Loyal
5195,customer_4194,customer4194.gmail.com,Chennai,SMS,2024-08-09,41,M,50.0,2.0,536.49,10.0,Loyal Customers,1.0,At-Risk
5196,customer_4195,customer4195.gmail.com,Chennai,Email,2024-06-10,63,F,58.0,2.0,753.92,11.0,Loyal Customers,1.0,At-Risk
5197,customer_4196,customer4196.gmail.com,Hyderabad,Google Search,2023-05-15,37,F,676.0,1.0,97.22,4.0,Hibernating,2.0,Lost
5198,customer_4197,customer4197.gmail.com,Delhi,Organic,2023-01-04,59,M,175.0,3.0,332.17,10.0,Loyal Customers,1.0,At-Risk
5199,customer_4198,customer4198.gmail.com,Mumbai,SMS,2022-03-16,31,F,1064.0,1.0,313.9,4.0,Hibernating,2.0,Lost
5200,customer_4199,customer4199.gmail.com,Delhi,SMS,2022-02-25,18,M,251.0,1.0,97.55,6.0,Hibernating,1.0,At-Risk
5201,customer_4200,customer4200.gmail.com,Pune,Paid Social,2022-06-04,39,F,285.0,1.0,486.76,7.0,Hibernating,1.0,At-Risk
5202,customer_4201,customer4201.gmail.com,Hyderabad,Paid Social,2023-11-13,24,F,305.0,1.0,653.39,8.0,Potential Loyalists,1.0,At-Risk
5203,customer_4202,customer4202.gmail.com,Pune,Email,2022-02-07,54,F,559.0,2.0,614.0,8.0,At-Risk,4.0,Potential
5204,customer_4203,customer4203.gmail.com,Chennai,Email,2023-03-15,49,M,,,,,,,No Purchase
5205,customer_4204,customer4204.gmail.com,Mumbai,Google Search,2024-11-08,21,M,258.0,3.0,1346.65,11.0,Loyal Customers,3.0,Loyal
5206,customer_4205,customer4205.gmail.com,Delhi,SMS,2024-10-09,33,Others,49.0,4.0,1985.24,15.0,champions,0.0,High Value
5207,customer_4206,customer4206.gmail.com,Mumbai,Organic,2024-05-26,34,F,890.0,3.0,316.85,6.0,Hibernating,2.0,Lost
5208,customer_4207,customer4207.gmail.com,Pune,Google Search,2022-05-21,47,Others,32.0,3.0,783.12,12.0,Loyal Customers,3.0,Loyal
5209,customer_4208,customer4208.gmail.com,Pune,Organic,2024-07-13,51,F,37.0,3.0,508.91,11.0,Loyal Customers,3.0,Loyal
5210,customer_4209,customer4209.gmail.com,Delhi,Organic,2022-01-15,57,F,300.0,2.0,474.88,8.0,Loyal Customers,1.0,At-Risk
5211,customer_4210,customer4210.gmail.com,Pune,SMS,2022-05-20,24,F,765.0,2.0,604.9200000000001,7.0,Cannot Lose Them,2.0,Lost
5212,customer_4211,customer4211.gmail.com,Bengaluru,Email,2023-06-17,37,M,260.0,2.0,415.99,8.0,Loyal Customers,1.0,At-Risk
5213,customer_4212,customer4212.gmail.com,Delhi,Email,2024-03-03,50,M,349.0,2.0,201.97,7.0,Loyal Customers,1.0,At-Risk
5214,customer_4213,customer4213.gmail.com,Mumbai,Email,2024-03-16,53,F,784.0,2.0,1194.69,8.0,Cannot Lose Them,4.0,Potential
5215,customer_4214,customer4214.gmail.com,Hyderabad,Organic,2022-09-08,29,M,245.0,4.0,730.6,11.0,Loyal Customers,3.0,Loyal
5216,customer_4215,customer4215.gmail.com,Chennai,Google Search,2024-12-08,32,F,155.0,4.0,1074.02,13.0,champions,3.0,Loyal
5217,customer_4216,customer4216.gmail.com,Pune,Email,2022-01-29,32,F,856.0,2.0,855.1600000000001,7.0,Cannot Lose Them,2.0,Lost
5218,customer_4217,customer4217.gmail.com,Hyderabad,SMS,2024-08-15,37,M,807.0,3.0,599.9399999999999,8.0,Cannot Lose Them,2.0,Lost
5219,customer_4218,customer4218.gmail.com,Mumbai,Paid Social,2023-11-13,34,M,585.0,1.0,1490.37,9.0,At-Risk,4.0,Potential
5220,customer_4219,customer4219.gmail.com,Hyderabad,Paid Social,2022-09-08,59,F,525.0,4.0,859.1800000000001,10.0,At-Risk,4.0,Potential
5221,customer_4220,customer4220.gmail.com,Delhi,Google Search,2022-05-31,63,F,391.0,7.0,1466.37,12.0,At-Risk,0.0,High Value
5222,customer_4221,customer4221.gmail.com,Chennai,Paid Social,2023-07-19,46,F,481.0,1.0,520.47,6.0,At-Risk,1.0,At-Risk
5223,customer_4222,customer4222.gmail.com,Mumbai,Paid Social,2024-10-09,41,F,40.0,3.0,648.04,12.0,Loyal Customers,3.0,Loyal
5224,customer_4223,customer4223.gmail.com,Delhi,Paid Social,2024-10-02,58,F,,,,,,,No Purchase
5225,customer_4224,customer4224.gmail.com,Delhi,Paid Social,2024-05-31,32,M,,,,,,,No Purchase
5226,customer_4225,customer4225.gmail.com,Hyderabad,Paid Social,2023-01-18,29,F,397.0,3.0,376.33,8.0,At-Risk,4.0,Potential
5227,customer_4226,customer4226.gmail.com,Bengaluru,Email,2024-02-23,36,F,56.0,3.0,642.74,12.0,Loyal Customers,3.0,Loyal
5228,customer_4227,customer4227.gmail.com,Delhi,Organic,2022-04-29,30,F,97.0,2.0,522.12,9.0,Loyal Customers,1.0,At-Risk
5229,customer_4228,customer4228.gmail.com,Delhi,SMS,2024-05-14,50,F,323.0,2.0,361.65,8.0,Loyal Customers,1.0,At-Risk
5230,customer_4229,customer4229.gmail.com,Mumbai,SMS,2023-07-05,47,M,738.0,2.0,228.45,5.0,Hibernating,2.0,Lost
5231,customer_4230,customer4230.gmail.com,Chennai,SMS,2022-03-09,24,F,94.0,4.0,1075.48,13.0,champions,3.0,Loyal
5232,customer_4231,customer4231.gmail.com,Bengaluru,Paid Social,2022-10-14,61,M,114.0,3.0,697.38,11.0,Loyal Customers,3.0,Loyal
5233,customer_4232,customer4232.gmail.com,Pune,Google Search,2023-02-02,35,M,,,,,,,No Purchase
5234,customer_4233,customer4233.gmail.com,Delhi,Organic,2023-09-22,59,F,320.0,3.0,506.06,9.0,Loyal Customers,4.0,Potential
5235,customer_4234,customer4234.gmail.com,Mumbai,SMS,2023-01-25,63,M,745.0,3.0,610.81,8.0,Cannot Lose Them,4.0,Potential
5236,customer_4235,customer4235.gmail.com,Hyderabad,SMS,2023-04-30,42,F,,,,,,,No Purchase
5237,customer_4236,customer4236.gmail.com,Mumbai,Email,2024-04-05,29,F,186.0,3.0,530.4,10.0,Loyal Customers,3.0,Loyal
5238,customer_4237,customer4237.gmail.com,Bengaluru,SMS,2022-02-02,51,M,3.0,5.0,1063.47,14.0,champions,3.0,Loyal
5239,customer_4238,customer4238.gmail.com,Mumbai,Organic,2024-07-14,38,F,539.0,2.0,807.5699999999999,8.0,At-Risk,4.0,Potential
5240,customer_4239,customer4239.gmail.com,Pune,Google Search,2023-04-21,24,Others,551.0,3.0,5504.79,11.0,At-Risk,0.0,High Value
5241,customer_4240,customer4240.gmail.com,Hyderabad,Email,2024-05-24,47,M,589.0,4.0,3418.96,12.0,At-Risk,0.0,High Value
5242,customer_4241,customer4241.gmail.com,Hyderabad,Organic,2024-10-21,33,F,315.0,4.0,1323.88,12.0,Loyal Customers,3.0,Loyal
5243,customer_4242,customer4242.gmail.com,Chennai,SMS,2023-11-28,64,F,472.0,2.0,1047.14,9.0,At-Risk,4.0,Potential
5244,customer_4243,customer4243.gmail.com,Delhi,Email,2022-06-30,56,F,263.0,2.0,669.76,9.0,Loyal Customers,1.0,At-Risk
5245,customer_4244,customer4244.gmail.com,Bengaluru,Google Search,2022-05-26,39,F,119.0,2.0,466.77,9.0,Loyal Customers,1.0,At-Risk
5246,customer_4245,customer4245.gmail.com,Hyderabad,Organic,2024-11-13,33,F,450.0,3.0,288.95,7.0,At-Risk,4.0,Potential
5247,customer_4246,customer4246.gmail.com,Hyderabad,Google Search,2022-06-16,22,M,706.0,1.0,873.94,6.0,Hibernating,2.0,Lost
5248,customer_4247,customer4247.gmail.com,Pune,Google Search,2024-01-21,26,F,176.0,4.0,1934.02,14.0,champions,0.0,High Value
5249,customer_4248,customer4248.gmail.com,Mumbai,Paid Social,2024-07-20,45,F,99.0,3.0,654.77,11.0,Loyal Customers,3.0,Loyal
5250,customer_4249,customer4249.gmail.com,Pune,Organic,2022-03-31,59,M,132.0,2.0,444.87,9.0,Loyal Customers,1.0,At-Risk
5251,customer_4250,customer4250.gmail.com,Bengaluru,SMS,2022-03-11,48,F,,,,,,,No Purchase
5252,customer_4251,customer4251.gmail.com,Bengaluru,Email,2024-03-17,37,M,120.0,3.0,1096.1,12.0,champions,3.0,Loyal
5253,customer_4252,customer4252.gmail.com,Hyderabad,Organic,2022-03-27,35,F,36.0,5.0,1015.05,14.0,champions,3.0,Loyal
5254,customer_4253,customer4253.gmail.com,Delhi,Organic,2022-02-06,34,M,1034.0,1.0,570.06,6.0,Hibernating,2.0,Lost
5255,customer_4254,customer4254.gmail.com,Mumbai,Email,2024-08-24,47,F,188.0,4.0,1604.92,14.0,champions,3.0,Loyal
5256,customer_4255,customer4255.gmail.com,Mumbai,Organic,2023-04-27,53,M,120.0,4.0,1718.91,14.0,champions,3.0,Loyal
5257,customer_4256,customer4256.gmail.com,Bengaluru,Organic,2022-08-18,31,F,220.0,1.0,379.41,7.0,Hibernating,1.0,At-Risk
5258,customer_4257,customer4257.gmail.com,Pune,Email,2024-11-30,42,F,20.0,5.0,2033.97,15.0,champions,0.0,High Value
5259,customer_4258,customer4258.gmail.com,Hyderabad,Organic,2024-01-05,62,M,683.0,2.0,949.89,8.0,Cannot Lose Them,4.0,Potential
5260,customer_4259,customer4259.gmail.com,Chennai,Email,2024-08-31,57,F,163.0,2.0,659.19,10.0,Loyal Customers,1.0,At-Risk
5261,customer_4260,customer4260.gmail.com,Mumbai,Email,2024-10-29,21,M,70.0,6.0,2065.13,15.0,champions,0.0,High Value
5262,customer_4261,customer4261.gmail.com,Pune,SMS,2024-05-15,19,M,65.0,4.0,1044.1,14.0,champions,3.0,Loyal
5263,customer_4262,customer4262.gmail.com,Pune,Organic,2022-06-02,47,F,67.0,4.0,770.6,13.0,Loyal Customers,3.0,Loyal
5264,customer_4263,customer4263.gmail.com,Chennai,SMS,2024-06-23,59,F,731.0,1.0,131.02,4.0,Hibernating,2.0,Lost
5265,customer_4264,customer4264.gmail.com,Bengaluru,SMS,2024-12-23,43,F,93.0,7.0,2841.36,14.0,champions,0.0,High Value
5266,customer_4265,customer4265.gmail.com,Hyderabad,SMS,2022-12-24,28,M,721.0,1.0,303.56,4.0,Hibernating,2.0,Lost
5267,customer_4266,customer4266.gmail.com,Hyderabad,Paid Social,2023-04-25,23,F,358.0,3.0,969.71,11.0,Loyal Customers,4.0,Potential
5268,customer_4267,customer4267.gmail.com,Delhi,Google Search,2023-06-23,55,M,421.0,3.0,1231.79,10.0,At-Risk,4.0,Potential
5269,customer_4268,customer4268.gmail.com,Hyderabad,Organic,2023-05-14,36,F,,,,,,,No Purchase
5270,customer_4269,customer4269.gmail.com,Bengaluru,SMS,2023-08-09,36,F,190.0,4.0,1334.06,13.0,champions,3.0,Loyal
5271,customer_4270,customer4270.gmail.com,Chennai,Paid Social,2024-12-25,28,Others,91.0,2.0,571.61,11.0,Loyal Customers,1.0,At-Risk
5272,customer_4271,customer4271.gmail.com,Pune,Paid Social,2023-09-21,59,M,981.0,1.0,339.55,5.0,Hibernating,2.0,Lost
5273,customer_4272,customer4272.gmail.com,Mumbai,Organic,2024-04-29,23,F,151.0,4.0,1195.97,13.0,champions,3.0,Loyal
5274,customer_4273,customer4273.gmail.com,Pune,Organic,2022-02-28,46,F,620.0,2.0,1422.9299999999998,9.0,Cannot Lose Them,4.0,Potential
5275,customer_4274,customer4274.gmail.com,Mumbai,Google Search,2023-11-11,31,F,249.0,3.0,973.5,11.0,Loyal Customers,3.0,Loyal
5276,customer_4275,customer4275.gmail.com,Delhi,Google Search,2022-05-31,27,M,721.0,1.0,104.71,4.0,Hibernating,2.0,Lost
5277,customer_4276,customer4276.gmail.com,Delhi,Paid Social,2024-07-25,54,M,935.0,2.0,509.51,6.0,Hibernating,2.0,Lost
5278,customer_4277,customer4277.gmail.com,Chennai,Email,2022-09-10,43,F,364.0,2.0,345.88,7.0,At-Risk,1.0,At-Risk
5279,customer_4278,customer4278.gmail.com,Delhi,SMS,2022-11-05,58,M,46.0,4.0,1693.11,15.0,champions,3.0,Loyal
5280,customer_4279,customer4279.gmail.com,Chennai,Organic,2024-09-27,48,F,110.0,5.0,1962.53,14.0,champions,0.0,High Value
5281,customer_4280,customer4280.gmail.com,Chennai,Organic,2024-12-23,62,F,,,,,,,No Purchase
5282,customer_4281,customer4281.gmail.com,Pune,Google Search,2022-10-10,53,M,582.0,3.0,749.72,9.0,At-Risk,4.0,Potential
5283,customer_4282,customer4282.gmail.com,Bengaluru,SMS,2022-03-05,27,M,471.0,2.0,393.37,7.0,At-Risk,1.0,At-Risk
5284,customer_4283,customer4283.gmail.com,Hyderabad,Organic,2023-01-02,43,F,,,,,,,No Purchase
5285,customer_4284,customer4284.gmail.com,Chennai,Google Search,2024-04-07,27,F,,,,,,,No Purchase
5286,customer_4285,customer4285.gmail.com,Chennai,Email,2024-12-12,37,M,21.0,4.0,2881.61,15.0,champions,0.0,High Value
5287,customer_4286,customer4286.gmail.com,Chennai,SMS,2022-07-19,38,M,408.0,1.0,74.63,5.0,At-Risk,1.0,At-Risk
5288,customer_4287,customer4287.gmail.com,Mumbai,SMS,2024-02-07,35,M,162.0,2.0,576.61,10.0,Loyal Customers,1.0,At-Risk
5289,customer_4288,customer4288.gmail.com,Bengaluru,Google Search,2022-03-12,29,F,48.0,7.0,1344.02,14.0,champions,0.0,High Value
5290,customer_4289,customer4289.gmail.com,Chennai,Google Search,2022-05-21,30,M,297.0,2.0,891.36,10.0,Loyal Customers,1.0,At-Risk
5291,customer_4290,customer4290.gmail.com,Hyderabad,Paid Social,2023-09-19,21,F,,,,,,,No Purchase
5292,customer_4291,customer4291.gmail.com,Mumbai,Organic,2023-08-12,44,M,218.0,2.0,657.48,9.0,Loyal Customers,1.0,At-Risk
5293,customer_4292,customer4292.gmail.com,Pune,Email,2024-11-06,60,F,224.0,1.0,226.58,6.0,Hibernating,1.0,At-Risk
5294,customer_4293,customer4293.gmail.com,Mumbai,Google Search,2022-03-19,26,F,137.0,4.0,2751.64,14.0,champions,0.0,High Value
5295,customer_4294,customer4294.gmail.com,Pune,Paid Social,2023-02-07,45,M,755.0,2.0,251.17,5.0,Hibernating,2.0,Lost
5296,customer_4295,customer4295.gmail.com,Hyderabad,Organic,2022-06-12,28,Others,200.0,1.0,382.02,8.0,New Customers,1.0,At-Risk
5297,customer_4296,customer4296.gmail.com,Bengaluru,SMS,2022-05-26,59,M,578.0,2.0,973.53,9.0,At-Risk,4.0,Potential
5298,customer_4297,customer4297.gmail.com,Mumbai,SMS,2023-06-13,27,F,892.0,1.0,389.0,5.0,Hibernating,2.0,Lost
5299,customer_4298,customer4298.gmail.com,Hyderabad,Paid Social,2022-05-31,44,F,249.0,1.0,412.32,7.0,Hibernating,1.0,At-Risk
5300,customer_4299,customer4299.gmail.com,Delhi,Email,2023-04-04,45,M,283.0,2.0,234.5,7.0,Loyal Customers,1.0,At-Risk
5301,customer_4300,customer4300.gmail.com,Chennai,Organic,2023-07-12,27,M,729.0,2.0,869.0899999999999,7.0,Cannot Lose Them,2.0,Lost
5302,customer_4301,customer4301.gmail.com,Chennai,Paid Social,2023-12-25,45,M,662.0,2.0,713.6300000000001,7.0,Cannot Lose Them,2.0,Lost
5303,customer_4302,customer4302.gmail.com,Chennai,SMS,2022-05-15,57,M,153.0,2.0,355.24,9.0,Loyal Customers,1.0,At-Risk
5304,customer_4303,customer4303.gmail.com,Bengaluru,Google Search,2023-02-11,20,F,499.0,4.0,969.59,11.0,At-Risk,4.0,Potential
5305,customer_4304,customer4304.gmail.com,Chennai,SMS,2023-08-26,32,Others,483.0,2.0,830.8299999999999,8.0,At-Risk,4.0,Potential
5306,customer_4305,customer4305.gmail.com,Delhi,Email,2022-08-01,64,F,,,,,,,No Purchase
5307,customer_4306,customer4306.gmail.com,Chennai,SMS,2022-05-29,50,F,796.0,3.0,782.87,8.0,Cannot Lose Them,4.0,Potential
5308,customer_4307,customer4307.gmail.com,Delhi,Email,2022-11-10,34,M,262.0,2.0,283.73,7.0,Loyal Customers,1.0,At-Risk
5309,customer_4308,customer4308.gmail.com,Bengaluru,SMS,2024-08-03,44,M,46.0,3.0,441.2000000000001,11.0,Loyal Customers,3.0,Loyal
5310,customer_4309,customer4309.gmail.com,Mumbai,SMS,2023-10-30,53,M,,,,,,,No Purchase
5311,customer_4310,customer4310.gmail.com,Hyderabad,Email,2024-12-25,40,F,373.0,3.0,775.3100000000001,9.0,At-Risk,4.0,Potential
5312,customer_4311,customer4311.gmail.com,Bengaluru,Email,2023-01-05,58,F,776.0,2.0,268.16,5.0,Hibernating,2.0,Lost
5313,customer_4312,customer4312.gmail.com,Mumbai,Email,2023-06-05,45,M,415.0,2.0,762.1800000000001,8.0,At-Risk,4.0,Potential
5314,customer_4313,customer4313.gmail.com,Chennai,SMS,2024-11-24,44,M,245.0,4.0,478.92,10.0,Loyal Customers,3.0,Loyal
5315,customer_4314,customer4314.gmail.com,Chennai,Email,2023-05-01,36,M,185.0,4.0,2833.35,14.0,champions,0.0,High Value
5316,customer_4315,customer4315.gmail.com,Bengaluru,Organic,2024-01-13,27,M,331.0,8.0,3655.67,13.0,Loyal Customers,0.0,High Value
5317,customer_4316,customer4316.gmail.com,Bengaluru,Google Search,2022-03-02,31,F,357.0,3.0,717.28,10.0,Loyal Customers,4.0,Potential
5318,customer_4317,customer4317.gmail.com,Chennai,Paid Social,2023-08-03,59,F,508.0,3.0,1250.6999999999998,10.0,At-Risk,4.0,Potential
5319,customer_4318,customer4318.gmail.com,Mumbai,SMS,2023-04-15,60,M,164.0,3.0,424.5,10.0,Loyal Customers,3.0,Loyal
5320,customer_4319,customer4319.gmail.com,Delhi,Email,2023-01-25,35,M,533.0,1.0,310.51,5.0,At-Risk,2.0,Lost
5321,customer_4320,customer4320.gmail.com,Pune,Email,2022-04-10,18,F,222.0,6.0,2460.6600000000003,13.0,Loyal Customers,0.0,High Value
5322,customer_4321,customer4321.gmail.com,Mumbai,Organic,2023-04-13,19,M,889.0,2.0,774.56,7.0,Cannot Lose Them,2.0,Lost
5323,customer_4322,customer4322.gmail.com,Pune,SMS,2023-03-29,35,F,212.0,2.0,893.85,10.0,Loyal Customers,1.0,At-Risk
5324,customer_4323,customer4323.gmail.com,Pune,Paid Social,2022-11-11,55,M,834.0,2.0,277.94,5.0,Hibernating,2.0,Lost
5325,customer_4324,customer4324.gmail.com,Bengaluru,SMS,2022-05-06,41,F,101.0,5.0,2205.4,14.0,champions,0.0,High Value
5326,customer_4325,customer4325.gmail.com,Mumbai,Google Search,2024-12-01,38,F,785.0,2.0,751.01,7.0,Cannot Lose Them,2.0,Lost
5327,customer_4326,customer4326.gmail.com,Mumbai,SMS,2023-11-14,31,F,679.0,2.0,524.0799999999999,6.0,Hibernating,2.0,Lost
5328,customer_4327,customer4327.gmail.com,Delhi,Paid Social,2023-09-24,50,F,,,,,,,No Purchase
5329,customer_4328,customer4328.gmail.com,Pune,Google Search,2022-04-06,61,M,716.0,1.0,303.03,4.0,Hibernating,2.0,Lost
5330,customer_4329,customer4329.gmail.com,Delhi,Google Search,2022-10-12,57,F,91.0,1.0,158.07,8.0,New Customers,1.0,At-Risk
5331,customer_4330,customer4330.gmail.com,Hyderabad,Paid Social,2022-08-13,29,F,182.0,4.0,1148.96,13.0,champions,3.0,Loyal
5332,customer_4331,customer4331.gmail.com,Pune,Organic,2024-07-10,34,Others,260.0,2.0,923.81,10.0,Loyal Customers,1.0,At-Risk
5333,customer_4332,customer4332.gmail.com,Delhi,Email,2022-09-10,51,M,63.0,1.0,320.32,9.0,New Customers,1.0,At-Risk
5334,customer_4333,customer4333.gmail.com,Delhi,Organic,2022-10-28,42,F,14.0,3.0,420.57,11.0,Loyal Customers,3.0,Loyal
5335,customer_4334,customer4334.gmail.com,Pune,Google Search,2024-09-12,62,F,295.0,1.0,245.77,6.0,Hibernating,1.0,At-Risk
5336,customer_4335,customer4335.gmail.com,Chennai,Paid Social,2023-02-08,48,Others,1006.0,1.0,869.54,6.0,Hibernating,2.0,Lost
5337,customer_4336,customer4336.gmail.com,Chennai,Organic,2022-10-10,21,F,374.0,2.0,302.58,6.0,At-Risk,1.0,At-Risk
5338,customer_4337,customer4337.gmail.com,Delhi,Organic,2023-12-06,42,F,302.0,3.0,885.0799999999999,11.0,Loyal Customers,3.0,Loyal
5339,customer_4338,customer4338.gmail.com,Hyderabad,Email,2024-02-16,53,M,38.0,4.0,836.74,13.0,Loyal Customers,3.0,Loyal
5340,customer_4339,customer4339.gmail.com,Mumbai,Organic,2022-11-03,51,F,,,,,,,No Purchase
5341,customer_4340,customer4340.gmail.com,Hyderabad,SMS,2023-10-21,51,F,824.0,1.0,586.16,6.0,Hibernating,2.0,Lost
5342,customer_4341,customer4341.gmail.com,Pune,Paid Social,2023-11-15,50,F,420.0,2.0,899.61,9.0,At-Risk,4.0,Potential
5343,customer_4342,customer4342.gmail.com,Bengaluru,Organic,2024-04-25,54,M,62.0,4.0,1253.12,14.0,champions,3.0,Loyal
5344,customer_4343,customer4343.gmail.com,Chennai,Email,2022-03-17,55,M,472.0,4.0,1365.63,12.0,At-Risk,4.0,Potential
5345,customer_4344,customer4344.gmail.com,Chennai,Google Search,2023-10-09,62,F,77.0,7.0,2481.65,15.0,champions,0.0,High Value
5346,customer_4345,customer4345.gmail.com,Pune,SMS,2022-09-11,39,M,121.0,2.0,423.06,9.0,Loyal Customers,1.0,At-Risk
5347,customer_4346,customer4346.gmail.com,Chennai,SMS,2023-04-09,29,M,532.0,4.0,713.58,10.0,At-Risk,4.0,Potential
5348,customer_4347,customer4347.gmail.com,Chennai,Email,2023-06-11,20,F,288.0,3.0,602.0999999999999,10.0,Loyal Customers,3.0,Loyal
5349,customer_4348,customer4348.gmail.com,Mumbai,Google Search,2024-07-28,21,M,66.0,4.0,3433.03,15.0,champions,0.0,High Value
5350,customer_4349,customer4349.gmail.com,Hyderabad,Organic,2023-06-07,25,F,637.0,3.0,1077.9,9.0,Cannot Lose Them,4.0,Potential
5351,customer_4350,customer4350.gmail.com,Chennai,SMS,2023-03-03,49,F,658.0,2.0,1648.61,9.0,Cannot Lose Them,4.0,Potential
5352,customer_4351,customer4351.gmail.com,Delhi,Paid Social,2023-06-18,61,F,210.0,3.0,1501.41,12.0,Loyal Customers,3.0,Loyal
5353,customer_4352,customer4352.gmail.com,Delhi,SMS,2022-11-02,22,F,586.0,2.0,815.24,8.0,At-Risk,4.0,Potential
5354,customer_4353,customer4353.gmail.com,Bengaluru,SMS,2024-10-19,40,M,348.0,1.0,361.6,7.0,Hibernating,1.0,At-Risk
5355,customer_4354,customer4354.gmail.com,Hyderabad,SMS,2022-08-26,56,F,,,,,,,No Purchase
5356,customer_4355,customer4355.gmail.com,Delhi,SMS,2024-01-06,31,M,779.0,1.0,1951.75,8.0,Hibernating,4.0,Potential
5357,customer_4356,customer4356.gmail.com,Pune,Google Search,2023-01-13,36,F,,,,,,,No Purchase
5358,customer_4357,customer4357.gmail.com,Delhi,Email,2023-01-24,40,F,554.0,3.0,1269.1999999999998,10.0,At-Risk,4.0,Potential
5359,customer_4358,customer4358.gmail.com,Chennai,SMS,2022-12-30,54,F,,,,,,,No Purchase
5360,customer_4359,customer4359.gmail.com,Mumbai,Organic,2023-10-13,38,F,142.0,3.0,1263.9499999999998,12.0,champions,3.0,Loyal
5361,customer_4360,customer4360.gmail.com,Hyderabad,Email,2024-05-29,28,F,202.0,3.0,827.81,11.0,Loyal Customers,3.0,Loyal
5362,customer_4361,customer4361.gmail.com,Delhi,SMS,2024-02-14,53,F,491.0,3.0,962.08,10.0,At-Risk,4.0,Potential
5363,customer_4362,customer4362.gmail.com,Delhi,SMS,2023-01-22,58,M,240.0,2.0,1413.49,11.0,Loyal Customers,4.0,Potential
5364,customer_4363,customer4363.gmail.com,Mumbai,Paid Social,2023-04-15,57,F,659.0,2.0,628.94,7.0,Cannot Lose Them,2.0,Lost
5365,customer_4364,customer4364.gmail.com,Chennai,Google Search,2022-01-31,28,M,,,,,,,No Purchase
5366,customer_4365,customer4365.gmail.com,Delhi,Email,2023-01-22,42,M,315.0,1.0,115.3,6.0,Hibernating,1.0,At-Risk
5367,customer_4366,customer4366.gmail.com,Bengaluru,SMS,2022-03-20,33,F,91.0,5.0,1890.74,15.0,champions,0.0,High Value
5368,customer_4367,customer4367.gmail.com,Chennai,Email,2023-05-01,41,Others,255.0,1.0,123.7,6.0,Hibernating,1.0,At-Risk
5369,customer_4368,customer4368.gmail.com,Hyderabad,Google Search,2022-04-15,41,F,,,,,,,No Purchase
5370,customer_4369,customer4369.gmail.com,Delhi,Email,2023-08-29,28,M,131.0,4.0,1987.03,14.0,champions,0.0,High Value
5371,customer_4370,customer4370.gmail.com,Pune,Paid Social,2022-04-09,61,F,535.0,4.0,1882.69,12.0,At-Risk,4.0,Potential
5372,customer_4371,customer4371.gmail.com,Delhi,Email,2022-06-19,63,F,1073.0,1.0,65.8,4.0,Hibernating,2.0,Lost
5373,customer_4372,customer4372.gmail.com,Chennai,Email,2024-03-05,41,M,138.0,1.0,71.74,7.0,New Customers,1.0,At-Risk
5374,customer_4373,customer4373.gmail.com,Bengaluru,Paid Social,2024-03-08,34,F,305.0,3.0,542.9300000000001,9.0,Loyal Customers,3.0,Loyal
5375,customer_4374,customer4374.gmail.com,Chennai,Google Search,2022-03-10,59,F,522.0,5.0,1747.81,12.0,At-Risk,0.0,High Value
5376,customer_4375,customer4375.gmail.com,Chennai,Organic,2023-05-31,54,M,4.0,3.0,788.9,12.0,Loyal Customers,3.0,Loyal
5377,customer_4376,customer4376.gmail.com,Pune,Google Search,2022-05-19,57,M,715.0,2.0,476.1,6.0,Hibernating,2.0,Lost
5378,customer_4377,customer4377.gmail.com,Chennai,SMS,2022-07-05,58,M,63.0,4.0,1379.38,15.0,champions,3.0,Loyal
5379,customer_4378,customer4378.gmail.com,Bengaluru,SMS,2022-05-21,35,M,236.0,3.0,1880.41,12.0,Loyal Customers,3.0,Loyal
5380,customer_4379,customer4379.gmail.com,Mumbai,Paid Social,2024-02-17,42,M,371.0,3.0,473.5,8.0,At-Risk,4.0,Potential
5381,customer_4380,customer4380.gmail.com,Pune,Email,2024-05-25,25,F,348.0,2.0,299.78,7.0,Loyal Customers,1.0,At-Risk
5382,customer_4381,customer4381.gmail.com,Pune,Paid Social,2024-10-09,56,M,213.0,3.0,1445.39,12.0,Loyal Customers,3.0,Loyal
5383,customer_4382,customer4382.gmail.com,Bengaluru,Email,2023-12-29,33,F,978.0,1.0,150.41,4.0,Hibernating,2.0,Lost
5384,customer_4383,customer4383.gmail.com,Bengaluru,SMS,2023-04-13,46,F,438.0,2.0,2150.91,10.0,At-Risk,4.0,Potential
5385,customer_4384,customer4384.gmail.com,Mumbai,SMS,2023-09-09,26,M,328.0,4.0,1460.06,13.0,Loyal Customers,3.0,Loyal
5386,customer_4385,customer4385.gmail.com,Pune,Email,2023-11-13,24,M,475.0,2.0,642.1600000000001,8.0,At-Risk,4.0,Potential
5387,customer_4386,customer4386.gmail.com,Chennai,Organic,2022-04-17,31,F,144.0,1.0,63.57,7.0,New Customers,1.0,At-Risk
5388,customer_4387,customer4387.gmail.com,Pune,Organic,2022-04-09,42,M,,,,,,,No Purchase
5389,customer_4388,customer4388.gmail.com,Chennai,SMS,2024-04-09,54,M,80.0,3.0,963.71,13.0,champions,3.0,Loyal
5390,customer_4389,customer4389.gmail.com,Chennai,Google Search,2024-05-08,36,M,51.0,3.0,657.5799999999999,12.0,Loyal Customers,3.0,Loyal
5391,customer_4390,customer4390.gmail.com,Pune,Paid Social,2024-04-26,19,F,168.0,3.0,1663.11,13.0,champions,3.0,Loyal
5392,customer_4391,customer4391.gmail.com,Pune,Paid Social,2023-03-25,36,F,47.0,2.0,885.64,12.0,Loyal Customers,1.0,At-Risk
5393,customer_4392,customer4392.gmail.com,Mumbai,Google Search,2024-02-04,19,F,39.0,4.0,1744.86,15.0,champions,3.0,Loyal
5394,customer_4393,customer4393.gmail.com,Delhi,Paid Social,2024-12-26,41,M,112.0,2.0,484.23,9.0,Loyal Customers,1.0,At-Risk
5395,customer_4394,customer4394.gmail.com,Pune,Email,2023-10-06,27,M,5.0,2.0,377.64,10.0,Loyal Customers,1.0,At-Risk
5396,customer_4395,customer4395.gmail.com,Hyderabad,Email,2024-09-20,30,M,272.0,5.0,1331.65,12.0,Loyal Customers,3.0,Loyal
5397,customer_4396,customer4396.gmail.com,Mumbai,Organic,2022-01-01,54,F,20.0,3.0,912.28,13.0,champions,3.0,Loyal
5398,customer_4397,customer4397.gmail.com,Chennai,Email,2022-01-21,18,M,429.0,1.0,242.23,5.0,At-Risk,1.0,At-Risk
5399,customer_4398,customer4398.gmail.com,Delhi,Google Search,2023-01-27,32,F,34.0,4.0,1012.07,14.0,champions,3.0,Loyal
5400,customer_4399,customer4399.gmail.com,Bengaluru,Paid Social,2022-05-20,24,M,542.0,2.0,1710.08,10.0,At-Risk,4.0,Potential
5401,customer_4400,customer4400.gmail.com,Chennai,Email,2022-07-25,57,M,,,,,,,No Purchase
5402,customer_4401,customer4401.gmail.com,Chennai,Paid Social,2023-10-30,33,M,721.0,2.0,958.07,8.0,Cannot Lose Them,4.0,Potential
5403,customer_4402,customer4402.gmail.com,Delhi,Email,2022-07-19,24,M,705.0,1.0,963.2,7.0,Hibernating,2.0,Lost
5404,customer_4403,customer4403.gmail.com,Bengaluru,Organic,2024-12-23,35,M,953.0,2.0,1185.0,8.0,Cannot Lose Them,2.0,Lost
5405,customer_4404,customer4404.gmail.com,Hyderabad,Organic,2023-12-30,45,M,928.0,1.0,80.75,4.0,Hibernating,2.0,Lost
5406,customer_4405,customer4405.gmail.com,Mumbai,Email,2024-12-14,31,F,329.0,4.0,3016.8,13.0,Loyal Customers,0.0,High Value
5407,customer_4406,customer4406.gmail.com,Delhi,Paid Social,2022-12-09,34,F,422.0,1.0,277.82,5.0,At-Risk,1.0,At-Risk
5408,customer_4407,customer4407.gmail.com,Bengaluru,SMS,2022-08-17,40,M,591.0,3.0,1248.24,10.0,At-Risk,4.0,Potential
5409,customer_4408,customer4408.gmail.com,Pune,Paid Social,2022-02-10,40,M,419.0,3.0,908.22,10.0,At-Risk,4.0,Potential
5410,customer_4409,customer4409.gmail.com,Hyderabad,Organic,2023-12-21,41,F,290.0,3.0,865.64,10.0,Loyal Customers,3.0,Loyal
5411,customer_4410,customer4410.gmail.com,Hyderabad,Organic,2024-12-18,38,M,,,,,,,No Purchase
5412,customer_4411,customer4411.gmail.com,Mumbai,Organic,2024-03-11,39,M,962.0,1.0,654.11,6.0,Hibernating,2.0,Lost
5413,customer_4412,customer4412.gmail.com,Mumbai,Paid Social,2022-12-31,43,F,54.0,3.0,300.63,10.0,Loyal Customers,1.0,At-Risk
5414,customer_4413,customer4413.gmail.com,Mumbai,SMS,2023-05-08,53,F,2.0,4.0,685.23,13.0,Loyal Customers,3.0,Loyal
5415,customer_4414,customer4414.gmail.com,Mumbai,Organic,2022-08-10,46,M,215.0,2.0,511.05,8.0,Loyal Customers,1.0,At-Risk
5416,customer_4415,customer4415.gmail.com,Pune,SMS,2024-12-04,24,F,266.0,4.0,1392.64,13.0,Loyal Customers,3.0,Loyal
5417,customer_4416,customer4416.gmail.com,Hyderabad,Email,2023-05-26,34,F,55.0,4.0,974.48,14.0,champions,3.0,Loyal
5418,customer_4417,customer4417.gmail.com,Pune,Paid Social,2022-03-16,28,M,256.0,3.0,1673.98,12.0,Loyal Customers,3.0,Loyal
5419,customer_4418,customer4418.gmail.com,Mumbai,Organic,2024-12-09,54,M,226.0,2.0,248.4,7.0,Loyal Customers,1.0,At-Risk
5420,customer_4419,customer4419.gmail.com,Delhi,Email,2024-12-06,42,F,894.0,2.0,1516.36,9.0,Cannot Lose Them,4.0,Potential
5421,customer_4420,customer4420.gmail.com,Bengaluru,Google Search,2023-04-06,58,M,244.0,3.0,1072.88,11.0,Loyal Customers,3.0,Loyal
5422,customer_4421,customer4421.gmail.com,Delhi,SMS,2023-09-23,25,M,930.0,2.0,386.25,6.0,Hibernating,2.0,Lost
5423,customer_4422,customer4422.gmail.com,Hyderabad,Organic,2024-05-05,21,M,589.0,1.0,317.32,5.0,At-Risk,2.0,Lost
5424,customer_4423,customer4423.gmail.com,Hyderabad,SMS,2024-11-22,54,M,,,,,,,No Purchase
5425,customer_4424,customer4424.gmail.com,Pune,Email,2024-09-19,26,M,600.0,2.0,595.11,7.0,Cannot Lose Them,4.0,Potential
5426,customer_4425,customer4425.gmail.com,Bengaluru,Organic,2024-09-19,54,M,358.0,1.0,898.45,9.0,Potential Loyalists,1.0,At-Risk
5427,customer_4426,customer4426.gmail.com,Mumbai,Paid Social,2023-12-14,31,F,90.0,6.0,1521.61,15.0,champions,0.0,High Value
5428,customer_4427,customer4427.gmail.com,Mumbai,Email,2024-12-21,31,M,367.0,3.0,864.98,9.0,At-Risk,4.0,Potential
5429,customer_4428,customer4428.gmail.com,Delhi,Google Search,2024-01-04,40,M,265.0,2.0,616.64,9.0,Loyal Customers,1.0,At-Risk
5430,customer_4429,customer4429.gmail.com,Bengaluru,Organic,2024-02-19,50,F,964.0,1.0,74.68,4.0,Hibernating,2.0,Lost
5431,customer_4430,customer4430.gmail.com,Pune,Organic,2022-02-23,35,F,313.0,1.0,757.14,8.0,Potential Loyalists,1.0,At-Risk
5432,customer_4431,customer4431.gmail.com,Mumbai,Email,2024-05-29,59,F,82.0,4.0,1027.81,14.0,champions,3.0,Loyal
5433,customer_4432,customer4432.gmail.com,Hyderabad,SMS,2023-01-28,27,F,9.0,6.0,1122.39,14.0,champions,3.0,Loyal
5434,customer_4433,customer4433.gmail.com,Mumbai,Google Search,2024-07-27,30,M,,,,,,,No Purchase
5435,customer_4434,customer4434.gmail.com,Bengaluru,Google Search,2023-04-18,63,F,658.0,3.0,1706.33,10.0,Cannot Lose Them,4.0,Potential
5436,customer_4435,customer4435.gmail.com,Chennai,Organic,2022-11-08,41,M,,,,,,,No Purchase
5437,customer_4436,customer4436.gmail.com,Hyderabad,Paid Social,2022-06-05,63,M,295.0,5.0,797.27,11.0,Loyal Customers,3.0,Loyal
5438,customer_4437,customer4437.gmail.com,Pune,Organic,2023-12-28,41,M,144.0,3.0,527.9300000000001,10.0,Loyal Customers,3.0,Loyal
5439,customer_4438,customer4438.gmail.com,Mumbai,Paid Social,2024-03-07,59,M,158.0,4.0,2318.63,14.0,champions,0.0,High Value
5440,customer_4439,customer4439.gmail.com,Hyderabad,Paid Social,2023-01-13,20,F,147.0,1.0,495.56,8.0,New Customers,1.0,At-Risk
5441,customer_4440,customer4440.gmail.com,Pune,Organic,2023-03-18,37,M,395.0,2.0,434.8,7.0,At-Risk,1.0,At-Risk
5442,customer_4441,customer4441.gmail.com,Bengaluru,Email,2023-10-29,20,F,780.0,1.0,186.53,4.0,Hibernating,2.0,Lost
5443,customer_4442,customer4442.gmail.com,Chennai,Paid Social,2024-01-13,54,M,216.0,5.0,2228.59,13.0,Loyal Customers,0.0,High Value
5444,customer_4443,customer4443.gmail.com,Pune,Email,2022-12-12,27,M,893.0,2.0,170.47,5.0,Hibernating,2.0,Lost
5445,customer_4444,customer4444.gmail.com,Pune,Email,2024-07-07,43,F,515.0,2.0,964.35,9.0,At-Risk,4.0,Potential
5446,customer_4445,customer4445.gmail.com,Hyderabad,Email,2022-04-19,54,M,60.0,6.0,1340.85,14.0,champions,0.0,High Value
5447,customer_4446,customer4446.gmail.com,Mumbai,Google Search,2024-04-06,33,M,481.0,1.0,129.27,5.0,At-Risk,1.0,At-Risk
5448,customer_4447,customer4447.gmail.com,Hyderabad,Organic,2022-03-15,59,M,54.0,4.0,815.09,13.0,Loyal Customers,3.0,Loyal
5449,customer_4448,customer4448.gmail.com,Delhi,SMS,2023-03-16,21,F,337.0,2.0,447.49,8.0,Loyal Customers,1.0,At-Risk
5450,customer_4449,customer4449.gmail.com,Hyderabad,Email,2024-10-05,54,M,,,,,,,No Purchase
5451,customer_4450,customer4450.gmail.com,Hyderabad,Google Search,2023-07-07,58,F,513.0,1.0,301.84,5.0,At-Risk,2.0,Lost
5452,customer_4451,customer4451.gmail.com,Mumbai,Paid Social,2022-12-20,50,M,270.0,2.0,299.67,7.0,Loyal Customers,1.0,At-Risk
5453,customer_4452,customer4452.gmail.com,Chennai,Organic,2024-07-06,53,F,,,,,,,No Purchase
5454,customer_4453,customer4453.gmail.com,Bengaluru,SMS,2024-05-30,51,M,179.0,2.0,1320.18,11.0,Loyal Customers,3.0,Loyal
5455,customer_4454,customer4454.gmail.com,Delhi,Email,2024-08-19,27,M,722.0,2.0,152.39,5.0,Hibernating,2.0,Lost
5456,customer_4455,customer4455.gmail.com,Mumbai,Google Search,2022-01-28,40,M,990.0,1.0,471.17,5.0,Hibernating,2.0,Lost
5457,customer_4456,customer4456.gmail.com,Chennai,Organic,2024-09-27,62,Others,73.0,3.0,812.38,12.0,Loyal Customers,3.0,Loyal
5458,customer_4457,customer4457.gmail.com,Mumbai,SMS,2024-01-14,34,F,614.0,1.0,300.61,4.0,Hibernating,2.0,Lost
5459,customer_4458,customer4458.gmail.com,Pune,Organic,2022-04-16,25,M,317.0,3.0,940.71,11.0,Loyal Customers,3.0,Loyal
5460,customer_4459,customer4459.gmail.com,Delhi,SMS,2023-12-29,48,F,460.0,3.0,1205.56,10.0,At-Risk,4.0,Potential
5461,customer_4460,customer4460.gmail.com,Pune,SMS,2024-03-16,51,F,918.0,2.0,1274.84,8.0,Cannot Lose Them,2.0,Lost
5462,customer_4461,customer4461.gmail.com,Pune,Organic,2022-12-26,18,M,605.0,1.0,134.43,4.0,Hibernating,2.0,Lost
5463,customer_4462,customer4462.gmail.com,Mumbai,Organic,2022-08-02,37,F,360.0,3.0,942.76,10.0,At-Risk,4.0,Potential
5464,customer_4463,customer4463.gmail.com,Bengaluru,SMS,2024-04-14,53,M,42.0,4.0,1315.65,14.0,champions,3.0,Loyal
5465,customer_4464,customer4464.gmail.com,Mumbai,Paid Social,2023-03-18,22,M,193.0,3.0,1167.89,12.0,champions,3.0,Loyal
5466,customer_4465,customer4465.gmail.com,Hyderabad,Email,2022-06-14,44,F,674.0,2.0,1170.63,8.0,Cannot Lose Them,4.0,Potential
5467,customer_4466,customer4466.gmail.com,Bengaluru,Email,2023-01-21,63,F,538.0,3.0,676.01,9.0,At-Risk,4.0,Potential
5468,customer_4467,customer4467.gmail.com,Delhi,Google Search,2023-04-06,31,M,91.0,3.0,379.97,11.0,Loyal Customers,3.0,Loyal
5469,customer_4468,customer4468.gmail.com,Bengaluru,Organic,2022-10-28,51,M,182.0,1.0,258.61,7.0,New Customers,1.0,At-Risk
5470,customer_4469,customer4469.gmail.com,Delhi,SMS,2022-02-22,43,F,23.0,3.0,589.76,12.0,Loyal Customers,3.0,Loyal
5471,customer_4470,customer4470.gmail.com,Pune,SMS,2023-04-13,48,F,738.0,2.0,870.16,7.0,Cannot Lose Them,2.0,Lost
5472,customer_4471,customer4471.gmail.com,Mumbai,SMS,2024-10-27,61,M,635.0,1.0,62.64,4.0,Hibernating,2.0,Lost
5473,customer_4472,customer4472.gmail.com,Mumbai,Email,2023-01-11,19,M,229.0,2.0,609.97,9.0,Loyal Customers,1.0,At-Risk
5474,customer_4473,customer4473.gmail.com,Hyderabad,Google Search,2023-08-03,62,M,,,,,,,No Purchase
5475,customer_4474,customer4474.gmail.com,Mumbai,Google Search,2022-08-07,45,M,215.0,4.0,996.43,12.0,Loyal Customers,3.0,Loyal
5476,customer_4475,customer4475.gmail.com,Bengaluru,SMS,2023-05-29,39,F,178.0,2.0,1686.4499999999998,12.0,Loyal Customers,3.0,Loyal
5477,customer_4476,customer4476.gmail.com,Hyderabad,SMS,2022-09-16,25,M,221.0,3.0,1116.72,11.0,Loyal Customers,3.0,Loyal
5478,customer_4477,customer4477.gmail.com,Mumbai,SMS,2024-03-13,39,M,248.0,3.0,684.85,10.0,Loyal Customers,3.0,Loyal
5479,customer_4478,customer4478.gmail.com,Hyderabad,SMS,2022-06-15,28,F,836.0,1.0,663.65,6.0,Hibernating,2.0,Lost
5480,customer_4479,customer4479.gmail.com,Mumbai,Google Search,2023-07-30,18,M,,,,,,,No Purchase
5481,customer_4480,customer4480.gmail.com,Mumbai,Organic,2023-04-14,23,F,132.0,6.0,2326.94,14.0,champions,0.0,High Value
5482,customer_4481,customer4481.gmail.com,Chennai,Google Search,2024-12-07,39,F,12.0,1.0,287.15,8.0,New Customers,1.0,At-Risk
5483,customer_4482,customer4482.gmail.com,Pune,SMS,2022-05-25,19,F,129.0,6.0,1558.91,14.0,champions,0.0,High Value
5484,customer_4483,customer4483.gmail.com,Chennai,Paid Social,2022-08-17,43,M,974.0,1.0,83.53,4.0,Hibernating,2.0,Lost
5485,customer_4484,customer4484.gmail.com,Mumbai,Organic,2023-06-27,24,F,290.0,1.0,441.75,7.0,Hibernating,1.0,At-Risk
5486,customer_4485,customer4485.gmail.com,Mumbai,Paid Social,2024-09-15,50,M,85.0,1.0,156.2,8.0,New Customers,1.0,At-Risk
5487,customer_4486,customer4486.gmail.com,Bengaluru,Email,2024-08-30,33,F,1083.0,1.0,233.27,4.0,Hibernating,2.0,Lost
5488,customer_4487,customer4487.gmail.com,Delhi,SMS,2022-11-12,30,F,182.0,1.0,59.4,7.0,New Customers,1.0,At-Risk
5489,customer_4488,customer4488.gmail.com,Bengaluru,Paid Social,2024-04-13,49,F,552.0,2.0,478.37,7.0,At-Risk,4.0,Potential
5490,customer_4489,customer4489.gmail.com,Hyderabad,SMS,2022-03-14,20,F,35.0,3.0,1680.4699999999998,14.0,champions,3.0,Loyal
5491,customer_4490,customer4490.gmail.com,Hyderabad,SMS,2022-03-27,38,M,300.0,2.0,764.25,9.0,Loyal Customers,1.0,At-Risk
5492,customer_4491,customer4491.gmail.com,Mumbai,Email,2022-12-28,48,F,446.0,1.0,335.92,6.0,At-Risk,1.0,At-Risk
5493,customer_4492,customer4492.gmail.com,Mumbai,Organic,2024-11-07,41,M,18.0,1.0,746.81,10.0,New Customers,1.0,At-Risk
5494,customer_4493,customer4493.gmail.com,Pune,SMS,2022-04-12,24,M,168.0,3.0,593.55,11.0,Loyal Customers,3.0,Loyal
5495,customer_4494,customer4494.gmail.com,Mumbai,Organic,2022-10-12,56,F,473.0,3.0,715.79,9.0,At-Risk,4.0,Potential
5496,customer_4495,customer4495.gmail.com,Bengaluru,Google Search,2024-05-05,61,M,512.0,1.0,185.52,5.0,At-Risk,2.0,Lost
5497,customer_4496,customer4496.gmail.com,Bengaluru,Email,2022-04-07,25,M,74.0,5.0,2445.89,15.0,champions,0.0,High Value
5498,customer_4497,customer4497.gmail.com,Bengaluru,Google Search,2024-05-31,23,M,213.0,3.0,843.33,10.0,Loyal Customers,3.0,Loyal
5499,customer_4498,customer4498.gmail.com,Bengaluru,Email,2022-09-12,31,F,,,,,,,No Purchase
5500,customer_4499,customer4499.gmail.com,Delhi,Paid Social,2024-02-28,37,M,633.0,2.0,679.51,7.0,Cannot Lose Them,4.0,Potential
5501,customer_4500,customer4500.gmail.com,Chennai,Paid Social,2022-09-20,19,M,6.0,5.0,1582.76,15.0,champions,0.0,High Value
5502,customer_4501,customer4501.gmail.com,Bengaluru,SMS,2024-03-16,31,M,724.0,2.0,229.79,5.0,Hibernating,2.0,Lost
5503,customer_4502,customer4502.gmail.com,Bengaluru,Organic,2023-10-14,52,M,641.0,1.0,218.94,4.0,Hibernating,2.0,Lost
5504,customer_4503,customer4503.gmail.com,Hyderabad,Organic,2022-12-14,42,F,92.0,3.0,1484.72,13.0,champions,3.0,Loyal
5505,customer_4504,customer4504.gmail.com,Chennai,Organic,2024-11-03,64,F,895.0,1.0,110.43,4.0,Hibernating,2.0,Lost
5506,customer_4505,customer4505.gmail.com,Chennai,Organic,2023-06-13,35,M,114.0,3.0,985.89,12.0,champions,3.0,Loyal
5507,customer_4506,customer4506.gmail.com,Hyderabad,Email,2024-11-09,57,F,15.0,1.0,65.63,8.0,New Customers,1.0,At-Risk
5508,customer_4507,customer4507.gmail.com,Hyderabad,SMS,2023-05-21,25,F,270.0,3.0,1187.6,11.0,Loyal Customers,3.0,Loyal
5509,customer_4508,customer4508.gmail.com,Chennai,Organic,2022-09-08,23,M,126.0,5.0,1653.96,14.0,champions,0.0,High Value
5510,customer_4509,customer4509.gmail.com,Chennai,SMS,2022-05-14,45,F,310.0,3.0,1343.75,11.0,Loyal Customers,3.0,Loyal
5511,customer_4510,customer4510.gmail.com,Mumbai,SMS,2024-06-27,26,F,773.0,1.0,329.76,5.0,Hibernating,2.0,Lost
5512,customer_4511,customer4511.gmail.com,Hyderabad,Organic,2024-09-28,42,M,704.0,1.0,81.46,4.0,Hibernating,2.0,Lost
5513,customer_4512,customer4512.gmail.com,Mumbai,SMS,2022-06-30,24,F,8.0,4.0,1472.41,15.0,champions,3.0,Loyal
5514,customer_4513,customer4513.gmail.com,Hyderabad,Email,2024-12-30,52,F,,,,,,,No Purchase
5515,customer_4514,customer4514.gmail.com,Bengaluru,SMS,2024-12-09,33,M,575.0,3.0,316.56,7.0,At-Risk,4.0,Potential
5516,customer_4515,customer4515.gmail.com,Hyderabad,Organic,2022-04-20,37,F,705.0,1.0,136.81,4.0,Hibernating,2.0,Lost
5517,customer_4516,customer4516.gmail.com,Pune,SMS,2024-09-10,24,M,559.0,3.0,273.96,7.0,At-Risk,4.0,Potential
5518,customer_4517,customer4517.gmail.com,Mumbai,SMS,2024-08-12,35,F,323.0,2.0,554.75,8.0,Loyal Customers,1.0,At-Risk
5519,customer_4518,customer4518.gmail.com,Bengaluru,Organic,2022-01-21,36,F,411.0,2.0,957.39,9.0,At-Risk,4.0,Potential
5520,customer_4519,customer4519.gmail.com,Chennai,Email,2022-10-21,19,F,380.0,3.0,864.3499999999999,9.0,At-Risk,4.0,Potential
5521,customer_4520,customer4520.gmail.com,Bengaluru,Organic,2022-10-16,46,F,365.0,3.0,1492.09,11.0,At-Risk,4.0,Potential
5522,customer_4521,customer4521.gmail.com,Bengaluru,Paid Social,2024-02-19,45,F,160.0,5.0,1105.7,13.0,champions,3.0,Loyal
5523,customer_4522,customer4522.gmail.com,Chennai,Paid Social,2023-09-10,32,F,425.0,1.0,114.04,5.0,At-Risk,1.0,At-Risk
5524,customer_4523,customer4523.gmail.com,Hyderabad,SMS,2023-12-08,47,F,898.0,2.0,684.14,7.0,Cannot Lose Them,2.0,Lost
5525,customer_4524,customer4524.gmail.com,Mumbai,Google Search,2024-11-23,21,F,581.0,2.0,780.5799999999999,8.0,At-Risk,4.0,Potential
5526,customer_4525,customer4525.gmail.com,Bengaluru,Paid Social,2022-05-12,25,F,117.0,6.0,4978.06,14.0,champions,0.0,High Value
5527,customer_4526,customer4526.gmail.com,Bengaluru,Paid Social,2022-12-30,36,F,266.0,2.0,257.57,7.0,Loyal Customers,1.0,At-Risk
5528,customer_4527,customer4527.gmail.com,Hyderabad,Paid Social,2024-09-18,47,M,,,,,,,No Purchase
5529,customer_4528,customer4528.gmail.com,Chennai,Google Search,2022-11-29,43,M,87.0,3.0,960.74,13.0,champions,3.0,Loyal
5530,customer_4529,customer4529.gmail.com,Bengaluru,Google Search,2024-09-07,26,M,329.0,3.0,1532.63,12.0,Loyal Customers,4.0,Potential
5531,customer_4530,customer4530.gmail.com,Chennai,Email,2022-03-24,60,F,1022.0,1.0,90.51,4.0,Hibernating,2.0,Lost
5532,customer_4531,customer4531.gmail.com,Bengaluru,Google Search,2022-11-11,45,F,491.0,1.0,280.77,5.0,At-Risk,2.0,Lost
5533,customer_4532,customer4532.gmail.com,Chennai,Email,2023-01-17,24,F,73.0,3.0,726.28,12.0,Loyal Customers,3.0,Loyal
5534,customer_4533,customer4533.gmail.com,Delhi,Organic,2024-02-03,50,F,547.0,2.0,274.36,6.0,At-Risk,2.0,Lost
5535,customer_4534,customer4534.gmail.com,Hyderabad,Email,2022-01-08,21,M,878.0,1.0,299.88,4.0,Hibernating,2.0,Lost
5536,customer_4535,customer4535.gmail.com,Delhi,Email,2023-03-21,25,F,772.0,3.0,1832.6,10.0,Cannot Lose Them,4.0,Potential
5537,customer_4536,customer4536.gmail.com,Chennai,Paid Social,2022-04-23,51,Others,446.0,1.0,188.72,5.0,At-Risk,1.0,At-Risk
5538,customer_4537,customer4537.gmail.com,Delhi,SMS,2023-09-08,27,F,,,,,,,No Purchase
5539,customer_4538,customer4538.gmail.com,Hyderabad,Paid Social,2022-05-24,53,F,455.0,2.0,1342.73,9.0,At-Risk,4.0,Potential
5540,customer_4539,customer4539.gmail.com,Bengaluru,Paid Social,2022-07-09,46,F,916.0,2.0,453.85,6.0,Hibernating,2.0,Lost
5541,customer_4540,customer4540.gmail.com,Bengaluru,Organic,2022-02-25,60,F,744.0,1.0,626.14,6.0,Hibernating,2.0,Lost
5542,customer_4541,customer4541.gmail.com,Mumbai,Email,2023-12-15,21,F,608.0,1.0,1383.06,8.0,Hibernating,4.0,Potential
5543,customer_4542,customer4542.gmail.com,Mumbai,Email,2023-09-13,52,M,122.0,1.0,51.62,7.0,New Customers,1.0,At-Risk
5544,customer_4543,customer4543.gmail.com,Chennai,Paid Social,2022-01-21,45,M,916.0,1.0,569.08,6.0,Hibernating,2.0,Lost
5545,customer_4544,customer4544.gmail.com,Hyderabad,Google Search,2023-09-22,39,M,109.0,4.0,1630.85,14.0,champions,3.0,Loyal
5546,customer_4545,customer4545.gmail.com,Pune,SMS,2023-09-05,43,Others,451.0,2.0,354.41,7.0,At-Risk,1.0,At-Risk
5547,customer_4546,customer4546.gmail.com,Delhi,Paid Social,2024-04-26,23,F,136.0,3.0,647.06,11.0,Loyal Customers,3.0,Loyal
5548,customer_4547,customer4547.gmail.com,Chennai,SMS,2022-10-18,41,F,292.0,3.0,861.53,10.0,Loyal Customers,3.0,Loyal
5549,customer_4548,customer4548.gmail.com,Hyderabad,Paid Social,2024-12-15,21,M,,,,,,,No Purchase
5550,customer_4549,customer4549.gmail.com,Bengaluru,Paid Social,2022-04-29,63,F,82.0,1.0,223.6,8.0,New Customers,1.0,At-Risk
5551,customer_4550,customer4550.gmail.com,Delhi,Organic,2022-11-15,33,M,597.0,2.0,257.0,6.0,At-Risk,2.0,Lost
5552,customer_4551,customer4551.gmail.com,Mumbai,Paid Social,2024-11-23,24,M,,,,,,,No Purchase
5553,customer_4552,customer4552.gmail.com,Delhi,Google Search,2023-03-31,24,M,,,,,,,No Purchase
5554,customer_4553,customer4553.gmail.com,Mumbai,Google Search,2023-11-03,54,M,184.0,5.0,1960.84,14.0,champions,0.0,High Value
5555,customer_4554,customer4554.gmail.com,Hyderabad,Email,2023-06-06,21,F,,,,,,,No Purchase
5556,customer_4555,customer4555.gmail.com,Mumbai,Paid Social,2024-09-25,40,M,82.0,3.0,1061.85,13.0,champions,3.0,Loyal
5557,customer_4556,customer4556.gmail.com,Hyderabad,Email,2023-09-12,49,M,,,,,,,No Purchase
5558,customer_4557,customer4557.gmail.com,Hyderabad,Email,2024-04-26,38,M,24.0,3.0,489.43000000000006,11.0,Loyal Customers,3.0,Loyal
5559,customer_4558,customer4558.gmail.com,Bengaluru,SMS,2023-05-11,28,F,982.0,1.0,56.74,4.0,Hibernating,2.0,Lost
5560,customer_4559,customer4559.gmail.com,Pune,Organic,2024-11-24,33,M,114.0,3.0,509.24,10.0,Loyal Customers,3.0,Loyal
5561,customer_4560,customer4560.gmail.com,Chennai,SMS,2023-06-29,57,M,744.0,3.0,758.25,8.0,Cannot Lose Them,4.0,Potential
5562,customer_4561,customer4561.gmail.com,Pune,Google Search,2022-01-25,38,M,145.0,4.0,1851.67,14.0,champions,0.0,High Value
5563,customer_4562,customer4562.gmail.com,Chennai,SMS,2022-06-24,22,F,9.0,5.0,1086.57,14.0,champions,3.0,Loyal
5564,customer_4563,customer4563.gmail.com,Pune,Organic,2024-10-03,64,F,750.0,1.0,335.13,5.0,Hibernating,2.0,Lost
5565,customer_4564,customer4564.gmail.com,Hyderabad,Google Search,2023-06-07,28,F,338.0,2.0,644.66,9.0,Loyal Customers,1.0,At-Risk
5566,customer_4565,customer4565.gmail.com,Chennai,SMS,2023-02-05,61,F,,,,,,,No Purchase
5567,customer_4566,customer4566.gmail.com,Chennai,Organic,2022-07-27,41,F,55.0,4.0,1461.27,15.0,champions,3.0,Loyal
5568,customer_4567,customer4567.gmail.com,Hyderabad,Paid Social,2023-09-01,52,F,202.0,3.0,546.01,10.0,Loyal Customers,3.0,Loyal
5569,customer_4568,customer4568.gmail.com,Chennai,Paid Social,2022-04-29,64,M,254.0,2.0,1048.16,10.0,Loyal Customers,1.0,At-Risk
5570,customer_4569,customer4569.gmail.com,Bengaluru,Email,2022-10-09,43,F,208.0,4.0,685.1700000000001,11.0,Loyal Customers,3.0,Loyal
5571,customer_4570,customer4570.gmail.com,Chennai,SMS,2022-09-26,46,Others,151.0,3.0,1018.49,12.0,champions,3.0,Loyal
5572,customer_4571,customer4571.gmail.com,Bengaluru,Google Search,2023-12-23,32,F,521.0,2.0,1253.49,9.0,At-Risk,4.0,Potential
5573,customer_4572,customer4572.gmail.com,Mumbai,Email,2023-12-26,24,F,265.0,2.0,560.7,8.0,Loyal Customers,1.0,At-Risk
5574,customer_4573,customer4573.gmail.com,Mumbai,SMS,2024-09-28,34,F,494.0,1.0,274.14,5.0,At-Risk,2.0,Lost
5575,customer_4574,customer4574.gmail.com,Hyderabad,Google Search,2024-05-04,54,M,14.0,4.0,2193.7200000000003,15.0,champions,0.0,High Value
5576,customer_4575,customer4575.gmail.com,Pune,Paid Social,2023-11-07,25,F,130.0,4.0,1165.01,13.0,champions,3.0,Loyal
5577,customer_4576,customer4576.gmail.com,Delhi,Email,2022-12-25,58,F,126.0,2.0,972.04,11.0,Loyal Customers,1.0,At-Risk
5578,customer_4577,customer4577.gmail.com,Bengaluru,Google Search,2022-12-01,18,F,641.0,1.0,74.15,4.0,Hibernating,2.0,Lost
5579,customer_4578,customer4578.gmail.com,Delhi,SMS,2024-01-07,49,Others,68.0,2.0,211.64,9.0,Loyal Customers,1.0,At-Risk
5580,customer_4579,customer4579.gmail.com,Chennai,Email,2022-04-24,20,M,547.0,2.0,356.77,7.0,At-Risk,2.0,Lost
5581,customer_4580,customer4580.gmail.com,Delhi,Google Search,2024-07-22,50,M,333.0,2.0,621.8,9.0,Loyal Customers,1.0,At-Risk
5582,customer_4581,customer4581.gmail.com,Hyderabad,SMS,2023-04-06,33,M,181.0,4.0,1916.67,14.0,champions,0.0,High Value
5583,customer_4582,customer4582.gmail.com,Mumbai,Google Search,2024-10-18,45,M,815.0,2.0,507.74,6.0,Hibernating,2.0,Lost
5584,customer_4583,customer4583.gmail.com,Pune,Email,2023-08-11,60,F,110.0,4.0,656.4300000000001,12.0,Loyal Customers,3.0,Loyal
5585,customer_4584,customer4584.gmail.com,Delhi,SMS,2023-10-22,41,F,221.0,2.0,505.84,8.0,Loyal Customers,1.0,At-Risk
5586,customer_4585,customer4585.gmail.com,Bengaluru,Organic,2022-02-09,53,M,707.0,2.0,405.26,6.0,Hibernating,2.0,Lost
5587,customer_4586,customer4586.gmail.com,Bengaluru,Email,2024-11-23,51,M,116.0,2.0,1206.19,11.0,Loyal Customers,3.0,Loyal
5588,customer_4587,customer4587.gmail.com,Bengaluru,Google Search,2023-09-01,53,M,43.0,5.0,1628.63,15.0,champions,0.0,High Value
5589,customer_4588,customer4588.gmail.com,Chennai,Organic,2022-06-12,27,F,365.0,4.0,1163.1999999999998,11.0,At-Risk,3.0,Loyal
5590,customer_4589,customer4589.gmail.com,Delhi,SMS,2023-11-02,43,M,540.0,5.0,594.9,10.0,At-Risk,4.0,Potential
5591,customer_4590,customer4590.gmail.com,Chennai,Paid Social,2024-09-16,30,F,162.0,2.0,381.81,9.0,Loyal Customers,1.0,At-Risk
5592,customer_4591,customer4591.gmail.com,Mumbai,Google Search,2024-10-20,25,M,,,,,,,No Purchase
5593,customer_4592,customer4592.gmail.com,Pune,Google Search,2022-12-10,49,M,176.0,5.0,1479.48,14.0,champions,0.0,High Value
5594,customer_4593,customer4593.gmail.com,Delhi,Email,2023-11-28,29,M,83.0,2.0,385.92,10.0,Loyal Customers,1.0,At-Risk
5595,customer_4594,customer4594.gmail.com,Mumbai,Paid Social,2024-12-24,59,M,848.0,1.0,265.17,4.0,Hibernating,2.0,Lost
5596,customer_4595,customer4595.gmail.com,Pune,Email,2022-08-31,18,F,376.0,4.0,850.28,10.0,At-Risk,3.0,Loyal
5597,customer_4596,customer4596.gmail.com,Pune,Organic,2024-07-22,60,F,6.0,2.0,485.65,10.0,Loyal Customers,1.0,At-Risk
5598,customer_4597,customer4597.gmail.com,Chennai,Paid Social,2022-12-25,64,F,18.0,2.0,582.48,11.0,Loyal Customers,1.0,At-Risk
5599,customer_4598,customer4598.gmail.com,Pune,Paid Social,2023-12-27,44,F,47.0,5.0,1263.79,14.0,champions,3.0,Loyal
5600,customer_4599,customer4599.gmail.com,Chennai,Email,2023-10-12,35,M,,,,,,,No Purchase
5601,customer_4600,customer4600.gmail.com,Pune,Paid Social,2023-07-12,27,F,699.0,2.0,602.94,7.0,Cannot Lose Them,2.0,Lost
5602,customer_4601,customer4601.gmail.com,Pune,Google Search,2022-10-10,34,F,119.0,2.0,598.86,10.0,Loyal Customers,1.0,At-Risk
5603,customer_4602,customer4602.gmail.com,Chennai,SMS,2023-07-08,37,M,611.0,2.0,579.75,7.0,Cannot Lose Them,2.0,Lost
5604,customer_4603,customer4603.gmail.com,Mumbai,Email,2024-08-15,29,F,163.0,1.0,258.14,7.0,New Customers,1.0,At-Risk
5605,customer_4604,customer4604.gmail.com,Pune,Organic,2022-09-01,34,M,,,,,,,No Purchase
5606,customer_4605,customer4605.gmail.com,Delhi,Email,2023-05-10,38,M,503.0,1.0,110.86,5.0,At-Risk,2.0,Lost
5607,customer_4606,customer4606.gmail.com,Mumbai,Email,2023-02-02,59,M,79.0,3.0,681.72,12.0,Loyal Customers,3.0,Loyal
5608,customer_4607,customer4607.gmail.com,Pune,Organic,2024-12-03,60,F,119.0,5.0,1265.05,13.0,champions,3.0,Loyal
5609,customer_4608,customer4608.gmail.com,Mumbai,Organic,2022-08-21,46,F,949.0,1.0,228.33,4.0,Hibernating,2.0,Lost
5610,customer_4609,customer4609.gmail.com,Mumbai,Organic,2024-05-30,62,F,324.0,3.0,640.25,10.0,Loyal Customers,4.0,Potential
5611,customer_4610,customer4610.gmail.com,Bengaluru,SMS,2024-11-19,33,F,,,,,,,No Purchase
5612,customer_4611,customer4611.gmail.com,Mumbai,Organic,2023-05-30,20,M,327.0,3.0,749.53,10.0,Loyal Customers,4.0,Potential
5613,customer_4612,customer4612.gmail.com,Bengaluru,Organic,2023-06-28,29,M,458.0,5.0,2125.44,12.0,At-Risk,0.0,High Value
5614,customer_4613,customer4613.gmail.com,Hyderabad,Paid Social,2022-04-08,26,M,469.0,4.0,2004.52,12.0,At-Risk,0.0,High Value
5615,customer_4614,customer4614.gmail.com,Bengaluru,Email,2023-03-06,63,M,118.0,2.0,556.99,9.0,Loyal Customers,1.0,At-Risk
5616,customer_4615,customer4615.gmail.com,Hyderabad,Organic,2023-01-25,29,F,129.0,4.0,1946.77,14.0,champions,0.0,High Value
5617,customer_4616,customer4616.gmail.com,Hyderabad,Organic,2023-08-15,53,F,32.0,3.0,638.52,12.0,Loyal Customers,3.0,Loyal
5618,customer_4617,customer4617.gmail.com,Hyderabad,SMS,2024-10-02,39,F,75.0,2.0,832.48,11.0,Loyal Customers,1.0,At-Risk
5619,customer_4618,customer4618.gmail.com,Bengaluru,Organic,2024-12-08,57,M,384.0,3.0,910.53,10.0,At-Risk,4.0,Potential
5620,customer_4619,customer4619.gmail.com,Mumbai,SMS,2024-03-06,58,M,765.0,3.0,3443.33,10.0,Cannot Lose Them,0.0,High Value
5621,customer_4620,customer4620.gmail.com,Pune,Organic,2022-06-03,40,F,768.0,1.0,94.85,4.0,Hibernating,2.0,Lost
5622,customer_4621,customer4621.gmail.com,Chennai,Google Search,2023-03-19,34,F,1070.0,1.0,97.82,4.0,Hibernating,2.0,Lost
5623,customer_4622,customer4622.gmail.com,Hyderabad,Google Search,2024-11-01,33,Others,80.0,1.0,808.73,10.0,New Customers,1.0,At-Risk
5624,customer_4623,customer4623.gmail.com,Pune,Paid Social,2023-04-07,36,F,88.0,3.0,445.7,11.0,Loyal Customers,3.0,Loyal
5625,customer_4624,customer4624.gmail.com,Mumbai,Paid Social,2022-10-22,31,M,867.0,1.0,67.58,4.0,Hibernating,2.0,Lost
5626,customer_4625,customer4625.gmail.com,Hyderabad,SMS,2022-09-01,51,F,142.0,5.0,2473.66,14.0,champions,0.0,High Value
5627,customer_4626,customer4626.gmail.com,Hyderabad,Google Search,2024-10-20,45,F,665.0,2.0,400.27,6.0,Hibernating,2.0,Lost
5628,customer_4627,customer4627.gmail.com,Hyderabad,SMS,2022-11-29,42,M,220.0,2.0,720.26,9.0,Loyal Customers,1.0,At-Risk
5629,customer_4628,customer4628.gmail.com,Hyderabad,Google Search,2022-06-21,58,F,77.0,4.0,1330.33,14.0,champions,3.0,Loyal
5630,customer_4629,customer4629.gmail.com,Bengaluru,Organic,2024-02-26,59,F,278.0,1.0,1409.81,10.0,Potential Loyalists,1.0,At-Risk
5631,customer_4630,customer4630.gmail.com,Bengaluru,Paid Social,2023-09-02,22,F,371.0,4.0,1010.4,11.0,At-Risk,3.0,Loyal
5632,customer_4631,customer4631.gmail.com,Delhi,Organic,2023-01-28,19,F,444.0,2.0,341.36,7.0,At-Risk,1.0,At-Risk
5633,customer_4632,customer4632.gmail.com,Pune,SMS,2022-12-01,43,M,155.0,2.0,895.3199999999999,11.0,Loyal Customers,1.0,At-Risk
5634,customer_4633,customer4633.gmail.com,Pune,Google Search,2022-05-12,47,F,43.0,1.0,404.04,9.0,New Customers,1.0,At-Risk
5635,customer_4634,customer4634.gmail.com,Delhi,SMS,2024-01-21,49,F,305.0,3.0,648.13,10.0,Loyal Customers,3.0,Loyal
5636,customer_4635,customer4635.gmail.com,Bengaluru,SMS,2023-11-17,24,M,7.0,3.0,325.2,11.0,Loyal Customers,3.0,Loyal
5637,customer_4636,customer4636.gmail.com,Delhi,Google Search,2022-06-09,51,F,102.0,2.0,559.94,9.0,Loyal Customers,1.0,At-Risk
5638,customer_4637,customer4637.gmail.com,Hyderabad,Paid Social,2022-12-03,37,F,465.0,2.0,1351.76,10.0,At-Risk,4.0,Potential
5639,customer_4638,customer4638.gmail.com,Bengaluru,Google Search,2023-02-27,20,F,941.0,1.0,169.08,4.0,Hibernating,2.0,Lost
5640,customer_4639,customer4639.gmail.com,Hyderabad,Paid Social,2024-05-14,56,M,,,,,,,No Purchase
5641,customer_4640,customer4640.gmail.com,Delhi,Organic,2024-01-02,28,M,53.0,5.0,2247.8,15.0,champions,0.0,High Value
5642,customer_4641,customer4641.gmail.com,Pune,SMS,2022-09-26,22,M,232.0,2.0,694.48,9.0,Loyal Customers,1.0,At-Risk
5643,customer_4642,customer4642.gmail.com,Mumbai,Organic,2023-03-28,38,M,141.0,3.0,990.02,12.0,champions,3.0,Loyal
5644,customer_4643,customer4643.gmail.com,Chennai,Paid Social,2024-07-12,35,M,178.0,2.0,984.28,11.0,Loyal Customers,1.0,At-Risk
5645,customer_4644,customer4644.gmail.com,Mumbai,Organic,2024-05-26,21,F,164.0,2.0,591.6800000000001,10.0,Loyal Customers,1.0,At-Risk
5646,customer_4645,customer4645.gmail.com,Chennai,Email,2022-12-26,28,M,204.0,4.0,1450.44,14.0,champions,3.0,Loyal
5647,customer_4646,customer4646.gmail.com,Hyderabad,Paid Social,2022-10-07,38,M,239.0,3.0,599.38,10.0,Loyal Customers,3.0,Loyal
5648,customer_4647,customer4647.gmail.com,Chennai,Paid Social,2022-01-09,60,M,90.0,1.0,833.29,10.0,New Customers,1.0,At-Risk
5649,customer_4648,customer4648.gmail.com,Mumbai,Google Search,2022-01-07,27,M,152.0,1.0,537.17,8.0,New Customers,1.0,At-Risk
5650,customer_4649,customer4649.gmail.com,Hyderabad,Paid Social,2024-06-08,60,F,799.0,1.0,384.88,5.0,Hibernating,2.0,Lost
5651,customer_4650,customer4650.gmail.com,Delhi,Organic,2022-12-22,36,F,,,,,,,No Purchase
5652,customer_4651,customer4651.gmail.com,Bengaluru,SMS,2024-02-29,56,M,983.0,1.0,371.42,5.0,Hibernating,2.0,Lost
5653,customer_4652,customer4652.gmail.com,Pune,SMS,2022-05-11,42,F,542.0,2.0,605.5699999999999,8.0,At-Risk,4.0,Potential
5654,customer_4653,customer4653.gmail.com,Hyderabad,Google Search,2023-08-07,46,M,28.0,1.0,407.01,9.0,New Customers,1.0,At-Risk
5655,customer_4654,customer4654.gmail.com,Bengaluru,Email,2022-01-04,24,M,224.0,4.0,812.98,11.0,Loyal Customers,3.0,Loyal
5656,customer_4655,customer4655.gmail.com,Bengaluru,Organic,2024-09-29,51,M,137.0,3.0,353.16,10.0,Loyal Customers,1.0,At-Risk
5657,customer_4656,customer4656.gmail.com,Hyderabad,Email,2022-06-19,21,M,,,,,,,No Purchase
5658,customer_4657,customer4657.gmail.com,Pune,Email,2024-03-24,59,M,158.0,2.0,1055.97,11.0,Loyal Customers,1.0,At-Risk
5659,customer_4658,customer4658.gmail.com,Pune,Paid Social,2023-09-08,37,F,38.0,6.0,3795.24,15.0,champions,0.0,High Value
5660,customer_4659,customer4659.gmail.com,Bengaluru,SMS,2023-07-23,44,M,706.0,1.0,67.18,4.0,Hibernating,2.0,Lost
5661,customer_4660,customer4660.gmail.com,Mumbai,Paid Social,2023-08-21,32,F,80.0,2.0,731.22,11.0,Loyal Customers,1.0,At-Risk
5662,customer_4661,customer4661.gmail.com,Bengaluru,Organic,2023-06-13,45,M,73.0,2.0,674.1800000000001,11.0,Loyal Customers,1.0,At-Risk
5663,customer_4662,customer4662.gmail.com,Delhi,Email,2022-11-26,63,M,6.0,4.0,953.63,14.0,champions,3.0,Loyal
5664,customer_4663,customer4663.gmail.com,Chennai,Google Search,2022-03-29,41,F,396.0,1.0,511.86,6.0,At-Risk,1.0,At-Risk
5665,customer_4664,customer4664.gmail.com,Chennai,Google Search,2022-08-27,54,F,733.0,3.0,817.08,8.0,Cannot Lose Them,4.0,Potential
5666,customer_4665,customer4665.gmail.com,Hyderabad,Email,2024-04-07,27,M,533.0,1.0,377.71,6.0,At-Risk,2.0,Lost
5667,customer_4666,customer4666.gmail.com,Bengaluru,Email,2022-12-26,58,F,27.0,2.0,374.44000000000005,10.0,Loyal Customers,1.0,At-Risk
5668,customer_4667,customer4667.gmail.com,Pune,Email,2022-02-08,22,F,75.0,5.0,2590.33,15.0,champions,0.0,High Value
5669,customer_4668,customer4668.gmail.com,Delhi,Google Search,2023-10-30,59,M,92.0,4.0,1067.34,13.0,champions,3.0,Loyal
5670,customer_4669,customer4669.gmail.com,Bengaluru,Google Search,2023-05-25,27,F,774.0,1.0,937.39,7.0,Hibernating,2.0,Lost
5671,customer_4670,customer4670.gmail.com,Hyderabad,Paid Social,2024-01-13,19,F,,,,,,,No Purchase
5672,customer_4671,customer4671.gmail.com,Hyderabad,Google Search,2024-06-13,35,F,631.0,2.0,1723.12,9.0,Cannot Lose Them,4.0,Potential
5673,customer_4672,customer4672.gmail.com,Hyderabad,Paid Social,2024-03-23,35,M,,,,,,,No Purchase
5674,customer_4673,customer4673.gmail.com,Pune,Organic,2023-01-16,39,M,290.0,4.0,1112.06,12.0,Loyal Customers,3.0,Loyal
5675,customer_4674,customer4674.gmail.com,Chennai,Email,2024-01-20,45,M,761.0,1.0,489.87,5.0,Hibernating,2.0,Lost
5676,customer_4675,customer4675.gmail.com,Hyderabad,Organic,2022-04-07,64,M,667.0,1.0,123.68,4.0,Hibernating,2.0,Lost
5677,customer_4676,customer4676.gmail.com,Delhi,Google Search,2022-01-16,21,F,98.0,4.0,1364.62,14.0,champions,3.0,Loyal
5678,customer_4677,customer4677.gmail.com,Mumbai,SMS,2024-02-01,64,Others,306.0,1.0,147.56,6.0,Hibernating,1.0,At-Risk
5679,customer_4678,customer4678.gmail.com,Delhi,SMS,2022-07-02,37,F,,,,,,,No Purchase
5680,customer_4679,customer4679.gmail.com,Pune,Google Search,2024-09-19,55,F,140.0,2.0,134.9,8.0,Loyal Customers,1.0,At-Risk
5681,customer_4680,customer4680.gmail.com,Pune,SMS,2023-11-07,44,F,406.0,3.0,962.63,10.0,At-Risk,4.0,Potential
5682,customer_4681,customer4681.gmail.com,Delhi,Organic,2023-08-30,18,F,817.0,1.0,418.04,5.0,Hibernating,2.0,Lost
5683,customer_4682,customer4682.gmail.com,Delhi,Paid Social,2022-06-24,30,F,149.0,1.0,461.26,8.0,New Customers,1.0,At-Risk
5684,customer_4683,customer4683.gmail.com,Delhi,SMS,2024-03-26,40,M,326.0,1.0,1093.01,9.0,Potential Loyalists,1.0,At-Risk
5685,customer_4684,customer4684.gmail.com,Pune,Organic,2023-01-29,53,M,133.0,3.0,625.1500000000001,11.0,Loyal Customers,3.0,Loyal
5686,customer_4685,customer4685.gmail.com,Hyderabad,Paid Social,2024-11-17,52,M,579.0,3.0,2342.3,11.0,At-Risk,4.0,Potential
5687,customer_4686,customer4686.gmail.com,Chennai,SMS,2023-09-14,24,M,,,,,,,No Purchase
5688,customer_4687,customer4687.gmail.com,Pune,Organic,2023-06-09,49,F,319.0,2.0,192.16,7.0,Loyal Customers,1.0,At-Risk
5689,customer_4688,customer4688.gmail.com,Hyderabad,SMS,2023-11-05,57,M,540.0,2.0,514.14,7.0,At-Risk,4.0,Potential
5690,customer_4689,customer4689.gmail.com,Delhi,Organic,2023-03-23,49,M,51.0,4.0,963.27,14.0,champions,3.0,Loyal
5691,customer_4690,customer4690.gmail.com,Chennai,Organic,2024-12-24,27,F,7.0,6.0,1209.85,14.0,champions,3.0,Loyal
5692,customer_4691,customer4691.gmail.com,Chennai,Google Search,2023-11-02,36,M,,,,,,,No Purchase
5693,customer_4692,customer4692.gmail.com,Chennai,Email,2023-03-08,63,M,274.0,3.0,653.86,10.0,Loyal Customers,3.0,Loyal
5694,customer_4693,customer4693.gmail.com,Chennai,Google Search,2024-01-03,21,F,255.0,2.0,221.87,7.0,Loyal Customers,1.0,At-Risk
5695,customer_4694,customer4694.gmail.com,Hyderabad,Google Search,2022-11-07,23,F,,,,,,,No Purchase
5696,customer_4695,customer4695.gmail.com,Bengaluru,SMS,2023-11-11,31,M,246.0,2.0,832.1500000000001,9.0,Loyal Customers,1.0,At-Risk
5697,customer_4696,customer4696.gmail.com,Mumbai,Google Search,2024-03-21,57,M,20.0,3.0,729.14,12.0,Loyal Customers,3.0,Loyal
5698,customer_4697,customer4697.gmail.com,Hyderabad,Google Search,2024-06-07,47,F,900.0,1.0,272.21,4.0,Hibernating,2.0,Lost
5699,customer_4698,customer4698.gmail.com,Mumbai,SMS,2024-04-12,48,F,1019.0,1.0,826.23,6.0,Hibernating,2.0,Lost
5700,customer_4699,customer4699.gmail.com,Delhi,Organic,2023-09-17,62,M,166.0,3.0,848.98,11.0,Loyal Customers,3.0,Loyal
5701,customer_4700,customer4700.gmail.com,Mumbai,Email,2022-05-10,32,M,,,,,,,No Purchase
5702,customer_4701,customer4701.gmail.com,Bengaluru,SMS,2024-09-04,35,F,262.0,3.0,1132.31,11.0,Loyal Customers,3.0,Loyal
5703,customer_4702,customer4702.gmail.com,Chennai,SMS,2023-12-26,39,F,94.0,1.0,157.47,7.0,New Customers,1.0,At-Risk
5704,customer_4703,customer4703.gmail.com,Pune,Organic,2022-03-18,21,F,972.0,1.0,291.86,4.0,Hibernating,2.0,Lost
5705,customer_4704,customer4704.gmail.com,Mumbai,Email,2024-12-08,38,F,375.0,1.0,215.85,5.0,At-Risk,1.0,At-Risk
5706,customer_4705,customer4705.gmail.com,Pune,Google Search,2023-03-27,42,F,607.0,3.0,1379.1,10.0,Cannot Lose Them,4.0,Potential
5707,customer_4706,customer4706.gmail.com,Pune,Paid Social,2024-08-22,28,F,253.0,2.0,383.9,8.0,Loyal Customers,1.0,At-Risk
5708,customer_4707,customer4707.gmail.com,Hyderabad,Google Search,2022-09-10,58,M,11.0,4.0,1337.1,14.0,champions,3.0,Loyal
5709,customer_4708,customer4708.gmail.com,Mumbai,Organic,2023-09-06,31,M,,,,,,,No Purchase
5710,customer_4709,customer4709.gmail.com,Chennai,Email,2024-08-19,29,F,94.0,6.0,3716.38,14.0,champions,0.0,High Value
5711,customer_4710,customer4710.gmail.com,Hyderabad,SMS,2024-01-04,36,F,389.0,3.0,1263.43,10.0,At-Risk,4.0,Potential
5712,customer_4711,customer4711.gmail.com,Chennai,Email,2022-01-05,29,M,227.0,6.0,1253.22,12.0,Loyal Customers,0.0,High Value
5713,customer_4712,customer4712.gmail.com,Chennai,Organic,2023-11-29,25,F,,,,,,,No Purchase
5714,customer_4713,customer4713.gmail.com,Mumbai,Email,2022-04-01,19,F,755.0,2.0,1042.62,8.0,Cannot Lose Them,4.0,Potential
5715,customer_4714,customer4714.gmail.com,Bengaluru,Organic,2024-04-09,50,F,484.0,3.0,641.9300000000001,9.0,At-Risk,4.0,Potential
5716,customer_4715,customer4715.gmail.com,Bengaluru,Email,2023-03-08,45,F,138.0,8.0,1475.95,14.0,champions,0.0,High Value
5717,customer_4716,customer4716.gmail.com,Hyderabad,Email,2023-08-06,28,F,109.0,1.0,791.8,9.0,New Customers,1.0,At-Risk
5718,customer_4717,customer4717.gmail.com,Delhi,Email,2023-08-02,43,F,110.0,6.0,1767.59,14.0,champions,0.0,High Value
5719,customer_4718,customer4718.gmail.com,Pune,Paid Social,2022-05-23,49,M,377.0,1.0,340.71,6.0,At-Risk,1.0,At-Risk
5720,customer_4719,customer4719.gmail.com,Pune,SMS,2022-11-13,39,F,107.0,6.0,1982.34,14.0,champions,0.0,High Value
5721,customer_4720,customer4720.gmail.com,Mumbai,Paid Social,2024-07-08,30,M,109.0,2.0,902.27,11.0,Loyal Customers,1.0,At-Risk
5722,customer_4721,customer4721.gmail.com,Bengaluru,Email,2024-01-05,54,M,97.0,4.0,1182.82,13.0,champions,3.0,Loyal
5723,customer_4722,customer4722.gmail.com,Hyderabad,SMS,2023-04-29,21,Others,534.0,3.0,311.75,7.0,At-Risk,4.0,Potential
5724,customer_4723,customer4723.gmail.com,Delhi,Google Search,2022-10-27,22,F,818.0,5.0,1821.16,11.0,Cannot Lose Them,4.0,Potential
5725,customer_4724,customer4724.gmail.com,Mumbai,Email,2023-03-31,25,F,549.0,1.0,541.84,6.0,At-Risk,2.0,Lost
5726,customer_4725,customer4725.gmail.com,Bengaluru,Email,2022-05-07,57,M,569.0,1.0,34.01,5.0,At-Risk,2.0,Lost
5727,customer_4726,customer4726.gmail.com,Delhi,SMS,2022-08-23,44,F,84.0,3.0,772.14,12.0,Loyal Customers,3.0,Loyal
5728,customer_4727,customer4727.gmail.com,Delhi,Google Search,2024-02-27,58,M,835.0,1.0,194.51,4.0,Hibernating,2.0,Lost
5729,customer_4728,customer4728.gmail.com,Hyderabad,Email,2022-08-05,30,M,233.0,1.0,138.57,6.0,Hibernating,1.0,At-Risk
5730,customer_4729,customer4729.gmail.com,Hyderabad,Email,2023-08-01,37,M,,,,,,,No Purchase
5731,customer_4730,customer4730.gmail.com,Bengaluru,Organic,2024-12-25,39,M,360.0,2.0,979.15,9.0,At-Risk,4.0,Potential
5732,customer_4731,customer4731.gmail.com,Hyderabad,Paid Social,2023-10-12,37,M,5.0,2.0,240.89,9.0,Loyal Customers,1.0,At-Risk
5733,customer_4732,customer4732.gmail.com,Mumbai,SMS,2024-03-28,64,F,514.0,2.0,712.77,8.0,At-Risk,4.0,Potential
5734,customer_4733,customer4733.gmail.com,Pune,Paid Social,2023-01-30,49,F,97.0,4.0,1004.73,13.0,champions,3.0,Loyal
5735,customer_4734,customer4734.gmail.com,Mumbai,Email,2024-05-30,36,M,54.0,1.0,363.83,9.0,New Customers,1.0,At-Risk
5736,customer_4735,customer4735.gmail.com,Chennai,Paid Social,2023-10-29,45,M,99.0,8.0,3186.14,14.0,champions,0.0,High Value
5737,customer_4736,customer4736.gmail.com,Mumbai,Google Search,2024-12-01,57,Others,317.0,1.0,480.39,7.0,Hibernating,1.0,At-Risk
5738,customer_4737,customer4737.gmail.com,Delhi,Email,2022-02-05,53,F,424.0,1.0,519.59,6.0,At-Risk,1.0,At-Risk
5739,customer_4738,customer4738.gmail.com,Bengaluru,SMS,2022-09-12,47,F,214.0,6.0,1938.03,13.0,Loyal Customers,0.0,High Value
5740,customer_4739,customer4739.gmail.com,Bengaluru,Organic,2022-11-08,54,F,629.0,2.0,204.48,5.0,Hibernating,2.0,Lost
5741,customer_4740,customer4740.gmail.com,Delhi,Email,2022-02-08,46,F,896.0,4.0,803.4100000000001,9.0,Cannot Lose Them,4.0,Potential
5742,customer_4741,customer4741.gmail.com,Mumbai,SMS,2024-06-22,63,F,,,,,,,No Purchase
5743,customer_4742,customer4742.gmail.com,Mumbai,Google Search,2023-12-08,55,F,31.0,2.0,752.24,11.0,Loyal Customers,1.0,At-Risk
5744,customer_4743,customer4743.gmail.com,Pune,Organic,2023-07-20,21,M,88.0,3.0,815.8199999999999,12.0,Loyal Customers,3.0,Loyal
5745,customer_4744,customer4744.gmail.com,Pune,Email,2022-05-20,45,F,727.0,2.0,212.93,5.0,Hibernating,2.0,Lost
5746,customer_4745,customer4745.gmail.com,Bengaluru,Paid Social,2023-07-06,30,F,121.0,2.0,490.27,9.0,Loyal Customers,1.0,At-Risk
5747,customer_4746,customer4746.gmail.com,Mumbai,Paid Social,2024-02-10,37,M,70.0,4.0,374.36,12.0,Loyal Customers,3.0,Loyal
5748,customer_4747,customer4747.gmail.com,Chennai,Email,2022-12-19,55,M,239.0,4.0,1236.09,12.0,Loyal Customers,3.0,Loyal
5749,customer_4748,customer4748.gmail.com,Pune,SMS,2022-03-18,41,M,429.0,1.0,156.14,5.0,At-Risk,1.0,At-Risk
5750,customer_4749,customer4749.gmail.com,Delhi,Google Search,2024-02-19,51,M,255.0,7.0,1250.88,12.0,Loyal Customers,0.0,High Value
5751,customer_4750,customer4750.gmail.com,Mumbai,SMS,2022-03-11,28,F,341.0,1.0,227.22,6.0,Hibernating,1.0,At-Risk
5752,customer_4751,customer4751.gmail.com,Chennai,SMS,2023-04-16,20,M,119.0,5.0,2389.5,14.0,champions,0.0,High Value
5753,customer_4752,customer4752.gmail.com,Hyderabad,Paid Social,2023-11-09,56,F,18.0,3.0,1001.99,13.0,champions,3.0,Loyal
5754,customer_4753,customer4753.gmail.com,Pune,Email,2023-09-27,58,F,546.0,1.0,66.04,5.0,At-Risk,2.0,Lost
5755,customer_4754,customer4754.gmail.com,Delhi,Organic,2024-08-11,19,M,67.0,1.0,620.75,10.0,New Customers,1.0,At-Risk
5756,customer_4755,customer4755.gmail.com,Delhi,Paid Social,2023-01-13,27,M,119.0,2.0,543.72,9.0,Loyal Customers,1.0,At-Risk
5757,customer_4756,customer4756.gmail.com,Hyderabad,Paid Social,2022-07-12,46,F,553.0,3.0,384.48,8.0,At-Risk,4.0,Potential
5758,customer_4757,customer4757.gmail.com,Pune,Email,2022-02-08,63,M,386.0,1.0,108.07,5.0,At-Risk,1.0,At-Risk
5759,customer_4758,customer4758.gmail.com,Bengaluru,Organic,2023-02-06,21,F,251.0,2.0,360.99,8.0,Loyal Customers,1.0,At-Risk
5760,customer_4759,customer4759.gmail.com,Delhi,Organic,2024-01-29,29,M,356.0,3.0,739.24,10.0,Loyal Customers,4.0,Potential
5761,customer_4760,customer4760.gmail.com,Mumbai,SMS,2022-08-18,31,Others,843.0,1.0,57.98,4.0,Hibernating,2.0,Lost
5762,customer_4761,customer4761.gmail.com,Bengaluru,Paid Social,2024-04-18,30,M,33.0,2.0,314.57,9.0,Loyal Customers,1.0,At-Risk
5763,customer_4762,customer4762.gmail.com,Chennai,SMS,2024-02-23,42,M,217.0,4.0,965.75,12.0,Loyal Customers,3.0,Loyal
5764,customer_4763,customer4763.gmail.com,Delhi,Organic,2022-05-14,48,M,314.0,5.0,2233.4,13.0,Loyal Customers,0.0,High Value
5765,customer_4764,customer4764.gmail.com,Delhi,Email,2022-12-29,46,F,417.0,3.0,851.1199999999999,9.0,At-Risk,4.0,Potential
5766,customer_4765,customer4765.gmail.com,Hyderabad,SMS,2023-09-03,23,M,1003.0,1.0,322.13,5.0,Hibernating,2.0,Lost
5767,customer_4766,customer4766.gmail.com,Pune,Email,2023-08-15,61,F,557.0,2.0,496.01,7.0,At-Risk,4.0,Potential
5768,customer_4767,customer4767.gmail.com,Pune,SMS,2023-02-07,62,F,,,,,,,No Purchase
5769,customer_4768,customer4768.gmail.com,Chennai,Email,2024-09-05,24,M,137.0,3.0,423.73,10.0,Loyal Customers,3.0,Loyal
5770,customer_4769,customer4769.gmail.com,Hyderabad,Email,2023-12-06,18,M,866.0,3.0,3117.48,10.0,Cannot Lose Them,0.0,High Value
5771,customer_4770,customer4770.gmail.com,Hyderabad,Paid Social,2023-10-24,34,Others,368.0,2.0,556.09,7.0,At-Risk,1.0,At-Risk
5772,customer_4771,customer4771.gmail.com,Chennai,Email,2024-05-12,47,M,140.0,2.0,575.02,10.0,Loyal Customers,1.0,At-Risk
5773,customer_4772,customer4772.gmail.com,Bengaluru,Organic,2024-03-29,47,M,525.0,2.0,621.31,8.0,At-Risk,4.0,Potential
5774,customer_4773,customer4773.gmail.com,Bengaluru,Email,2023-11-03,34,M,55.0,2.0,444.04,10.0,Loyal Customers,1.0,At-Risk
5775,customer_4774,customer4774.gmail.com,Chennai,Email,2024-12-02,49,F,435.0,3.0,1746.62,11.0,At-Risk,4.0,Potential
5776,customer_4775,customer4775.gmail.com,Hyderabad,Google Search,2024-01-26,19,F,76.0,3.0,889.25,13.0,champions,3.0,Loyal
5777,customer_4776,customer4776.gmail.com,Bengaluru,Paid Social,2024-11-06,62,M,196.0,4.0,2307.36,14.0,champions,0.0,High Value
5778,customer_4777,customer4777.gmail.com,Mumbai,Paid Social,2024-09-14,64,M,147.0,4.0,807.12,12.0,Loyal Customers,3.0,Loyal
5779,customer_4778,customer4778.gmail.com,Chennai,Paid Social,2024-10-04,40,F,,,,,,,No Purchase
5780,customer_4779,customer4779.gmail.com,Hyderabad,Paid Social,2022-12-15,63,F,779.0,1.0,292.76,4.0,Hibernating,2.0,Lost
5781,customer_4780,customer4780.gmail.com,Chennai,Paid Social,2024-10-29,55,F,149.0,3.0,315.85,9.0,Loyal Customers,1.0,At-Risk
5782,customer_4781,customer4781.gmail.com,Pune,Google Search,2023-02-19,40,M,1032.0,1.0,318.13,4.0,Hibernating,2.0,Lost
5783,customer_4782,customer4782.gmail.com,Pune,Email,2023-02-18,27,M,523.0,2.0,488.68,7.0,At-Risk,4.0,Potential
5784,customer_4783,customer4783.gmail.com,Hyderabad,SMS,2024-12-18,45,F,447.0,4.0,1106.99,11.0,At-Risk,4.0,Potential
5785,customer_4784,customer4784.gmail.com,Pune,Email,2024-04-20,20,F,224.0,1.0,205.7,6.0,Hibernating,1.0,At-Risk
5786,customer_4785,customer4785.gmail.com,Delhi,Paid Social,2024-04-11,47,F,715.0,1.0,535.4,5.0,Hibernating,2.0,Lost
5787,customer_4786,customer4786.gmail.com,Mumbai,Organic,2024-10-23,53,M,,,,,,,No Purchase
5788,customer_4787,customer4787.gmail.com,Delhi,Google Search,2022-08-09,31,F,83.0,2.0,336.12,10.0,Loyal Customers,1.0,At-Risk
5789,customer_4788,customer4788.gmail.com,Hyderabad,SMS,2024-03-31,27,F,777.0,2.0,528.22,6.0,Hibernating,2.0,Lost
5790,customer_4789,customer4789.gmail.com,Pune,Paid Social,2024-06-10,54,M,4.0,4.0,915.0,14.0,champions,3.0,Loyal
5791,customer_4790,customer4790.gmail.com,Chennai,SMS,2022-10-24,60,M,364.0,4.0,2122.17,12.0,At-Risk,0.0,High Value
5792,customer_4791,customer4791.gmail.com,Bengaluru,Google Search,2022-09-28,34,F,195.0,6.0,1514.61,14.0,champions,0.0,High Value
5793,customer_4792,customer4792.gmail.com,Delhi,Paid Social,2022-09-04,35,M,113.0,4.0,870.36,12.0,Loyal Customers,3.0,Loyal
5794,customer_4793,customer4793.gmail.com,Delhi,Google Search,2023-05-14,40,M,129.0,7.0,2882.87,14.0,champions,0.0,High Value
5795,customer_4794,customer4794.gmail.com,Pune,Google Search,2024-09-19,20,F,697.0,1.0,624.65,6.0,Hibernating,2.0,Lost
5796,customer_4795,customer4795.gmail.com,Bengaluru,Email,2024-07-23,57,F,99.0,3.0,1104.96,12.0,champions,3.0,Loyal
5797,customer_4796,customer4796.gmail.com,Hyderabad,Paid Social,2024-02-20,63,M,,,,,,,No Purchase
5798,customer_4797,customer4797.gmail.com,Pune,Paid Social,2023-12-24,59,F,286.0,2.0,1022.12,10.0,Loyal Customers,1.0,At-Risk
5799,customer_4798,customer4798.gmail.com,Mumbai,Organic,2022-09-24,62,M,101.0,3.0,758.96,11.0,Loyal Customers,3.0,Loyal
5800,customer_4799,customer4799.gmail.com,Mumbai,Email,2022-05-21,63,F,879.0,1.0,243.94,4.0,Hibernating,2.0,Lost
5801,customer_4800,customer4800.gmail.com,Hyderabad,Paid Social,2023-11-30,32,F,263.0,2.0,167.53,7.0,Loyal Customers,1.0,At-Risk
5802,customer_4801,customer4801.gmail.com,Hyderabad,Paid Social,2022-08-12,23,F,220.0,4.0,363.78,10.0,Loyal Customers,3.0,Loyal
5803,customer_4802,customer4802.gmail.com,Mumbai,SMS,2022-03-02,18,F,39.0,3.0,470.87,11.0,Loyal Customers,3.0,Loyal
5804,customer_4803,customer4803.gmail.com,Chennai,Organic,2022-12-12,33,M,230.0,3.0,696.56,10.0,Loyal Customers,3.0,Loyal
5805,customer_4804,customer4804.gmail.com,Chennai,Google Search,2023-11-30,58,F,,,,,,,No Purchase
5806,customer_4805,customer4805.gmail.com,Bengaluru,Organic,2024-05-23,41,M,748.0,2.0,701.1500000000001,7.0,Cannot Lose Them,2.0,Lost
5807,customer_4806,customer4806.gmail.com,Hyderabad,Email,2023-08-15,53,F,869.0,1.0,110.56,4.0,Hibernating,2.0,Lost
5808,customer_4807,customer4807.gmail.com,Mumbai,Organic,2023-05-12,35,M,48.0,3.0,1445.08,14.0,champions,3.0,Loyal
5809,customer_4808,customer4808.gmail.com,Bengaluru,Organic,2022-05-21,21,F,2.0,6.0,2515.48,15.0,champions,0.0,High Value
5810,customer_4809,customer4809.gmail.com,Chennai,Organic,2024-02-08,22,M,424.0,2.0,1134.78,9.0,At-Risk,4.0,Potential
5811,customer_4810,customer4810.gmail.com,Bengaluru,SMS,2023-07-01,63,F,574.0,2.0,462.08,7.0,At-Risk,2.0,Lost
5812,customer_4811,customer4811.gmail.com,Hyderabad,Email,2023-01-15,54,F,1096.0,1.0,233.64,4.0,Hibernating,2.0,Lost
5813,customer_4812,customer4812.gmail.com,Delhi,Google Search,2022-06-21,23,F,157.0,3.0,1016.45,12.0,champions,3.0,Loyal
5814,customer_4813,customer4813.gmail.com,Bengaluru,Email,2022-02-27,19,F,15.0,5.0,1397.06,15.0,champions,3.0,Loyal
5815,customer_4814,customer4814.gmail.com,Hyderabad,Google Search,2024-06-15,26,M,483.0,3.0,1283.1799999999998,10.0,At-Risk,4.0,Potential
5816,customer_4815,customer4815.gmail.com,Bengaluru,SMS,2023-04-15,41,F,273.0,2.0,925.96,10.0,Loyal Customers,1.0,At-Risk
5817,customer_4816,customer4816.gmail.com,Pune,Email,2022-06-29,49,M,149.0,2.0,404.89,9.0,Loyal Customers,1.0,At-Risk
5818,customer_4817,customer4817.gmail.com,Bengaluru,SMS,2023-11-24,38,M,121.0,3.0,2692.34,13.0,champions,0.0,High Value
5819,customer_4818,customer4818.gmail.com,Delhi,SMS,2024-04-29,60,M,655.0,1.0,288.95,4.0,Hibernating,2.0,Lost
5820,customer_4819,customer4819.gmail.com,Chennai,Paid Social,2022-07-12,21,M,471.0,4.0,1673.86,12.0,At-Risk,4.0,Potential
5821,customer_4820,customer4820.gmail.com,Bengaluru,Organic,2023-09-26,49,M,,,,,,,No Purchase
5822,customer_4821,customer4821.gmail.com,Delhi,Google Search,2023-10-17,63,F,,,,,,,No Purchase
5823,customer_4822,customer4822.gmail.com,Mumbai,Paid Social,2024-12-26,33,M,56.0,5.0,1017.6,14.0,champions,3.0,Loyal
5824,customer_4823,customer4823.gmail.com,Delhi,SMS,2024-12-21,50,M,,,,,,,No Purchase
5825,customer_4824,customer4824.gmail.com,Bengaluru,SMS,2024-09-10,56,F,242.0,4.0,1464.1,13.0,Loyal Customers,3.0,Loyal
5826,customer_4825,customer4825.gmail.com,Mumbai,Paid Social,2024-10-18,19,M,801.0,1.0,431.22,5.0,Hibernating,2.0,Lost
5827,customer_4826,customer4826.gmail.com,Chennai,Google Search,2022-01-15,30,F,254.0,3.0,992.21,11.0,Loyal Customers,3.0,Loyal
5828,customer_4827,customer4827.gmail.com,Chennai,Organic,2023-11-05,19,M,105.0,7.0,2296.22,14.0,champions,0.0,High Value
5829,customer_4828,customer4828.gmail.com,Mumbai,Email,2024-09-25,28,M,102.0,3.0,810.99,11.0,Loyal Customers,3.0,Loyal
5830,customer_4829,customer4829.gmail.com,Mumbai,Organic,2024-01-08,36,F,448.0,1.0,59.26,5.0,At-Risk,1.0,At-Risk
5831,customer_4830,customer4830.gmail.com,Mumbai,Organic,2022-04-09,36,M,187.0,1.0,526.25,8.0,New Customers,1.0,At-Risk
5832,customer_4831,customer4831.gmail.com,Bengaluru,Paid Social,2024-03-01,27,M,5.0,7.0,2302.51,15.0,champions,0.0,High Value
5833,customer_4832,customer4832.gmail.com,Hyderabad,Paid Social,2023-02-20,25,M,145.0,4.0,1377.2199999999998,14.0,champions,3.0,Loyal
5834,customer_4833,customer4833.gmail.com,Delhi,Paid Social,2023-11-21,54,F,184.0,4.0,1288.78,13.0,champions,3.0,Loyal
5835,customer_4834,customer4834.gmail.com,Hyderabad,Google Search,2024-03-28,30,F,163.0,5.0,1013.83,13.0,champions,3.0,Loyal
5836,customer_4835,customer4835.gmail.com,Hyderabad,Paid Social,2023-02-28,54,M,98.0,5.0,1394.0500000000002,14.0,champions,3.0,Loyal
5837,customer_4836,customer4836.gmail.com,Delhi,Paid Social,2023-06-08,51,M,,,,,,,No Purchase
5838,customer_4837,customer4837.gmail.com,Pune,Paid Social,2023-08-03,51,M,1060.0,1.0,279.96,4.0,Hibernating,2.0,Lost
5839,customer_4838,customer4838.gmail.com,Delhi,SMS,2024-11-11,58,M,752.0,2.0,1092.63,8.0,Cannot Lose Them,4.0,Potential
5840,customer_4839,customer4839.gmail.com,Pune,Google Search,2023-01-06,27,M,10.0,4.0,919.8,14.0,champions,3.0,Loyal
5841,customer_4840,customer4840.gmail.com,Delhi,Email,2023-11-22,58,F,174.0,6.0,965.02,13.0,champions,3.0,Loyal
5842,customer_4841,customer4841.gmail.com,Chennai,Organic,2022-11-12,31,F,305.0,3.0,1393.01,12.0,Loyal Customers,3.0,Loyal
5843,customer_4842,customer4842.gmail.com,Hyderabad,Email,2022-06-14,18,F,,,,,,,No Purchase
5844,customer_4843,customer4843.gmail.com,Hyderabad,Google Search,2024-11-15,32,M,60.0,4.0,1023.18,14.0,champions,3.0,Loyal
5845,customer_4844,customer4844.gmail.com,Chennai,SMS,2024-12-03,18,M,,,,,,,No Purchase
5846,customer_4845,customer4845.gmail.com,Delhi,Organic,2022-11-07,60,F,499.0,3.0,853.63,9.0,At-Risk,4.0,Potential
5847,customer_4846,customer4846.gmail.com,Mumbai,Paid Social,2024-06-12,57,F,370.0,3.0,441.23,8.0,At-Risk,4.0,Potential
5848,customer_4847,customer4847.gmail.com,Pune,Google Search,2023-01-18,19,F,297.0,1.0,377.38,7.0,Hibernating,1.0,At-Risk
5849,customer_4848,customer4848.gmail.com,Mumbai,Organic,2022-03-01,50,M,461.0,1.0,499.28,6.0,At-Risk,1.0,At-Risk
5850,customer_4849,customer4849.gmail.com,Pune,Organic,2024-08-12,23,M,350.0,2.0,460.12,8.0,Loyal Customers,1.0,At-Risk
5851,customer_4850,customer4850.gmail.com,Chennai,Email,2024-08-02,47,M,464.0,2.0,437.54,7.0,At-Risk,1.0,At-Risk
5852,customer_4851,customer4851.gmail.com,Hyderabad,Organic,2022-10-03,43,M,57.0,5.0,1562.28,15.0,champions,0.0,High Value
5853,customer_4852,customer4852.gmail.com,Pune,Organic,2023-09-14,38,F,496.0,1.0,107.11,5.0,At-Risk,2.0,Lost
5854,customer_4853,customer4853.gmail.com,Hyderabad,Email,2022-07-01,41,M,6.0,3.0,842.24,12.0,Loyal Customers,3.0,Loyal
5855,customer_4854,customer4854.gmail.com,Delhi,SMS,2022-11-30,27,F,505.0,2.0,517.98,7.0,At-Risk,4.0,Potential
5856,customer_4855,customer4855.gmail.com,Chennai,SMS,2023-02-01,20,M,392.0,2.0,312.12,6.0,At-Risk,1.0,At-Risk
5857,customer_4856,customer4856.gmail.com,Delhi,Organic,2022-04-21,36,M,179.0,3.0,1643.62,13.0,champions,3.0,Loyal
5858,customer_4857,customer4857.gmail.com,Bengaluru,Google Search,2024-09-19,43,F,212.0,3.0,964.18,11.0,Loyal Customers,3.0,Loyal
5859,customer_4858,customer4858.gmail.com,Bengaluru,Google Search,2024-09-16,59,F,761.0,2.0,1232.46,8.0,Cannot Lose Them,4.0,Potential
5860,customer_4859,customer4859.gmail.com,Delhi,Organic,2023-12-19,60,M,366.0,2.0,681.41,8.0,At-Risk,1.0,At-Risk
5861,customer_4860,customer4860.gmail.com,Bengaluru,Organic,2024-03-17,48,M,1043.0,1.0,171.64,4.0,Hibernating,2.0,Lost
5862,customer_4861,customer4861.gmail.com,Chennai,Organic,2022-11-09,25,F,191.0,7.0,2610.59,14.0,champions,0.0,High Value
5863,customer_4862,customer4862.gmail.com,Delhi,SMS,2022-07-18,39,F,929.0,1.0,372.91,5.0,Hibernating,2.0,Lost
5864,customer_4863,customer4863.gmail.com,Mumbai,Organic,2023-12-25,18,M,158.0,1.0,235.92,7.0,New Customers,1.0,At-Risk
5865,customer_4864,customer4864.gmail.com,Hyderabad,Google Search,2023-01-03,58,F,106.0,4.0,1377.15,14.0,champions,3.0,Loyal
5866,customer_4865,customer4865.gmail.com,Delhi,Paid Social,2022-08-24,24,M,667.0,2.0,421.9,6.0,Hibernating,2.0,Lost
5867,customer_4866,customer4866.gmail.com,Bengaluru,Email,2024-10-17,18,M,333.0,4.0,930.46,12.0,Loyal Customers,3.0,Loyal
5868,customer_4867,customer4867.gmail.com,Chennai,Paid Social,2024-11-11,18,Others,82.0,5.0,995.47,14.0,champions,3.0,Loyal
5869,customer_4868,customer4868.gmail.com,Bengaluru,Google Search,2024-03-14,29,F,273.0,3.0,733.38,10.0,Loyal Customers,3.0,Loyal
5870,customer_4869,customer4869.gmail.com,Bengaluru,Google Search,2023-01-22,45,F,1002.0,2.0,429.5,6.0,Hibernating,2.0,Lost
5871,customer_4870,customer4870.gmail.com,Mumbai,Organic,2023-03-18,50,F,18.0,4.0,1152.27,14.0,champions,3.0,Loyal
5872,customer_4871,customer4871.gmail.com,Chennai,Paid Social,2023-12-16,61,F,394.0,2.0,793.5699999999999,8.0,At-Risk,4.0,Potential
5873,customer_4872,customer4872.gmail.com,Mumbai,Paid Social,2023-05-19,18,M,,,,,,,No Purchase
5874,customer_4873,customer4873.gmail.com,Chennai,SMS,2023-11-09,47,M,374.0,2.0,471.84,7.0,At-Risk,1.0,At-Risk
5875,customer_4874,customer4874.gmail.com,Mumbai,SMS,2024-08-26,55,M,153.0,5.0,857.41,12.0,Loyal Customers,3.0,Loyal
5876,customer_4875,customer4875.gmail.com,Delhi,SMS,2023-09-08,34,F,142.0,4.0,765.75,12.0,Loyal Customers,3.0,Loyal
5877,customer_4876,customer4876.gmail.com,Hyderabad,Paid Social,2024-08-06,36,M,832.0,1.0,126.08,4.0,Hibernating,2.0,Lost
5878,customer_4877,customer4877.gmail.com,Mumbai,Organic,2023-07-22,62,M,74.0,3.0,1289.65,13.0,champions,3.0,Loyal
5879,customer_4878,customer4878.gmail.com,Bengaluru,Email,2023-07-06,28,F,21.0,7.0,1422.91,15.0,champions,0.0,High Value
5880,customer_4879,customer4879.gmail.com,Bengaluru,Paid Social,2024-02-25,62,M,148.0,4.0,1549.32,14.0,champions,3.0,Loyal
5881,customer_4880,customer4880.gmail.com,Mumbai,Organic,2022-10-19,51,M,193.0,2.0,807.78,10.0,Loyal Customers,1.0,At-Risk
5882,customer_4881,customer4881.gmail.com,Chennai,Email,2024-10-07,49,M,224.0,6.0,1474.5,13.0,Loyal Customers,0.0,High Value
5883,customer_4882,customer4882.gmail.com,Hyderabad,Organic,2024-11-03,48,F,114.0,4.0,2207.5,14.0,champions,0.0,High Value
5884,customer_4883,customer4883.gmail.com,Hyderabad,Organic,2024-05-02,32,F,48.0,3.0,1940.79,14.0,champions,3.0,Loyal
5885,customer_4884,customer4884.gmail.com,Chennai,SMS,2022-02-15,22,F,110.0,3.0,1351.16,12.0,champions,3.0,Loyal
5886,customer_4885,customer4885.gmail.com,Hyderabad,Paid Social,2023-10-05,44,M,618.0,3.0,1114.81,9.0,Cannot Lose Them,4.0,Potential
5887,customer_4886,customer4886.gmail.com,Chennai,Email,2022-09-20,56,F,,,,,,,No Purchase
5888,customer_4887,customer4887.gmail.com,Bengaluru,SMS,2024-02-24,60,F,424.0,4.0,1292.61,11.0,At-Risk,4.0,Potential
5889,customer_4888,customer4888.gmail.com,Delhi,Email,2023-03-28,35,F,218.0,4.0,1600.13,13.0,Loyal Customers,3.0,Loyal
5890,customer_4889,customer4889.gmail.com,Pune,Email,2024-05-26,53,F,16.0,7.0,2261.91,15.0,champions,0.0,High Value
5891,customer_4890,customer4890.gmail.com,Mumbai,Google Search,2023-09-03,61,F,105.0,4.0,2567.66,14.0,champions,0.0,High Value
5892,customer_4891,customer4891.gmail.com,Mumbai,Email,2023-04-25,58,F,105.0,1.0,231.27,7.0,New Customers,1.0,At-Risk
5893,customer_4892,customer4892.gmail.com,Pune,Organic,2024-12-05,20,F,229.0,1.0,413.4,7.0,Hibernating,1.0,At-Risk
5894,customer_4893,customer4893.gmail.com,Pune,Email,2023-04-20,39,M,63.0,3.0,1285.28,13.0,champions,3.0,Loyal
5895,customer_4894,customer4894.gmail.com,Bengaluru,SMS,2024-07-12,37,M,509.0,2.0,691.2,8.0,At-Risk,4.0,Potential
5896,customer_4895,customer4895.gmail.com,Bengaluru,Google Search,2022-05-10,43,Others,,,,,,,No Purchase
5897,customer_4896,customer4896.gmail.com,Mumbai,Google Search,2023-11-30,41,M,185.0,4.0,882.03,12.0,Loyal Customers,3.0,Loyal
5898,customer_4897,customer4897.gmail.com,Chennai,Organic,2022-03-07,43,M,420.0,2.0,154.64,6.0,At-Risk,1.0,At-Risk
5899,customer_4898,customer4898.gmail.com,Delhi,SMS,2024-08-16,31,M,873.0,1.0,398.07,5.0,Hibernating,2.0,Lost
5900,customer_4899,customer4899.gmail.com,Chennai,Google Search,2024-10-02,22,F,146.0,3.0,531.95,10.0,Loyal Customers,3.0,Loyal
5901,customer_4900,customer4900.gmail.com,Mumbai,Google Search,2024-07-11,46,M,82.0,2.0,1643.15,13.0,Loyal Customers,3.0,Loyal
5902,customer_4901,customer4901.gmail.com,Mumbai,Google Search,2022-09-21,43,M,176.0,2.0,1040.19,11.0,Loyal Customers,1.0,At-Risk
5903,customer_4902,customer4902.gmail.com,Mumbai,Paid Social,2023-10-11,49,M,982.0,1.0,102.12,4.0,Hibernating,2.0,Lost
5904,customer_4903,customer4903.gmail.com,Bengaluru,SMS,2023-10-20,61,M,606.0,1.0,632.49,6.0,Hibernating,2.0,Lost
5905,customer_4904,customer4904.gmail.com,Mumbai,Google Search,2024-01-13,53,F,4.0,2.0,647.74,11.0,Loyal Customers,1.0,At-Risk
5906,customer_4905,customer4905.gmail.com,Delhi,SMS,2024-06-12,64,M,927.0,1.0,376.24,5.0,Hibernating,2.0,Lost
5907,customer_4906,customer4906.gmail.com,Delhi,Organic,2023-03-30,40,F,898.0,1.0,528.18,5.0,Hibernating,2.0,Lost
5908,customer_4907,customer4907.gmail.com,Delhi,SMS,2022-08-11,55,F,511.0,3.0,978.68,10.0,At-Risk,4.0,Potential
5909,customer_4908,customer4908.gmail.com,Mumbai,Organic,2022-09-28,57,M,113.0,1.0,1097.56,10.0,New Customers,1.0,At-Risk
5910,customer_4909,customer4909.gmail.com,Pune,Paid Social,2022-09-02,36,M,567.0,1.0,106.03,5.0,At-Risk,2.0,Lost
5911,customer_4910,customer4910.gmail.com,Mumbai,Organic,2024-01-23,20,F,227.0,5.0,2621.65,13.0,Loyal Customers,0.0,High Value
5912,customer_4911,customer4911.gmail.com,Pune,Organic,2024-02-01,64,M,294.0,2.0,405.64,8.0,Loyal Customers,1.0,At-Risk
5913,customer_4912,customer4912.gmail.com,Mumbai,Email,2024-03-05,33,F,416.0,2.0,553.13,7.0,At-Risk,1.0,At-Risk
5914,customer_4913,customer4913.gmail.com,Delhi,Organic,2023-07-11,28,F,34.0,2.0,580.37,11.0,Loyal Customers,1.0,At-Risk
5915,customer_4914,customer4914.gmail.com,Pune,Paid Social,2023-03-18,50,F,,,,,,,No Purchase
5916,customer_4915,customer4915.gmail.com,Delhi,Organic,2024-11-08,59,M,325.0,3.0,787.52,10.0,Loyal Customers,4.0,Potential
5917,customer_4916,customer4916.gmail.com,Mumbai,Organic,2024-09-25,25,M,944.0,2.0,722.7,7.0,Cannot Lose Them,2.0,Lost
5918,customer_4917,customer4917.gmail.com,Bengaluru,Paid Social,2024-01-04,25,M,647.0,1.0,514.72,5.0,Hibernating,2.0,Lost
5919,customer_4918,customer4918.gmail.com,Pune,Organic,2024-04-09,24,F,157.0,3.0,1000.12,12.0,champions,3.0,Loyal
5920,customer_4919,customer4919.gmail.com,Mumbai,Organic,2024-03-19,33,M,,,,,,,No Purchase
5921,customer_4920,customer4920.gmail.com,Delhi,SMS,2023-12-06,43,F,202.0,4.0,2332.41,14.0,champions,0.0,High Value
5922,customer_4921,customer4921.gmail.com,Hyderabad,Email,2024-10-09,33,F,143.0,3.0,923.07,12.0,champions,3.0,Loyal
5923,customer_4922,customer4922.gmail.com,Chennai,Organic,2023-04-25,63,M,673.0,1.0,342.95,5.0,Hibernating,2.0,Lost
5924,customer_4923,customer4923.gmail.com,Bengaluru,Google Search,2022-06-03,45,F,202.0,1.0,187.29,7.0,New Customers,1.0,At-Risk
5925,customer_4924,customer4924.gmail.com,Hyderabad,Paid Social,2023-03-29,43,F,275.0,4.0,2091.94,13.0,Loyal Customers,0.0,High Value
5926,customer_4925,customer4925.gmail.com,Chennai,Google Search,2023-04-07,56,F,508.0,4.0,947.11,11.0,At-Risk,4.0,Potential
5927,customer_4926,customer4926.gmail.com,Hyderabad,Google Search,2022-11-06,21,F,106.0,2.0,1271.11,11.0,Loyal Customers,3.0,Loyal
5928,customer_4927,customer4927.gmail.com,Bengaluru,Google Search,2022-07-02,38,F,368.0,3.0,1591.38,11.0,At-Risk,4.0,Potential
5929,customer_4928,customer4928.gmail.com,Delhi,Google Search,2023-08-03,46,F,343.0,3.0,1708.87,12.0,Loyal Customers,4.0,Potential
5930,customer_4929,customer4929.gmail.com,Hyderabad,Paid Social,2024-09-27,49,F,528.0,2.0,447.33,7.0,At-Risk,4.0,Potential
5931,customer_4930,customer4930.gmail.com,Hyderabad,Email,2023-10-10,43,M,971.0,1.0,350.25,5.0,Hibernating,2.0,Lost
5932,customer_4931,customer4931.gmail.com,Mumbai,Google Search,2023-08-30,35,F,518.0,2.0,466.17,7.0,At-Risk,4.0,Potential
5933,customer_4932,customer4932.gmail.com,Bengaluru,SMS,2023-01-22,63,M,287.0,5.0,1335.43,12.0,Loyal Customers,3.0,Loyal
5934,customer_4933,customer4933.gmail.com,Chennai,Organic,2023-06-23,20,M,113.0,2.0,200.96,8.0,Loyal Customers,1.0,At-Risk
5935,customer_4934,customer4934.gmail.com,Pune,Google Search,2024-09-15,54,M,113.0,3.0,1161.37,12.0,champions,3.0,Loyal
5936,customer_4935,customer4935.gmail.com,Hyderabad,Google Search,2023-04-27,19,Others,312.0,6.0,1675.39,13.0,Loyal Customers,0.0,High Value
5937,customer_4936,customer4936.gmail.com,Mumbai,Organic,2023-10-31,47,M,233.0,4.0,1614.87,13.0,Loyal Customers,3.0,Loyal
5938,customer_4937,customer4937.gmail.com,Bengaluru,Organic,2022-04-21,43,F,153.0,8.0,5853.55,14.0,champions,0.0,High Value
5939,customer_4938,customer4938.gmail.com,Chennai,Paid Social,2024-04-21,52,M,,,,,,,No Purchase
5940,customer_4939,customer4939.gmail.com,Chennai,Organic,2024-12-24,24,M,503.0,4.0,1086.94,11.0,At-Risk,4.0,Potential
5941,customer_4940,customer4940.gmail.com,Pune,Email,2022-03-19,61,F,625.0,1.0,189.01,4.0,Hibernating,2.0,Lost
5942,customer_4941,customer4941.gmail.com,Pune,SMS,2024-01-06,58,M,7.0,6.0,2963.25,15.0,champions,0.0,High Value
5943,customer_4942,customer4942.gmail.com,Hyderabad,Google Search,2022-01-26,40,Others,1060.0,1.0,267.66,4.0,Hibernating,2.0,Lost
5944,customer_4943,customer4943.gmail.com,Delhi,Paid Social,2023-09-23,37,M,25.0,4.0,1214.36,14.0,champions,3.0,Loyal
5945,customer_4944,customer4944.gmail.com,Bengaluru,Google Search,2022-02-02,43,M,,,,,,,No Purchase
5946,customer_4945,customer4945.gmail.com,Mumbai,Email,2024-06-10,50,F,76.0,4.0,4383.06,15.0,champions,0.0,High Value
5947,customer_4946,customer4946.gmail.com,Bengaluru,Google Search,2022-10-10,20,F,357.0,2.0,608.22,9.0,Loyal Customers,1.0,At-Risk
5948,customer_4947,customer4947.gmail.com,Mumbai,SMS,2024-03-15,38,F,173.0,1.0,646.6,9.0,New Customers,1.0,At-Risk
5949,customer_4948,customer4948.gmail.com,Hyderabad,Email,2022-10-07,23,F,288.0,1.0,175.83,6.0,Hibernating,1.0,At-Risk
5950,customer_4949,customer4949.gmail.com,Bengaluru,Google Search,2022-10-27,59,F,180.0,3.0,2060.94,13.0,champions,0.0,High Value
5951,customer_4950,customer4950.gmail.com,Hyderabad,Organic,2023-08-23,48,F,309.0,4.0,1401.03,13.0,Loyal Customers,3.0,Loyal
5952,customer_4951,customer4951.gmail.com,Delhi,Organic,2024-02-13,25,F,55.0,3.0,1734.05,14.0,champions,3.0,Loyal
5953,customer_4952,customer4952.gmail.com,Mumbai,SMS,2024-08-18,50,Others,900.0,1.0,934.48,7.0,Hibernating,2.0,Lost
5954,customer_4953,customer4953.gmail.com,Delhi,Email,2023-08-28,18,F,81.0,1.0,258.01,8.0,New Customers,1.0,At-Risk
5955,customer_4954,customer4954.gmail.com,Mumbai,Paid Social,2022-09-28,59,M,283.0,3.0,902.77,11.0,Loyal Customers,3.0,Loyal
5956,customer_4955,customer4955.gmail.com,Chennai,Organic,2023-12-05,37,F,383.0,4.0,966.4,11.0,At-Risk,3.0,Loyal
5957,customer_4956,customer4956.gmail.com,Delhi,Organic,2024-08-29,36,M,,,,,,,No Purchase
5958,customer_4957,customer4957.gmail.com,Bengaluru,Google Search,2024-07-29,18,M,,,,,,,No Purchase
5959,customer_4958,customer4958.gmail.com,Chennai,Email,2022-11-03,49,F,23.0,3.0,1380.63,14.0,champions,3.0,Loyal
5960,customer_4959,customer4959.gmail.com,Mumbai,Organic,2024-11-27,51,F,534.0,3.0,874.73,9.0,At-Risk,4.0,Potential
5961,customer_4960,customer4960.gmail.com,Hyderabad,Google Search,2023-07-08,37,F,250.0,2.0,610.7,9.0,Loyal Customers,1.0,At-Risk
5962,customer_4961,customer4961.gmail.com,Mumbai,Paid Social,2024-09-07,55,F,193.0,1.0,403.48,8.0,New Customers,1.0,At-Risk
5963,customer_4962,customer4962.gmail.com,Pune,Paid Social,2023-01-02,57,F,1091.0,1.0,141.16,4.0,Hibernating,2.0,Lost
5964,customer_4963,customer4963.gmail.com,Mumbai,Organic,2022-01-09,45,M,192.0,3.0,621.1,11.0,Loyal Customers,3.0,Loyal
5965,customer_4964,customer4964.gmail.com,Mumbai,Organic,2024-09-02,25,F,,,,,,,No Purchase
5966,customer_4965,customer4965.gmail.com,Chennai,Organic,2023-09-19,51,F,420.0,1.0,86.01,5.0,At-Risk,1.0,At-Risk
5967,customer_4966,customer4966.gmail.com,Pune,Email,2023-10-07,59,F,337.0,2.0,858.74,9.0,Loyal Customers,1.0,At-Risk
5968,customer_4967,customer4967.gmail.com,Delhi,Organic,2023-02-26,36,M,762.0,2.0,454.67,6.0,Hibernating,2.0,Lost
5969,customer_4968,customer4968.gmail.com,Delhi,Google Search,2022-11-22,26,M,958.0,2.0,522.27,6.0,Hibernating,2.0,Lost
5970,customer_4969,customer4969.gmail.com,Mumbai,Paid Social,2023-12-23,30,Others,,,,,,,No Purchase
5971,customer_4970,customer4970.gmail.com,Delhi,Email,2022-03-10,19,F,,,,,,,No Purchase
5972,customer_4971,customer4971.gmail.com,Pune,Paid Social,2024-10-16,51,M,144.0,3.0,958.49,12.0,champions,3.0,Loyal
5973,customer_4972,customer4972.gmail.com,Hyderabad,Email,2022-03-15,18,F,307.0,4.0,793.72,11.0,Loyal Customers,3.0,Loyal
5974,customer_4973,customer4973.gmail.com,Delhi,Paid Social,2024-01-19,48,F,103.0,2.0,541.87,9.0,Loyal Customers,1.0,At-Risk
5975,customer_4974,customer4974.gmail.com,Mumbai,Organic,2024-05-30,19,F,847.0,1.0,55.38,4.0,Hibernating,2.0,Lost
5976,customer_4975,customer4975.gmail.com,Hyderabad,Organic,2023-11-11,39,F,39.0,3.0,720.6700000000001,12.0,Loyal Customers,3.0,Loyal
5977,customer_4976,customer4976.gmail.com,Hyderabad,Google Search,2024-05-09,25,F,,,,,,,No Purchase
5978,customer_4977,customer4977.gmail.com,Hyderabad,Organic,2024-04-22,54,F,587.0,4.0,1017.18,11.0,At-Risk,4.0,Potential
5979,customer_4978,customer4978.gmail.com,Mumbai,Paid Social,2024-12-27,53,M,391.0,1.0,133.25,5.0,At-Risk,1.0,At-Risk
5980,customer_4979,customer4979.gmail.com,Hyderabad,Google Search,2022-10-12,60,M,148.0,2.0,573.94,10.0,Loyal Customers,1.0,At-Risk
5981,customer_4980,customer4980.gmail.com,Pune,Paid Social,2024-10-13,64,F,9.0,5.0,2066.48,15.0,champions,0.0,High Value
5982,customer_4981,customer4981.gmail.com,Hyderabad,SMS,2022-11-10,20,F,,,,,,,No Purchase
5983,customer_4982,customer4982.gmail.com,Chennai,Google Search,2024-01-19,52,Others,204.0,5.0,742.95,12.0,Loyal Customers,3.0,Loyal
5984,customer_4983,customer4983.gmail.com,Chennai,Google Search,2023-12-02,28,M,691.0,3.0,982.17,9.0,Cannot Lose Them,4.0,Potential
5985,customer_4984,customer4984.gmail.com,Pune,Email,2024-07-19,53,F,95.0,4.0,1474.79,14.0,champions,3.0,Loyal
5986,customer_4985,customer4985.gmail.com,Mumbai,Paid Social,2022-08-05,59,M,540.0,1.0,82.91,5.0,At-Risk,2.0,Lost
5987,customer_4986,customer4986.gmail.com,Mumbai,Paid Social,2024-04-02,41,F,70.0,2.0,386.72,10.0,Loyal Customers,1.0,At-Risk
5988,customer_4987,customer4987.gmail.com,Chennai,Paid Social,2023-02-23,27,M,221.0,3.0,678.47,10.0,Loyal Customers,3.0,Loyal
5989,customer_4988,customer4988.gmail.com,Mumbai,Organic,2024-03-20,24,F,39.0,6.0,2001.76,15.0,champions,0.0,High Value
5990,customer_4989,customer4989.gmail.com,Hyderabad,Email,2022-11-28,38,M,318.0,3.0,873.15,10.0,Loyal Customers,4.0,Potential
5991,customer_4990,customer4990.gmail.com,Delhi,Email,2024-08-07,62,M,507.0,2.0,988.27,9.0,At-Risk,4.0,Potential
5992,customer_4991,customer4991.gmail.com,Delhi,Paid Social,2024-07-22,21,F,,,,,,,No Purchase
5993,customer_4992,customer4992.gmail.com,Hyderabad,Organic,2022-08-13,40,F,835.0,1.0,780.48,6.0,Hibernating,2.0,Lost
5994,customer_4993,customer4993.gmail.com,Bengaluru,Paid Social,2024-05-29,33,F,372.0,1.0,197.09,5.0,At-Risk,1.0,At-Risk
5995,customer_4994,customer4994.gmail.com,Bengaluru,Organic,2023-01-15,28,F,151.0,4.0,1388.83,14.0,champions,3.0,Loyal
5996,customer_4995,customer4995.gmail.com,Pune,SMS,2022-11-11,35,F,34.0,2.0,1238.67,12.0,Loyal Customers,3.0,Loyal
5997,customer_4996,customer4996.gmail.com,Delhi,Email,2024-05-17,33,F,223.0,6.0,1977.37,13.0,Loyal Customers,0.0,High Value
5998,customer_4997,customer4997.gmail.com,Hyderabad,SMS,2022-07-17,32,M,377.0,3.0,555.18,8.0,At-Risk,4.0,Potential
5999,customer_4998,customer4998.gmail.com,Mumbai,Google Search,2023-10-06,18,M,134.0,5.0,1130.15,13.0,champions,3.0,Loyal
6000,customer_4999,customer4999.gmail.com,Delhi,Email,2022-05-15,31,M,30.0,3.0,825.57,12.0,Loyal Customers,3.0,Loyal
