customer_id,last_order_date,frequency,monetary,recency,R_score,F_score,M_score,RFM_score,rfm_segment
1002,2022-12-06,2,614.95,757,1,2,3,6,Hibernating
1003,2022-08-25,1,475.38,860,1,1,2,4,Lost
1004,2024-07-06,2,1067.46,179,4,2,4,10,New Customers
1005,2024-05-29,3,962.47,217,3,3,4,10,Loyal Customers
1007,2024-03-01,2,771.54,306,3,2,3,8,Potential Loyalists
1008,2024-03-08,3,2258.56,299,3,3,5,11,Loyal Customers
1009,2023-02-15,2,419.59000000000003,686,1,2,2,5,Hibernating
1010,2024-02-14,3,1255.35,322,3,3,4,10,Loyal Customers
1011,2024-10-03,2,1013.26,90,5,2,4,11,New Customers
1012,2024-03-17,1,242.61,290,3,1,1,5,Hibernating
1013,2024-10-31,2,422.01,62,5,2,2,9,New Customers
1014,2024-07-18,3,1665.65,167,4,3,5,12,Loyal Customers
1015,2024-05-04,2,542.5799999999999,242,3,2,2,7,Hibernating
1016,2023-06-27,1,57.44,554,2,1,1,4,Hibernating
1017,2024-09-08,5,1809.82,115,4,5,5,14,champions
1018,2023-08-20,3,884.69,500,2,3,4,9,At-Risk
1019,2024-05-24,3,839.4300000000001,222,3,3,3,9,Loyal Customers
1020,2024-07-28,3,379.68,157,4,3,2,9,Loyal Customers
1021,2024-02-18,3,1419.7399999999998,318,3,3,5,11,Loyal Customers
1022,2024-07-02,3,734.58,183,4,3,3,10,Loyal Customers
1024,2022-09-05,2,2039.3100000000002,849,1,2,5,8,Hibernating
1025,2024-08-13,1,279.34,141,4,1,1,6,New Customers
1026,2024-03-08,1,53.17,299,3,1,1,5,Hibernating
1027,2024-07-22,2,908.26,163,4,2,4,10,New Customers
1028,2024-06-11,4,469.37,204,4,4,2,10,Loyal Customers
1029,2024-10-09,2,205.74,84,5,2,1,8,New Customers
1030,2023-01-03,2,443.89,729,1,2,2,5,Hibernating
1031,2022-12-15,3,648.85,748,1,3,3,7,Cannot Lose Them
1032,2024-07-13,4,3363.98,172,4,4,5,13,champions
1033,2023-10-10,2,728.51,449,2,2,3,7,At-Risk
1034,2024-10-21,1,183.38,72,5,1,1,7,New Customers
1035,2024-07-10,2,436.92,175,4,2,2,8,New Customers
1036,2023-11-07,1,76.35,421,2,1,1,4,Hibernating
1037,2024-08-17,2,442.59000000000003,137,4,2,2,8,New Customers
1038,2024-07-25,1,133.33,160,4,1,1,6,New Customers
1039,2024-03-16,2,897.0899999999999,291,3,2,4,9,Potential Loyalists
1040,2024-02-26,4,720.3499999999999,310,3,4,3,10,Loyal Customers
1041,2023-03-12,1,334.95,661,1,1,2,4,Lost
1042,2023-01-28,1,121.4,704,1,1,1,3,Lost
1043,2024-06-03,3,725.49,212,3,3,3,9,Loyal Customers
1044,2024-10-20,5,1898.19,73,5,5,5,15,champions
1045,2024-11-18,2,532.29,44,5,2,2,9,New Customers
1046,2024-02-08,2,409.07,328,3,2,2,7,Hibernating
1048,2024-12-18,3,593.63,14,5,3,3,11,Loyal Customers
1049,2023-10-04,2,1272.58,455,2,2,4,8,At-Risk
1050,2023-12-31,3,477.26,367,2,3,2,7,At-Risk
1051,2024-10-26,2,629.07,67,5,2,3,10,New Customers
1052,2024-10-03,3,1152.03,90,5,3,4,12,Loyal Customers
1053,2024-08-07,3,699.54,147,4,3,3,10,Loyal Customers
1054,2023-12-29,3,1806.44,369,2,3,5,10,At-Risk
1056,2024-01-24,3,1289.19,343,3,3,4,10,Loyal Customers
1057,2023-07-20,1,487.76,531,2,1,2,5,Hibernating
1058,2024-03-05,4,1124.96,302,3,4,4,11,Loyal Customers
1059,2024-12-28,3,1385.99,4,5,3,5,13,Loyal Customers
1060,2024-07-06,2,809.4000000000001,179,4,2,3,9,New Customers
1061,2023-12-22,4,1733.4300000000003,376,2,4,5,11,At-Risk
1063,2024-08-19,4,1388.18,135,4,4,5,13,champions
1064,2023-08-03,4,1559.88,517,2,4,5,11,At-Risk
1065,2024-12-25,3,756.76,7,5,3,3,11,Loyal Customers
1067,2024-09-08,5,2553.35,115,4,5,5,14,champions
1068,2023-08-07,2,1069.7,513,2,2,4,8,At-Risk
1069,2024-08-13,3,960.49,141,4,3,4,11,Loyal Customers
1070,2022-01-08,1,424.58,1089,1,1,2,4,Lost
1072,2024-06-29,6,2359.4,186,4,5,5,14,champions
1073,2022-06-12,1,102.56,934,1,1,1,3,Lost
1074,2022-10-30,4,561.74,794,1,4,2,7,Hibernating
1075,2024-12-24,3,384.31,8,5,3,2,10,Loyal Customers
1076,2023-07-05,2,1021.94,546,2,2,4,8,At-Risk
1078,2023-08-16,2,1045.71,504,2,2,4,8,At-Risk
1079,2023-11-04,4,2027.98,424,2,4,5,11,At-Risk
1080,2024-11-16,1,618.58,46,5,1,3,9,New Customers
1081,2024-03-27,2,547.13,280,3,2,2,7,Hibernating
1082,2022-02-10,1,408.7,1056,1,1,2,4,Lost
1083,2022-11-20,2,842.51,773,1,2,3,6,Hibernating
1084,2024-09-08,2,364.12,115,4,2,2,8,New Customers
1085,2023-06-20,2,564.33,561,2,2,2,6,At-Risk
1086,2022-03-11,1,181.35,1027,1,1,1,3,Lost
1087,2023-05-15,2,752.5899999999999,597,2,2,3,7,At-Risk
1088,2022-11-12,2,842.99,781,1,2,3,6,Hibernating
1089,2024-06-25,2,256.85,190,4,2,1,7,New Customers
1090,2024-12-08,2,974.22,24,5,2,4,11,New Customers
1091,2024-10-08,2,294.08000000000004,85,5,2,1,8,New Customers
1092,2024-12-22,4,2447.06,10,5,4,5,14,champions
1093,2024-02-22,2,935.5699999999999,314,3,2,4,9,Potential Loyalists
1094,2024-12-20,3,1196.1,12,5,3,4,12,Loyal Customers
1095,2024-05-26,2,762.8900000000001,220,3,2,3,8,Potential Loyalists
1096,2023-02-17,1,703.8,684,1,1,3,5,Lost
1097,2023-03-12,2,683.64,661,1,2,3,6,Hibernating
1099,2024-09-16,3,723.0,107,4,3,3,10,Loyal Customers
1100,2022-01-24,1,357.76,1073,1,1,2,4,Lost
1101,2024-02-21,4,3024.4399999999996,315,3,4,5,12,Loyal Customers
1102,2024-11-07,3,537.64,55,5,3,2,10,Loyal Customers
1103,2024-12-25,5,1327.64,7,5,5,4,14,champions
1104,2022-09-07,1,23.11,847,1,1,1,3,Lost
1105,2024-07-30,3,585.48,155,4,3,3,10,Loyal Customers
1107,2024-10-11,7,3645.51,82,5,5,5,15,champions
1108,2024-03-18,7,2771.02,289,3,5,5,13,Loyal Customers
1109,2022-03-03,1,301.19,1035,1,1,1,3,Lost
1110,2023-10-05,5,1713.98,454,2,5,5,12,At-Risk
1111,2023-03-06,3,845.8899999999999,667,1,3,3,7,Cannot Lose Them
1112,2024-01-29,2,585.52,338,3,2,3,8,Potential Loyalists
1113,2024-11-19,5,1061.27,43,5,5,4,14,champions
1114,2024-10-09,3,804.49,84,5,3,3,11,Loyal Customers
1116,2024-04-05,3,1764.4,271,3,3,5,11,Loyal Customers
1117,2023-11-14,2,1488.51,414,2,2,5,9,At-Risk
1118,2022-01-04,1,648.23,1093,1,1,3,5,Lost
1119,2023-06-05,3,693.75,576,2,3,3,8,At-Risk
1120,2024-10-11,6,1659.28,82,5,5,5,15,champions
1121,2022-04-21,1,427.2,986,1,1,2,4,Lost
1122,2024-07-20,2,1130.08,165,4,2,4,10,New Customers
1123,2024-01-26,2,648.0699999999999,341,3,2,3,8,Potential Loyalists
1124,2022-10-03,2,343.63,821,1,2,2,5,Hibernating
1125,2023-07-11,1,821.67,540,2,1,3,6,Hibernating
1126,2024-09-25,1,211.44,98,4,1,1,6,New Customers
1127,2024-03-04,6,1764.4,303,3,5,5,13,Loyal Customers
1128,2022-12-28,2,803.89,735,1,2,3,6,Hibernating
1129,2022-06-21,1,112.74,925,1,1,1,3,Lost
1130,2024-05-07,2,1519.06,239,3,2,5,10,Potential Loyalists
1131,2024-07-20,4,1779.12,165,4,4,5,13,champions
1133,2024-04-29,2,602.72,247,3,2,3,8,Potential Loyalists
1134,2022-07-23,2,1540.36,893,1,2,5,8,Hibernating
1135,2024-02-03,2,484.65,333,3,2,2,7,Hibernating
1136,2024-06-18,1,441.87,197,4,1,2,7,New Customers
1137,2023-12-29,6,1245.24,369,2,5,4,11,At-Risk
1138,2023-11-29,2,258.98,399,2,2,1,5,At-Risk
1139,2023-06-25,2,1073.6399999999999,556,2,2,4,8,At-Risk
1140,2024-02-02,3,726.4100000000001,334,3,3,3,9,Loyal Customers
1142,2024-12-06,3,773.25,26,5,3,3,11,Loyal Customers
1144,2024-08-01,3,1391.36,153,4,3,5,12,Loyal Customers
1145,2023-02-19,1,440.94,682,1,1,2,4,Lost
1146,2023-06-05,1,297.22,576,2,1,1,4,Hibernating
1147,2024-12-12,4,2871.1,20,5,4,5,14,champions
1148,2023-12-28,3,322.56,370,2,3,2,7,At-Risk
1149,2024-12-20,1,155.88,12,5,1,1,7,New Customers
1150,2023-09-14,3,898.57,475,2,3,4,9,At-Risk
1151,2022-12-21,3,1612.05,742,1,3,5,9,Cannot Lose Them
1152,2023-04-30,2,182.79000000000002,612,1,2,1,4,Hibernating
1153,2023-08-02,1,609.57,518,2,1,3,6,Hibernating
1155,2023-10-08,2,852.5,451,2,2,3,7,At-Risk
1156,2024-01-18,2,1213.94,349,3,2,4,9,Potential Loyalists
1157,2023-12-23,2,3079.87,375,2,2,5,9,At-Risk
1158,2022-12-19,2,293.79,744,1,2,1,4,Hibernating
1159,2023-01-02,1,646.58,730,1,1,3,5,Lost
1160,2024-05-27,2,628.14,219,3,2,3,8,Potential Loyalists
1161,2023-02-10,3,619.59,691,1,3,3,7,Cannot Lose Them
1162,2024-12-13,4,775.34,19,5,4,3,12,Loyal Customers
1163,2024-06-24,1,68.16,191,4,1,1,6,New Customers
1164,2024-12-17,5,2573.13,15,5,5,5,15,champions
1165,2024-02-06,2,338.48,330,3,2,2,7,Hibernating
1166,2024-09-13,2,469.24,110,4,2,2,8,New Customers
1167,2023-01-02,1,139.76,730,1,1,1,3,Lost
1168,2024-11-05,3,761.26,57,5,3,3,11,Loyal Customers
1169,2023-07-10,5,1146.26,541,2,5,4,11,At-Risk
1170,2024-06-14,2,542.4300000000001,201,4,2,2,8,New Customers
1171,2024-11-29,5,590.26,33,5,5,3,13,Loyal Customers
1173,2024-02-06,4,482.49,330,3,4,2,9,Loyal Customers
1174,2024-05-10,1,594.12,236,3,1,3,7,Hibernating
1176,2023-08-01,2,422.51,519,2,2,2,6,At-Risk
1177,2024-09-09,2,365.65999999999997,114,4,2,2,8,New Customers
1178,2024-04-25,2,339.5,251,3,2,2,7,Hibernating
1180,2024-07-05,3,639.9,180,4,3,3,10,Loyal Customers
1181,2023-10-19,1,80.9,440,2,1,1,4,Hibernating
1182,2024-09-06,2,587.38,117,4,2,3,9,New Customers
1183,2024-11-08,1,312.24,54,5,1,1,7,New Customers
1184,2024-02-03,2,659.31,333,3,2,3,8,Potential Loyalists
1185,2024-11-10,4,1860.41,52,5,4,5,14,champions
1186,2023-11-16,1,169.37,412,2,1,1,4,Hibernating
1188,2024-06-20,3,728.16,195,4,3,3,10,Loyal Customers
1189,2022-02-11,1,636.87,1055,1,1,3,5,Lost
1190,2024-11-05,5,1288.24,57,5,5,4,14,champions
1191,2023-12-16,1,295.75,382,2,1,1,4,Hibernating
1192,2022-12-24,1,51.91,739,1,1,1,3,Lost
1193,2023-01-14,2,428.81,718,1,2,2,5,Hibernating
1194,2024-11-23,2,443.71000000000004,39,5,2,2,9,New Customers
1195,2024-03-14,3,585.4100000000001,293,3,3,3,9,Loyal Customers
1196,2024-03-25,1,192.38,282,3,1,1,5,Hibernating
1197,2023-09-09,3,741.35,480,2,3,3,8,At-Risk
1198,2024-04-16,5,2301.34,260,3,5,5,13,Loyal Customers
1199,2024-11-27,5,2431.5,35,5,5,5,15,champions
1200,2024-07-02,3,1351.21,183,4,3,4,11,Loyal Customers
1201,2024-07-02,2,795.91,183,4,2,3,9,New Customers
1202,2024-09-24,2,607.04,99,4,2,3,9,New Customers
1203,2024-08-13,1,358.02,141,4,1,2,7,New Customers
1204,2023-07-29,3,771.1800000000001,522,2,3,3,8,At-Risk
1205,2024-10-27,4,766.08,66,5,4,3,12,Loyal Customers
1206,2023-05-28,2,938.84,584,2,2,4,8,At-Risk
1207,2024-10-31,2,672.99,62,5,2,3,10,New Customers
1208,2024-11-18,3,976.3800000000001,44,5,3,4,12,Loyal Customers
1209,2024-08-16,3,854.48,138,4,3,3,10,Loyal Customers
1210,2023-02-11,1,510.07,690,1,1,2,4,Lost
1211,2023-11-26,6,1029.63,402,2,5,4,11,At-Risk
1212,2022-07-27,1,484.58,889,1,1,2,4,Lost
1213,2023-10-07,4,1064.66,452,2,4,4,10,At-Risk
1214,2022-07-28,1,448.66,888,1,1,2,4,Lost
1218,2024-12-25,2,572.3299999999999,7,5,2,3,10,New Customers
1219,2023-06-07,2,451.28999999999996,574,2,2,2,6,At-Risk
1220,2024-07-14,3,1384.5100000000002,171,4,3,5,12,Loyal Customers
1221,2024-11-20,2,232.29,42,5,2,1,8,New Customers
1222,2024-04-06,1,171.16,270,3,1,1,5,Hibernating
1223,2024-08-19,2,171.85,135,4,2,1,7,New Customers
1224,2022-12-03,2,927.1,760,1,2,4,7,Hibernating
1225,2023-03-31,3,1033.17,642,1,3,4,8,Cannot Lose Them
1226,2024-09-20,5,1933.55,103,4,5,5,14,champions
1227,2022-10-09,2,830.44,815,1,2,3,6,Hibernating
1228,2023-04-19,3,1079.07,623,1,3,4,8,Cannot Lose Them
1229,2024-05-17,2,1570.33,229,3,2,5,10,Potential Loyalists
1230,2024-10-25,5,2364.0299999999997,68,5,5,5,15,champions
1231,2023-03-11,1,998.25,662,1,1,4,6,Lost
1232,2024-11-16,6,2566.71,46,5,5,5,15,champions
1234,2022-08-06,1,200.87,879,1,1,1,3,Lost
1235,2023-10-23,3,1892.19,436,2,3,5,10,At-Risk
1236,2024-04-10,3,592.44,266,3,3,3,9,Loyal Customers
1237,2024-03-19,6,1747.1200000000001,288,3,5,5,13,Loyal Customers
1238,2024-08-11,4,1188.94,143,4,4,4,12,champions
1239,2023-12-08,1,149.45,390,2,1,1,4,Hibernating
1240,2023-09-04,2,436.05,485,2,2,2,6,At-Risk
1241,2023-04-12,4,973.73,630,1,4,4,9,Cannot Lose Them
1242,2023-11-02,4,1119.5800000000002,426,2,4,4,10,At-Risk
1243,2023-06-14,2,352.72,567,2,2,2,6,At-Risk
1244,2024-11-23,2,754.8499999999999,39,5,2,3,10,New Customers
1245,2023-09-18,2,285.38,471,2,2,1,5,At-Risk
1246,2024-06-19,2,692.51,196,4,2,3,9,New Customers
1247,2022-02-03,1,890.38,1063,1,1,4,6,Lost
1249,2024-07-31,5,1645.68,154,4,5,5,14,champions
1250,2024-11-05,2,997.6800000000001,57,5,2,4,11,New Customers
1251,2024-09-01,4,1354.66,122,4,4,5,13,champions
1252,2024-08-23,6,1717.06,131,4,5,5,14,champions
1253,2024-11-08,4,904.8100000000001,54,5,4,4,13,champions
1254,2024-09-07,1,450.11,116,4,1,2,7,New Customers
1255,2024-11-18,1,436.07,44,5,1,2,8,New Customers
1256,2022-12-08,1,263.97,755,1,1,1,3,Lost
1257,2023-05-31,2,606.92,581,2,2,3,7,At-Risk
1258,2023-05-02,1,128.65,610,1,1,1,3,Lost
1259,2024-09-13,3,419.95000000000005,110,4,3,2,9,Loyal Customers
1260,2024-03-05,5,1895.9,302,3,5,5,13,Loyal Customers
1261,2024-12-22,3,593.67,10,5,3,3,11,Loyal Customers
1262,2024-08-18,2,694.63,136,4,2,3,9,New Customers
1263,2022-08-22,1,141.51,863,1,1,1,3,Lost
1264,2024-10-30,2,523.81,63,5,2,2,9,New Customers
1266,2023-02-28,2,653.98,673,1,2,3,6,Hibernating
1267,2024-12-09,8,2577.1,23,5,5,5,15,champions
1268,2022-06-15,1,560.92,931,1,1,2,4,Lost
1269,2022-03-28,1,87.07,1010,1,1,1,3,Lost
1270,2023-09-18,2,142.62,471,2,2,1,5,At-Risk
1272,2023-09-30,2,323.15999999999997,459,2,2,2,6,At-Risk
1273,2024-05-01,2,491.48,245,3,2,2,7,Hibernating
1274,2024-04-06,3,1206.64,270,3,3,4,10,Loyal Customers
1275,2023-03-10,2,468.54999999999995,663,1,2,2,5,Hibernating
1276,2022-09-14,1,407.31,840,1,1,2,4,Lost
1277,2024-12-25,6,2080.52,7,5,5,5,15,champions
1278,2024-09-29,4,1167.56,94,4,4,4,12,champions
1279,2024-09-18,6,1254.25,105,4,5,4,13,champions
1280,2024-02-27,2,642.67,309,3,2,3,8,Potential Loyalists
1281,2024-01-31,6,4364.62,336,3,5,5,13,Loyal Customers
1282,2024-07-08,4,964.04,177,4,4,4,12,champions
1283,2024-12-11,2,1024.95,21,5,2,4,11,New Customers
1284,2024-02-03,2,823.24,333,3,2,3,8,Potential Loyalists
1285,2022-08-27,2,485.79999999999995,858,1,2,2,5,Hibernating
1286,2024-06-19,5,1558.23,196,4,5,5,14,champions
1287,2024-06-20,2,750.0,195,4,2,3,9,New Customers
1288,2024-06-20,1,499.69,195,4,1,2,7,New Customers
1289,2022-05-20,2,253.76,957,1,2,1,4,Hibernating
1290,2022-10-31,3,1641.06,793,1,3,5,9,Cannot Lose Them
1291,2024-06-15,3,684.39,200,4,3,3,10,Loyal Customers
1292,2022-10-14,1,307.7,810,1,1,1,3,Lost
1293,2022-02-28,1,54.93,1038,1,1,1,3,Lost
1294,2023-05-24,3,610.42,588,2,3,3,8,At-Risk
1295,2024-10-02,4,1388.36,91,5,4,5,14,champions
1296,2022-07-11,1,711.5,905,1,1,3,5,Lost
1297,2023-05-06,2,703.61,606,1,2,3,6,Hibernating
1298,2024-01-23,2,654.29,344,3,2,3,8,Potential Loyalists
1299,2023-10-24,2,426.9,435,2,2,2,6,At-Risk
1300,2023-08-26,2,491.81,494,2,2,2,6,At-Risk
1301,2024-11-19,6,1629.0700000000002,43,5,5,5,15,champions
1303,2023-06-24,2,879.22,557,2,2,3,7,At-Risk
1304,2022-04-11,1,98.96,996,1,1,1,3,Lost
1305,2024-09-06,1,130.88,117,4,1,1,6,New Customers
1306,2024-10-02,1,157.32,91,5,1,1,7,New Customers
1308,2023-04-12,2,187.41,630,1,2,1,4,Hibernating
1311,2024-06-03,1,347.61,212,3,1,2,6,Hibernating
1312,2024-06-09,3,1033.15,206,3,3,4,10,Loyal Customers
1313,2024-06-02,3,1116.73,213,3,3,4,10,Loyal Customers
1314,2024-03-06,7,2237.58,301,3,5,5,13,Loyal Customers
1315,2024-04-06,4,1093.97,270,3,4,4,11,Loyal Customers
1316,2024-07-30,3,339.21000000000004,155,4,3,2,9,Loyal Customers
1317,2023-06-22,2,308.85,559,2,2,1,5,At-Risk
1318,2023-09-07,3,1284.31,482,2,3,4,9,At-Risk
1319,2024-05-25,3,949.79,221,3,3,4,10,Loyal Customers
1320,2024-12-14,3,779.73,18,5,3,3,11,Loyal Customers
1321,2023-05-13,1,673.26,599,1,1,3,5,Lost
1322,2023-05-04,1,732.43,608,1,1,3,5,Lost
1324,2024-08-06,1,216.29,148,4,1,1,6,New Customers
1325,2023-02-22,1,140.39,679,1,1,1,3,Lost
1326,2024-06-02,4,1714.4099999999999,213,3,4,5,12,Loyal Customers
1327,2022-09-06,1,93.3,848,1,1,1,3,Lost
1328,2024-12-28,4,664.72,4,5,4,3,12,Loyal Customers
1329,2023-09-07,1,250.11,482,2,1,1,4,Hibernating
1330,2024-06-23,2,1349.92,192,4,2,4,10,New Customers
1331,2022-12-01,2,2278.89,762,1,2,5,8,Hibernating
1332,2022-05-11,1,409.39,966,1,1,2,4,Lost
1333,2024-04-26,2,1857.6399999999999,250,3,2,5,10,Potential Loyalists
1334,2022-11-30,1,546.71,763,1,1,2,4,Lost
1335,2024-09-23,4,2884.71,100,4,4,5,13,champions
1336,2024-02-19,3,502.93,317,3,3,2,8,Loyal Customers
1337,2024-10-12,1,208.15,81,5,1,1,7,New Customers
1338,2022-12-03,1,183.89,760,1,1,1,3,Lost
1339,2022-10-26,2,522.5799999999999,798,1,2,2,5,Hibernating
1340,2023-09-28,7,1864.26,461,2,5,5,12,At-Risk
1341,2024-10-31,3,762.34,62,5,3,3,11,Loyal Customers
1342,2024-06-28,5,1314.71,187,4,5,4,13,champions
1343,2024-07-11,1,265.28,174,4,1,1,6,New Customers
1344,2024-03-10,1,326.67,297,3,1,2,6,Hibernating
1345,2023-02-01,1,76.3,700,1,1,1,3,Lost
1346,2024-02-23,3,788.99,313,3,3,3,9,Loyal Customers
1347,2024-04-22,3,639.34,254,3,3,3,9,Loyal Customers
1348,2024-01-27,1,555.85,340,3,1,2,6,Hibernating
1349,2024-01-11,3,1238.58,356,3,3,4,10,Loyal Customers
1350,2024-01-24,1,971.21,343,3,1,4,8,Hibernating
1351,2023-09-21,1,191.75,468,2,1,1,4,Hibernating
1352,2024-06-08,2,596.17,207,3,2,3,8,Potential Loyalists
1353,2024-04-29,2,245.91,247,3,2,1,6,Hibernating
1354,2024-02-01,4,1498.7,335,3,4,5,12,Loyal Customers
1355,2023-08-03,3,778.94,517,2,3,3,8,At-Risk
1356,2024-04-29,2,396.73999999999995,247,3,2,2,7,Hibernating
1357,2024-11-07,5,667.22,55,5,5,3,13,Loyal Customers
1358,2022-02-23,1,347.06,1043,1,1,2,4,Lost
1359,2023-04-30,4,838.16,612,1,4,3,8,Cannot Lose Them
1360,2024-02-27,3,557.95,309,3,3,2,8,Loyal Customers
1361,2024-07-04,1,340.47,181,4,1,2,7,New Customers
1362,2023-06-21,2,389.58000000000004,560,2,2,2,6,At-Risk
1364,2022-04-27,1,524.82,980,1,1,2,4,Lost
1365,2023-12-06,1,222.38,392,2,1,1,4,Hibernating
1366,2023-12-19,3,494.61,379,2,3,2,7,At-Risk
1367,2024-03-15,3,1070.79,292,3,3,4,10,Loyal Customers
1368,2022-04-02,1,96.86,1005,1,1,1,3,Lost
1369,2024-05-29,2,342.01,217,3,2,2,7,Hibernating
1370,2024-11-16,2,339.77,46,5,2,2,9,New Customers
1371,2023-02-06,1,583.46,695,1,1,3,5,Lost
1372,2024-12-23,5,1587.53,9,5,5,5,15,champions
1374,2023-01-11,2,1039.74,721,1,2,4,7,Hibernating
1375,2024-01-23,3,885.45,344,3,3,4,10,Loyal Customers
1376,2024-12-25,3,664.33,7,5,3,3,11,Loyal Customers
1377,2024-10-26,2,583.69,67,5,2,3,10,New Customers
1378,2024-02-26,4,835.9000000000001,310,3,4,3,10,Loyal Customers
1379,2024-01-22,4,884.5,345,3,4,3,10,Loyal Customers
1380,2024-08-03,2,869.33,151,4,2,3,9,New Customers
1382,2023-10-07,1,408.95,452,2,1,2,5,Hibernating
1383,2024-09-11,6,2343.78,112,4,5,5,14,champions
1384,2023-03-12,2,250.06,661,1,2,1,4,Hibernating
1385,2024-05-28,5,958.19,218,3,5,4,12,Loyal Customers
1386,2022-09-07,1,97.03,847,1,1,1,3,Lost
1387,2024-12-30,2,704.8399999999999,2,5,2,3,10,New Customers
1388,2023-12-28,3,653.53,370,2,3,3,8,At-Risk
1389,2023-04-02,3,2590.2599999999998,640,1,3,5,9,Cannot Lose Them
1390,2023-11-15,1,158.45,413,2,1,1,4,Hibernating
1391,2023-12-14,2,801.6600000000001,384,2,2,3,7,At-Risk
1392,2024-11-20,4,900.09,42,5,4,4,13,champions
1393,2024-01-17,2,1189.29,350,3,2,4,9,Potential Loyalists
1395,2023-10-20,1,83.27,439,2,1,1,4,Hibernating
1396,2024-01-02,3,745.69,365,2,3,3,8,At-Risk
1398,2023-12-05,1,101.59,393,2,1,1,4,Hibernating
1400,2023-12-16,3,547.28,382,2,3,2,7,At-Risk
1401,2024-12-12,3,866.01,20,5,3,3,11,Loyal Customers
1402,2024-11-06,4,1749.91,56,5,4,5,14,champions
1403,2022-12-18,1,387.56,745,1,1,2,4,Lost
1404,2024-12-18,1,273.37,14,5,1,1,7,New Customers
1405,2024-07-09,2,282.43,176,4,2,1,7,New Customers
1410,2024-10-21,5,1210.63,72,5,5,4,14,champions
1411,2023-08-17,2,706.8399999999999,503,2,2,3,7,At-Risk
1412,2024-07-17,4,1684.02,168,4,4,5,13,champions
1413,2024-06-12,3,689.32,203,4,3,3,10,Loyal Customers
1414,2024-01-12,3,1016.9599999999999,355,3,3,4,10,Loyal Customers
1415,2023-10-06,1,133.62,453,2,1,1,4,Hibernating
1417,2022-06-12,2,1412.01,934,1,2,5,8,Hibernating
1418,2024-02-23,4,702.0,313,3,4,3,10,Loyal Customers
1419,2023-04-20,3,1045.49,622,1,3,4,8,Cannot Lose Them
1420,2024-11-15,4,1341.94,47,5,4,4,13,champions
1421,2024-05-23,2,317.37,223,3,2,1,6,Hibernating
1422,2023-06-14,3,1197.91,567,2,3,4,9,At-Risk
1423,2024-02-12,5,2511.85,324,3,5,5,13,Loyal Customers
1424,2023-04-19,1,342.88,623,1,1,2,4,Lost
1425,2024-02-03,1,135.09,333,3,1,1,5,Hibernating
1426,2022-05-23,1,102.8,954,1,1,1,3,Lost
1427,2024-05-10,4,694.62,236,3,4,3,10,Loyal Customers
1428,2023-11-20,1,738.46,408,2,1,3,6,Hibernating
1429,2023-08-17,1,298.43,503,2,1,1,4,Hibernating
1430,2024-05-29,1,285.07,217,3,1,1,5,Hibernating
1431,2022-08-21,1,102.55,864,1,1,1,3,Lost
1432,2024-12-02,4,1653.7,30,5,4,5,14,champions
1433,2023-07-15,1,250.84,536,2,1,1,4,Hibernating
1434,2023-10-29,1,283.38,430,2,1,1,4,Hibernating
1435,2024-09-09,6,2629.47,114,4,5,5,14,champions
1436,2024-09-25,2,683.73,98,4,2,3,9,New Customers
1437,2023-04-17,4,1358.43,625,1,4,5,10,Cannot Lose Them
1438,2024-07-12,2,174.55,173,4,2,1,7,New Customers
1440,2023-05-10,3,512.3299999999999,602,1,3,2,6,Hibernating
1441,2023-08-09,1,238.0,511,2,1,1,4,Hibernating
1442,2023-09-05,3,1100.23,484,2,3,4,9,At-Risk
1443,2024-03-20,2,510.1,287,3,2,2,7,Hibernating
1444,2023-04-29,1,426.86,613,1,1,2,4,Lost
1445,2023-01-02,2,1684.2600000000002,730,1,2,5,8,Hibernating
1446,2024-08-21,2,292.99,133,4,2,1,7,New Customers
1447,2024-11-18,1,307.76,44,5,1,1,7,New Customers
1448,2024-11-01,6,1620.83,61,5,5,5,15,champions
1449,2024-03-15,3,513.59,292,3,3,2,8,Loyal Customers
1450,2024-10-17,2,486.54,76,5,2,2,9,New Customers
1452,2024-07-23,1,212.84,162,4,1,1,6,New Customers
1453,2023-06-30,2,560.9300000000001,551,2,2,2,6,At-Risk
1454,2024-06-29,2,526.38,186,4,2,2,8,New Customers
1455,2024-11-24,5,1797.1100000000001,38,5,5,5,15,champions
1456,2022-07-07,2,612.56,909,1,2,3,6,Hibernating
1457,2024-09-19,3,669.1700000000001,104,4,3,3,10,Loyal Customers
1458,2024-10-09,3,350.72,84,5,3,2,10,Loyal Customers
1459,2023-07-29,2,370.6,522,2,2,2,6,At-Risk
1460,2024-05-17,3,505.61,229,3,3,2,8,Loyal Customers
1461,2022-05-12,1,45.03,965,1,1,1,3,Lost
1462,2024-12-28,4,1722.04,4,5,4,5,14,champions
1463,2024-07-27,3,998.7,158,4,3,4,11,Loyal Customers
1464,2024-07-25,5,1590.1599999999999,160,4,5,5,14,champions
1465,2024-08-28,5,1108.38,126,4,5,4,13,champions
1466,2024-07-03,2,508.81,182,4,2,2,8,New Customers
1467,2023-07-29,5,1950.9,522,2,5,5,12,At-Risk
1468,2024-07-28,2,1002.59,157,4,2,4,10,New Customers
1469,2024-08-04,2,333.19,150,4,2,2,8,New Customers
1470,2024-01-18,2,423.3,349,3,2,2,7,Hibernating
1474,2024-12-14,4,1730.62,18,5,4,5,14,champions
1475,2024-05-14,1,201.85,232,3,1,1,5,Hibernating
1476,2024-04-04,4,1202.5,272,3,4,4,11,Loyal Customers
1477,2023-02-17,2,737.21,684,1,2,3,6,Hibernating
1478,2023-09-11,2,338.05,478,2,2,2,6,At-Risk
1479,2023-08-24,2,207.49,496,2,2,1,5,At-Risk
1480,2024-10-16,2,1113.76,77,5,2,4,11,New Customers
1481,2023-10-27,2,367.18,432,2,2,2,6,At-Risk
1482,2024-11-21,1,524.39,41,5,1,2,8,New Customers
1483,2024-05-31,2,399.86,215,3,2,2,7,Hibernating
1485,2023-08-29,4,1503.62,491,2,4,5,11,At-Risk
1486,2024-04-01,3,1028.94,275,3,3,4,10,Loyal Customers
1487,2024-09-07,3,1196.81,116,4,3,4,11,Loyal Customers
1488,2024-12-06,5,1602.4399999999998,26,5,5,5,15,champions
1489,2024-08-16,2,1726.79,138,4,2,5,11,New Customers
1490,2024-11-05,3,1996.88,57,5,3,5,13,Loyal Customers
1491,2024-06-17,5,1177.23,198,4,5,4,13,champions
1492,2023-08-02,2,288.38,518,2,2,1,5,At-Risk
1493,2024-12-12,2,561.46,20,5,2,2,9,New Customers
1494,2024-11-25,4,1336.99,37,5,4,4,13,champions
1495,2024-09-30,3,751.1700000000001,93,4,3,3,10,Loyal Customers
1496,2022-03-24,2,346.36,1014,1,2,2,5,Hibernating
1497,2024-10-19,4,1046.3400000000001,74,5,4,4,13,champions
1498,2023-10-25,6,1358.94,434,2,5,5,12,At-Risk
1499,2023-01-15,3,514.01,717,1,3,2,6,Hibernating
1500,2024-01-01,2,526.89,366,2,2,2,6,At-Risk
1501,2024-12-18,2,771.45,14,5,2,3,10,New Customers
1502,2024-10-10,3,1525.8899999999999,83,5,3,5,13,Loyal Customers
1503,2024-02-07,1,301.11,329,3,1,1,5,Hibernating
1504,2023-11-19,1,176.12,409,2,1,1,4,Hibernating
1505,2022-10-20,4,1248.1499999999999,804,1,4,4,9,Cannot Lose Them
1506,2024-06-08,6,2059.02,207,3,5,5,13,Loyal Customers
1507,2022-01-08,1,159.04,1089,1,1,1,3,Lost
1508,2023-09-10,2,685.72,479,2,2,3,7,At-Risk
1509,2024-01-16,2,984.57,351,3,2,4,9,Potential Loyalists
1510,2024-11-13,2,318.29,49,5,2,1,8,New Customers
1511,2024-01-15,5,1824.06,352,3,5,5,13,Loyal Customers
1512,2023-11-28,2,223.68,400,2,2,1,5,At-Risk
1513,2023-07-30,3,1199.93,521,2,3,4,9,At-Risk
1514,2024-12-25,2,584.53,7,5,2,3,10,New Customers
1515,2024-12-09,2,375.21999999999997,23,5,2,2,9,New Customers
1516,2024-09-13,1,301.62,110,4,1,1,6,New Customers
1517,2023-09-10,4,1555.4299999999998,479,2,4,5,11,At-Risk
1518,2024-08-19,3,1294.78,135,4,3,4,11,Loyal Customers
1520,2024-11-30,4,944.8100000000001,32,5,4,4,13,champions
1521,2024-06-03,5,1245.81,212,3,5,4,12,Loyal Customers
1522,2022-09-01,2,1608.81,853,1,2,5,8,Hibernating
1523,2024-03-15,3,970.6199999999999,292,3,3,4,10,Loyal Customers
1524,2023-09-07,3,1014.6400000000001,482,2,3,4,9,At-Risk
1525,2023-05-15,4,2854.29,597,2,4,5,11,At-Risk
1526,2023-11-16,2,470.75,412,2,2,2,6,At-Risk
1527,2022-09-22,3,437.4,832,1,3,2,6,Hibernating
1528,2024-10-06,4,794.45,87,5,4,3,12,Loyal Customers
1529,2022-01-02,1,55.29,1095,1,1,1,3,Lost
1530,2024-12-15,3,473.17999999999995,17,5,3,2,10,Loyal Customers
1531,2024-07-13,1,734.01,172,4,1,3,8,New Customers
1532,2024-11-21,5,827.75,41,5,5,3,13,Loyal Customers
1533,2024-12-30,3,1321.62,2,5,3,4,12,Loyal Customers
1534,2022-12-21,1,119.14,742,1,1,1,3,Lost
1535,2024-08-18,5,2945.19,136,4,5,5,14,champions
1537,2024-12-11,3,479.85,21,5,3,2,10,Loyal Customers
1538,2024-10-04,4,592.88,89,5,4,3,12,Loyal Customers
1539,2022-04-11,1,148.44,996,1,1,1,3,Lost
1540,2024-10-23,1,104.45,70,5,1,1,7,New Customers
1541,2024-09-23,2,292.03999999999996,100,4,2,1,7,New Customers
1542,2024-11-10,4,2499.86,52,5,4,5,14,champions
1543,2024-08-07,4,1493.04,147,4,4,5,13,champions
1544,2023-10-02,2,2434.58,457,2,2,5,9,At-Risk
1545,2024-10-01,6,2614.2999999999997,92,4,5,5,14,champions
1546,2024-07-01,3,1467.81,184,4,3,5,12,Loyal Customers
1547,2024-11-30,5,1309.51,32,5,5,4,14,champions
1548,2024-10-08,5,893.97,85,5,5,4,14,champions
1549,2024-07-28,8,2657.77,157,4,5,5,14,champions
1550,2024-08-21,2,654.39,133,4,2,3,9,New Customers
1551,2024-11-26,4,1148.75,36,5,4,4,13,champions
1552,2024-01-31,3,1288.2000000000003,336,3,3,4,10,Loyal Customers
1553,2023-04-16,1,199.68,626,1,1,1,3,Lost
1554,2024-11-15,7,3071.35,47,5,5,5,15,champions
1555,2024-01-23,1,254.16,344,3,1,1,5,Hibernating
1556,2023-08-18,1,665.82,502,2,1,3,6,Hibernating
1557,2023-07-11,2,1359.6,540,2,2,5,9,At-Risk
1558,2024-11-03,2,326.91,59,5,2,2,9,New Customers
1559,2023-06-30,2,1319.0500000000002,551,2,2,4,8,At-Risk
1560,2024-04-19,2,467.49,257,3,2,2,7,Hibernating
1561,2024-09-06,6,2110.62,117,4,5,5,14,champions
1562,2024-12-02,2,334.29,30,5,2,2,9,New Customers
1563,2023-02-05,1,337.64,696,1,1,2,4,Lost
1564,2023-02-18,2,613.75,683,1,2,3,6,Hibernating
1565,2024-11-24,5,1569.26,38,5,5,5,15,champions
1566,2023-10-04,4,2076.81,455,2,4,5,11,At-Risk
1567,2024-05-02,1,187.33,244,3,1,1,5,Hibernating
1568,2024-11-03,4,1055.41,59,5,4,4,13,champions
1569,2024-11-21,2,226.85000000000002,41,5,2,1,8,New Customers
1570,2023-12-13,2,268.41,385,2,2,1,5,At-Risk
1571,2024-12-23,2,134.75,9,5,2,1,8,New Customers
1572,2024-06-02,3,496.35,213,3,3,2,8,Loyal Customers
1573,2024-11-12,3,2361.91,50,5,3,5,13,Loyal Customers
1574,2022-09-07,1,102.2,847,1,1,1,3,Lost
1575,2023-03-24,2,475.12,649,1,2,2,5,Hibernating
1577,2024-08-20,2,455.76,134,4,2,2,8,New Customers
1578,2023-03-13,4,2745.7200000000003,660,1,4,5,10,Cannot Lose Them
1580,2024-01-03,3,674.45,364,2,3,3,8,At-Risk
1581,2024-01-30,3,771.76,337,3,3,3,9,Loyal Customers
1583,2024-12-01,3,823.14,31,5,3,3,11,Loyal Customers
1584,2023-11-26,4,842.29,402,2,4,3,9,At-Risk
1585,2024-12-23,5,2069.95,9,5,5,5,15,champions
1586,2024-08-31,4,1201.81,123,4,4,4,12,champions
1587,2024-07-01,6,1351.3600000000001,184,4,5,4,13,champions
1588,2024-06-30,2,1063.44,185,4,2,4,10,New Customers
1589,2024-06-08,3,1519.74,207,3,3,5,11,Loyal Customers
1590,2024-08-14,4,1618.12,140,4,4,5,13,champions
1591,2023-11-06,2,300.45,422,2,2,1,5,At-Risk
1592,2023-10-22,6,1801.47,437,2,5,5,12,At-Risk
1593,2024-03-25,1,58.43,282,3,1,1,5,Hibernating
1594,2022-05-03,3,1180.24,974,1,3,4,8,Cannot Lose Them
1595,2022-03-28,3,1151.82,1010,1,3,4,8,Cannot Lose Them
1596,2022-08-04,1,364.27,881,1,1,2,4,Lost
1597,2022-08-06,2,291.52,879,1,2,1,4,Hibernating
1598,2024-11-18,6,1911.22,44,5,5,5,15,champions
1599,2023-07-23,1,374.21,528,2,1,2,5,Hibernating
1600,2024-12-11,3,2289.31,21,5,3,5,13,Loyal Customers
1601,2024-12-30,3,505.11999999999995,2,5,3,2,10,Loyal Customers
1602,2024-03-14,2,266.83,293,3,2,1,6,Hibernating
1603,2024-06-26,3,1027.3899999999999,189,4,3,4,11,Loyal Customers
1605,2024-06-13,3,438.37,202,4,3,2,9,Loyal Customers
1606,2024-07-23,2,760.75,162,4,2,3,9,New Customers
1607,2024-06-26,2,805.11,189,4,2,3,9,New Customers
1608,2024-09-22,1,521.57,101,4,1,2,7,New Customers
1609,2024-12-18,3,1811.1499999999999,14,5,3,5,13,Loyal Customers
1611,2024-02-02,1,435.5,334,3,1,2,6,Hibernating
1613,2024-09-05,1,813.11,118,4,1,3,8,New Customers
1614,2023-04-24,2,743.6700000000001,618,1,2,3,6,Hibernating
1616,2023-12-18,1,87.23,380,2,1,1,4,Hibernating
1617,2023-11-09,2,660.25,419,2,2,3,7,At-Risk
1618,2024-12-20,5,1363.63,12,5,5,5,15,champions
1619,2024-09-25,2,1911.65,98,4,2,5,11,New Customers
1620,2024-11-21,3,989.4100000000001,41,5,3,4,12,Loyal Customers
1621,2024-08-13,1,76.56,141,4,1,1,6,New Customers
1622,2024-12-28,2,638.39,4,5,2,3,10,New Customers
1623,2023-02-25,1,388.96,676,1,1,2,4,Lost
1624,2023-12-05,1,165.28,393,2,1,1,4,Hibernating
1625,2023-10-05,2,1119.0800000000002,454,2,2,4,8,At-Risk
1626,2023-03-03,1,131.22,670,1,1,1,3,Lost
1627,2022-12-24,1,650.5,739,1,1,3,5,Lost
1629,2024-06-16,2,880.38,199,4,2,3,9,New Customers
1630,2024-03-01,4,671.4,306,3,4,3,10,Loyal Customers
1631,2022-10-30,1,261.53,794,1,1,1,3,Lost
1632,2023-07-21,3,1058.04,530,2,3,4,9,At-Risk
1634,2023-12-28,5,1611.37,370,2,5,5,12,At-Risk
1635,2024-04-03,2,364.21000000000004,273,3,2,2,7,Hibernating
1636,2024-11-03,2,334.31,59,5,2,2,9,New Customers
1637,2024-05-02,4,665.44,244,3,4,3,10,Loyal Customers
1638,2024-11-23,5,1749.29,39,5,5,5,15,champions
1639,2023-11-05,3,466.51,423,2,3,2,7,At-Risk
1641,2024-01-25,3,1145.78,342,3,3,4,10,Loyal Customers
1642,2024-04-16,4,2154.04,260,3,4,5,12,Loyal Customers
1643,2024-11-10,3,903.88,52,5,3,4,12,Loyal Customers
1644,2022-07-09,1,195.22,907,1,1,1,3,Lost
1645,2024-06-22,4,1076.69,193,4,4,4,12,champions
1646,2023-09-08,4,1553.18,481,2,4,5,11,At-Risk
1647,2022-06-14,3,549.39,932,1,3,2,6,Hibernating
1649,2024-10-03,3,591.0,90,5,3,3,11,Loyal Customers
1650,2024-03-16,2,564.04,291,3,2,2,7,Hibernating
1651,2023-10-22,1,549.81,437,2,1,2,5,Hibernating
1652,2024-10-25,3,524.94,68,5,3,2,10,Loyal Customers
1654,2024-11-12,3,571.03,50,5,3,3,11,Loyal Customers
1655,2022-10-03,1,234.94,821,1,1,1,3,Lost
1656,2024-02-22,3,1237.74,314,3,3,4,10,Loyal Customers
1657,2024-09-13,5,1194.23,110,4,5,4,13,champions
1658,2024-05-06,2,616.56,240,3,2,3,8,Potential Loyalists
1659,2023-06-28,1,198.5,553,2,1,1,4,Hibernating
1660,2024-04-10,3,977.45,266,3,3,4,10,Loyal Customers
1661,2024-02-11,3,1146.76,325,3,3,4,10,Loyal Customers
1662,2024-12-16,4,1455.29,16,5,4,5,14,champions
1664,2024-08-11,1,246.06,143,4,1,1,6,New Customers
1665,2024-11-15,4,1039.0700000000002,47,5,4,4,13,champions
1666,2024-04-08,1,598.08,268,3,1,3,7,Hibernating
1667,2023-11-22,5,2313.04,406,2,5,5,12,At-Risk
1668,2023-09-26,4,1284.91,463,2,4,4,10,At-Risk
1669,2024-12-27,2,660.21,5,5,2,3,10,New Customers
1670,2023-05-25,1,254.99,587,2,1,1,4,Hibernating
1672,2024-01-18,5,1479.3600000000001,349,3,5,5,13,Loyal Customers
1673,2023-03-24,4,748.92,649,1,4,3,8,Cannot Lose Them
1674,2024-03-23,6,1692.9099999999999,284,3,5,5,13,Loyal Customers
1675,2024-05-28,4,840.34,218,3,4,3,10,Loyal Customers
1676,2023-04-07,2,460.53,635,1,2,2,5,Hibernating
1677,2024-08-19,5,1332.41,135,4,5,4,13,champions
1679,2022-02-11,1,301.13,1055,1,1,1,3,Lost
1681,2024-10-18,1,214.87,75,5,1,1,7,New Customers
1682,2024-12-09,3,1295.0700000000002,23,5,3,4,12,Loyal Customers
1683,2023-01-25,1,191.61,707,1,1,1,3,Lost
1684,2022-11-15,1,291.61,778,1,1,1,3,Lost
1686,2024-10-26,2,557.74,67,5,2,2,9,New Customers
1687,2024-02-04,2,510.09000000000003,332,3,2,2,7,Hibernating
1688,2024-07-28,3,1199.9,157,4,3,4,11,Loyal Customers
1689,2024-08-29,6,1199.54,125,4,5,4,13,champions
1690,2023-04-06,2,327.22,636,1,2,2,5,Hibernating
1691,2024-12-03,2,576.89,29,5,2,3,10,New Customers
1692,2022-03-12,1,729.99,1026,1,1,3,5,Lost
1693,2024-09-30,4,916.69,93,4,4,4,12,champions
1694,2024-12-16,3,551.68,16,5,3,2,10,Loyal Customers
1695,2023-03-25,1,135.18,648,1,1,1,3,Lost
1696,2024-12-24,4,1377.33,8,5,4,5,14,champions
1697,2023-11-20,3,1140.69,408,2,3,4,9,At-Risk
1698,2024-12-02,4,706.23,30,5,4,3,12,Loyal Customers
1699,2023-03-19,1,184.79,654,1,1,1,3,Lost
1700,2024-11-18,1,93.05,44,5,1,1,7,New Customers
1701,2024-10-30,1,330.54,63,5,1,2,8,New Customers
1702,2024-03-11,2,395.93,296,3,2,2,7,Hibernating
1703,2024-03-05,4,586.16,302,3,4,3,10,Loyal Customers
1705,2023-04-23,4,2478.11,619,1,4,5,10,Cannot Lose Them
1706,2023-01-17,2,378.34000000000003,715,1,2,2,5,Hibernating
1707,2024-10-27,2,490.07,66,5,2,2,9,New Customers
1709,2024-09-15,2,512.98,108,4,2,2,8,New Customers
1711,2024-08-05,4,701.05,149,4,4,3,11,Loyal Customers
1712,2023-10-03,3,503.44000000000005,456,2,3,2,7,At-Risk
1713,2023-09-29,1,189.33,460,2,1,1,4,Hibernating
1714,2024-12-26,2,611.59,6,5,2,3,10,New Customers
1715,2024-05-27,4,1146.56,219,3,4,4,11,Loyal Customers
1716,2023-12-22,2,298.34,376,2,2,1,5,At-Risk
1717,2024-09-29,1,111.58,94,4,1,1,6,New Customers
1718,2024-12-04,3,1131.72,28,5,3,4,12,Loyal Customers
1719,2024-02-01,3,1085.74,335,3,3,4,10,Loyal Customers
1720,2024-06-21,4,1163.99,194,4,4,4,12,champions
1721,2023-04-10,3,980.1700000000001,632,1,3,4,8,Cannot Lose Them
1722,2023-09-08,1,324.48,481,2,1,2,5,Hibernating
1723,2024-06-29,3,454.72,186,4,3,2,9,Loyal Customers
1724,2024-10-09,3,1207.3400000000001,84,5,3,4,12,Loyal Customers
1725,2024-05-23,5,921.93,223,3,5,4,12,Loyal Customers
1726,2024-07-02,3,952.6800000000001,183,4,3,4,11,Loyal Customers
1727,2024-02-22,3,887.33,314,3,3,4,10,Loyal Customers
1728,2024-05-28,1,170.53,218,3,1,1,5,Hibernating
1730,2022-06-10,1,210.55,936,1,1,1,3,Lost
1731,2024-04-26,3,843.31,250,3,3,3,9,Loyal Customers
1732,2023-10-03,2,284.06,456,2,2,1,5,At-Risk
1734,2022-05-27,2,232.94,950,1,2,1,4,Hibernating
1735,2024-02-13,3,2826.73,323,3,3,5,11,Loyal Customers
1736,2024-08-13,2,486.40999999999997,141,4,2,2,8,New Customers
1738,2024-12-24,4,803.5,8,5,4,3,12,Loyal Customers
1739,2024-12-07,1,414.09,25,5,1,2,8,New Customers
1740,2024-12-05,2,540.56,27,5,2,2,9,New Customers
1741,2024-10-17,3,614.87,76,5,3,3,11,Loyal Customers
1742,2023-12-29,5,1390.32,369,2,5,5,12,At-Risk
1745,2022-05-03,1,346.62,974,1,1,2,4,Lost
1747,2024-01-27,1,326.14,340,3,1,2,6,Hibernating
1748,2024-11-24,3,768.61,38,5,3,3,11,Loyal Customers
1749,2023-11-10,2,607.53,418,2,2,3,7,At-Risk
1750,2024-07-17,2,872.27,168,4,2,3,9,New Customers
1751,2023-03-01,2,975.01,672,1,2,4,7,Hibernating
1752,2023-10-11,2,835.6199999999999,448,2,2,3,7,At-Risk
1753,2024-01-06,4,1009.39,361,2,4,4,10,At-Risk
1754,2022-09-08,1,803.29,846,1,1,3,5,Lost
1755,2024-04-02,2,768.39,274,3,2,3,8,Potential Loyalists
1756,2024-03-13,2,624.0,294,3,2,3,8,Potential Loyalists
1757,2023-09-15,2,262.41,474,2,2,1,5,At-Risk
1758,2023-11-24,1,330.07,404,2,1,2,5,Hibernating
1759,2022-07-31,1,878.65,885,1,1,3,5,Lost
1760,2024-06-01,1,437.2,214,3,1,2,6,Hibernating
1761,2022-04-22,2,899.06,985,1,2,4,7,Hibernating
1762,2023-08-02,5,1419.75,518,2,5,5,12,At-Risk
1763,2024-07-03,4,1454.01,182,4,4,5,13,champions
1764,2024-10-31,5,3179.56,62,5,5,5,15,champions
1765,2024-10-13,3,1066.13,80,5,3,4,12,Loyal Customers
1766,2024-06-11,3,441.84000000000003,204,4,3,2,9,Loyal Customers
1767,2024-12-08,3,1820.1100000000001,24,5,3,5,13,Loyal Customers
1768,2024-09-02,3,671.56,121,4,3,3,10,Loyal Customers
1769,2024-09-13,1,277.09,110,4,1,1,6,New Customers
1771,2024-08-11,2,275.29,143,4,2,1,7,New Customers
1773,2024-08-20,3,1085.98,134,4,3,4,11,Loyal Customers
1774,2023-10-04,3,489.80999999999995,455,2,3,2,7,At-Risk
1775,2024-08-23,1,308.89,131,4,1,1,6,New Customers
1777,2024-12-21,6,2068.33,11,5,5,5,15,champions
1778,2024-10-23,5,1313.3,70,5,5,4,14,champions
1780,2022-04-20,1,355.26,987,1,1,2,4,Lost
1781,2023-09-30,1,197.26,459,2,1,1,4,Hibernating
1783,2024-12-29,1,151.17,3,5,1,1,7,New Customers
1784,2024-11-26,2,711.29,36,5,2,3,10,New Customers
1785,2024-01-04,2,621.79,363,2,2,3,7,At-Risk
1786,2024-10-04,3,1765.87,89,5,3,5,13,Loyal Customers
1787,2023-03-07,2,1373.42,666,1,2,5,8,Hibernating
1788,2024-12-24,4,2045.26,8,5,4,5,14,champions
1789,2024-11-17,4,1617.48,45,5,4,5,14,champions
1790,2022-10-02,1,302.19,822,1,1,1,3,Lost
1791,2023-08-25,2,1707.54,495,2,2,5,9,At-Risk
1792,2024-09-06,4,920.64,117,4,4,4,12,champions
1793,2023-07-30,2,437.65,521,2,2,2,6,At-Risk
1794,2023-09-22,1,245.41,467,2,1,1,4,Hibernating
1795,2022-11-17,1,1532.12,776,1,1,5,7,Lost
1796,2024-02-02,1,324.4,334,3,1,2,6,Hibernating
1797,2024-09-06,2,1014.06,117,4,2,4,10,New Customers
1798,2023-04-02,1,300.68,640,1,1,1,3,Lost
1800,2024-10-03,2,959.74,90,5,2,4,11,New Customers
1801,2024-02-28,2,581.65,308,3,2,3,8,Potential Loyalists
1802,2023-11-11,3,819.66,417,2,3,3,8,At-Risk
1803,2023-10-06,1,1327.21,453,2,1,4,7,Hibernating
1804,2024-09-15,3,776.79,108,4,3,3,10,Loyal Customers
1805,2022-12-13,2,382.84000000000003,750,1,2,2,5,Hibernating
1806,2024-12-28,4,1983.08,4,5,4,5,14,champions
1807,2024-12-12,3,492.74,20,5,3,2,10,Loyal Customers
1808,2024-08-25,4,1332.85,129,4,4,4,12,champions
1809,2024-12-26,7,3471.65,6,5,5,5,15,champions
1810,2024-01-07,3,923.0799999999999,360,2,3,4,9,At-Risk
1811,2024-09-16,4,809.95,107,4,4,3,11,Loyal Customers
1812,2024-12-08,1,142.47,24,5,1,1,7,New Customers
1813,2024-09-03,1,79.31,120,4,1,1,6,New Customers
1814,2024-01-11,5,967.4300000000001,356,3,5,4,12,Loyal Customers
1815,2024-05-15,4,1293.32,231,3,4,4,11,Loyal Customers
1816,2024-06-07,3,737.91,208,3,3,3,9,Loyal Customers
1818,2024-05-16,2,836.55,230,3,2,3,8,Potential Loyalists
1819,2024-09-30,2,354.29,93,4,2,2,8,New Customers
1821,2024-04-13,3,2192.97,263,3,3,5,11,Loyal Customers
1822,2024-09-04,3,1092.04,119,4,3,4,11,Loyal Customers
1823,2024-12-23,3,490.97,9,5,3,2,10,Loyal Customers
1824,2024-11-24,5,1702.83,38,5,5,5,15,champions
1826,2023-04-18,1,121.29,624,1,1,1,3,Lost
1827,2023-09-06,1,455.24,483,2,1,2,5,Hibernating
1828,2022-07-20,1,952.62,896,1,1,4,6,Lost
1829,2023-07-03,1,404.98,548,2,1,2,5,Hibernating
1830,2023-01-05,1,755.09,727,1,1,3,5,Lost
1831,2023-07-03,1,54.02,548,2,1,1,4,Hibernating
1832,2022-01-01,1,115.91,1096,1,1,1,3,Lost
1833,2023-08-01,4,683.67,519,2,4,3,9,At-Risk
1834,2024-09-22,1,100.09,101,4,1,1,6,New Customers
1836,2024-01-13,2,637.8,354,3,2,3,8,Potential Loyalists
1837,2024-11-06,2,412.09,56,5,2,2,9,New Customers
1838,2024-07-17,4,2063.5,168,4,4,5,13,champions
1839,2023-05-21,1,210.16,591,2,1,1,4,Hibernating
1840,2023-11-22,3,613.27,406,2,3,3,8,At-Risk
1841,2023-10-07,1,225.28,452,2,1,1,4,Hibernating
1842,2024-11-18,2,1019.94,44,5,2,4,11,New Customers
1843,2024-10-14,3,534.51,79,5,3,2,10,Loyal Customers
1844,2024-02-12,2,970.6500000000001,324,3,2,4,9,Potential Loyalists
1845,2023-08-17,2,381.14,503,2,2,2,6,At-Risk
1846,2024-03-01,6,2082.7,306,3,5,5,13,Loyal Customers
1848,2024-07-14,4,2621.62,171,4,4,5,13,champions
1849,2023-09-02,1,158.89,487,2,1,1,4,Hibernating
1850,2024-11-12,1,287.41,50,5,1,1,7,New Customers
1851,2024-06-29,3,922.8299999999999,186,4,3,4,11,Loyal Customers
1852,2024-12-27,2,268.6,5,5,2,1,8,New Customers
1853,2024-11-22,5,948.27,40,5,5,4,14,champions
1854,2024-09-26,4,1203.13,97,4,4,4,12,champions
1855,2023-06-25,1,282.95,556,2,1,1,4,Hibernating
1857,2023-04-06,1,201.03,636,1,1,1,3,Lost
1858,2023-11-04,1,355.07,424,2,1,2,5,Hibernating
1860,2022-12-03,1,236.69,760,1,1,1,3,Lost
1861,2022-06-30,1,452.77,916,1,1,2,4,Lost
1862,2024-03-28,4,848.36,279,3,4,3,10,Loyal Customers
1863,2024-05-29,3,1372.4299999999998,217,3,3,5,11,Loyal Customers
1864,2024-11-15,5,2033.36,47,5,5,5,15,champions
1865,2024-05-05,3,569.89,241,3,3,3,9,Loyal Customers
1866,2024-12-03,4,1417.1399999999999,29,5,4,5,14,champions
1867,2023-07-25,4,1417.45,526,2,4,5,11,At-Risk
1868,2022-11-09,1,285.34,784,1,1,1,3,Lost
1869,2022-08-03,2,435.42999999999995,882,1,2,2,5,Hibernating
1870,2024-07-17,1,189.72,168,4,1,1,6,New Customers
1871,2023-04-06,1,90.21,636,1,1,1,3,Lost
1872,2024-11-05,3,1437.35,57,5,3,5,13,Loyal Customers
1873,2023-09-07,1,252.27,482,2,1,1,4,Hibernating
1875,2023-11-16,4,663.3299999999999,412,2,4,3,9,At-Risk
1876,2024-04-23,1,85.03,253,3,1,1,5,Hibernating
1877,2024-11-30,4,1152.03,32,5,4,4,13,champions
1878,2024-06-24,4,1394.69,191,4,4,5,13,champions
1879,2022-02-12,1,126.37,1054,1,1,1,3,Lost
1880,2022-11-10,2,347.72,783,1,2,2,5,Hibernating
1882,2022-04-11,1,799.86,996,1,1,3,5,Lost
1883,2024-12-05,3,1251.43,27,5,3,4,12,Loyal Customers
1884,2024-04-09,6,2344.04,267,3,5,5,13,Loyal Customers
1885,2022-04-20,3,2342.7,987,1,3,5,9,Cannot Lose Them
1886,2024-06-29,5,1752.1799999999998,186,4,5,5,14,champions
1887,2023-05-15,4,2754.28,597,2,4,5,11,At-Risk
1888,2023-04-07,1,354.07,635,1,1,2,4,Lost
1889,2022-12-03,1,448.68,760,1,1,2,4,Lost
1890,2024-04-27,3,569.9300000000001,249,3,3,3,9,Loyal Customers
1891,2023-08-14,1,267.27,506,2,1,1,4,Hibernating
1892,2024-12-08,1,201.73,24,5,1,1,7,New Customers
1893,2024-08-19,1,317.95,135,4,1,1,6,New Customers
1894,2024-11-13,1,186.17,49,5,1,1,7,New Customers
1895,2022-05-26,1,331.22,951,1,1,2,4,Lost
1896,2024-12-26,2,930.75,6,5,2,4,11,New Customers
1897,2023-09-22,3,562.6,467,2,3,2,7,At-Risk
1898,2022-02-04,1,460.37,1062,1,1,2,4,Lost
1900,2024-04-24,4,1286.32,252,3,4,4,11,Loyal Customers
1901,2024-04-14,2,631.46,262,3,2,3,8,Potential Loyalists
1902,2023-11-06,3,536.5899999999999,422,2,3,2,7,At-Risk
1903,2023-12-26,3,915.1600000000001,372,2,3,4,9,At-Risk
1904,2024-06-13,1,391.75,202,4,1,2,7,New Customers
1905,2022-08-09,2,318.85,876,1,2,2,5,Hibernating
1906,2024-02-26,1,87.64,310,3,1,1,5,Hibernating
1907,2023-08-10,2,707.06,510,2,2,3,7,At-Risk
1908,2023-07-27,2,404.31,524,2,2,2,6,At-Risk
1909,2024-04-06,2,229.34,270,3,2,1,6,Hibernating
1910,2022-04-17,1,691.29,990,1,1,3,5,Lost
1911,2024-09-28,4,3361.98,95,4,4,5,13,champions
1912,2024-02-02,2,443.19,334,3,2,2,7,Hibernating
1913,2024-12-25,5,992.1800000000001,7,5,5,4,14,champions
1914,2023-12-13,1,1103.55,385,2,1,4,7,Hibernating
1915,2023-06-24,3,1331.49,557,2,3,4,9,At-Risk
1916,2023-08-30,2,472.87,490,2,2,2,6,At-Risk
1917,2024-05-13,3,784.0699999999999,233,3,3,3,9,Loyal Customers
1918,2024-12-02,1,408.0,30,5,1,2,8,New Customers
1919,2024-09-27,5,1028.6299999999999,96,4,5,4,13,champions
1920,2023-12-27,5,1534.4,371,2,5,5,12,At-Risk
1921,2024-12-11,1,251.55,21,5,1,1,7,New Customers
1922,2024-06-16,5,2271.22,199,4,5,5,14,champions
1923,2024-09-05,3,1773.53,118,4,3,5,12,Loyal Customers
1924,2024-01-20,5,759.97,347,3,5,3,11,Loyal Customers
1925,2024-03-07,2,399.61,300,3,2,2,7,Hibernating
1926,2024-07-27,3,736.65,158,4,3,3,10,Loyal Customers
1927,2024-06-06,5,2079.1400000000003,209,3,5,5,13,Loyal Customers
1928,2023-08-03,2,653.0799999999999,517,2,2,3,7,At-Risk
1929,2024-08-30,1,69.42,124,4,1,1,6,New Customers
1930,2024-08-30,4,1043.8600000000001,124,4,4,4,12,champions
1931,2024-12-28,4,755.11,4,5,4,3,12,Loyal Customers
1932,2023-08-26,2,297.83,494,2,2,1,5,At-Risk
1933,2023-11-04,5,1944.62,424,2,5,5,12,At-Risk
1934,2024-06-10,7,2878.2799999999997,205,3,5,5,13,Loyal Customers
1935,2023-01-24,1,932.21,708,1,1,4,6,Lost
1936,2024-11-25,3,2295.23,37,5,3,5,13,Loyal Customers
1938,2024-04-14,1,331.72,262,3,1,2,6,Hibernating
1939,2024-11-26,4,1368.08,36,5,4,5,14,champions
1940,2024-09-16,3,468.27,107,4,3,2,9,Loyal Customers
1941,2024-09-29,2,1263.6599999999999,94,4,2,4,10,New Customers
1942,2024-12-08,3,1288.66,24,5,3,4,12,Loyal Customers
1943,2024-08-10,2,326.43,144,4,2,2,8,New Customers
1944,2024-12-30,3,666.84,2,5,3,3,11,Loyal Customers
1945,2023-01-21,3,376.5,711,1,3,2,6,Hibernating
1946,2023-10-26,3,1620.9,433,2,3,5,10,At-Risk
1947,2024-09-28,11,2966.4300000000003,95,4,5,5,14,champions
1948,2024-09-29,2,872.12,94,4,2,3,9,New Customers
1949,2024-12-05,3,2605.46,27,5,3,5,13,Loyal Customers
1950,2023-11-10,3,497.39,418,2,3,2,7,At-Risk
1951,2023-09-22,2,246.43,467,2,2,1,5,At-Risk
1952,2024-08-11,5,1550.18,143,4,5,5,14,champions
1953,2022-07-22,1,343.36,894,1,1,2,4,Lost
1954,2024-02-15,1,323.82,321,3,1,2,6,Hibernating
1955,2024-09-28,3,942.34,95,4,3,4,11,Loyal Customers
1956,2024-08-16,2,440.58,138,4,2,2,8,New Customers
1957,2024-11-11,6,1522.5700000000002,51,5,5,5,15,champions
1958,2024-08-16,4,2632.5,138,4,4,5,13,champions
1959,2024-01-07,4,1043.53,360,2,4,4,10,At-Risk
1960,2024-09-09,4,1060.15,114,4,4,4,12,champions
1961,2024-07-30,3,864.99,155,4,3,3,10,Loyal Customers
1962,2024-10-24,3,334.69,69,5,3,2,10,Loyal Customers
1963,2023-06-30,3,1297.6499999999999,551,2,3,4,9,At-Risk
1965,2024-01-27,2,1660.75,340,3,2,5,10,Potential Loyalists
1967,2024-04-13,2,364.75,263,3,2,2,7,Hibernating
1968,2024-12-21,3,1278.25,11,5,3,4,12,Loyal Customers
1969,2023-12-21,2,1610.87,377,2,2,5,9,At-Risk
1970,2022-10-12,1,362.87,812,1,1,2,4,Lost
1971,2022-11-10,2,877.02,783,1,2,3,6,Hibernating
1972,2023-06-30,1,473.53,551,2,1,2,5,Hibernating
1974,2024-07-03,3,971.7099999999999,182,4,3,4,11,Loyal Customers
1975,2023-02-03,2,571.0500000000001,698,1,2,3,6,Hibernating
1976,2023-07-07,2,600.1800000000001,544,2,2,3,7,At-Risk
1977,2024-07-21,2,257.44,164,4,2,1,7,New Customers
1978,2024-01-21,3,587.47,346,3,3,3,9,Loyal Customers
1979,2022-10-13,1,318.32,811,1,1,1,3,Lost
1980,2024-10-19,3,874.6500000000001,74,5,3,3,11,Loyal Customers
1981,2024-01-01,2,1736.76,366,2,2,5,9,At-Risk
1982,2024-11-11,2,970.3,51,5,2,4,11,New Customers
1983,2024-03-06,3,1615.1799999999998,301,3,3,5,11,Loyal Customers
1984,2024-07-27,4,873.64,158,4,4,3,11,Loyal Customers
1985,2024-06-29,4,1380.81,186,4,4,5,13,champions
1986,2023-10-19,3,323.21999999999997,440,2,3,2,7,At-Risk
1987,2024-12-05,3,958.8700000000001,27,5,3,4,12,Loyal Customers
1988,2023-07-22,2,310.18,529,2,2,1,5,At-Risk
1989,2024-11-15,5,2864.21,47,5,5,5,15,champions
1990,2023-05-04,2,1811.6699999999998,608,1,2,5,8,Hibernating
1991,2024-09-09,7,2857.11,114,4,5,5,14,champions
1992,2024-11-29,3,4373.44,33,5,3,5,13,Loyal Customers
1993,2023-07-13,2,1385.17,538,2,2,5,9,At-Risk
1994,2022-08-24,2,1624.31,861,1,2,5,8,Hibernating
1995,2022-07-26,1,210.0,890,1,1,1,3,Lost
1996,2024-02-17,5,2922.74,319,3,5,5,13,Loyal Customers
1997,2024-06-07,1,260.84,208,3,1,1,5,Hibernating
1998,2023-01-31,2,1174.37,701,1,2,4,7,Hibernating
1999,2024-05-11,5,2170.98,235,3,5,5,13,Loyal Customers
2001,2024-01-27,2,234.74,340,3,2,1,6,Hibernating
2002,2023-08-17,4,2003.1399999999999,503,2,4,5,11,At-Risk
2003,2024-09-04,2,396.28,119,4,2,2,8,New Customers
2004,2023-12-21,4,1133.8899999999999,377,2,4,4,10,At-Risk
2005,2024-10-14,1,303.69,79,5,1,1,7,New Customers
2006,2024-10-11,4,1351.71,82,5,4,5,14,champions
2007,2024-08-07,3,570.3199999999999,147,4,3,3,10,Loyal Customers
2008,2024-02-29,3,518.72,307,3,3,2,8,Loyal Customers
2009,2022-02-09,1,154.4,1057,1,1,1,3,Lost
2010,2023-09-13,2,1253.85,476,2,2,4,8,At-Risk
2011,2023-07-13,1,993.55,538,2,1,4,7,Hibernating
2012,2022-10-09,1,132.48,815,1,1,1,3,Lost
2014,2024-06-10,2,769.52,205,3,2,3,8,Potential Loyalists
2015,2024-04-15,3,907.19,261,3,3,4,10,Loyal Customers
2016,2024-10-02,4,1396.55,91,5,4,5,14,champions
2017,2022-01-05,1,164.1,1092,1,1,1,3,Lost
2018,2022-09-30,1,129.9,824,1,1,1,3,Lost
2019,2024-11-28,6,1676.86,34,5,5,5,15,champions
2020,2022-07-09,1,184.37,907,1,1,1,3,Lost
2021,2024-10-28,3,565.52,65,5,3,2,10,Loyal Customers
2022,2024-07-01,5,1092.42,184,4,5,4,13,champions
2023,2024-10-30,2,423.77,63,5,2,2,9,New Customers
2024,2022-03-13,2,452.46,1025,1,2,2,5,Hibernating
2025,2024-07-06,2,716.06,179,4,2,3,9,New Customers
2026,2024-10-21,3,1517.06,72,5,3,5,13,Loyal Customers
2027,2023-07-29,1,380.45,522,2,1,2,5,Hibernating
2028,2024-10-20,3,575.1800000000001,73,5,3,3,11,Loyal Customers
2031,2024-07-02,4,5605.38,183,4,4,5,13,champions
2032,2024-08-31,2,252.87,123,4,2,1,7,New Customers
2034,2024-08-09,4,909.56,145,4,4,4,12,champions
2035,2024-06-09,3,752.3,206,3,3,3,9,Loyal Customers
2036,2024-01-25,1,469.14,342,3,1,2,6,Hibernating
2037,2023-04-30,2,454.71000000000004,612,1,2,2,5,Hibernating
2038,2024-10-21,6,1938.9499999999998,72,5,5,5,15,champions
2039,2024-12-26,6,2535.22,6,5,5,5,15,champions
2040,2024-09-23,6,1468.85,100,4,5,5,14,champions
2041,2024-11-16,2,1770.91,46,5,2,5,12,New Customers
2043,2024-08-26,4,1599.33,128,4,4,5,13,champions
2044,2024-06-25,1,240.37,190,4,1,1,6,New Customers
2045,2024-06-11,5,1938.01,204,4,5,5,14,champions
2046,2024-09-18,5,1968.48,105,4,5,5,14,champions
2047,2022-07-31,1,165.51,885,1,1,1,3,Lost
2048,2023-11-14,5,2116.7599999999998,414,2,5,5,12,At-Risk
2049,2023-06-12,1,94.04,569,2,1,1,4,Hibernating
2050,2024-03-19,1,210.32,288,3,1,1,5,Hibernating
2051,2024-07-18,1,323.92,167,4,1,2,7,New Customers
2052,2024-05-06,6,2669.99,240,3,5,5,13,Loyal Customers
2054,2023-03-12,1,151.13,661,1,1,1,3,Lost
2055,2024-05-09,4,853.28,237,3,4,3,10,Loyal Customers
2056,2024-06-16,4,1022.86,199,4,4,4,12,champions
2057,2022-07-08,3,516.9,908,1,3,2,6,Hibernating
2058,2024-01-19,4,1299.46,348,3,4,4,11,Loyal Customers
2059,2024-04-24,2,438.07,252,3,2,2,7,Hibernating
2061,2022-12-31,2,307.48,732,1,2,1,4,Hibernating
2062,2024-12-11,2,643.1,21,5,2,3,10,New Customers
2063,2024-02-12,2,144.66,324,3,2,1,6,Hibernating
2064,2024-07-03,4,4294.06,182,4,4,5,13,champions
2066,2023-12-17,2,711.04,381,2,2,3,7,At-Risk
2067,2024-10-11,3,1654.6899999999998,82,5,3,5,13,Loyal Customers
2068,2024-06-03,2,504.09,212,3,2,2,7,Hibernating
2069,2024-10-11,3,544.95,82,5,3,2,10,Loyal Customers
2071,2022-11-15,2,294.33,778,1,2,1,4,Hibernating
2072,2024-10-09,3,2590.8300000000004,84,5,3,5,13,Loyal Customers
2073,2022-08-17,1,428.15,868,1,1,2,4,Lost
2074,2023-11-04,4,2553.87,424,2,4,5,11,At-Risk
2075,2024-10-26,1,177.86,67,5,1,1,7,New Customers
2076,2023-06-22,1,419.1,559,2,1,2,5,Hibernating
2077,2024-02-05,3,465.81,331,3,3,2,8,Loyal Customers
2078,2024-11-13,3,687.21,49,5,3,3,11,Loyal Customers
2079,2022-10-21,2,355.02,803,1,2,2,5,Hibernating
2080,2023-11-17,4,2736.07,411,2,4,5,11,At-Risk
2082,2022-11-08,3,1085.9099999999999,785,1,3,4,8,Cannot Lose Them
2083,2022-06-02,2,406.76,944,1,2,2,5,Hibernating
2084,2024-05-18,2,397.63,228,3,2,2,7,Hibernating
2085,2024-08-14,4,1362.6,140,4,4,5,13,champions
2086,2023-11-21,1,239.16,407,2,1,1,4,Hibernating
2087,2024-05-30,4,679.71,216,3,4,3,10,Loyal Customers
2088,2024-03-08,1,333.15,299,3,1,2,6,Hibernating
2089,2024-12-18,3,1235.67,14,5,3,4,12,Loyal Customers
2090,2024-07-28,3,818.36,157,4,3,3,10,Loyal Customers
2091,2024-05-29,1,277.1,217,3,1,1,5,Hibernating
2092,2024-12-13,3,783.01,19,5,3,3,11,Loyal Customers
2093,2024-01-14,3,2349.5,353,3,3,5,11,Loyal Customers
2094,2024-01-28,4,805.9200000000001,339,3,4,3,10,Loyal Customers
2095,2024-12-27,7,2068.43,5,5,5,5,15,champions
2096,2024-12-29,2,345.15,3,5,2,2,9,New Customers
2097,2022-02-15,1,162.36,1051,1,1,1,3,Lost
2098,2024-06-07,3,1104.79,208,3,3,4,10,Loyal Customers
2099,2024-11-16,2,635.02,46,5,2,3,10,New Customers
2100,2022-07-16,1,112.93,900,1,1,1,3,Lost
2101,2024-12-13,1,684.32,19,5,1,3,9,New Customers
2102,2023-01-24,1,241.88,708,1,1,1,3,Lost
2103,2023-11-24,5,2877.19,404,2,5,5,12,At-Risk
2104,2023-12-29,3,1164.7,369,2,3,4,9,At-Risk
2105,2024-08-30,3,1280.41,124,4,3,4,11,Loyal Customers
2106,2024-09-19,6,1576.75,104,4,5,5,14,champions
2107,2024-10-11,3,484.15999999999997,82,5,3,2,10,Loyal Customers
2108,2024-01-14,3,993.12,353,3,3,4,10,Loyal Customers
2110,2024-07-25,1,527.55,160,4,1,2,7,New Customers
2111,2023-10-22,1,357.48,437,2,1,2,5,Hibernating
2112,2024-06-06,3,1214.21,209,3,3,4,10,Loyal Customers
2113,2022-12-16,3,663.5699999999999,747,1,3,3,7,Cannot Lose Them
2114,2024-05-09,4,722.49,237,3,4,3,10,Loyal Customers
2115,2024-07-29,1,103.46,156,4,1,1,6,New Customers
2116,2024-10-01,4,1428.78,92,4,4,5,13,champions
2117,2024-10-23,1,96.65,70,5,1,1,7,New Customers
2118,2023-04-28,2,644.2,614,1,2,3,6,Hibernating
2119,2022-05-15,1,412.6,962,1,1,2,4,Lost
2120,2024-04-03,3,995.38,273,3,3,4,10,Loyal Customers
2121,2023-12-14,3,892.14,384,2,3,4,9,At-Risk
2122,2024-06-02,4,3115.67,213,3,4,5,12,Loyal Customers
2123,2024-02-17,1,286.48,319,3,1,1,5,Hibernating
2124,2024-07-13,5,2171.48,172,4,5,5,14,champions
2125,2024-02-14,3,739.07,322,3,3,3,9,Loyal Customers
2126,2024-09-29,1,119.18,94,4,1,1,6,New Customers
2127,2024-08-21,3,475.63,133,4,3,2,9,Loyal Customers
2128,2024-05-09,2,273.15999999999997,237,3,2,1,6,Hibernating
2129,2024-03-21,3,637.89,286,3,3,3,9,Loyal Customers
2130,2024-12-22,3,434.27,10,5,3,2,10,Loyal Customers
2132,2024-04-07,2,363.14,269,3,2,2,7,Hibernating
2133,2024-11-09,2,586.08,53,5,2,3,10,New Customers
2134,2024-01-28,3,2122.16,339,3,3,5,11,Loyal Customers
2135,2023-06-22,3,900.12,559,2,3,4,9,At-Risk
2137,2024-01-28,3,1639.15,339,3,3,5,11,Loyal Customers
2138,2024-08-13,5,3153.77,141,4,5,5,14,champions
2139,2024-03-07,2,501.65,300,3,2,2,7,Hibernating
2140,2024-12-02,3,662.27,30,5,3,3,11,Loyal Customers
2141,2023-07-10,2,185.64999999999998,541,2,2,1,5,At-Risk
2142,2023-02-23,3,671.06,678,1,3,3,7,Cannot Lose Them
2143,2023-09-07,4,2017.85,482,2,4,5,11,At-Risk
2144,2024-06-19,2,827.34,196,4,2,3,9,New Customers
2145,2024-03-15,4,2682.1,292,3,4,5,12,Loyal Customers
2146,2024-12-16,7,2407.7799999999997,16,5,5,5,15,champions
2147,2023-01-30,3,645.34,702,1,3,3,7,Cannot Lose Them
2148,2024-08-17,4,1671.0,137,4,4,5,13,champions
2149,2024-11-20,7,1342.94,42,5,5,4,14,champions
2150,2024-05-08,2,484.09000000000003,238,3,2,2,7,Hibernating
2151,2024-07-13,3,530.8,172,4,3,2,9,Loyal Customers
2152,2024-11-30,2,821.94,32,5,2,3,10,New Customers
2153,2024-12-20,6,2196.6,12,5,5,5,15,champions
2154,2024-08-23,3,371.94,131,4,3,2,9,Loyal Customers
2155,2023-10-04,4,764.82,455,2,4,3,9,At-Risk
2156,2023-10-04,2,501.24,455,2,2,2,6,At-Risk
2157,2024-08-14,1,94.03,140,4,1,1,6,New Customers
2158,2024-06-12,3,2074.06,203,4,3,5,12,Loyal Customers
2159,2023-05-30,4,669.9,582,2,4,3,9,At-Risk
2160,2024-11-25,5,481.28999999999996,37,5,5,2,12,Loyal Customers
2161,2024-05-24,2,538.11,222,3,2,2,7,Hibernating
2162,2023-12-06,2,400.13,392,2,2,2,6,At-Risk
2163,2024-12-15,4,1087.66,17,5,4,4,13,champions
2164,2024-05-24,2,875.8299999999999,222,3,2,3,8,Potential Loyalists
2165,2024-09-15,4,1182.99,108,4,4,4,12,champions
2168,2022-03-08,1,219.64,1030,1,1,1,3,Lost
2170,2024-12-17,4,1123.3,15,5,4,4,13,champions
2171,2024-02-14,3,373.71,322,3,3,2,8,Loyal Customers
2172,2024-05-27,3,2184.5299999999997,219,3,3,5,11,Loyal Customers
2173,2023-08-21,1,164.66,499,2,1,1,4,Hibernating
2174,2022-11-15,1,146.34,778,1,1,1,3,Lost
2175,2024-03-18,5,1629.52,289,3,5,5,13,Loyal Customers
2176,2024-09-05,2,237.28,118,4,2,1,7,New Customers
2177,2024-09-21,1,289.53,102,4,1,1,6,New Customers
2178,2024-02-16,4,1099.2,320,3,4,4,11,Loyal Customers
2179,2024-06-23,5,1598.16,192,4,5,5,14,champions
2180,2022-03-03,2,723.04,1035,1,2,3,6,Hibernating
2181,2024-11-15,3,1859.15,47,5,3,5,13,Loyal Customers
2182,2023-10-19,2,1649.97,440,2,2,5,9,At-Risk
2184,2024-12-03,2,717.06,29,5,2,3,10,New Customers
2185,2022-08-17,1,166.04,868,1,1,1,3,Lost
2186,2022-07-24,1,469.77,892,1,1,2,4,Lost
2187,2024-08-29,1,47.16,125,4,1,1,6,New Customers
2188,2024-03-11,3,1716.9699999999998,296,3,3,5,11,Loyal Customers
2190,2023-10-25,1,337.52,434,2,1,2,5,Hibernating
2192,2022-11-24,1,128.9,769,1,1,1,3,Lost
2193,2023-03-21,3,1007.3900000000001,652,1,3,4,8,Cannot Lose Them
2194,2024-03-22,1,122.24,285,3,1,1,5,Hibernating
2195,2024-07-23,1,899.49,162,4,1,4,9,New Customers
2196,2022-06-08,1,83.86,938,1,1,1,3,Lost
2197,2024-10-20,3,507.83000000000004,73,5,3,2,10,Loyal Customers
2198,2023-07-30,2,647.0699999999999,521,2,2,3,7,At-Risk
2199,2024-05-23,3,887.5,223,3,3,4,10,Loyal Customers
2200,2024-04-28,3,556.05,248,3,3,2,8,Loyal Customers
2201,2023-09-16,2,842.8199999999999,473,2,2,3,7,At-Risk
2202,2024-03-07,4,1319.35,300,3,4,4,11,Loyal Customers
2203,2024-04-14,3,764.28,262,3,3,3,9,Loyal Customers
2204,2024-04-11,2,498.81,265,3,2,2,7,Hibernating
2205,2024-02-29,2,1222.04,307,3,2,4,9,Potential Loyalists
2206,2024-05-20,4,1714.4699999999998,226,3,4,5,12,Loyal Customers
2207,2024-06-28,4,1134.31,187,4,4,4,12,champions
2208,2024-10-19,5,1599.6299999999999,74,5,5,5,15,champions
2209,2024-07-01,3,670.78,184,4,3,3,10,Loyal Customers
2210,2024-06-02,3,772.26,213,3,3,3,9,Loyal Customers
2211,2023-05-05,4,840.21,607,1,4,3,8,Cannot Lose Them
2212,2024-10-14,2,562.76,79,5,2,2,9,New Customers
2215,2024-10-27,3,955.41,66,5,3,4,12,Loyal Customers
2216,2024-07-30,3,848.29,155,4,3,3,10,Loyal Customers
2217,2023-02-09,1,2042.41,692,1,1,5,7,Lost
2218,2024-09-10,4,1210.55,113,4,4,4,12,champions
2219,2024-02-22,1,540.68,314,3,1,2,6,Hibernating
2220,2023-04-04,2,515.19,638,1,2,2,5,Hibernating
2221,2022-11-24,3,1620.15,769,1,3,5,9,Cannot Lose Them
2222,2023-10-04,1,320.77,455,2,1,2,5,Hibernating
2223,2024-03-10,3,1514.75,297,3,3,5,11,Loyal Customers
2224,2023-09-23,1,27.74,466,2,1,1,4,Hibernating
2225,2024-09-17,5,1154.65,106,4,5,4,13,champions
2226,2024-03-03,4,1448.05,304,3,4,5,12,Loyal Customers
2228,2024-11-13,5,1850.62,49,5,5,5,15,champions
2229,2024-08-14,5,2974.56,140,4,5,5,14,champions
2230,2023-03-23,2,354.24,650,1,2,2,5,Hibernating
2232,2024-07-21,2,886.3599999999999,164,4,2,4,10,New Customers
2233,2023-04-10,2,465.58000000000004,632,1,2,2,5,Hibernating
2234,2024-07-07,5,788.56,178,4,5,3,12,Loyal Customers
2235,2024-01-27,2,760.4300000000001,340,3,2,3,8,Potential Loyalists
2237,2022-04-18,1,261.85,989,1,1,1,3,Lost
2238,2024-10-02,4,2746.1499999999996,91,5,4,5,14,champions
2239,2024-09-26,2,297.42,97,4,2,1,7,New Customers
2240,2024-09-21,1,453.41,102,4,1,2,7,New Customers
2242,2023-03-12,3,1436.37,661,1,3,5,9,Cannot Lose Them
2243,2023-10-23,1,375.78,436,2,1,2,5,Hibernating
2244,2023-10-19,4,1303.46,440,2,4,4,10,At-Risk
2245,2024-05-24,2,1124.34,222,3,2,4,9,Potential Loyalists
2246,2024-01-17,4,1780.7199999999998,350,3,4,5,12,Loyal Customers
2247,2024-10-04,3,2086.33,89,5,3,5,13,Loyal Customers
2248,2024-08-03,3,525.6800000000001,151,4,3,2,9,Loyal Customers
2249,2024-07-12,4,2287.54,173,4,4,5,13,champions
2250,2024-06-18,3,823.09,197,4,3,3,10,Loyal Customers
2251,2022-03-19,2,611.49,1019,1,2,3,6,Hibernating
2252,2023-10-17,4,2333.59,442,2,4,5,11,At-Risk
2253,2024-11-27,3,697.45,35,5,3,3,11,Loyal Customers
2254,2023-03-14,2,878.43,659,1,2,3,6,Hibernating
2256,2024-07-09,1,201.44,176,4,1,1,6,New Customers
2257,2024-03-26,4,1233.43,281,3,4,4,11,Loyal Customers
2258,2024-11-02,4,700.44,60,5,4,3,12,Loyal Customers
2260,2023-10-22,1,253.56,437,2,1,1,4,Hibernating
2262,2024-11-02,3,1225.8899999999999,60,5,3,4,12,Loyal Customers
2263,2023-12-07,3,756.53,391,2,3,3,8,At-Risk
2265,2024-08-04,2,533.9,150,4,2,2,8,New Customers
2267,2023-07-23,1,577.42,528,2,1,3,6,Hibernating
2268,2022-03-27,2,726.5999999999999,1011,1,2,3,6,Hibernating
2269,2024-06-12,6,1648.03,203,4,5,5,14,champions
2270,2024-06-30,3,790.7,185,4,3,3,10,Loyal Customers
2271,2023-01-11,1,110.54,721,1,1,1,3,Lost
2272,2022-09-28,1,81.46,826,1,1,1,3,Lost
2273,2024-07-13,8,1803.31,172,4,5,5,14,champions
2274,2024-11-08,4,1912.76,54,5,4,5,14,champions
2275,2024-08-03,2,917.26,151,4,2,4,10,New Customers
2276,2024-04-28,1,1002.12,248,3,1,4,8,Hibernating
2277,2024-09-13,2,672.6700000000001,110,4,2,3,9,New Customers
2278,2022-09-28,3,602.25,826,1,3,3,7,Cannot Lose Them
2280,2024-10-10,4,822.23,83,5,4,3,12,Loyal Customers
2282,2023-12-19,1,366.08,379,2,1,2,5,Hibernating
2284,2024-01-09,2,476.98,358,3,2,2,7,Hibernating
2285,2024-01-02,2,384.77,365,2,2,2,6,At-Risk
2286,2024-03-04,1,668.63,303,3,1,3,7,Hibernating
2287,2024-01-18,4,1001.26,349,3,4,4,11,Loyal Customers
2289,2023-03-28,2,384.17999999999995,645,1,2,2,5,Hibernating
2290,2024-08-13,2,850.56,141,4,2,3,9,New Customers
2291,2024-11-25,5,1439.51,37,5,5,5,15,champions
2292,2023-05-25,2,760.74,587,2,2,3,7,At-Risk
2293,2023-12-14,1,190.59,384,2,1,1,4,Hibernating
2295,2024-08-21,5,1843.38,133,4,5,5,14,champions
2296,2022-05-27,2,1522.79,950,1,2,5,8,Hibernating
2297,2024-06-04,5,830.8399999999999,211,3,5,3,11,Loyal Customers
2298,2023-07-04,1,120.74,547,2,1,1,4,Hibernating
2299,2024-12-18,4,2947.05,14,5,4,5,14,champions
2300,2023-11-19,1,142.0,409,2,1,1,4,Hibernating
2302,2024-05-22,5,1390.05,224,3,5,5,13,Loyal Customers
2303,2024-08-02,1,522.66,152,4,1,2,7,New Customers
2304,2023-03-20,2,447.26,653,1,2,2,5,Hibernating
2305,2024-02-04,2,128.55,332,3,2,1,6,Hibernating
2306,2022-12-10,1,23.41,753,1,1,1,3,Lost
2307,2024-03-22,5,1853.66,285,3,5,5,13,Loyal Customers
2308,2022-05-19,1,47.31,958,1,1,1,3,Lost
2309,2024-11-07,1,810.32,55,5,1,3,9,New Customers
2310,2023-07-29,2,528.13,522,2,2,2,6,At-Risk
2311,2024-08-09,2,166.42,145,4,2,1,7,New Customers
2312,2023-09-24,3,1107.96,465,2,3,4,9,At-Risk
2313,2023-06-17,2,582.7,564,2,2,3,7,At-Risk
2314,2024-03-17,4,825.5,290,3,4,3,10,Loyal Customers
2315,2022-10-12,1,401.83,812,1,1,2,4,Lost
2317,2024-03-03,2,772.96,304,3,2,3,8,Potential Loyalists
2318,2022-05-05,3,762.1500000000001,972,1,3,3,7,Cannot Lose Them
2319,2024-09-28,3,1364.78,95,4,3,5,12,Loyal Customers
2320,2024-11-14,3,1907.05,48,5,3,5,13,Loyal Customers
2321,2024-04-25,1,45.33,251,3,1,1,5,Hibernating
2322,2023-09-11,1,486.42,478,2,1,2,5,Hibernating
2323,2024-12-13,6,2048.7400000000002,19,5,5,5,15,champions
2324,2024-08-21,4,2128.3599999999997,133,4,4,5,13,champions
2325,2023-11-18,3,1517.18,410,2,3,5,10,At-Risk
2326,2022-08-26,2,739.33,859,1,2,3,6,Hibernating
2327,2023-02-15,1,107.38,686,1,1,1,3,Lost
2328,2024-04-10,2,449.37,266,3,2,2,7,Hibernating
2330,2023-02-24,1,251.81,677,1,1,1,3,Lost
2331,2024-03-22,2,949.25,285,3,2,4,9,Potential Loyalists
2332,2024-09-15,4,1121.1200000000001,108,4,4,4,12,champions
2333,2024-06-10,3,523.46,205,3,3,2,8,Loyal Customers
2334,2023-07-13,2,671.0,538,2,2,3,7,At-Risk
2335,2023-10-10,3,1105.01,449,2,3,4,9,At-Risk
2336,2023-09-14,3,811.27,475,2,3,3,8,At-Risk
2337,2024-02-12,3,1932.88,324,3,3,5,11,Loyal Customers
2338,2024-02-03,1,377.61,333,3,1,2,6,Hibernating
2339,2022-10-07,1,325.62,817,1,1,2,4,Lost
2340,2024-11-29,6,2163.5299999999997,33,5,5,5,15,champions
2341,2024-05-08,2,1104.19,238,3,2,4,9,Potential Loyalists
2342,2024-11-03,3,520.15,59,5,3,2,10,Loyal Customers
2343,2023-07-06,2,581.89,545,2,2,3,7,At-Risk
2344,2024-08-08,3,1503.28,146,4,3,5,12,Loyal Customers
2345,2024-10-23,3,735.65,70,5,3,3,11,Loyal Customers
2346,2024-04-09,1,460.51,267,3,1,2,6,Hibernating
2347,2024-11-15,1,171.27,47,5,1,1,7,New Customers
2348,2024-01-07,4,1577.49,360,2,4,5,11,At-Risk
2349,2024-04-26,3,608.33,250,3,3,3,9,Loyal Customers
2350,2024-11-04,2,293.53,58,5,2,1,8,New Customers
2351,2024-11-24,2,409.02,38,5,2,2,9,New Customers
2352,2024-12-19,3,1657.54,13,5,3,5,13,Loyal Customers
2353,2023-11-19,1,256.34,409,2,1,1,4,Hibernating
2354,2024-05-05,3,726.5,241,3,3,3,9,Loyal Customers
2355,2023-12-21,2,375.15999999999997,377,2,2,2,6,At-Risk
2356,2024-07-22,3,1428.6599999999999,163,4,3,5,12,Loyal Customers
2357,2024-05-07,3,745.99,239,3,3,3,9,Loyal Customers
2358,2024-04-19,3,1949.65,257,3,3,5,11,Loyal Customers
2359,2024-06-18,1,474.7,197,4,1,2,7,New Customers
2360,2022-11-01,3,597.78,792,1,3,3,7,Cannot Lose Them
2361,2024-07-02,1,207.62,183,4,1,1,6,New Customers
2363,2023-12-31,3,493.46000000000004,367,2,3,2,7,At-Risk
2364,2023-04-24,1,450.95,618,1,1,2,4,Lost
2365,2023-10-25,3,1207.74,434,2,3,4,9,At-Risk
2366,2023-08-23,1,935.53,497,2,1,4,7,Hibernating
2367,2022-08-17,2,1426.33,868,1,2,5,8,Hibernating
2368,2024-03-22,2,144.46,285,3,2,1,6,Hibernating
2369,2024-12-27,3,853.8000000000001,5,5,3,3,11,Loyal Customers
2370,2024-12-25,4,1089.0500000000002,7,5,4,4,13,champions
2371,2023-11-26,1,343.53,402,2,1,2,5,Hibernating
2372,2024-03-29,1,210.0,278,3,1,1,5,Hibernating
2373,2024-09-02,3,652.2900000000001,121,4,3,3,10,Loyal Customers
2374,2024-08-06,2,288.84000000000003,148,4,2,1,7,New Customers
2375,2024-10-28,1,178.87,65,5,1,1,7,New Customers
2376,2022-11-15,1,322.24,778,1,1,2,4,Lost
2378,2023-05-19,1,290.34,593,2,1,1,4,Hibernating
2379,2024-03-20,2,491.94,287,3,2,2,7,Hibernating
2380,2024-06-22,2,366.66,193,4,2,2,8,New Customers
2381,2024-03-06,4,1285.63,301,3,4,4,11,Loyal Customers
2382,2024-02-19,2,800.79,317,3,2,3,8,Potential Loyalists
2383,2024-11-24,1,243.74,38,5,1,1,7,New Customers
2384,2024-05-24,2,2347.01,222,3,2,5,10,Potential Loyalists
2385,2022-03-03,1,368.37,1035,1,1,2,4,Lost
2386,2023-06-06,3,1150.5,575,2,3,4,9,At-Risk
2387,2024-04-27,4,606.24,249,3,4,3,10,Loyal Customers
2388,2024-09-11,2,455.96000000000004,112,4,2,2,8,New Customers
2389,2022-06-16,1,368.28,930,1,1,2,4,Lost
2390,2024-08-01,2,542.0899999999999,153,4,2,2,8,New Customers
2393,2024-08-16,1,149.31,138,4,1,1,6,New Customers
2394,2022-04-26,1,147.71,981,1,1,1,3,Lost
2395,2024-06-13,1,276.22,202,4,1,1,6,New Customers
2396,2023-06-06,1,171.52,575,2,1,1,4,Hibernating
2397,2023-07-21,3,1195.88,530,2,3,4,9,At-Risk
2398,2023-10-04,1,326.62,455,2,1,2,5,Hibernating
2399,2024-12-23,1,409.08,9,5,1,2,8,New Customers
2400,2024-04-20,4,1695.1299999999999,256,3,4,5,12,Loyal Customers
2401,2022-10-12,1,182.55,812,1,1,1,3,Lost
2402,2023-06-04,1,146.63,577,2,1,1,4,Hibernating
2403,2024-06-20,3,560.78,195,4,3,2,9,Loyal Customers
2404,2022-09-29,3,408.28,825,1,3,2,6,Hibernating
2406,2023-08-14,2,601.71,506,2,2,3,7,At-Risk
2407,2024-08-01,3,503.03,153,4,3,2,9,Loyal Customers
2408,2024-10-22,2,638.19,71,5,2,3,10,New Customers
2409,2024-08-13,4,1135.83,141,4,4,4,12,champions
2410,2024-10-31,3,473.26,62,5,3,2,10,Loyal Customers
2411,2024-04-22,1,171.4,254,3,1,1,5,Hibernating
2412,2024-07-28,3,856.8199999999999,157,4,3,3,10,Loyal Customers
2413,2024-03-16,1,178.43,291,3,1,1,5,Hibernating
2414,2024-09-21,3,1793.73,102,4,3,5,12,Loyal Customers
2415,2024-04-19,2,322.27,257,3,2,2,7,Hibernating
2416,2024-10-04,7,1786.55,89,5,5,5,15,champions
2417,2023-11-10,3,840.23,418,2,3,3,8,At-Risk
2418,2024-10-14,3,605.8299999999999,79,5,3,3,11,Loyal Customers
2419,2022-01-11,1,70.59,1086,1,1,1,3,Lost
2420,2023-01-24,1,87.83,708,1,1,1,3,Lost
2421,2024-10-05,3,1018.1299999999999,88,5,3,4,12,Loyal Customers
2422,2024-09-03,8,2140.1,120,4,5,5,14,champions
2423,2022-07-26,2,331.05,890,1,2,2,5,Hibernating
2424,2024-04-13,2,464.2,263,3,2,2,7,Hibernating
2425,2023-11-17,4,2142.59,411,2,4,5,11,At-Risk
2426,2023-05-10,3,571.29,602,1,3,3,7,Cannot Lose Them
2427,2024-08-26,3,859.76,128,4,3,3,10,Loyal Customers
2428,2023-07-22,3,2415.66,529,2,3,5,10,At-Risk
2429,2023-05-16,3,387.38,596,2,3,2,7,At-Risk
2430,2024-09-15,2,472.74,108,4,2,2,8,New Customers
2431,2022-06-04,2,540.23,942,1,2,2,5,Hibernating
2432,2024-12-06,6,1533.25,26,5,5,5,15,champions
2433,2023-12-09,3,1300.49,389,2,3,4,9,At-Risk
2434,2024-05-01,5,2066.52,245,3,5,5,13,Loyal Customers
2435,2022-05-05,1,1148.9,972,1,1,4,6,Lost
2436,2023-09-03,3,704.14,486,2,3,3,8,At-Risk
2437,2023-02-10,2,325.49,691,1,2,2,5,Hibernating
2438,2023-10-20,3,1811.5800000000002,439,2,3,5,10,At-Risk
2439,2024-12-03,1,423.16,29,5,1,2,8,New Customers
2440,2022-06-13,1,946.35,933,1,1,4,6,Lost
2442,2023-12-31,3,471.53999999999996,367,2,3,2,7,At-Risk
2443,2024-09-15,1,254.21,108,4,1,1,6,New Customers
2445,2023-08-01,5,5245.66,519,2,5,5,12,At-Risk
2447,2023-11-08,3,628.79,420,2,3,3,8,At-Risk
2448,2024-02-24,2,675.12,312,3,2,3,8,Potential Loyalists
2449,2024-06-11,4,1080.37,204,4,4,4,12,champions
2450,2023-11-24,2,1221.5900000000001,404,2,2,4,8,At-Risk
2451,2024-10-05,5,1663.29,88,5,5,5,15,champions
2452,2024-02-19,4,733.56,317,3,4,3,10,Loyal Customers
2453,2024-07-10,2,525.02,175,4,2,2,8,New Customers
2454,2024-12-26,3,317.15,6,5,3,1,9,Loyal Customers
2455,2024-10-29,1,460.78,64,5,1,2,8,New Customers
2457,2022-01-08,1,69.01,1089,1,1,1,3,Lost
2458,2024-01-25,2,1010.76,342,3,2,4,9,Potential Loyalists
2459,2024-04-17,2,425.70000000000005,259,3,2,2,7,Hibernating
2460,2024-05-20,3,994.9100000000001,226,3,3,4,10,Loyal Customers
2461,2024-11-17,1,204.4,45,5,1,1,7,New Customers
2462,2024-03-06,2,1276.78,301,3,2,4,9,Potential Loyalists
2463,2024-02-06,3,493.86,330,3,3,2,8,Loyal Customers
2465,2024-10-16,5,2418.33,77,5,5,5,15,champions
2466,2024-06-19,1,157.89,196,4,1,1,6,New Customers
2467,2024-12-24,3,965.2,8,5,3,4,12,Loyal Customers
2468,2023-05-05,2,557.69,607,1,2,2,5,Hibernating
2470,2023-03-02,1,245.19,671,1,1,1,3,Lost
2471,2024-12-23,2,1157.01,9,5,2,4,11,New Customers
2472,2024-08-07,7,2746.63,147,4,5,5,14,champions
2473,2024-12-11,1,109.33,21,5,1,1,7,New Customers
2474,2023-11-19,2,649.48,409,2,2,3,7,At-Risk
2475,2024-06-24,1,378.46,191,4,1,2,7,New Customers
2476,2024-06-10,2,147.64999999999998,205,3,2,1,6,Hibernating
2477,2024-06-08,2,410.61,207,3,2,2,7,Hibernating
2478,2022-03-21,2,508.93999999999994,1017,1,2,2,5,Hibernating
2479,2024-03-13,2,150.58,294,3,2,1,6,Hibernating
2480,2023-09-16,2,224.62,473,2,2,1,5,At-Risk
2481,2024-08-28,3,605.34,126,4,3,3,10,Loyal Customers
2482,2024-06-09,3,679.66,206,3,3,3,9,Loyal Customers
2483,2024-05-16,1,665.64,230,3,1,3,7,Hibernating
2484,2022-03-12,1,515.49,1026,1,1,2,4,Lost
2485,2024-12-17,3,566.87,15,5,3,2,10,Loyal Customers
2486,2023-07-11,3,2907.16,540,2,3,5,10,At-Risk
2487,2024-12-04,2,261.07,28,5,2,1,8,New Customers
2488,2024-04-09,2,732.0699999999999,267,3,2,3,8,Potential Loyalists
2489,2024-04-24,4,1355.94,252,3,4,5,12,Loyal Customers
2490,2022-09-23,1,621.94,831,1,1,3,5,Lost
2491,2023-11-25,3,1182.63,403,2,3,4,9,At-Risk
2493,2024-03-30,4,651.64,277,3,4,3,10,Loyal Customers
2494,2024-05-01,1,285.85,245,3,1,1,5,Hibernating
2495,2023-04-04,1,430.13,638,1,1,2,4,Lost
2496,2023-10-17,1,82.23,442,2,1,1,4,Hibernating
2497,2022-07-10,1,355.52,906,1,1,2,4,Lost
2498,2023-09-13,1,48.7,476,2,1,1,4,Hibernating
2499,2022-10-27,1,144.28,797,1,1,1,3,Lost
2500,2022-11-19,2,254.67000000000002,774,1,2,1,4,Hibernating
2501,2024-03-08,3,1098.28,299,3,3,4,10,Loyal Customers
2502,2024-07-19,1,201.66,166,4,1,1,6,New Customers
2503,2023-08-04,3,256.31,516,2,3,1,6,At-Risk
2504,2024-07-04,3,961.41,181,4,3,4,11,Loyal Customers
2505,2024-08-26,5,688.79,128,4,5,3,12,Loyal Customers
2506,2023-10-03,3,805.97,456,2,3,3,8,At-Risk
2507,2023-07-28,1,179.24,523,2,1,1,4,Hibernating
2508,2024-08-09,5,1243.93,145,4,5,4,13,champions
2509,2024-12-24,3,2181.61,8,5,3,5,13,Loyal Customers
2510,2024-11-24,6,1176.6100000000001,38,5,5,4,14,champions
2511,2024-07-01,6,1612.83,184,4,5,5,14,champions
2512,2024-09-26,6,1744.37,97,4,5,5,14,champions
2513,2024-01-06,6,4238.93,361,2,5,5,12,At-Risk
2514,2023-11-17,4,1186.77,411,2,4,4,10,At-Risk
2515,2024-02-28,2,1294.75,308,3,2,4,9,Potential Loyalists
2516,2024-11-24,3,1065.56,38,5,3,4,12,Loyal Customers
2518,2024-07-14,2,274.44,171,4,2,1,7,New Customers
2519,2024-08-21,3,793.5,133,4,3,3,10,Loyal Customers
2520,2023-05-17,1,2110.46,595,2,1,5,8,Hibernating
2521,2024-08-18,3,835.25,136,4,3,3,10,Loyal Customers
2522,2024-02-14,2,753.3,322,3,2,3,8,Potential Loyalists
2523,2024-07-24,2,786.29,161,4,2,3,9,New Customers
2524,2024-09-28,5,1154.23,95,4,5,4,13,champions
2525,2024-12-25,5,1910.1200000000001,7,5,5,5,15,champions
2526,2024-05-13,7,1936.33,233,3,5,5,13,Loyal Customers
2530,2024-07-03,3,1079.71,182,4,3,4,11,Loyal Customers
2531,2024-12-01,1,179.52,31,5,1,1,7,New Customers
2532,2022-05-13,1,430.49,964,1,1,2,4,Lost
2533,2023-02-01,1,176.41,700,1,1,1,3,Lost
2534,2023-09-28,1,320.35,461,2,1,2,5,Hibernating
2535,2022-02-09,1,322.61,1057,1,1,2,4,Lost
2536,2024-12-17,4,917.77,15,5,4,4,13,champions
2537,2023-11-29,2,501.39,399,2,2,2,6,At-Risk
2538,2023-01-31,2,724.86,701,1,2,3,6,Hibernating
2539,2022-10-03,1,214.93,821,1,1,1,3,Lost
2540,2023-12-08,2,425.61,390,2,2,2,6,At-Risk
2542,2024-08-26,6,746.47,128,4,5,3,12,Loyal Customers
2543,2022-10-03,2,1437.3400000000001,821,1,2,5,8,Hibernating
2544,2024-12-18,2,1243.3000000000002,14,5,2,4,11,New Customers
2545,2024-04-14,4,895.77,262,3,4,4,11,Loyal Customers
2546,2023-09-05,2,118.82000000000001,484,2,2,1,5,At-Risk
2547,2024-12-15,2,393.76,17,5,2,2,9,New Customers
2548,2024-07-02,3,672.76,183,4,3,3,10,Loyal Customers
2549,2023-10-26,2,1584.31,433,2,2,5,9,At-Risk
2550,2023-08-27,3,705.25,493,2,3,3,8,At-Risk
2551,2023-10-13,2,813.21,446,2,2,3,7,At-Risk
2552,2023-12-24,2,590.74,374,2,2,3,7,At-Risk
2553,2022-04-28,1,234.08,979,1,1,1,3,Lost
2554,2024-04-07,4,1073.83,269,3,4,4,11,Loyal Customers
2555,2022-12-10,4,1308.57,753,1,4,4,9,Cannot Lose Them
2556,2023-05-18,1,132.37,594,2,1,1,4,Hibernating
2557,2024-01-14,2,362.28,353,3,2,2,7,Hibernating
2558,2023-06-30,4,1198.67,551,2,4,4,10,At-Risk
2559,2024-07-27,4,1879.6999999999998,158,4,4,5,13,champions
2560,2023-03-09,2,436.81,664,1,2,2,5,Hibernating
2561,2024-11-05,2,410.88,57,5,2,2,9,New Customers
2562,2023-10-26,2,294.01,433,2,2,1,5,At-Risk
2563,2023-06-21,3,2672.9300000000003,560,2,3,5,10,At-Risk
2564,2024-06-26,2,140.78,189,4,2,1,7,New Customers
2565,2024-07-30,4,1008.44,155,4,4,4,12,champions
2567,2022-08-12,1,202.77,873,1,1,1,3,Lost
2568,2023-10-18,3,921.6,441,2,3,4,9,At-Risk
2569,2024-01-18,4,2709.57,349,3,4,5,12,Loyal Customers
2570,2023-01-20,1,141.55,712,1,1,1,3,Lost
2571,2024-03-08,2,747.0899999999999,299,3,2,3,8,Potential Loyalists
2572,2024-02-08,2,2421.74,328,3,2,5,10,Potential Loyalists
2573,2022-05-12,1,366.46,965,1,1,2,4,Lost
2574,2024-09-19,2,650.99,104,4,2,3,9,New Customers
2576,2024-09-06,3,594.51,117,4,3,3,10,Loyal Customers
2577,2022-08-31,2,413.32,854,1,2,2,5,Hibernating
2578,2024-05-29,4,1107.01,217,3,4,4,11,Loyal Customers
2579,2022-10-28,2,730.8,796,1,2,3,6,Hibernating
2580,2024-04-25,3,582.92,251,3,3,3,9,Loyal Customers
2581,2024-11-29,1,137.04,33,5,1,1,7,New Customers
2582,2023-06-29,3,927.15,552,2,3,4,9,At-Risk
2583,2024-06-06,6,2241.12,209,3,5,5,13,Loyal Customers
2584,2023-03-07,2,428.90999999999997,666,1,2,2,5,Hibernating
2585,2024-11-13,3,1284.99,49,5,3,4,12,Loyal Customers
2586,2022-08-07,1,212.61,878,1,1,1,3,Lost
2588,2024-12-29,4,1863.77,3,5,4,5,14,champions
2589,2024-09-14,2,1010.18,109,4,2,4,10,New Customers
2590,2023-03-29,3,1746.4100000000003,644,1,3,5,9,Cannot Lose Them
2591,2023-03-27,2,166.32,646,1,2,1,4,Hibernating
2592,2024-01-05,2,765.34,362,2,2,3,7,At-Risk
2593,2022-11-12,2,815.05,781,1,2,3,6,Hibernating
2594,2024-12-25,3,674.63,7,5,3,3,11,Loyal Customers
2595,2023-01-07,1,289.55,725,1,1,1,3,Lost
2596,2022-01-03,1,264.07,1094,1,1,1,3,Lost
2597,2024-07-08,4,898.1,177,4,4,4,12,champions
2598,2024-12-07,5,1551.88,25,5,5,5,15,champions
2599,2024-12-23,4,1490.39,9,5,4,5,14,champions
2601,2024-09-27,2,412.8,96,4,2,2,8,New Customers
2602,2024-05-09,3,1025.85,237,3,3,4,10,Loyal Customers
2604,2024-06-01,1,269.27,214,3,1,1,5,Hibernating
2605,2023-04-29,1,972.75,613,1,1,4,6,Lost
2606,2024-08-23,2,441.82,131,4,2,2,8,New Customers
2607,2024-10-11,4,1247.58,82,5,4,4,13,champions
2608,2024-07-06,4,1370.8600000000001,179,4,4,5,13,champions
2609,2023-03-09,2,1224.65,664,1,2,4,7,Hibernating
2610,2023-12-01,2,238.29000000000002,397,2,2,1,5,At-Risk
2611,2024-11-25,5,1243.04,37,5,5,4,14,champions
2612,2024-09-09,2,369.59999999999997,114,4,2,2,8,New Customers
2613,2024-11-28,2,784.4499999999999,34,5,2,3,10,New Customers
2614,2022-12-15,1,340.9,748,1,1,2,4,Lost
2615,2024-09-04,3,756.24,119,4,3,3,10,Loyal Customers
2616,2023-03-01,2,610.0699999999999,672,1,2,3,6,Hibernating
2617,2023-12-15,3,545.86,383,2,3,2,7,At-Risk
2618,2024-08-30,5,1054.3500000000001,124,4,5,4,13,champions
2619,2023-05-13,1,361.67,599,1,1,2,4,Lost
2620,2022-05-08,1,1243.54,969,1,1,4,6,Lost
2621,2024-11-12,3,1054.9099999999999,50,5,3,4,12,Loyal Customers
2623,2024-02-08,1,62.34,328,3,1,1,5,Hibernating
2624,2023-08-09,2,1211.27,511,2,2,4,8,At-Risk
2625,2023-10-26,3,1707.37,433,2,3,5,10,At-Risk
2627,2024-03-23,6,1581.3899999999999,284,3,5,5,13,Loyal Customers
2628,2024-04-09,1,127.52,267,3,1,1,5,Hibernating
2629,2024-06-25,4,821.33,190,4,4,3,11,Loyal Customers
2630,2024-09-23,2,116.52,100,4,2,1,7,New Customers
2631,2023-06-17,4,782.96,564,2,4,3,9,At-Risk
2632,2022-04-12,1,252.75,995,1,1,1,3,Lost
2633,2024-08-02,1,236.84,152,4,1,1,6,New Customers
2634,2024-03-03,4,1301.6200000000001,304,3,4,4,11,Loyal Customers
2635,2024-10-24,5,1287.73,69,5,5,4,14,champions
2637,2022-10-15,1,150.52,809,1,1,1,3,Lost
2638,2024-03-07,3,1346.22,300,3,3,4,10,Loyal Customers
2639,2024-10-29,2,686.84,64,5,2,3,10,New Customers
2641,2024-02-26,6,2652.51,310,3,5,5,13,Loyal Customers
2643,2024-07-15,1,574.61,170,4,1,3,8,New Customers
2644,2023-03-28,2,1390.5900000000001,645,1,2,5,8,Hibernating
2646,2024-03-19,2,521.39,288,3,2,2,7,Hibernating
2647,2022-01-25,1,315.4,1072,1,1,1,3,Lost
2648,2024-12-19,6,2099.7,13,5,5,5,15,champions
2649,2024-02-14,4,2344.73,322,3,4,5,12,Loyal Customers
2650,2024-09-09,2,476.25,114,4,2,2,8,New Customers
2652,2023-08-07,2,339.92,513,2,2,2,6,At-Risk
2653,2024-02-12,1,653.05,324,3,1,3,7,Hibernating
2654,2024-11-09,1,179.33,53,5,1,1,7,New Customers
2655,2022-06-30,2,827.59,916,1,2,3,6,Hibernating
2656,2024-10-02,1,340.53,91,5,1,2,8,New Customers
2657,2024-09-17,3,739.0500000000001,106,4,3,3,10,Loyal Customers
2658,2024-06-29,4,563.74,186,4,4,2,10,Loyal Customers
2659,2024-09-05,5,991.1700000000001,118,4,5,4,13,champions
2660,2023-12-15,2,1873.3899999999999,383,2,2,5,9,At-Risk
2661,2024-04-19,3,1047.95,257,3,4,4,11,Loyal Customers
2662,2024-11-03,2,263.56,59,5,2,1,8,New Customers
2663,2022-11-14,2,590.8399999999999,779,1,2,3,6,Hibernating
2664,2024-12-14,4,2513.12,18,5,4,5,14,champions
2665,2023-11-13,3,264.4,415,2,4,1,7,At-Risk
2666,2024-06-22,4,1548.09,193,4,4,5,13,champions
2667,2024-06-01,2,1591.71,214,3,2,5,10,Potential Loyalists
2668,2024-07-16,3,1486.41,169,4,4,5,13,champions
2669,2022-01-03,1,537.81,1094,1,1,2,4,Lost
2670,2023-12-03,1,409.62,395,2,1,2,5,Hibernating
2671,2024-12-01,3,627.37,31,5,4,3,12,Loyal Customers
2672,2024-08-04,3,1186.8500000000001,150,4,4,4,12,champions
2673,2023-03-01,2,726.65,672,1,2,3,6,Hibernating
2674,2023-12-27,3,1959.77,371,2,4,5,11,At-Risk
2675,2024-04-12,3,783.53,264,3,4,3,10,Loyal Customers
2676,2023-05-26,2,1494.06,586,2,2,5,9,At-Risk
2677,2024-04-24,3,1010.0699999999999,252,3,4,4,11,Loyal Customers
2678,2024-01-21,1,329.91,346,3,1,2,6,Hibernating
2679,2024-10-11,3,906.87,82,5,4,4,13,champions
2680,2022-05-12,1,146.97,965,1,1,1,3,Lost
2681,2024-03-19,4,1533.17,288,3,4,5,12,Loyal Customers
2682,2024-06-14,2,2232.14,201,4,2,5,11,New Customers
2683,2022-10-13,2,444.41999999999996,811,1,2,2,5,Hibernating
2684,2024-04-16,2,1047.92,260,3,2,4,9,Potential Loyalists
2685,2024-11-07,4,754.85,55,5,4,3,12,Loyal Customers
2686,2024-11-28,3,1147.32,34,5,4,4,13,champions
2687,2023-08-31,1,497.08,489,2,1,2,5,Hibernating
2688,2023-02-16,3,386.20000000000005,685,1,4,2,7,Hibernating
2689,2022-12-18,1,314.7,745,1,1,1,3,Lost
2690,2024-07-24,3,544.46,161,4,4,2,10,Loyal Customers
2691,2024-06-10,2,530.27,205,3,2,2,7,Hibernating
2693,2023-11-06,2,295.88,422,2,2,1,5,At-Risk
2694,2023-08-13,4,794.01,507,2,4,3,9,At-Risk
2695,2023-05-09,4,799.6,603,1,4,3,8,Cannot Lose Them
2696,2023-03-20,2,1058.57,653,1,2,4,7,Hibernating
2697,2024-06-15,3,588.23,200,4,4,3,11,Loyal Customers
2698,2024-11-09,5,1198.8600000000001,53,5,5,4,14,champions
2699,2023-01-16,2,405.9,716,1,2,2,5,Hibernating
2700,2024-09-23,4,2075.7999999999997,100,4,5,5,14,champions
2701,2023-10-07,2,1358.59,452,2,2,5,9,At-Risk
2702,2024-11-03,7,3849.66,59,5,5,5,15,champions
2703,2024-04-13,1,537.16,263,3,1,2,6,Hibernating
2704,2024-12-11,2,2248.94,21,5,2,5,12,New Customers
2705,2023-12-25,3,845.71,373,2,4,3,9,At-Risk
2706,2024-12-28,2,284.5,4,5,2,1,8,New Customers
2707,2023-06-19,1,175.1,562,2,1,1,4,Hibernating
2708,2024-05-21,2,280.11,225,3,2,1,6,Hibernating
2709,2024-12-25,1,227.47,7,5,1,1,7,New Customers
2710,2022-04-26,1,343.69,981,1,1,2,4,Lost
2711,2024-08-15,2,437.45000000000005,139,4,2,2,8,New Customers
2712,2024-08-16,3,415.59000000000003,138,4,4,2,10,Loyal Customers
2713,2024-05-24,4,601.77,222,3,5,3,11,Loyal Customers
2714,2023-05-22,1,318.35,590,2,1,1,4,Hibernating
2715,2024-03-14,3,2584.4300000000003,293,3,4,5,12,Loyal Customers
2716,2024-07-08,4,1138.17,177,4,5,4,13,champions
2717,2023-06-10,4,1136.4499999999998,571,2,5,4,11,At-Risk
2718,2024-11-12,2,264.07,50,5,2,1,8,New Customers
2719,2023-09-18,4,1838.1999999999998,471,2,5,5,12,At-Risk
2720,2024-12-23,4,1305.58,9,5,5,4,14,champions
2721,2024-10-10,4,1646.32,83,5,5,5,15,champions
2722,2024-11-02,1,1233.86,60,5,1,4,10,New Customers
2723,2024-02-02,1,813.8,334,3,1,3,7,Hibernating
2724,2022-08-17,1,224.51,868,1,1,1,3,Lost
2725,2023-09-13,1,250.89,476,2,1,1,4,Hibernating
2726,2024-10-19,4,970.09,74,5,5,4,14,champions
2729,2024-05-10,2,1123.05,236,3,2,4,9,Potential Loyalists
2730,2024-12-20,6,2244.64,12,5,5,5,15,champions
2732,2023-02-17,2,489.36,684,1,2,2,5,Hibernating
2733,2024-10-30,2,347.17999999999995,63,5,2,2,9,New Customers
2734,2023-10-06,3,1318.05,453,2,4,4,10,At-Risk
2735,2024-01-16,3,616.26,351,3,4,3,10,Loyal Customers
2736,2022-06-27,1,155.55,919,1,1,1,3,Lost
2737,2024-07-16,4,1507.79,169,4,5,5,14,champions
2738,2023-05-06,2,1063.8,606,1,2,4,7,Hibernating
2739,2024-07-19,3,1194.77,166,4,4,4,12,champions
2740,2024-07-23,6,1386.98,162,4,5,5,14,champions
2741,2024-11-25,4,694.44,37,5,5,3,13,Loyal Customers
2742,2024-09-16,3,1644.8799999999999,107,4,4,5,13,champions
2743,2023-10-12,3,2184.37,447,2,4,5,11,At-Risk
2745,2024-04-05,2,1638.78,271,3,2,5,10,Potential Loyalists
2746,2024-11-30,3,1404.08,32,5,4,5,14,champions
2747,2024-09-03,3,726.3900000000001,120,4,4,3,11,Loyal Customers
2748,2024-03-07,3,442.12,300,3,4,2,9,Loyal Customers
2749,2024-10-22,3,865.92,71,5,4,3,12,Loyal Customers
2750,2024-02-01,2,1415.17,335,3,2,5,10,Potential Loyalists
2751,2024-07-31,3,1124.15,154,4,4,4,12,champions
2752,2024-01-30,1,354.94,337,3,1,2,6,Hibernating
2753,2024-03-21,3,672.86,286,3,4,3,10,Loyal Customers
2754,2024-08-02,5,1665.87,152,4,5,5,14,champions
2755,2022-03-30,1,325.77,1008,1,1,2,4,Lost
2756,2024-04-15,3,1209.9299999999998,261,3,4,4,11,Loyal Customers
2757,2022-11-08,2,1337.07,785,1,2,4,7,Hibernating
2758,2024-12-14,2,260.06,18,5,2,1,8,New Customers
2759,2023-04-30,1,324.81,612,1,1,2,4,Lost
2760,2022-01-14,1,1007.65,1083,1,1,4,6,Lost
2761,2024-09-24,4,995.4200000000001,99,4,5,4,13,champions
2762,2024-04-25,3,738.61,251,3,4,3,10,Loyal Customers
2763,2024-06-09,3,522.56,206,3,4,2,9,Loyal Customers
2765,2023-08-13,5,2533.04,507,2,5,5,12,At-Risk
2766,2024-09-03,2,273.45,120,4,2,1,7,New Customers
2767,2023-12-30,4,1604.4899999999998,368,2,5,5,12,At-Risk
2768,2024-05-03,3,695.5,243,3,4,3,10,Loyal Customers
2769,2022-01-29,1,47.03,1068,1,1,1,3,Lost
2770,2024-03-24,3,741.87,283,3,4,3,10,Loyal Customers
2771,2024-03-13,2,135.18,294,3,2,1,6,Hibernating
2772,2024-11-07,3,502.13,55,5,4,2,11,Loyal Customers
2774,2024-10-28,4,1166.9299999999998,65,5,5,4,14,champions
2775,2024-10-21,3,1152.1,72,5,4,4,13,champions
2776,2023-01-04,2,415.74,728,1,2,2,5,Hibernating
2777,2024-10-23,2,276.63,70,5,2,1,8,New Customers
2778,2024-03-06,4,839.6600000000001,301,3,5,3,11,Loyal Customers
2779,2024-11-22,2,435.8,40,5,2,2,9,New Customers
2780,2023-12-04,2,1039.74,394,2,2,4,8,At-Risk
2781,2024-07-20,1,311.08,165,4,1,1,6,New Customers
2783,2024-04-25,4,1393.44,251,3,5,5,13,Loyal Customers
2784,2022-07-27,1,360.47,889,1,1,2,4,Lost
2785,2024-12-25,2,1550.04,7,5,2,5,12,New Customers
2786,2024-06-03,5,1029.1,212,3,5,4,12,Loyal Customers
2787,2024-08-03,5,1118.95,151,4,5,4,13,champions
2788,2023-10-21,3,1353.38,438,2,4,5,11,At-Risk
2789,2024-12-17,3,934.7,15,5,4,4,13,champions
2790,2024-11-23,3,605.32,39,5,4,3,12,Loyal Customers
2791,2022-07-24,1,423.56,892,1,1,2,4,Lost
2792,2023-07-11,1,219.55,540,2,1,1,4,Hibernating
2793,2024-04-19,2,1671.1,257,3,2,5,10,Potential Loyalists
2794,2024-06-12,4,1232.99,203,4,5,4,13,champions
2795,2023-05-24,1,224.05,588,2,1,1,4,Hibernating
2796,2024-11-17,5,1053.15,45,5,5,4,14,champions
2797,2023-06-06,1,85.92,575,2,1,1,4,Hibernating
2798,2024-03-21,2,358.21,286,3,2,2,7,Hibernating
2799,2024-08-30,3,818.67,124,4,4,3,11,Loyal Customers
2800,2024-11-27,1,62.26,35,5,1,1,7,New Customers
2801,2024-05-17,2,595.4200000000001,229,3,2,3,8,Potential Loyalists
2802,2022-10-17,2,1295.0,807,1,2,4,7,Hibernating
2803,2024-01-25,3,1096.4,342,3,4,4,11,Loyal Customers
2804,2023-07-15,1,179.14,536,2,1,1,4,Hibernating
2806,2023-07-07,2,940.8,544,2,2,4,8,At-Risk
2807,2024-06-14,5,2232.52,201,4,5,5,14,champions
2808,2024-06-22,8,2694.27,193,4,5,5,14,champions
2810,2024-09-03,2,290.09000000000003,120,4,2,1,7,New Customers
2811,2023-12-29,4,911.0,369,2,5,4,11,At-Risk
2813,2024-07-07,2,3564.33,178,4,2,5,11,New Customers
2814,2024-07-30,2,585.9300000000001,155,4,2,3,9,New Customers
2815,2024-09-14,5,1044.44,109,4,5,4,13,champions
2816,2024-10-21,1,134.28,72,5,1,1,7,New Customers
2817,2023-12-24,5,695.1700000000001,374,2,5,3,10,At-Risk
2818,2023-11-05,7,3254.48,423,2,5,5,12,At-Risk
2819,2024-09-05,2,277.74,118,4,2,1,7,New Customers
2820,2024-09-23,3,839.8,100,4,4,3,11,Loyal Customers
2821,2024-11-30,3,1344.74,32,5,4,4,13,champions
2822,2024-02-19,3,1364.76,317,3,4,5,12,Loyal Customers
2823,2024-04-27,4,1604.75,249,3,5,5,13,Loyal Customers
2824,2023-08-09,1,242.07,511,2,1,1,4,Hibernating
2825,2024-03-20,4,859.02,287,3,5,3,11,Loyal Customers
2826,2023-02-17,4,1564.5,684,1,5,5,11,Cannot Lose Them
2827,2024-08-09,6,1311.87,145,4,5,4,13,champions
2828,2024-01-08,1,358.74,359,2,1,2,5,Hibernating
2830,2023-01-19,1,129.06,713,1,1,1,3,Lost
2831,2022-03-11,1,113.25,1027,1,1,1,3,Lost
2832,2024-11-10,3,895.32,52,5,4,4,13,champions
2833,2024-11-20,4,1059.09,42,5,5,4,14,champions
2834,2024-08-22,1,158.8,132,4,1,1,6,New Customers
2835,2023-08-06,4,1144.17,514,2,5,4,11,At-Risk
2836,2023-04-17,3,502.61,625,1,4,2,7,Hibernating
2837,2024-03-10,3,934.5899999999999,297,3,4,4,11,Loyal Customers
2838,2024-02-09,3,1285.62,327,3,4,4,11,Loyal Customers
2839,2023-02-17,1,334.1,684,1,1,2,4,Lost
2840,2024-01-15,1,615.29,352,3,1,3,7,Hibernating
2841,2024-10-31,3,1318.8,62,5,4,4,13,champions
2842,2023-11-11,2,712.19,417,2,2,3,7,At-Risk
2843,2024-08-24,3,921.71,130,4,4,4,12,champions
2844,2022-12-14,2,517.81,749,1,2,2,5,Hibernating
2845,2024-06-24,1,379.28,191,4,1,2,7,New Customers
2846,2024-05-10,3,1474.1999999999998,236,3,4,5,12,Loyal Customers
2847,2024-03-07,1,289.4,300,3,1,1,5,Hibernating
2848,2024-12-06,5,1424.86,26,5,5,5,15,champions
2849,2024-03-08,3,952.5699999999999,299,3,4,4,11,Loyal Customers
2850,2023-07-12,2,259.90999999999997,539,2,2,1,5,At-Risk
2851,2024-01-28,2,313.25,339,3,2,1,6,Hibernating
2852,2024-12-14,2,474.11,18,5,2,2,9,New Customers
2853,2024-08-31,3,973.39,123,4,4,4,12,champions
2854,2024-10-04,3,367.15,89,5,4,2,11,Loyal Customers
2855,2022-08-05,1,288.21,880,1,1,1,3,Lost
2856,2024-10-12,5,1305.19,81,5,5,4,14,champions
2857,2024-11-25,6,1927.89,37,5,5,5,15,champions
2858,2024-06-29,5,1102.1299999999999,186,4,5,4,13,champions
2859,2023-12-04,2,675.53,394,2,2,3,7,At-Risk
2860,2023-12-14,2,976.4399999999999,384,2,2,4,8,At-Risk
2861,2024-10-05,7,2333.37,88,5,5,5,15,champions
2862,2024-08-22,2,740.27,132,4,2,3,9,New Customers
2863,2024-09-02,1,370.68,121,4,1,2,7,New Customers
2865,2024-10-07,8,1667.52,86,5,5,5,15,champions
2866,2022-08-26,1,373.43,859,1,1,2,4,Lost
2867,2022-05-04,1,510.72,973,1,1,2,4,Lost
2868,2024-08-23,4,730.9300000000001,131,4,5,3,12,Loyal Customers
2869,2024-09-24,4,1056.95,99,4,5,4,13,champions
2870,2024-01-09,4,804.23,358,3,5,3,11,Loyal Customers
2871,2022-10-24,1,92.27,800,1,1,1,3,Lost
2873,2023-08-24,3,915.37,496,2,4,4,10,At-Risk
2875,2023-12-01,3,1437.58,397,2,4,5,11,At-Risk
2876,2024-10-09,3,1723.1399999999999,84,5,4,5,14,champions
2877,2022-02-17,1,105.55,1049,1,1,1,3,Lost
2878,2024-07-28,3,1313.16,157,4,4,4,12,champions
2879,2024-10-04,2,604.09,89,5,2,3,10,New Customers
2880,2023-04-17,3,1099.81,625,1,4,4,9,Cannot Lose Them
2881,2024-02-21,6,1955.02,315,3,5,5,13,Loyal Customers
2882,2023-01-25,1,230.23,707,1,1,1,3,Lost
2883,2023-04-09,1,805.55,633,1,1,3,5,Lost
2884,2024-06-16,4,1036.93,199,4,5,4,13,champions
2885,2023-12-13,2,1000.79,385,2,2,4,8,At-Risk
2886,2024-11-20,4,987.08,42,5,5,4,14,champions
2887,2024-08-11,4,856.6800000000001,143,4,5,3,12,Loyal Customers
2888,2022-12-11,1,161.22,752,1,1,1,3,Lost
2890,2024-11-12,4,779.01,50,5,5,3,13,Loyal Customers
2891,2024-01-15,2,1083.27,352,3,2,4,9,Potential Loyalists
2892,2024-04-21,3,633.44,255,3,4,3,10,Loyal Customers
2894,2023-12-11,4,1207.01,387,2,5,4,11,At-Risk
2895,2024-06-16,2,478.21999999999997,199,4,2,2,8,New Customers
2896,2024-07-23,7,2018.74,162,4,5,5,14,champions
2898,2024-05-27,1,814.93,219,3,1,3,7,Hibernating
2899,2023-10-29,4,970.4200000000001,430,2,5,4,11,At-Risk
2900,2024-04-21,3,975.99,255,3,4,4,11,Loyal Customers
2901,2023-04-16,3,748.52,626,1,4,3,8,Cannot Lose Them
2902,2023-11-07,2,657.49,421,2,2,3,7,At-Risk
2903,2024-07-06,2,339.52,179,4,2,2,8,New Customers
2904,2024-08-15,1,270.5,139,4,1,1,6,New Customers
2905,2024-09-12,4,1449.72,111,4,5,5,14,champions
2906,2024-09-19,4,937.11,104,4,5,4,13,champions
2907,2022-12-20,2,542.05,743,1,2,2,5,Hibernating
2908,2024-02-17,3,399.42999999999995,319,3,4,2,9,Loyal Customers
2909,2024-09-05,4,1019.2,118,4,5,4,13,champions
2910,2024-09-22,2,1335.41,101,4,2,4,10,New Customers
2912,2024-07-12,4,1075.73,173,4,5,4,13,champions
2913,2023-04-20,3,801.29,622,1,4,3,8,Cannot Lose Them
2914,2023-01-28,1,47.9,704,1,1,1,3,Lost
2915,2024-06-29,4,1551.3899999999999,186,4,5,5,14,champions
2916,2022-07-09,2,1358.25,907,1,2,5,8,Hibernating
2917,2022-07-28,1,136.66,888,1,1,1,3,Lost
2918,2024-08-07,3,2236.62,147,4,4,5,13,champions
2919,2022-09-30,2,1242.03,824,1,2,4,7,Hibernating
2920,2024-09-13,2,792.01,110,4,2,3,9,New Customers
2921,2024-02-16,5,911.13,320,3,5,4,12,Loyal Customers
2922,2022-08-02,1,487.82,883,1,1,2,4,Lost
2923,2024-05-10,1,334.16,236,3,1,2,6,Hibernating
2925,2023-05-04,3,821.48,608,1,4,3,8,Cannot Lose Them
2926,2024-11-20,2,714.99,42,5,2,3,10,New Customers
2927,2023-07-07,2,1447.98,544,2,2,5,9,At-Risk
2928,2024-06-27,3,1007.99,188,4,4,4,12,champions
2929,2024-10-22,4,1102.68,71,5,5,4,14,champions
2930,2022-03-04,2,1254.33,1034,1,2,4,7,Hibernating
2932,2024-12-27,3,1804.5900000000001,5,5,4,5,14,champions
2933,2023-07-27,2,779.5699999999999,524,2,2,3,7,At-Risk
2934,2024-04-03,4,1090.4199999999998,273,3,5,4,12,Loyal Customers
2935,2024-02-07,3,904.7,329,3,4,4,11,Loyal Customers
2936,2024-09-14,5,1077.22,109,4,5,4,13,champions
2937,2024-10-06,6,1252.35,87,5,5,4,14,champions
2938,2024-04-10,3,512.26,266,3,4,2,9,Loyal Customers
2939,2024-12-02,5,2208.94,30,5,5,5,15,champions
2940,2022-09-09,2,238.7,845,1,2,1,4,Hibernating
2941,2022-03-15,1,106.38,1023,1,1,1,3,Lost
2942,2024-05-03,2,416.78000000000003,243,3,2,2,7,Hibernating
2943,2024-09-03,2,754.62,120,4,2,3,9,New Customers
2944,2023-10-05,2,1056.15,454,2,2,4,8,At-Risk
2945,2024-07-17,3,637.79,168,4,4,3,11,Loyal Customers
2946,2024-09-19,3,739.43,104,4,4,3,11,Loyal Customers
2947,2023-12-30,2,827.55,368,2,2,3,7,At-Risk
2948,2024-07-31,3,1192.17,154,4,4,4,12,champions
2949,2024-06-10,3,369.85,205,3,4,2,9,Loyal Customers
2950,2024-07-06,4,1232.47,179,4,5,4,13,champions
2951,2024-02-08,2,305.18,328,3,2,1,6,Hibernating
2952,2024-10-08,4,695.14,85,5,5,3,13,Loyal Customers
2953,2022-06-22,1,166.13,924,1,1,1,3,Lost
2954,2024-12-14,4,595.24,18,5,5,3,13,Loyal Customers
2955,2024-02-09,3,7688.55,327,3,4,5,12,Loyal Customers
2956,2024-09-15,3,540.79,108,4,4,2,10,Loyal Customers
2957,2024-12-03,2,482.76,29,5,2,2,9,New Customers
2958,2024-08-13,7,1434.43,141,4,5,5,14,champions
2959,2024-03-17,3,459.25,290,3,4,2,9,Loyal Customers
2960,2024-08-03,4,1017.89,151,4,5,4,13,champions
2961,2023-01-18,2,639.6800000000001,714,1,2,3,6,Hibernating
2962,2022-10-11,2,527.4,813,1,2,2,5,Hibernating
2963,2023-09-03,2,559.89,486,2,2,2,6,At-Risk
2964,2024-08-04,1,189.94,150,4,1,1,6,New Customers
2965,2023-04-06,1,607.39,636,1,1,3,5,Lost
2966,2024-05-29,1,131.03,217,3,1,1,5,Hibernating
2967,2024-02-06,2,860.88,330,3,2,3,8,Potential Loyalists
2968,2024-07-04,3,924.4599999999999,181,4,4,4,12,champions
2969,2024-03-04,7,2587.69,303,3,5,5,13,Loyal Customers
2971,2023-03-05,1,959.13,668,1,1,4,6,Lost
2972,2024-05-11,2,278.12,235,3,2,1,6,Hibernating
2973,2024-11-29,3,794.6,33,5,4,3,12,Loyal Customers
2974,2023-10-15,3,2446.73,444,2,4,5,11,At-Risk
2975,2024-06-15,3,1177.94,200,4,4,4,12,champions
2976,2023-12-12,3,973.2900000000001,386,2,4,4,10,At-Risk
2978,2024-01-10,2,918.99,357,3,2,4,9,Potential Loyalists
2979,2024-09-05,2,1344.56,118,4,2,4,10,New Customers
2980,2024-06-27,2,359.97,188,4,2,2,8,New Customers
2981,2024-11-27,2,514.9300000000001,35,5,2,2,9,New Customers
2982,2024-04-04,2,414.63,272,3,2,2,7,Hibernating
2983,2024-09-07,5,1176.48,116,4,5,4,13,champions
2984,2024-06-14,4,1150.74,201,4,5,4,13,champions
2985,2024-08-18,3,2829.36,136,4,4,5,13,champions
2986,2023-07-21,1,183.28,530,2,1,1,4,Hibernating
2987,2024-06-03,6,1092.98,212,3,5,4,12,Loyal Customers
2988,2024-01-22,2,1295.03,345,3,2,4,9,Potential Loyalists
2989,2024-10-16,4,815.91,77,5,5,3,13,Loyal Customers
2991,2024-07-29,4,1097.53,156,4,5,4,13,champions
2992,2023-11-28,3,602.33,400,2,4,3,9,At-Risk
2993,2023-09-08,2,283.06,481,2,2,1,5,At-Risk
2994,2024-12-03,6,3031.07,29,5,5,5,15,champions
2995,2024-12-07,2,586.5,25,5,2,3,10,New Customers
2996,2024-12-07,5,1195.49,25,5,5,4,14,champions
2997,2024-07-01,3,807.03,184,4,4,3,11,Loyal Customers
2998,2024-02-15,1,318.45,321,3,1,1,5,Hibernating
2999,2023-11-09,2,509.71999999999997,419,2,2,2,6,At-Risk
3000,2024-09-12,2,859.48,111,4,2,3,9,New Customers
3001,2023-08-10,2,188.35000000000002,510,2,2,1,5,At-Risk
3002,2023-08-30,2,320.64,490,2,2,2,6,At-Risk
3003,2023-08-15,1,199.3,505,2,1,1,4,Hibernating
3004,2022-09-18,1,368.98,836,1,1,2,4,Lost
3005,2024-05-28,2,484.78,218,3,2,2,7,Hibernating
3006,2024-09-13,3,703.3,110,4,4,3,11,Loyal Customers
3007,2024-07-07,4,1121.46,178,4,5,4,13,champions
3008,2023-10-05,2,286.35,454,2,2,1,5,At-Risk
3009,2024-11-20,3,599.47,42,5,4,3,12,Loyal Customers
3011,2022-08-09,2,583.35,876,1,2,3,6,Hibernating
3012,2023-02-17,3,2008.98,684,1,4,5,10,Cannot Lose Them
3013,2022-10-05,2,2217.7200000000003,819,1,2,5,8,Hibernating
3015,2023-03-06,1,314.25,667,1,1,1,3,Lost
3016,2023-09-05,3,783.8399999999999,484,2,4,3,9,At-Risk
3017,2024-08-25,1,88.49,129,4,1,1,6,New Customers
3018,2023-01-13,1,171.67,719,1,1,1,3,Lost
3019,2024-06-08,1,36.69,207,3,1,1,5,Hibernating
3020,2024-03-15,2,1076.75,292,3,2,4,9,Potential Loyalists
3021,2024-09-17,2,1226.37,106,4,2,4,10,New Customers
3022,2024-07-16,3,1218.15,169,4,4,4,12,champions
3023,2022-07-09,1,317.51,907,1,1,1,3,Lost
3024,2024-12-16,6,3326.38,16,5,5,5,15,champions
3025,2024-06-26,6,4044.8999999999996,189,4,5,5,14,champions
3026,2024-12-18,1,1310.9,14,5,1,4,10,New Customers
3027,2023-12-08,3,656.6400000000001,390,2,4,3,9,At-Risk
3028,2023-05-03,3,783.4100000000001,609,1,4,3,8,Cannot Lose Them
3029,2023-06-26,1,213.48,555,2,1,1,4,Hibernating
3030,2023-01-17,2,202.4,715,1,2,1,4,Hibernating
3031,2024-05-11,3,887.31,235,3,4,4,11,Loyal Customers
3032,2022-12-24,1,1037.57,739,1,1,4,6,Lost
3033,2024-12-13,4,1997.23,19,5,5,5,15,champions
3034,2024-09-16,4,1086.12,107,4,5,4,13,champions
3035,2024-12-14,2,230.05,18,5,2,1,8,New Customers
3036,2023-10-17,3,1227.36,442,2,4,4,10,At-Risk
3038,2024-11-15,3,1091.5,47,5,4,4,13,champions
3039,2023-05-26,1,138.74,586,2,1,1,4,Hibernating
3040,2022-02-23,1,54.33,1043,1,1,1,3,Lost
3042,2022-07-21,2,1166.91,895,1,2,4,7,Hibernating
3043,2023-12-06,2,972.69,392,2,2,4,8,At-Risk
3044,2024-09-01,2,328.24,122,4,2,2,8,New Customers
3045,2024-09-06,2,514.72,117,4,2,2,8,New Customers
3047,2023-07-20,4,1293.8,531,2,5,4,11,At-Risk
3048,2024-05-30,3,818.54,216,3,4,3,10,Loyal Customers
3049,2023-12-14,2,364.15,384,2,2,2,6,At-Risk
3050,2023-12-04,2,237.75,394,2,2,1,5,At-Risk
3052,2024-09-05,5,1323.65,118,4,5,4,13,champions
3053,2024-06-15,1,276.16,200,4,1,1,6,New Customers
3054,2022-10-07,2,1814.1799999999998,817,1,2,5,8,Hibernating
3055,2024-06-04,5,1846.68,211,3,5,5,13,Loyal Customers
3056,2024-12-17,2,1305.14,15,5,2,4,11,New Customers
3058,2023-12-10,2,324.83000000000004,388,2,2,2,6,At-Risk
3059,2023-11-20,3,844.72,408,2,4,3,9,At-Risk
3060,2024-06-21,5,861.04,194,4,5,3,12,Loyal Customers
3061,2022-11-09,1,195.37,784,1,1,1,3,Lost
3062,2024-01-14,4,1412.28,353,3,5,5,13,Loyal Customers
3063,2023-10-16,1,386.52,443,2,1,2,5,Hibernating
3064,2023-02-06,1,506.03,695,1,1,2,4,Lost
3065,2023-12-25,4,1109.3200000000002,373,2,5,4,11,At-Risk
3066,2024-05-02,2,491.47,244,3,2,2,7,Hibernating
3067,2022-12-13,2,498.69,750,1,2,2,5,Hibernating
3069,2023-08-29,3,1073.66,491,2,4,4,10,At-Risk
3070,2022-04-30,2,482.78,977,1,2,2,5,Hibernating
3071,2023-11-16,1,209.48,412,2,1,1,4,Hibernating
3073,2024-02-27,2,459.59000000000003,309,3,2,2,7,Hibernating
3074,2023-06-29,6,2034.31,552,2,5,5,12,At-Risk
3075,2023-08-24,1,1965.65,496,2,1,5,8,Hibernating
3076,2023-11-25,1,447.48,403,2,1,2,5,Hibernating
3077,2023-08-10,1,50.12,510,2,1,1,4,Hibernating
3078,2024-10-26,2,457.91,67,5,2,2,9,New Customers
3080,2024-08-05,1,206.93,149,4,1,1,6,New Customers
3081,2023-07-21,2,243.10000000000002,530,2,2,1,5,At-Risk
3083,2023-03-06,2,2396.06,667,1,2,5,8,Hibernating
3084,2024-10-12,1,733.78,81,5,1,3,9,New Customers
3085,2023-08-10,4,1691.21,510,2,5,5,12,At-Risk
3086,2023-11-26,3,960.86,402,2,4,4,10,At-Risk
3088,2022-06-28,3,1377.8799999999999,918,1,4,5,10,Cannot Lose Them
3089,2023-10-25,3,1433.92,434,2,4,5,11,At-Risk
3091,2024-01-27,1,390.46,340,3,1,2,6,Hibernating
3092,2023-06-06,2,307.46000000000004,575,2,2,1,5,At-Risk
3093,2022-10-27,2,537.65,797,1,2,2,5,Hibernating
3094,2024-01-27,4,516.59,340,3,5,2,10,Loyal Customers
3095,2024-12-22,4,1355.08,10,5,5,5,15,champions
3097,2022-09-19,2,734.69,835,1,2,3,6,Hibernating
3098,2022-08-25,1,54.11,860,1,1,1,3,Lost
3100,2024-11-01,4,786.36,61,5,5,3,13,Loyal Customers
3101,2023-12-14,2,707.4000000000001,384,2,2,3,7,At-Risk
3102,2024-06-26,5,1596.17,189,4,5,5,14,champions
3103,2024-10-04,2,353.1,89,5,2,2,9,New Customers
3104,2024-10-19,6,4348.46,74,5,5,5,15,champions
3105,2023-07-05,1,154.1,546,2,1,1,4,Hibernating
3106,2024-04-23,3,1051.24,253,3,4,4,11,Loyal Customers
3107,2024-01-23,3,701.77,344,3,4,3,10,Loyal Customers
3108,2023-11-19,4,557.05,409,2,5,2,9,At-Risk
3109,2022-11-05,1,270.88,788,1,1,1,3,Lost
3110,2023-05-02,1,63.28,610,1,1,1,3,Lost
3111,2024-07-04,4,1196.6100000000001,181,4,5,4,13,champions
3112,2022-11-23,2,435.47999999999996,770,1,2,2,5,Hibernating
3113,2024-06-12,3,491.39,203,4,4,2,10,Loyal Customers
3114,2024-11-11,3,1266.78,51,5,4,4,13,champions
3115,2023-11-12,6,3266.88,416,2,5,5,12,At-Risk
3117,2024-06-23,2,754.14,192,4,2,3,9,New Customers
3118,2024-06-26,3,593.52,189,4,4,3,11,Loyal Customers
3119,2024-07-17,2,331.35,168,4,2,2,8,New Customers
3120,2023-11-08,3,1031.27,420,2,4,4,10,At-Risk
3121,2023-04-24,2,263.06,618,1,2,1,4,Hibernating
3122,2023-10-05,1,263.23,454,2,1,1,4,Hibernating
3123,2024-01-25,3,1101.47,342,3,4,4,11,Loyal Customers
3124,2024-02-01,3,1207.89,335,3,4,4,11,Loyal Customers
3125,2024-10-30,3,2080.0299999999997,63,5,4,5,14,champions
3126,2023-09-23,2,454.6,466,2,2,2,6,At-Risk
3127,2024-06-17,1,194.13,198,4,1,1,6,New Customers
3128,2024-07-21,4,856.3,164,4,5,3,12,Loyal Customers
3129,2023-12-22,1,762.99,376,2,1,3,6,Hibernating
3130,2024-12-12,3,563.0,20,5,4,2,11,Loyal Customers
3131,2024-08-07,2,790.3199999999999,147,4,2,3,9,New Customers
3132,2024-12-12,3,785.13,20,5,4,3,12,Loyal Customers
3135,2024-09-30,5,912.51,93,4,5,4,13,champions
3136,2023-02-16,3,1131.13,685,1,4,4,9,Cannot Lose Them
3137,2022-10-11,2,397.59000000000003,813,1,2,2,5,Hibernating
3139,2024-12-14,5,1545.55,18,5,5,5,15,champions
3140,2024-02-24,3,1156.44,312,3,4,4,11,Loyal Customers
3141,2024-01-19,2,374.36,348,3,2,2,7,Hibernating
3142,2024-11-29,4,708.4,33,5,5,3,13,Loyal Customers
3143,2024-04-08,3,834.34,268,3,4,3,10,Loyal Customers
3144,2022-02-12,1,190.4,1054,1,1,1,3,Lost
3145,2024-07-03,2,1383.74,182,4,2,5,11,New Customers
3146,2024-01-04,5,1267.9199999999998,363,2,5,4,11,At-Risk
3147,2023-03-24,1,114.04,649,1,1,1,3,Lost
3148,2024-09-03,4,1855.1999999999998,120,4,5,5,14,champions
3149,2024-08-18,3,505.68000000000006,136,4,4,2,10,Loyal Customers
3150,2022-01-15,1,131.42,1082,1,1,1,3,Lost
3151,2023-07-07,1,346.05,544,2,1,2,5,Hibernating
3152,2022-05-27,1,127.99,950,1,1,1,3,Lost
3153,2023-08-05,1,213.61,515,2,1,1,4,Hibernating
3154,2022-10-10,2,792.1700000000001,814,1,2,3,6,Hibernating
3155,2024-11-12,1,750.01,50,5,1,3,9,New Customers
3156,2024-10-26,5,1833.74,67,5,5,5,15,champions
3157,2024-10-31,3,2501.89,62,5,4,5,14,champions
3158,2023-12-23,4,1003.14,375,2,5,4,11,At-Risk
3159,2024-11-11,3,1632.21,51,5,4,5,14,champions
3160,2024-09-26,1,209.94,97,4,1,1,6,New Customers
3161,2023-10-02,3,874.74,457,2,4,3,9,At-Risk
3163,2024-10-13,4,1487.99,80,5,5,5,15,champions
3165,2023-07-31,2,671.21,520,2,2,3,7,At-Risk
3166,2024-10-13,4,971.6800000000001,80,5,5,4,14,champions
3167,2023-11-01,4,557.76,427,2,5,2,9,At-Risk
3168,2024-03-18,1,167.22,289,3,1,1,5,Hibernating
3169,2024-03-31,3,1505.47,276,3,4,5,12,Loyal Customers
3171,2023-12-12,3,662.2,386,2,4,3,9,At-Risk
3172,2023-03-25,1,294.43,648,1,1,1,3,Lost
3173,2023-05-14,1,105.87,598,1,1,1,3,Lost
3174,2022-11-16,1,102.23,777,1,1,1,3,Lost
3176,2022-12-21,1,768.47,742,1,1,3,5,Lost
3177,2024-07-12,3,789.24,173,4,4,3,11,Loyal Customers
3178,2024-04-23,3,1794.98,253,3,4,5,12,Loyal Customers
3179,2023-12-22,1,481.05,376,2,1,2,5,Hibernating
3180,2024-02-10,1,515.6,326,3,1,2,6,Hibernating
3182,2024-12-23,6,1682.54,9,5,5,5,15,champions
3183,2024-08-12,4,1718.5,142,4,5,5,14,champions
3184,2024-08-03,2,633.08,151,4,2,3,9,New Customers
3185,2024-12-06,6,5455.5199999999995,26,5,5,5,15,champions
3187,2024-11-12,3,1487.47,50,5,4,5,14,champions
3188,2024-03-21,1,204.76,286,3,1,1,5,Hibernating
3189,2023-04-18,1,216.78,624,1,1,1,3,Lost
3190,2022-02-12,1,159.46,1054,1,1,1,3,Lost
3191,2023-07-14,2,534.76,537,2,2,2,6,At-Risk
3192,2022-12-11,2,1155.32,752,1,2,4,7,Hibernating
3193,2024-04-04,2,297.97,272,3,2,1,6,Hibernating
3194,2024-07-14,1,144.93,171,4,1,1,6,New Customers
3195,2022-09-12,1,1095.81,842,1,1,4,6,Lost
3196,2024-09-02,2,680.68,121,4,2,3,9,New Customers
3197,2024-02-11,2,651.7,325,3,2,3,8,Potential Loyalists
3199,2024-10-14,6,2162.21,79,5,5,5,15,champions
3200,2024-12-08,6,1703.77,24,5,5,5,15,champions
3201,2024-11-24,3,675.8299999999999,38,5,4,3,12,Loyal Customers
3202,2024-11-22,2,389.28,40,5,2,2,9,New Customers
3203,2022-02-17,1,497.04,1049,1,1,2,4,Lost
3205,2024-11-18,3,769.6500000000001,44,5,4,3,12,Loyal Customers
3206,2024-09-26,4,1433.9,97,4,5,5,14,champions
3208,2024-10-04,1,166.91,89,5,1,1,7,New Customers
3209,2023-12-28,2,1106.22,370,2,2,4,8,At-Risk
3210,2024-11-06,3,969.27,56,5,4,4,13,champions
3211,2023-10-13,2,538.23,446,2,2,2,6,At-Risk
3212,2024-06-05,4,1037.8899999999999,210,3,5,4,12,Loyal Customers
3213,2023-05-17,3,758.5699999999999,595,2,4,3,9,At-Risk
3214,2024-06-19,4,1132.76,196,4,5,4,13,champions
3216,2023-08-02,3,1515.07,518,2,4,5,11,At-Risk
3217,2024-01-09,5,1123.7,358,3,5,4,12,Loyal Customers
3218,2024-11-14,2,648.6400000000001,48,5,2,3,10,New Customers
3219,2024-10-13,4,2099.18,80,5,5,5,15,champions
3221,2024-12-11,3,1126.84,21,5,4,4,13,champions
3222,2024-12-22,5,1618.42,10,5,5,5,15,champions
3223,2024-07-30,3,1793.01,155,4,4,5,13,champions
3224,2023-02-22,2,820.97,679,1,2,3,6,Hibernating
3225,2024-01-25,1,261.12,342,3,1,1,5,Hibernating
3226,2024-05-26,3,961.5,220,3,4,4,11,Loyal Customers
3227,2023-03-05,5,888.0,668,1,5,4,10,Cannot Lose Them
3228,2024-02-06,6,2084.05,330,3,5,5,13,Loyal Customers
3229,2024-11-21,5,1386.61,41,5,5,5,15,champions
3230,2024-09-04,5,1538.04,119,4,5,5,14,champions
3232,2023-04-25,2,1375.06,617,1,2,5,8,Hibernating
3233,2022-04-18,2,516.76,989,1,2,2,5,Hibernating
3234,2024-11-25,3,2331.4300000000003,37,5,4,5,14,champions
3235,2024-06-08,2,311.02,207,3,2,1,6,Hibernating
3236,2023-12-02,3,558.23,396,2,4,2,8,At-Risk
3237,2024-06-08,3,719.1899999999999,207,3,4,3,10,Loyal Customers
3238,2024-11-15,5,1530.5500000000002,47,5,5,5,15,champions
3239,2024-08-06,5,1136.17,148,4,5,4,13,champions
3240,2024-01-17,5,1606.54,350,3,5,5,13,Loyal Customers
3241,2024-05-02,3,723.75,244,3,4,3,10,Loyal Customers
3242,2024-08-20,7,1794.75,134,4,5,5,14,champions
3243,2022-11-05,1,174.41,788,1,1,1,3,Lost
3244,2024-11-18,3,719.8800000000001,44,5,4,3,12,Loyal Customers
3245,2024-05-10,4,689.5899999999999,236,3,5,3,11,Loyal Customers
3246,2024-10-22,5,1616.59,71,5,5,5,15,champions
3247,2024-04-28,4,1909.8200000000002,248,3,5,5,13,Loyal Customers
3248,2023-08-23,1,700.14,497,2,1,3,6,Hibernating
3249,2022-01-12,1,239.33,1085,1,1,1,3,Lost
3250,2024-09-03,4,983.3499999999999,120,4,5,4,13,champions
3253,2024-05-27,3,1134.4,219,3,4,4,11,Loyal Customers
3254,2023-05-12,2,463.16999999999996,600,1,2,2,5,Hibernating
3255,2024-07-06,3,622.63,179,4,4,3,11,Loyal Customers
3256,2024-08-10,3,1822.76,144,4,4,5,13,champions
3257,2023-05-16,1,273.97,596,2,1,1,4,Hibernating
3259,2022-06-19,1,48.48,927,1,1,1,3,Lost
3260,2024-11-21,1,149.65,41,5,1,1,7,New Customers
3261,2024-02-06,2,533.01,330,3,2,2,7,Hibernating
3262,2024-12-07,2,482.63,25,5,2,2,9,New Customers
3263,2023-02-25,1,441.58,676,1,1,2,4,Lost
3264,2024-06-14,3,497.82,201,4,4,2,10,Loyal Customers
3265,2023-05-27,2,413.3,585,2,2,2,6,At-Risk
3267,2024-11-20,3,459.78,42,5,4,2,11,Loyal Customers
3268,2024-02-03,3,1386.9099999999999,333,3,4,5,12,Loyal Customers
3269,2023-01-16,3,440.63,716,1,4,2,7,Hibernating
3271,2024-07-09,6,1154.58,176,4,5,4,13,champions
3272,2022-08-28,1,271.2,857,1,1,1,3,Lost
3273,2024-09-06,2,1190.8700000000001,117,4,2,4,10,New Customers
3274,2024-11-28,3,1689.77,34,5,4,5,14,champions
3275,2024-09-21,2,1236.14,102,4,2,4,10,New Customers
3276,2024-05-17,5,2280.88,229,3,5,5,13,Loyal Customers
3277,2023-08-29,4,1135.32,491,2,5,4,11,At-Risk
3278,2024-01-17,3,1704.7500000000002,350,3,4,5,12,Loyal Customers
3279,2024-09-17,5,1923.18,106,4,5,5,14,champions
3280,2023-07-01,2,242.01,550,2,2,1,5,At-Risk
3284,2022-11-25,1,496.86,768,1,1,2,4,Lost
3285,2024-12-08,4,2125.1,24,5,5,5,15,champions
3286,2024-10-22,5,1370.19,71,5,5,5,15,champions
3287,2024-04-21,1,310.4,255,3,1,1,5,Hibernating
3288,2023-08-08,1,55.05,512,2,1,1,4,Hibernating
3289,2022-05-29,1,92.7,948,1,1,1,3,Lost
3290,2024-05-13,3,2335.77,233,3,4,5,12,Loyal Customers
3291,2024-05-07,4,2013.82,239,3,5,5,13,Loyal Customers
3292,2023-09-20,2,1751.56,469,2,2,5,9,At-Risk
3293,2024-05-13,2,358.92999999999995,233,3,2,2,7,Hibernating
3294,2023-08-02,4,918.5,518,2,5,4,11,At-Risk
3296,2023-03-07,2,320.17,666,1,2,2,5,Hibernating
3297,2024-03-15,1,183.89,292,3,1,1,5,Hibernating
3298,2024-08-07,4,1749.76,147,4,5,5,14,champions
3301,2024-02-18,4,702.3000000000001,318,3,5,3,11,Loyal Customers
3302,2023-12-23,3,2400.0,375,2,4,5,11,At-Risk
3303,2024-04-07,5,959.4300000000001,269,3,5,4,12,Loyal Customers
3304,2024-10-18,3,1526.58,75,5,4,5,14,champions
3305,2023-11-12,3,832.64,416,2,4,3,9,At-Risk
3306,2024-12-22,4,1293.13,10,5,5,4,14,champions
3307,2023-07-29,2,871.97,522,2,2,3,7,At-Risk
3308,2022-11-09,1,399.98,784,1,1,2,4,Lost
3309,2024-11-13,2,334.28999999999996,49,5,2,2,9,New Customers
3311,2023-10-22,2,909.99,437,2,2,4,8,At-Risk
3312,2023-08-25,2,835.0999999999999,495,2,2,3,7,At-Risk
3314,2024-05-29,2,923.19,217,3,2,4,9,Potential Loyalists
3315,2024-04-20,4,1684.5700000000002,256,3,5,5,13,Loyal Customers
3316,2024-12-30,4,1532.78,2,5,5,5,15,champions
3317,2024-07-13,5,651.8100000000001,172,4,5,3,12,Loyal Customers
3318,2024-10-05,2,133.45,88,5,2,1,8,New Customers
3319,2023-07-31,1,286.7,520,2,1,1,4,Hibernating
3320,2023-12-21,3,519.9,377,2,4,2,8,At-Risk
3321,2024-12-15,6,2441.08,17,5,5,5,15,champions
3322,2023-10-15,3,1125.3899999999999,444,2,4,4,10,At-Risk
3323,2024-07-26,5,1011.44,159,4,5,4,13,champions
3324,2024-07-17,1,142.54,168,4,1,1,6,New Customers
3325,2024-01-23,2,280.49,344,3,2,1,6,Hibernating
3326,2022-10-19,1,377.84,805,1,1,2,4,Lost
3327,2024-02-16,1,920.0,320,3,1,4,8,Hibernating
3328,2024-10-25,2,628.66,68,5,2,3,10,New Customers
3329,2022-11-15,1,62.41,778,1,1,1,3,Lost
3330,2024-11-08,3,947.39,54,5,4,4,13,champions
3332,2024-04-22,2,505.96,254,3,2,2,7,Hibernating
3333,2023-07-28,3,579.0,523,2,4,3,9,At-Risk
3334,2024-08-02,4,1926.1,152,4,5,5,14,champions
3335,2023-04-05,3,513.14,637,1,4,2,7,Hibernating
3336,2022-05-28,1,156.6,949,1,1,1,3,Lost
3337,2024-07-12,2,1372.71,173,4,2,5,11,New Customers
3338,2022-04-10,1,394.58,997,1,1,2,4,Lost
3339,2023-09-03,2,414.28999999999996,486,2,2,2,6,At-Risk
3340,2023-12-02,3,980.86,396,2,4,4,10,At-Risk
3342,2022-11-05,1,543.67,788,1,1,2,4,Lost
3343,2023-08-06,1,101.96,514,2,1,1,4,Hibernating
3344,2023-12-17,4,3124.2700000000004,381,2,5,5,12,At-Risk
3345,2023-06-07,3,1359.96,574,2,4,5,11,At-Risk
3347,2022-06-20,1,149.46,926,1,1,1,3,Lost
3348,2024-05-24,5,2805.8,222,3,5,5,13,Loyal Customers
3349,2024-10-25,4,853.29,68,5,5,3,13,Loyal Customers
3350,2024-12-21,4,712.99,11,5,5,3,13,Loyal Customers
3352,2024-11-18,1,281.84,44,5,1,1,7,New Customers
3353,2024-05-21,1,63.73,225,3,1,1,5,Hibernating
3354,2024-02-05,2,391.09000000000003,331,3,2,2,7,Hibernating
3355,2023-05-18,1,352.15,594,2,1,2,5,Hibernating
3356,2024-12-23,2,3572.8399999999997,9,5,2,5,12,New Customers
3357,2024-11-24,7,3732.13,38,5,5,5,15,champions
3358,2023-11-27,2,927.28,401,2,2,4,8,At-Risk
3359,2024-03-18,2,511.37,289,3,2,2,7,Hibernating
3360,2024-03-21,3,1231.67,286,3,4,4,11,Loyal Customers
3361,2024-08-19,3,664.85,135,4,4,3,11,Loyal Customers
3362,2024-02-12,3,618.87,324,3,4,3,10,Loyal Customers
3363,2024-12-06,3,960.96,26,5,4,4,13,champions
3365,2023-05-28,2,275.96000000000004,584,2,2,1,5,At-Risk
3366,2024-06-04,2,483.3,211,3,2,2,7,Hibernating
3367,2024-09-08,1,257.99,115,4,1,1,6,New Customers
3368,2024-05-26,2,1122.76,220,3,2,4,9,Potential Loyalists
3369,2024-05-02,7,1439.13,244,3,5,5,13,Loyal Customers
3370,2023-02-21,2,946.3599999999999,680,1,2,4,7,Hibernating
3372,2024-11-30,4,1877.79,32,5,5,5,15,champions
3373,2024-08-04,4,725.66,150,4,5,3,12,Loyal Customers
3374,2024-05-29,1,493.74,217,3,1,2,6,Hibernating
3375,2023-10-31,1,101.53,428,2,1,1,4,Hibernating
3376,2024-08-25,1,27.82,129,4,1,1,6,New Customers
3377,2023-08-19,2,481.82000000000005,501,2,2,2,6,At-Risk
3378,2024-02-27,5,2300.06,309,3,5,5,13,Loyal Customers
3379,2024-02-14,3,1564.1,322,3,4,5,12,Loyal Customers
3380,2024-10-19,1,165.64,74,5,1,1,7,New Customers
3381,2024-04-09,3,1144.81,267,3,4,4,11,Loyal Customers
3382,2022-07-18,2,1053.26,898,1,2,4,7,Hibernating
3383,2024-05-14,4,837.1899999999999,232,3,5,3,11,Loyal Customers
3384,2024-01-26,3,1227.03,341,3,4,4,11,Loyal Customers
3385,2023-04-18,3,851.6600000000001,624,1,4,3,8,Cannot Lose Them
3386,2024-10-18,4,3531.77,75,5,5,5,15,champions
3387,2022-06-21,1,109.91,925,1,1,1,3,Lost
3388,2024-12-26,1,204.86,6,5,1,1,7,New Customers
3389,2024-07-22,1,191.45,163,4,1,1,6,New Customers
3390,2023-06-25,2,796.98,556,2,2,3,7,At-Risk
3391,2022-08-24,1,149.48,861,1,1,1,3,Lost
3393,2023-09-19,2,938.45,470,2,2,4,8,At-Risk
3394,2024-08-18,1,78.09,136,4,1,1,6,New Customers
3395,2024-05-27,1,176.02,219,3,1,1,5,Hibernating
3396,2024-12-27,4,894.49,5,5,5,4,14,champions
3398,2023-04-13,3,1064.78,629,1,4,4,9,Cannot Lose Them
3399,2024-11-22,3,2129.68,40,5,4,5,14,champions
3400,2022-05-09,2,839.6800000000001,968,1,2,3,6,Hibernating
3401,2024-11-23,3,598.38,39,5,4,3,12,Loyal Customers
3402,2024-12-25,3,417.17,7,5,4,2,11,Loyal Customers
3403,2024-08-19,3,885.62,135,4,4,4,12,champions
3404,2024-01-19,3,1205.9299999999998,348,3,4,4,11,Loyal Customers
3405,2024-06-29,2,890.5,186,4,2,4,10,New Customers
3406,2024-11-02,2,1020.6999999999999,60,5,2,4,11,New Customers
3408,2024-04-19,1,291.82,257,3,1,1,5,Hibernating
3409,2024-02-04,2,460.6,332,3,2,2,7,Hibernating
3410,2023-01-24,1,422.29,708,1,1,2,4,Lost
3411,2024-09-12,2,986.8,111,4,2,4,10,New Customers
3412,2023-09-12,1,210.17,477,2,1,1,4,Hibernating
3413,2022-12-22,2,1555.2,741,1,2,5,8,Hibernating
3414,2024-04-13,3,1501.49,263,3,4,5,12,Loyal Customers
3415,2024-08-12,4,1153.46,142,4,5,4,13,champions
3416,2023-01-27,2,227.12,705,1,2,1,4,Hibernating
3417,2024-11-23,3,912.6,39,5,4,4,13,champions
3418,2024-07-01,2,1847.5500000000002,184,4,2,5,11,New Customers
3419,2023-05-27,2,960.5699999999999,585,2,2,4,8,At-Risk
3420,2024-10-02,3,1271.25,91,5,4,4,13,champions
3422,2024-11-10,6,1814.4099999999999,52,5,5,5,15,champions
3423,2023-06-25,1,123.56,556,2,1,1,4,Hibernating
3424,2022-04-01,1,73.83,1006,1,1,1,3,Lost
3425,2024-03-03,1,429.91,304,3,1,2,6,Hibernating
3426,2023-09-28,1,276.57,461,2,1,1,4,Hibernating
3427,2024-07-08,3,1183.3,177,4,4,4,12,champions
3428,2022-10-31,2,225.0,793,1,2,1,4,Hibernating
3429,2024-12-10,3,273.71,22,5,4,1,10,Loyal Customers
3430,2024-02-20,1,297.9,316,3,1,1,5,Hibernating
3431,2024-08-16,1,294.85,138,4,1,1,6,New Customers
3432,2024-12-04,4,990.26,28,5,5,4,14,champions
3433,2022-03-28,1,202.4,1010,1,1,1,3,Lost
3434,2024-10-26,3,479.8,67,5,4,2,11,Loyal Customers
3435,2024-04-03,3,1006.79,273,3,4,4,11,Loyal Customers
3436,2023-07-05,4,1174.11,546,2,5,4,11,At-Risk
3438,2024-05-28,1,329.78,218,3,1,2,6,Hibernating
3439,2023-11-28,5,1829.81,400,2,5,5,12,At-Risk
3440,2023-07-18,1,524.86,533,2,1,2,5,Hibernating
3441,2024-11-07,4,546.42,55,5,5,2,12,Loyal Customers
3442,2024-11-29,1,316.84,33,5,1,1,7,New Customers
3443,2022-04-26,1,225.46,981,1,1,1,3,Lost
3444,2024-10-30,3,2018.3400000000001,63,5,4,5,14,champions
3445,2024-05-23,1,72.08,223,3,1,1,5,Hibernating
3446,2024-11-07,4,1860.23,55,5,5,5,15,champions
3447,2023-04-26,3,558.9,616,1,4,2,7,Hibernating
3448,2024-12-13,4,1893.04,19,5,5,5,15,champions
3449,2024-09-04,3,555.69,119,4,4,2,10,Loyal Customers
3450,2023-05-27,2,1056.1200000000001,585,2,2,4,8,At-Risk
3451,2022-12-23,1,1047.08,740,1,1,4,6,Lost
3452,2024-07-21,2,271.35,164,4,2,1,7,New Customers
3453,2024-05-02,5,1507.17,244,3,5,5,13,Loyal Customers
3454,2023-01-23,1,183.39,709,1,1,1,3,Lost
3455,2022-09-28,1,563.7,826,1,1,2,4,Lost
3456,2022-07-20,2,751.84,896,1,2,3,6,Hibernating
3457,2023-12-04,2,482.40000000000003,394,2,2,2,6,At-Risk
3458,2024-05-28,1,55.91,218,3,1,1,5,Hibernating
3459,2024-04-29,1,161.22,247,3,1,1,5,Hibernating
3460,2024-05-30,2,436.48,216,3,2,2,7,Hibernating
3461,2024-06-26,1,76.72,189,4,1,1,6,New Customers
3462,2024-06-26,5,1652.4,189,4,5,5,14,champions
3463,2023-09-16,3,1577.61,473,2,4,5,11,At-Risk
3464,2024-10-08,4,1218.76,85,5,5,4,14,champions
3465,2023-03-21,2,518.9200000000001,652,1,2,2,5,Hibernating
3466,2022-10-23,1,401.24,801,1,1,2,4,Lost
3467,2024-07-07,1,427.03,178,4,1,2,7,New Customers
3468,2022-10-06,2,569.83,818,1,2,3,6,Hibernating
3469,2022-04-16,1,31.96,991,1,1,1,3,Lost
3471,2023-07-29,3,1283.24,522,2,4,4,10,At-Risk
3472,2024-05-06,1,419.8,240,3,1,2,6,Hibernating
3473,2024-07-22,2,363.40999999999997,163,4,2,2,8,New Customers
3474,2023-03-17,2,771.22,656,1,2,3,6,Hibernating
3476,2024-02-28,1,147.67,308,3,1,1,5,Hibernating
3477,2024-11-11,4,1309.1799999999998,51,5,5,4,14,champions
3478,2024-08-09,6,1526.8899999999999,145,4,5,5,14,champions
3479,2024-08-12,2,224.76999999999998,142,4,2,1,7,New Customers
3481,2023-10-19,4,1104.74,440,2,5,4,11,At-Risk
3482,2024-08-27,3,610.1700000000001,127,4,4,3,11,Loyal Customers
3483,2024-03-24,3,1544.98,283,3,4,5,12,Loyal Customers
3484,2024-08-25,3,2521.62,129,4,4,5,13,champions
3485,2023-03-01,4,707.26,672,1,5,3,9,Cannot Lose Them
3486,2024-05-04,2,347.21,242,3,2,2,7,Hibernating
3487,2024-09-30,4,2522.55,93,4,5,5,14,champions
3488,2024-12-22,6,1614.44,10,5,5,5,15,champions
3489,2023-07-16,5,1927.9499999999998,535,2,5,5,12,At-Risk
3490,2024-02-03,2,638.84,333,3,2,3,8,Potential Loyalists
3491,2024-04-27,1,85.31,249,3,1,1,5,Hibernating
3492,2022-05-21,1,299.09,956,1,1,1,3,Lost
3493,2023-12-05,1,718.83,393,2,1,3,6,Hibernating
3494,2023-01-08,2,414.02,724,1,2,2,5,Hibernating
3495,2024-04-19,2,664.92,257,3,2,3,8,Potential Loyalists
3496,2024-10-05,2,413.26,88,5,2,2,9,New Customers
3497,2024-07-03,1,401.17,182,4,1,2,7,New Customers
3498,2024-11-16,3,1071.16,46,5,4,4,13,champions
3499,2024-11-04,3,1173.53,58,5,4,4,13,champions
3501,2024-08-27,4,1682.99,127,4,5,5,14,champions
3502,2023-09-27,1,124.5,462,2,1,1,4,Hibernating
3503,2023-06-07,1,627.63,574,2,1,3,6,Hibernating
3504,2024-11-24,2,574.24,38,5,2,3,10,New Customers
3505,2023-09-02,1,145.29,487,2,1,1,4,Hibernating
3506,2024-06-27,3,852.0799999999999,188,4,4,3,11,Loyal Customers
3509,2024-11-11,3,1267.57,51,5,4,4,13,champions
3510,2023-06-25,1,139.39,556,2,1,1,4,Hibernating
3511,2024-12-06,4,734.33,26,5,5,3,13,Loyal Customers
3512,2024-09-05,3,711.4100000000001,118,4,4,3,11,Loyal Customers
3513,2024-02-23,3,751.1600000000001,313,3,4,3,10,Loyal Customers
3514,2023-12-25,3,575.27,373,2,4,3,9,At-Risk
3515,2024-12-03,2,426.82000000000005,29,5,2,2,9,New Customers
3516,2024-04-14,2,232.78,262,3,2,1,6,Hibernating
3517,2024-02-20,1,378.08,316,3,1,2,6,Hibernating
3518,2024-09-30,6,933.35,93,4,5,4,13,champions
3519,2024-07-23,4,694.03,162,4,5,3,12,Loyal Customers
3520,2024-06-15,3,970.99,200,4,4,4,12,champions
3521,2024-02-07,3,724.1,329,3,4,3,10,Loyal Customers
3522,2023-06-20,2,169.78,561,2,2,1,5,At-Risk
3523,2023-11-30,2,724.77,398,2,2,3,7,At-Risk
3524,2024-08-05,5,1521.08,149,4,5,5,14,champions
3525,2024-02-25,1,183.7,311,3,1,1,5,Hibernating
3526,2024-12-10,2,169.95,22,5,2,1,8,New Customers
3527,2024-04-16,1,90.3,260,3,1,1,5,Hibernating
3528,2023-07-15,4,2178.07,536,2,5,5,12,At-Risk
3529,2024-05-29,4,1207.29,217,3,5,4,12,Loyal Customers
3530,2023-10-16,2,201.82999999999998,443,2,2,1,5,At-Risk
3531,2024-11-27,3,3166.14,35,5,4,5,14,champions
3532,2024-04-08,3,711.47,268,3,4,3,10,Loyal Customers
3534,2024-11-26,5,1565.0900000000001,36,5,5,5,15,champions
3535,2024-11-21,2,759.22,41,5,2,3,10,New Customers
3536,2024-11-26,3,1526.2,36,5,4,5,14,champions
3537,2024-07-14,1,292.57,171,4,1,1,6,New Customers
3538,2024-01-13,3,831.4200000000001,354,3,4,3,10,Loyal Customers
3539,2024-07-15,3,2445.44,170,4,4,5,13,champions
3540,2024-02-28,4,571.6,308,3,5,3,11,Loyal Customers
3541,2024-08-28,2,715.5699999999999,126,4,2,3,9,New Customers
3542,2023-10-27,3,734.79,432,2,4,3,9,At-Risk
3543,2024-07-06,2,274.31,179,4,2,1,7,New Customers
3544,2023-11-08,2,479.64,420,2,2,2,6,At-Risk
3545,2024-04-17,2,1119.35,259,3,2,4,9,Potential Loyalists
3546,2022-05-06,2,274.49,971,1,2,1,4,Hibernating
3547,2023-08-29,5,934.91,491,2,5,4,11,At-Risk
3548,2022-11-14,3,2654.16,779,1,4,5,10,Cannot Lose Them
3549,2023-08-31,2,591.66,489,2,2,3,7,At-Risk
3551,2024-03-08,3,701.1500000000001,299,3,4,3,10,Loyal Customers
3552,2022-01-28,1,312.32,1069,1,1,1,3,Lost
3553,2024-04-06,5,958.6,270,3,5,4,12,Loyal Customers
3554,2023-06-14,1,280.36,567,2,1,1,4,Hibernating
3555,2023-12-09,3,914.72,389,2,4,4,10,At-Risk
3556,2024-09-15,6,1396.24,108,4,5,5,14,champions
3557,2024-08-04,1,181.44,150,4,1,1,6,New Customers
3558,2022-06-11,1,157.71,935,1,1,1,3,Lost
3559,2024-02-05,3,1240.2,331,3,4,4,11,Loyal Customers
3560,2024-10-16,4,1516.58,77,5,5,5,15,champions
3561,2024-03-09,2,444.14,298,3,2,2,7,Hibernating
3562,2024-04-17,3,264.78999999999996,259,3,4,1,8,Loyal Customers
3563,2022-08-08,1,530.91,877,1,1,2,4,Lost
3564,2024-08-31,2,636.45,123,4,2,3,9,New Customers
3565,2024-03-21,3,513.48,286,3,4,2,9,Loyal Customers
3566,2024-09-15,6,1009.38,108,4,5,4,13,champions
3567,2024-05-15,6,616.42,231,3,5,3,11,Loyal Customers
3568,2024-10-25,5,1875.26,68,5,5,5,15,champions
3569,2024-12-10,1,343.79,22,5,1,2,8,New Customers
3570,2024-07-29,4,1539.8400000000001,156,4,5,5,14,champions
3572,2024-09-30,1,628.59,93,4,1,3,8,New Customers
3573,2024-08-29,2,681.98,125,4,2,3,9,New Customers
3574,2024-12-09,3,461.07,23,5,4,2,11,Loyal Customers
3575,2022-02-07,1,1103.76,1059,1,1,4,6,Lost
3576,2023-12-29,2,764.87,369,2,2,3,7,At-Risk
3577,2023-02-11,1,115.98,690,1,1,1,3,Lost
3578,2023-11-09,4,938.0699999999999,419,2,5,4,11,At-Risk
3579,2022-09-03,2,1814.6299999999999,851,1,2,5,8,Hibernating
3580,2024-05-10,6,2639.37,236,3,5,5,13,Loyal Customers
3581,2024-10-16,3,617.81,77,5,4,3,12,Loyal Customers
3582,2024-08-31,2,507.81,123,4,2,2,8,New Customers
3583,2023-08-21,1,872.44,499,2,1,3,6,Hibernating
3584,2024-03-14,2,907.99,293,3,2,4,9,Potential Loyalists
3585,2023-05-13,1,553.33,599,1,1,2,4,Lost
3586,2023-12-14,4,1095.38,384,2,5,4,11,At-Risk
3587,2024-05-31,8,3891.73,215,3,5,5,13,Loyal Customers
3588,2024-05-29,5,1646.2099999999998,217,3,5,5,13,Loyal Customers
3589,2024-11-01,2,420.93,61,5,2,2,9,New Customers
3590,2024-10-10,2,229.26,83,5,2,1,8,New Customers
3592,2024-12-23,2,357.28,9,5,2,2,9,New Customers
3593,2022-09-21,3,6056.5599999999995,833,1,4,5,10,Cannot Lose Them
3594,2023-01-11,1,263.67,721,1,1,1,3,Lost
3596,2024-02-17,2,435.01,319,3,2,2,7,Hibernating
3597,2022-08-30,2,221.56,855,1,2,1,4,Hibernating
3598,2024-08-25,1,409.61,129,4,1,2,7,New Customers
3599,2024-02-09,4,484.07,327,3,5,2,10,Loyal Customers
3600,2023-05-08,5,1643.3899999999999,604,1,5,5,11,Cannot Lose Them
3602,2024-02-03,3,1209.2399999999998,333,3,4,4,11,Loyal Customers
3604,2023-05-10,3,859.63,602,1,4,3,8,Cannot Lose Them
3605,2023-11-28,3,573.23,400,2,4,3,9,At-Risk
3606,2023-10-07,2,586.38,452,2,2,3,7,At-Risk
3607,2022-12-06,1,169.17,757,1,1,1,3,Lost
3608,2024-05-05,4,2260.81,241,3,5,5,13,Loyal Customers
3609,2024-10-04,3,664.13,89,5,4,3,12,Loyal Customers
3610,2024-06-06,4,918.8,209,3,5,4,12,Loyal Customers
3611,2024-11-09,3,2624.17,53,5,4,5,14,champions
3612,2024-11-24,4,1374.3,38,5,5,5,15,champions
3613,2022-06-28,2,431.78,918,1,2,2,5,Hibernating
3614,2022-08-13,1,471.03,872,1,1,2,4,Lost
3615,2023-07-07,6,2813.8999999999996,544,2,5,5,12,At-Risk
3616,2024-05-01,2,675.08,245,3,2,3,8,Potential Loyalists
3617,2024-01-19,2,329.14,348,3,2,2,7,Hibernating
3618,2023-03-05,3,1932.37,668,1,4,5,10,Cannot Lose Them
3619,2024-06-07,2,1226.9099999999999,208,3,2,4,9,Potential Loyalists
3620,2024-12-18,8,3470.1099999999997,14,5,5,5,15,champions
3622,2023-03-02,2,550.14,671,1,2,2,5,Hibernating
3623,2022-10-12,2,339.82,812,1,2,2,5,Hibernating
3624,2023-08-29,3,534.4200000000001,491,2,4,2,8,At-Risk
3627,2024-12-17,4,930.79,15,5,5,4,14,champions
3629,2023-03-30,3,703.67,643,1,4,3,8,Cannot Lose Them
3630,2024-06-27,2,709.26,188,4,2,3,9,New Customers
3631,2024-02-07,2,1718.1,329,3,2,5,10,Potential Loyalists
3632,2023-08-22,3,1325.96,498,2,4,4,10,At-Risk
3633,2024-01-03,1,163.83,364,2,1,1,4,Hibernating
3634,2023-12-02,4,1676.56,396,2,5,5,12,At-Risk
3635,2024-05-31,6,2250.5499999999997,215,3,5,5,13,Loyal Customers
3636,2024-10-10,4,1268.79,83,5,5,4,14,champions
3637,2023-08-29,2,968.98,491,2,2,4,8,At-Risk
3638,2024-11-19,3,593.4300000000001,43,5,4,3,12,Loyal Customers
3639,2023-08-24,1,127.29,496,2,1,1,4,Hibernating
3640,2022-12-09,1,131.89,754,1,1,1,3,Lost
3641,2024-10-26,3,505.51,67,5,4,2,11,Loyal Customers
3642,2024-09-10,3,726.25,113,4,4,3,11,Loyal Customers
3643,2024-08-31,3,1793.78,123,4,4,5,13,champions
3644,2024-12-19,3,1092.3,13,5,4,4,13,champions
3645,2023-08-23,1,102.2,497,2,1,1,4,Hibernating
3646,2023-06-05,1,247.97,576,2,1,1,4,Hibernating
3647,2024-08-26,4,657.06,128,4,5,3,12,Loyal Customers
3648,2024-10-10,4,507.74,83,5,5,2,12,Loyal Customers
3649,2024-10-17,5,1962.79,76,5,5,5,15,champions
3650,2024-05-23,2,374.23,223,3,2,2,7,Hibernating
3651,2024-11-20,5,2203.17,42,5,5,5,15,champions
3652,2024-07-20,7,1495.4699999999998,165,4,5,5,14,champions
3653,2024-07-12,2,485.78999999999996,173,4,2,2,8,New Customers
3654,2024-07-24,2,554.36,161,4,2,2,8,New Customers
3655,2024-06-09,1,321.31,206,3,1,2,6,Hibernating
3656,2023-11-07,2,587.9200000000001,421,2,2,3,7,At-Risk
3657,2024-10-27,2,386.77,66,5,2,2,9,New Customers
3658,2024-07-04,2,376.08000000000004,181,4,2,2,8,New Customers
3659,2024-12-02,1,137.28,30,5,1,1,7,New Customers
3660,2024-08-15,3,661.04,139,4,4,3,11,Loyal Customers
3661,2024-01-25,3,517.31,342,3,4,2,9,Loyal Customers
3662,2024-04-24,4,1585.9299999999998,252,3,5,5,13,Loyal Customers
3663,2022-04-15,2,639.2,992,1,2,3,6,Hibernating
3664,2024-12-16,2,286.3,16,5,2,1,8,New Customers
3665,2023-11-20,1,405.74,408,2,1,2,5,Hibernating
3666,2023-11-30,2,1468.64,398,2,2,5,9,At-Risk
3667,2023-02-15,4,2672.07,686,1,5,5,11,Cannot Lose Them
3668,2022-05-11,1,123.35,966,1,1,1,3,Lost
3669,2024-12-18,1,428.14,14,5,1,2,8,New Customers
3671,2022-05-08,1,84.21,969,1,1,1,3,Lost
3672,2023-10-12,2,385.46999999999997,447,2,2,2,6,At-Risk
3674,2024-01-10,3,407.58000000000004,357,3,4,2,9,Loyal Customers
3675,2022-11-08,2,647.4,785,1,2,3,6,Hibernating
3676,2024-09-19,4,943.76,104,4,5,4,13,champions
3677,2024-11-11,3,599.14,51,5,4,3,12,Loyal Customers
3678,2024-08-31,1,181.66,123,4,1,1,6,New Customers
3679,2024-02-02,2,204.3,334,3,2,1,6,Hibernating
3680,2022-07-15,2,647.47,901,1,2,3,6,Hibernating
3681,2023-08-24,2,259.40999999999997,496,2,2,1,5,At-Risk
3682,2022-09-01,1,404.78,853,1,1,2,4,Lost
3683,2024-05-08,2,428.15999999999997,238,3,2,2,7,Hibernating
3684,2024-11-16,3,497.21,46,5,4,2,11,Loyal Customers
3685,2024-07-27,4,1158.89,158,4,5,4,13,champions
3686,2024-09-10,1,124.58,113,4,1,1,6,New Customers
3687,2023-06-15,1,121.4,566,2,1,1,4,Hibernating
3688,2024-12-17,4,1457.46,15,5,5,5,15,champions
3689,2024-01-24,4,1039.0900000000001,343,3,5,4,12,Loyal Customers
3690,2024-06-19,2,662.33,196,4,2,3,9,New Customers
3691,2024-09-24,3,1021.04,99,4,4,4,12,champions
3692,2023-08-14,1,438.34,506,2,1,2,5,Hibernating
3693,2024-08-18,2,551.4,136,4,2,2,8,New Customers
3695,2024-05-09,3,477.4699999999999,237,3,4,2,9,Loyal Customers
3696,2024-01-11,1,262.76,356,3,1,1,5,Hibernating
3697,2024-03-27,3,475.33000000000004,280,3,4,2,9,Loyal Customers
3698,2023-05-21,1,111.57,591,2,1,1,4,Hibernating
3699,2023-10-29,1,161.63,430,2,1,1,4,Hibernating
3700,2024-01-10,2,797.86,357,3,2,3,8,Potential Loyalists
3701,2023-12-30,2,908.6800000000001,368,2,2,4,8,At-Risk
3702,2024-06-22,5,2607.85,193,4,5,5,14,champions
3704,2023-10-20,2,613.87,439,2,2,3,7,At-Risk
3705,2023-09-23,2,578.58,466,2,2,3,7,At-Risk
3706,2024-05-08,2,518.38,238,3,2,2,7,Hibernating
3707,2022-02-15,1,314.96,1051,1,1,1,3,Lost
3709,2024-11-02,2,274.71000000000004,60,5,2,1,8,New Customers
3710,2024-08-02,3,3171.77,152,4,4,5,13,champions
3711,2024-02-02,3,493.57,334,3,4,2,9,Loyal Customers
3712,2022-06-12,1,87.94,934,1,1,1,3,Lost
3713,2022-05-02,1,101.13,975,1,1,1,3,Lost
3714,2024-03-09,3,653.18,298,3,4,3,10,Loyal Customers
3715,2022-06-26,1,307.15,920,1,1,1,3,Lost
3716,2024-03-20,2,286.61,287,3,2,1,6,Hibernating
3717,2023-10-01,1,144.9,458,2,1,1,4,Hibernating
3718,2023-07-01,1,474.32,550,2,1,2,5,Hibernating
3719,2024-12-08,2,1243.48,24,5,2,4,11,New Customers
3720,2023-10-17,1,60.98,442,2,1,1,4,Hibernating
3721,2024-03-24,1,254.79,283,3,1,1,5,Hibernating
3722,2023-05-11,1,83.19,601,1,1,1,3,Lost
3723,2024-12-07,1,137.91,25,5,1,1,7,New Customers
3724,2024-01-03,7,1420.28,364,2,5,5,12,At-Risk
3726,2022-07-23,3,554.11,893,1,4,2,7,Hibernating
3727,2024-06-26,5,2182.71,189,4,5,5,14,champions
3728,2024-01-03,2,806.55,364,2,2,3,7,At-Risk
3729,2023-03-10,1,440.02,663,1,1,2,4,Lost
3731,2023-04-21,1,223.21,621,1,1,1,3,Lost
3732,2024-11-13,3,1716.35,49,5,4,5,14,champions
3733,2022-04-30,1,358.08,977,1,1,2,4,Lost
3734,2023-03-25,1,501.39,648,1,1,2,4,Lost
3735,2024-12-04,3,1246.3,28,5,4,4,13,champions
3736,2024-09-02,2,570.0799999999999,121,4,2,3,9,New Customers
3737,2022-05-29,1,341.69,948,1,1,2,4,Lost
3738,2024-04-26,3,1259.5900000000001,250,3,4,4,11,Loyal Customers
3739,2023-03-28,1,53.35,645,1,1,1,3,Lost
3740,2024-08-06,5,1829.37,148,4,5,5,14,champions
3742,2024-04-08,2,440.07,268,3,2,2,7,Hibernating
3743,2024-03-11,2,458.97,296,3,2,2,7,Hibernating
3744,2024-03-19,1,350.18,288,3,1,2,6,Hibernating
3745,2023-11-17,1,129.07,411,2,1,1,4,Hibernating
3746,2023-04-23,3,942.73,619,1,4,4,9,Cannot Lose Them
3747,2022-07-14,1,224.2,902,1,1,1,3,Lost
3748,2024-12-24,2,241.68,8,5,2,1,8,New Customers
3749,2024-08-11,4,753.0,143,4,5,3,12,Loyal Customers
3750,2024-10-25,2,941.01,68,5,2,4,11,New Customers
3751,2024-06-21,2,1300.79,194,4,2,4,10,New Customers
3752,2022-10-10,2,444.66999999999996,814,1,2,2,5,Hibernating
3753,2023-09-29,3,660.71,460,2,4,3,9,At-Risk
3754,2023-06-25,1,140.23,556,2,1,1,4,Hibernating
3755,2022-08-07,1,207.41,878,1,1,1,3,Lost
3756,2022-10-02,2,600.7,822,1,2,3,6,Hibernating
3757,2024-09-24,3,817.3199999999999,99,4,4,3,11,Loyal Customers
3758,2024-08-14,3,873.1800000000001,140,4,4,3,11,Loyal Customers
3759,2022-06-13,2,1126.42,933,1,2,4,7,Hibernating
3760,2024-08-15,3,702.92,139,4,4,3,11,Loyal Customers
3761,2024-06-07,2,463.41,208,3,2,2,7,Hibernating
3762,2024-05-17,3,720.68,229,3,4,3,10,Loyal Customers
3763,2024-12-22,4,722.12,10,5,5,3,13,Loyal Customers
3764,2023-08-28,6,3606.6,492,2,5,5,12,At-Risk
3765,2024-02-28,3,469.90999999999997,308,3,4,2,9,Loyal Customers
3766,2022-04-10,1,67.29,997,1,1,1,3,Lost
3768,2024-02-17,4,1503.55,319,3,5,5,13,Loyal Customers
3770,2023-12-11,3,356.74,387,2,4,2,8,At-Risk
3771,2024-08-15,5,1184.27,139,4,5,4,13,champions
3772,2023-04-11,1,108.33,631,1,1,1,3,Lost
3773,2023-05-06,1,186.46,606,1,1,1,3,Lost
3774,2023-04-08,1,177.06,634,1,1,1,3,Lost
3775,2023-12-14,1,107.58,384,2,1,1,4,Hibernating
3776,2024-12-27,1,163.32,5,5,1,1,7,New Customers
3777,2024-10-03,2,370.52,90,5,2,2,9,New Customers
3778,2024-12-27,2,667.44,5,5,2,3,10,New Customers
3779,2023-11-05,4,1289.49,423,2,5,4,11,At-Risk
3781,2024-06-05,6,1731.02,210,3,5,5,13,Loyal Customers
3782,2024-03-02,4,1032.79,305,3,5,4,12,Loyal Customers
3783,2023-08-07,1,129.76,513,2,1,1,4,Hibernating
3784,2024-01-30,4,1141.0,337,3,5,4,12,Loyal Customers
3785,2023-05-02,1,372.98,610,1,1,2,4,Lost
3786,2024-02-04,2,3466.91,332,3,2,5,10,Potential Loyalists
3787,2022-05-07,1,84.22,970,1,1,1,3,Lost
3788,2023-01-11,1,222.8,721,1,1,1,3,Lost
3789,2024-01-05,3,831.49,362,2,4,3,9,At-Risk
3790,2024-11-15,3,1479.03,47,5,4,5,14,champions
3791,2024-02-23,1,1272.77,313,3,1,4,8,Hibernating
3792,2024-08-09,2,571.76,145,4,3,3,10,Loyal Customers
3794,2024-11-20,4,1157.53,42,5,5,4,14,champions
3795,2023-07-16,1,48.44,535,2,1,1,4,Hibernating
3796,2024-04-12,4,1114.5,264,3,5,4,12,Loyal Customers
3797,2024-11-16,3,1691.69,46,5,4,5,14,champions
3799,2024-03-08,3,1749.94,299,3,4,5,12,Loyal Customers
3800,2024-10-02,2,413.05,91,5,3,2,10,Loyal Customers
3801,2024-08-19,3,904.23,135,4,4,4,12,champions
3802,2023-07-27,1,209.17,524,2,1,1,4,Hibernating
3803,2024-03-11,1,787.22,296,3,1,3,7,Hibernating
3804,2023-09-09,4,647.59,480,2,5,3,10,At-Risk
3805,2023-07-09,4,1081.65,542,2,5,4,11,At-Risk
3806,2024-06-25,4,748.68,190,4,5,3,12,Loyal Customers
3808,2024-05-17,3,1097.5,229,3,4,4,11,Loyal Customers
3809,2024-10-20,2,248.60999999999999,73,5,3,1,9,Loyal Customers
3810,2023-06-21,1,46.42,560,2,1,1,4,Hibernating
3812,2024-12-12,6,1509.23,20,5,5,5,15,champions
3813,2024-05-28,4,901.2,218,3,5,4,12,Loyal Customers
3814,2023-02-15,4,1134.87,686,1,5,4,10,Cannot Lose Them
3815,2023-05-29,3,1317.3799999999999,583,2,4,4,10,At-Risk
3816,2023-07-04,2,663.3,547,2,3,3,8,At-Risk
3817,2023-12-23,3,386.11,375,2,4,2,8,At-Risk
3818,2023-07-06,1,324.96,545,2,1,2,5,Hibernating
3819,2022-09-10,1,164.16,844,1,1,1,3,Lost
3820,2024-01-27,2,327.57,340,3,3,2,8,Loyal Customers
3821,2024-07-25,2,742.91,160,4,3,3,10,Loyal Customers
3822,2024-10-12,5,1135.71,81,5,5,4,14,champions
3823,2024-08-13,4,1780.31,141,4,5,5,14,champions
3824,2024-03-07,3,552.6800000000001,300,3,4,2,9,Loyal Customers
3825,2024-05-03,5,794.39,243,3,5,3,11,Loyal Customers
3826,2023-01-10,2,526.65,722,1,3,2,6,Hibernating
3827,2023-09-13,3,918.4300000000001,476,2,4,4,10,At-Risk
3828,2023-01-08,2,1612.91,724,1,3,5,9,Cannot Lose Them
3829,2024-09-01,2,504.59000000000003,122,4,3,2,9,Loyal Customers
3831,2022-09-28,2,356.68,826,1,3,2,6,Hibernating
3832,2024-09-30,1,296.56,93,4,1,1,6,New Customers
3833,2023-08-25,1,273.62,495,2,1,1,4,Hibernating
3834,2023-03-06,3,2284.51,667,1,4,5,10,Cannot Lose Them
3836,2024-03-25,2,259.01,282,3,3,1,7,Loyal Customers
3837,2023-07-26,2,1653.5,525,2,3,5,10,At-Risk
3838,2022-08-21,2,429.99,864,1,3,2,6,Hibernating
3839,2024-05-31,3,491.9700000000001,215,3,4,2,9,Loyal Customers
3840,2022-08-24,1,588.66,861,1,1,3,5,Lost
3841,2024-03-23,3,671.98,284,3,4,3,10,Loyal Customers
3842,2023-11-27,2,292.18,401,2,3,1,6,At-Risk
3843,2024-10-06,1,121.96,87,5,1,1,7,New Customers
3844,2022-12-11,2,426.20000000000005,752,1,3,2,6,Hibernating
3845,2024-07-01,4,1189.44,184,4,5,4,13,champions
3846,2024-08-30,2,949.6199999999999,124,4,3,4,11,Loyal Customers
3847,2024-12-05,2,828.11,27,5,3,3,11,Loyal Customers
3848,2022-07-02,2,512.45,914,1,3,2,6,Hibernating
3849,2024-07-03,2,1233.35,182,4,3,4,11,Loyal Customers
3850,2024-06-28,4,1277.13,187,4,5,4,13,champions
3851,2022-09-01,3,799.92,853,1,4,3,8,Cannot Lose Them
3852,2023-11-02,2,1076.44,426,2,3,4,9,At-Risk
3854,2024-12-16,3,1049.01,16,5,4,4,13,champions
3855,2024-12-12,2,525.3499999999999,20,5,3,2,10,Loyal Customers
3856,2024-05-07,1,542.59,239,3,1,2,6,Hibernating
3857,2024-05-01,2,1611.71,245,3,3,5,11,Loyal Customers
3858,2023-03-29,2,838.6899999999999,644,1,3,3,7,Cannot Lose Them
3859,2024-04-01,2,2081.75,275,3,3,5,11,Loyal Customers
3860,2023-07-28,2,694.1700000000001,523,2,3,3,8,At-Risk
3861,2024-12-14,3,1526.72,18,5,4,5,14,champions
3862,2023-11-25,4,984.3399999999999,403,2,5,4,11,At-Risk
3863,2024-10-30,1,648.34,63,5,1,3,9,New Customers
3864,2024-08-01,5,1586.66,153,4,5,5,14,champions
3865,2024-08-07,3,859.72,147,4,4,3,11,Loyal Customers
3866,2022-04-27,1,2062.38,980,1,1,5,7,Lost
3867,2024-10-26,5,1262.98,67,5,5,4,14,champions
3868,2023-03-09,1,184.02,664,1,1,1,3,Lost
3869,2022-01-07,1,259.02,1090,1,1,1,3,Lost
3870,2024-11-11,5,1986.1100000000001,51,5,5,5,15,champions
3871,2024-07-18,3,1353.13,167,4,4,5,13,champions
3872,2023-02-08,2,364.4,693,1,3,2,6,Hibernating
3873,2023-12-21,5,1429.6100000000001,377,2,5,5,12,At-Risk
3874,2024-11-19,1,155.43,43,5,1,1,7,New Customers
3875,2022-08-12,1,146.49,873,1,1,1,3,Lost
3876,2024-09-11,3,1244.08,112,4,4,4,12,champions
3877,2023-10-30,2,555.87,429,2,3,2,7,At-Risk
3878,2023-04-24,2,1159.43,618,1,3,4,8,Cannot Lose Them
3881,2023-09-25,1,107.14,464,2,1,1,4,Hibernating
3882,2023-01-22,2,452.72999999999996,710,1,3,2,6,Hibernating
3883,2023-12-29,2,140.92000000000002,369,2,3,1,6,At-Risk
3884,2024-10-14,3,623.98,79,5,4,3,12,Loyal Customers
3885,2024-03-14,5,3435.98,293,3,5,5,13,Loyal Customers
3886,2024-12-12,4,1408.33,20,5,5,5,15,champions
3887,2023-04-25,2,1059.72,617,1,3,4,8,Cannot Lose Them
3888,2024-06-12,2,425.99,203,4,3,2,9,Loyal Customers
3889,2023-12-12,3,1483.84,386,2,4,5,11,At-Risk
3890,2024-09-25,4,720.0,98,4,5,3,12,Loyal Customers
3891,2022-01-30,1,127.29,1067,1,1,1,3,Lost
3892,2024-06-02,5,2109.32,213,3,5,5,13,Loyal Customers
3893,2024-04-02,3,702.53,274,3,4,3,10,Loyal Customers
3894,2024-10-19,2,502.65999999999997,74,5,3,2,10,Loyal Customers
3895,2024-06-28,4,1133.76,187,4,5,4,13,champions
3896,2024-08-30,3,974.9300000000001,124,4,4,4,12,champions
3897,2023-12-21,1,503.78,377,2,1,2,5,Hibernating
3898,2024-07-27,5,1324.42,158,4,5,4,13,champions
3899,2022-09-22,1,129.81,832,1,1,1,3,Lost
3900,2024-10-31,2,816.14,62,5,3,3,11,Loyal Customers
3901,2024-04-26,5,1272.01,250,3,5,4,12,Loyal Customers
3902,2024-10-13,2,469.15,80,5,3,2,10,Loyal Customers
3903,2023-10-04,3,629.99,455,2,4,3,9,At-Risk
3904,2024-10-17,6,1691.52,76,5,5,5,15,champions
3905,2024-10-26,3,962.36,67,5,4,4,13,champions
3906,2024-09-08,2,1409.31,115,4,3,5,12,Loyal Customers
3907,2024-12-18,2,377.51,14,5,3,2,10,Loyal Customers
3908,2024-06-08,2,486.18,207,3,3,2,8,Loyal Customers
3909,2024-09-18,5,995.9300000000001,105,4,5,4,13,champions
3910,2024-11-14,3,1113.13,48,5,4,4,13,champions
3911,2023-05-03,1,552.6,609,1,1,2,4,Lost
3912,2024-06-13,4,1492.52,202,4,5,5,14,champions
3913,2023-07-26,4,927.37,525,2,5,4,11,At-Risk
3915,2023-11-22,2,426.54999999999995,406,2,3,2,7,At-Risk
3916,2024-06-02,2,1035.17,213,3,3,4,10,Loyal Customers
3917,2024-02-06,2,885.13,330,3,3,4,10,Loyal Customers
3919,2024-04-17,4,2730.32,259,3,5,5,13,Loyal Customers
3920,2023-11-22,3,700.71,406,2,4,3,9,At-Risk
3921,2024-06-28,2,1021.9,187,4,3,4,11,Loyal Customers
3922,2024-03-05,1,423.99,302,3,1,2,6,Hibernating
3923,2023-08-15,3,3038.75,505,2,4,5,11,At-Risk
3924,2024-07-26,1,1149.66,159,4,1,4,9,New Customers
3925,2023-11-23,3,2451.52,405,2,4,5,11,At-Risk
3926,2023-10-14,1,61.33,445,2,1,1,4,Hibernating
3927,2023-09-02,3,1791.99,487,2,4,5,11,At-Risk
3928,2023-07-02,3,918.35,549,2,4,4,10,At-Risk
3929,2024-11-19,1,83.16,43,5,1,1,7,New Customers
3930,2024-01-09,5,2571.6499999999996,358,3,5,5,13,Loyal Customers
3931,2023-07-19,2,115.22,532,2,3,1,6,At-Risk
3932,2024-12-13,6,1281.2,19,5,5,4,14,champions
3933,2024-02-16,2,259.41,320,3,3,1,7,Loyal Customers
3934,2024-02-17,2,302.11,319,3,3,1,7,Loyal Customers
3935,2024-08-17,4,1168.76,137,4,5,4,13,champions
3936,2024-09-06,2,186.19,117,4,3,1,8,Loyal Customers
3937,2024-02-11,5,1045.8400000000001,325,3,5,4,12,Loyal Customers
3938,2024-12-12,4,1235.6100000000001,20,5,5,4,14,champions
3939,2024-11-29,4,1812.14,33,5,5,5,15,champions
3940,2023-12-18,2,240.42,380,2,3,1,6,At-Risk
3941,2024-11-06,5,1334.12,56,5,5,4,14,champions
3942,2023-08-31,2,680.23,489,2,3,3,8,At-Risk
3943,2024-11-25,2,509.25,37,5,3,2,10,Loyal Customers
3944,2022-09-05,2,589.22,849,1,3,3,7,Cannot Lose Them
3945,2024-12-29,6,2288.94,3,5,5,5,15,champions
3946,2024-12-11,6,1807.42,21,5,5,5,15,champions
3948,2024-02-25,2,2060.8199999999997,311,3,3,5,11,Loyal Customers
3949,2024-05-27,4,1592.58,219,3,5,5,13,Loyal Customers
3950,2023-07-01,3,1090.25,550,2,4,4,10,At-Risk
3951,2024-09-22,4,1080.64,101,4,5,4,13,champions
3952,2023-01-12,1,246.73,720,1,1,1,3,Lost
3953,2023-04-04,2,228.95,638,1,3,1,5,Hibernating
3954,2022-06-16,1,656.41,930,1,1,3,5,Lost
3955,2024-01-04,3,351.03,363,2,4,2,8,At-Risk
3956,2022-05-26,1,113.63,951,1,1,1,3,Lost
3957,2024-02-14,6,1852.17,322,3,5,5,13,Loyal Customers
3958,2023-12-26,1,658.13,372,2,1,3,6,Hibernating
3959,2022-04-20,1,113.89,987,1,1,1,3,Lost
3960,2024-03-16,2,227.79000000000002,291,3,3,1,7,Loyal Customers
3962,2023-05-03,2,174.29999999999998,609,1,3,1,5,Hibernating
3963,2023-06-05,1,147.39,576,2,1,1,4,Hibernating
3964,2023-05-06,3,1910.88,606,1,4,5,10,Cannot Lose Them
3965,2024-07-21,4,1395.79,164,4,5,5,14,champions
3966,2024-11-05,5,1560.76,57,5,5,5,15,champions
3967,2022-01-01,1,923.75,1096,1,1,4,6,Lost
3968,2024-10-16,3,651.35,77,5,4,3,12,Loyal Customers
3969,2024-07-30,4,1672.67,155,4,5,5,14,champions
3970,2024-12-28,3,724.48,4,5,4,3,12,Loyal Customers
3971,2022-05-09,1,272.67,968,1,1,1,3,Lost
3972,2024-01-13,1,111.6,354,3,1,1,5,Hibernating
3973,2022-11-10,1,584.46,783,1,1,3,5,Lost
3974,2024-11-19,1,190.89,43,5,1,1,7,New Customers
3975,2024-11-03,5,872.2,59,5,5,3,13,Loyal Customers
3976,2023-06-30,2,617.72,551,2,3,3,8,At-Risk
3977,2024-10-02,2,444.25,91,5,3,2,10,Loyal Customers
3978,2023-05-04,1,102.32,608,1,1,1,3,Lost
3979,2024-11-23,4,1603.19,39,5,5,5,15,champions
3980,2024-07-07,2,1858.23,178,4,3,5,12,Loyal Customers
3981,2024-07-16,2,659.49,169,4,3,3,10,Loyal Customers
3982,2024-03-10,5,2530.75,297,3,5,5,13,Loyal Customers
3983,2024-11-14,3,534.9200000000001,48,5,4,2,11,Loyal Customers
3986,2024-02-09,3,1568.77,327,3,4,5,12,Loyal Customers
3987,2024-06-09,3,1012.67,206,3,4,4,11,Loyal Customers
3988,2022-03-02,2,857.12,1036,1,3,3,7,Cannot Lose Them
3989,2023-10-31,2,551.63,428,2,3,2,7,At-Risk
3990,2023-01-04,1,444.32,728,1,1,2,4,Lost
3991,2024-08-08,4,1596.0900000000001,146,4,5,5,14,champions
3993,2024-09-14,1,126.3,109,4,1,1,6,New Customers
3994,2024-05-19,4,1809.3899999999999,227,3,5,5,13,Loyal Customers
3995,2023-04-12,2,413.35,630,1,3,2,6,Hibernating
3996,2024-12-30,4,1926.25,2,5,5,5,15,champions
3997,2024-11-24,2,496.44,38,5,3,2,10,Loyal Customers
3998,2024-12-27,3,1584.0299999999997,5,5,4,5,14,champions
3999,2024-04-17,3,894.82,259,3,4,4,11,Loyal Customers
4000,2024-10-18,5,2435.13,75,5,5,5,15,champions
4001,2023-12-05,4,939.46,393,2,5,4,11,At-Risk
4002,2024-06-24,2,385.93,191,4,3,2,9,Loyal Customers
4003,2022-09-20,2,1762.72,834,1,3,5,9,Cannot Lose Them
4004,2024-12-27,3,3102.77,5,5,4,5,14,champions
4005,2024-01-07,4,1051.85,360,2,5,4,11,At-Risk
4006,2024-10-26,2,577.8,67,5,3,3,11,Loyal Customers
4007,2024-08-29,3,929.0699999999999,125,4,4,4,12,champions
4008,2024-09-22,4,2181.3399999999997,101,4,5,5,14,champions
4009,2024-09-06,1,359.64,117,4,1,2,7,New Customers
4010,2022-01-07,1,50.75,1090,1,1,1,3,Lost
4011,2024-06-28,2,339.03000000000003,187,4,3,2,9,Loyal Customers
4012,2024-01-06,3,2090.8900000000003,361,2,4,5,11,At-Risk
4013,2024-12-17,6,1826.03,15,5,5,5,15,champions
4014,2024-12-09,2,734.04,23,5,3,3,11,Loyal Customers
4015,2024-01-31,2,508.61,336,3,3,2,8,Loyal Customers
4016,2023-07-09,3,1241.6100000000001,542,2,4,4,10,At-Risk
4017,2024-01-04,3,1023.44,363,2,4,4,10,At-Risk
4018,2024-11-14,4,1069.3700000000001,48,5,5,4,14,champions
4019,2023-09-11,2,205.86,478,2,3,1,6,At-Risk
4020,2024-09-30,4,950.24,93,4,5,4,13,champions
4021,2024-07-28,3,813.98,157,4,4,3,11,Loyal Customers
4022,2024-12-01,2,920.71,31,5,3,4,12,Loyal Customers
4024,2024-11-29,5,1610.19,33,5,5,5,15,champions
4025,2023-10-30,1,285.99,429,2,1,1,4,Hibernating
4026,2022-10-21,2,420.28,803,1,3,2,6,Hibernating
4027,2023-07-03,3,1308.87,548,2,4,4,10,At-Risk
4028,2024-07-31,4,1624.66,154,4,5,5,14,champions
4029,2024-09-20,1,302.77,103,4,1,1,6,New Customers
4030,2023-05-26,2,555.0999999999999,586,2,3,2,7,At-Risk
4031,2024-12-01,3,456.8,31,5,4,2,11,Loyal Customers
4032,2023-03-11,1,46.57,662,1,1,1,3,Lost
4033,2024-09-05,6,1381.42,118,4,5,5,14,champions
4034,2023-11-14,1,241.55,414,2,1,1,4,Hibernating
4036,2024-06-02,4,1857.17,213,3,5,5,13,Loyal Customers
4037,2023-03-18,3,538.05,655,1,4,2,7,Hibernating
4038,2024-02-17,3,456.36,319,3,4,2,9,Loyal Customers
4039,2024-08-21,2,744.8199999999999,133,4,3,3,10,Loyal Customers
4040,2023-11-03,1,125.06,425,2,1,1,4,Hibernating
4041,2024-11-03,3,797.12,59,5,4,3,12,Loyal Customers
4042,2024-12-26,3,600.05,6,5,4,3,12,Loyal Customers
4043,2022-11-10,2,661.8299999999999,783,1,3,3,7,Cannot Lose Them
4045,2024-12-24,5,1068.2,8,5,5,4,14,champions
4046,2023-05-29,5,4193.07,583,2,5,5,12,At-Risk
4047,2023-01-28,1,425.38,704,1,1,2,4,Lost
4048,2024-01-30,2,2479.0,337,3,3,5,11,Loyal Customers
4049,2024-10-27,1,495.85,66,5,1,2,8,New Customers
4050,2023-06-24,2,1143.5,557,2,3,4,9,At-Risk
4051,2023-09-16,1,285.07,473,2,1,1,4,Hibernating
4052,2024-06-30,2,544.89,185,4,3,2,9,Loyal Customers
4053,2023-10-24,3,563.74,435,2,4,2,8,At-Risk
4054,2024-11-11,4,1116.78,51,5,5,4,14,champions
4055,2024-01-15,3,641.9599999999999,352,3,4,3,10,Loyal Customers
4056,2023-09-20,5,1454.58,469,2,5,5,12,At-Risk
4057,2022-08-25,1,268.96,860,1,1,1,3,Lost
4058,2023-02-06,2,415.78999999999996,695,1,3,2,6,Hibernating
4059,2024-03-11,1,770.36,296,3,1,3,7,Hibernating
4060,2024-08-23,2,1232.6399999999999,131,4,3,4,11,Loyal Customers
4061,2024-10-16,2,1379.77,77,5,3,5,13,Loyal Customers
4063,2024-06-30,3,584.4300000000001,185,4,4,3,11,Loyal Customers
4064,2024-07-23,1,498.57,162,4,1,2,7,New Customers
4065,2024-08-20,5,1018.77,134,4,5,4,13,champions
4067,2024-11-28,4,1690.04,34,5,5,5,15,champions
4068,2024-08-16,3,894.97,138,4,4,4,12,champions
4070,2023-05-08,1,302.93,604,1,1,1,3,Lost
4071,2023-08-01,1,223.11,519,2,1,1,4,Hibernating
4072,2024-11-23,3,1507.48,39,5,4,5,14,champions
4073,2022-03-15,1,461.18,1023,1,1,2,4,Lost
4074,2024-12-06,3,2371.48,26,5,4,5,14,champions
4075,2024-11-14,4,903.23,48,5,5,4,14,champions
4076,2024-08-27,2,2348.88,127,4,3,5,12,Loyal Customers
4077,2024-11-20,1,327.78,42,5,1,2,8,New Customers
4078,2023-04-01,1,974.55,641,1,1,4,6,Lost
4079,2024-11-14,2,790.8199999999999,48,5,3,3,11,Loyal Customers
4080,2024-07-13,1,387.2,172,4,1,2,7,New Customers
4081,2022-05-19,1,118.42,958,1,1,1,3,Lost
4082,2023-06-18,2,837.48,563,2,3,3,8,At-Risk
4083,2024-06-26,4,4059.92,189,4,5,5,14,champions
4084,2023-08-10,1,918.35,510,2,1,4,7,Hibernating
4085,2024-01-11,5,1165.92,356,3,5,4,12,Loyal Customers
4086,2024-06-10,2,669.26,205,3,3,3,9,Loyal Customers
4087,2022-12-26,2,579.74,737,1,3,3,7,Cannot Lose Them
4088,2023-04-29,1,1699.23,613,1,1,5,7,Lost
4089,2024-08-11,3,607.03,143,4,4,3,11,Loyal Customers
4090,2024-11-04,4,3098.75,58,5,5,5,15,champions
4091,2024-09-13,3,903.9199999999998,110,4,4,4,12,champions
4092,2023-11-10,3,534.62,418,2,4,2,8,At-Risk
4096,2023-07-02,1,213.77,549,2,1,1,4,Hibernating
4097,2024-12-23,3,1023.24,9,5,4,4,13,champions
4098,2024-03-16,5,1810.37,291,3,5,5,13,Loyal Customers
4099,2023-05-25,2,1306.8899999999999,587,2,3,4,9,At-Risk
4100,2024-04-19,8,2264.93,257,3,5,5,13,Loyal Customers
4101,2024-11-16,6,1136.7,46,5,5,4,14,champions
4102,2023-12-17,5,2065.95,381,2,5,5,12,At-Risk
4103,2022-09-23,2,718.67,831,1,3,3,7,Cannot Lose Them
4104,2023-12-10,1,240.64,388,2,1,1,4,Hibernating
4105,2023-10-28,3,583.0600000000001,431,2,4,3,9,At-Risk
4106,2024-11-29,3,551.12,33,5,4,2,11,Loyal Customers
4107,2023-03-14,2,1630.97,659,1,3,5,9,Cannot Lose Them
4108,2023-07-14,1,299.49,537,2,1,1,4,Hibernating
4109,2023-09-07,4,1362.34,482,2,5,5,12,At-Risk
4110,2023-09-20,5,1439.69,469,2,5,5,12,At-Risk
4111,2024-05-08,2,329.09000000000003,238,3,3,2,8,Loyal Customers
4112,2024-06-15,1,425.37,200,4,1,2,7,New Customers
4113,2024-06-23,2,624.4000000000001,192,4,3,3,10,Loyal Customers
4115,2023-08-13,2,885.09,507,2,3,4,9,At-Risk
4117,2022-05-30,1,181.05,947,1,1,1,3,Lost
4118,2023-12-14,2,354.12,384,2,3,2,7,At-Risk
4119,2024-11-07,3,1987.01,55,5,4,5,14,champions
4120,2023-12-25,2,588.9399999999999,373,2,3,3,8,At-Risk
4121,2024-11-28,3,1050.95,34,5,4,4,13,champions
4122,2022-02-10,1,252.18,1056,1,1,1,3,Lost
4123,2024-04-06,1,267.86,270,3,1,1,5,Hibernating
4124,2024-08-21,2,2038.6399999999999,133,4,3,5,12,Loyal Customers
4125,2023-06-21,3,747.08,560,2,4,3,9,At-Risk
4126,2022-03-29,1,81.42,1009,1,1,1,3,Lost
4127,2022-12-15,1,1126.95,748,1,1,4,6,Lost
4128,2024-09-30,2,322.29999999999995,93,4,3,2,9,Loyal Customers
4129,2024-01-23,3,1625.99,344,3,4,5,12,Loyal Customers
4130,2023-10-21,3,686.3499999999999,438,2,4,3,9,At-Risk
4131,2024-07-11,4,454.64,174,4,5,2,11,Loyal Customers
4132,2024-11-17,3,643.56,45,5,4,3,12,Loyal Customers
4133,2024-08-25,4,1681.5,129,4,5,5,14,champions
4134,2024-07-29,5,2093.7200000000003,156,4,5,5,14,champions
4135,2024-05-09,2,1059.49,237,3,3,4,10,Loyal Customers
4136,2024-06-27,3,1140.67,188,4,4,4,12,champions
4137,2024-07-12,3,851.04,173,4,4,3,11,Loyal Customers
4138,2024-08-02,2,451.09999999999997,152,4,3,2,9,Loyal Customers
4139,2024-03-09,3,775.32,298,3,4,3,10,Loyal Customers
4141,2024-02-25,5,1569.88,311,3,5,5,13,Loyal Customers
4142,2023-11-02,1,1342.65,426,2,1,4,7,Hibernating
4143,2023-08-20,3,388.67,500,2,4,2,8,At-Risk
4144,2024-11-12,6,5551.87,50,5,5,5,15,champions
4145,2023-01-07,1,188.93,725,1,1,1,3,Lost
4146,2023-06-28,1,343.2,553,2,1,2,5,Hibernating
4147,2024-07-08,4,1253.5900000000001,177,4,5,4,13,champions
4149,2024-09-04,2,314.66,119,4,3,1,8,Loyal Customers
4150,2024-04-27,5,1951.73,249,3,5,5,13,Loyal Customers
4151,2023-11-14,5,885.1,414,2,5,4,11,At-Risk
4152,2022-05-07,1,277.29,970,1,1,1,3,Lost
4153,2024-12-28,8,2716.95,4,5,5,5,15,champions
4154,2024-05-13,3,1445.52,233,3,4,5,12,Loyal Customers
4155,2024-08-09,2,422.28999999999996,145,4,3,2,9,Loyal Customers
4156,2023-12-21,1,608.98,377,2,1,3,6,Hibernating
4157,2024-01-16,5,1130.8600000000001,351,3,5,4,12,Loyal Customers
4158,2024-09-28,2,326.78999999999996,95,4,3,2,9,Loyal Customers
4159,2024-02-06,3,1163.25,330,3,4,4,11,Loyal Customers
4160,2024-02-14,2,427.46999999999997,322,3,3,2,8,Loyal Customers
4161,2023-11-21,1,736.65,407,2,1,3,6,Hibernating
4162,2022-08-06,2,472.37,879,1,3,2,6,Hibernating
4163,2024-12-25,2,584.83,7,5,3,3,11,Loyal Customers
4164,2024-01-21,5,1294.27,346,3,5,4,12,Loyal Customers
4165,2023-08-14,1,486.48,506,2,1,2,5,Hibernating
4166,2023-07-25,1,358.61,526,2,1,2,5,Hibernating
4167,2024-10-14,3,1045.86,79,5,4,4,13,champions
4168,2024-06-15,3,759.42,200,4,4,3,11,Loyal Customers
4169,2022-04-05,1,193.93,1002,1,1,1,3,Lost
4170,2024-10-26,4,562.06,67,5,5,2,12,Loyal Customers
4171,2023-04-10,1,187.39,632,1,1,1,3,Lost
4172,2024-01-24,2,308.5,343,3,3,1,7,Loyal Customers
4173,2022-05-27,1,286.76,950,1,1,1,3,Lost
4174,2024-12-06,4,1512.29,26,5,5,5,15,champions
4175,2022-07-28,1,126.18,888,1,1,1,3,Lost
4176,2024-11-03,2,1679.56,59,5,3,5,13,Loyal Customers
4177,2024-06-06,4,1627.6599999999999,209,3,5,5,13,Loyal Customers
4178,2023-12-20,3,2730.99,378,2,4,5,11,At-Risk
4179,2023-01-22,2,761.4,710,1,3,3,7,Cannot Lose Them
4180,2024-04-26,2,849.31,250,3,3,3,9,Loyal Customers
4181,2024-02-19,2,964.4200000000001,317,3,3,4,10,Loyal Customers
4182,2022-06-25,1,124.43,921,1,1,1,3,Lost
4183,2024-02-10,2,541.65,326,3,3,2,8,Loyal Customers
4184,2024-09-23,3,2616.72,100,4,4,5,13,champions
4185,2023-05-04,4,2005.51,608,1,5,5,11,Cannot Lose Them
4187,2024-08-15,4,2132.6,139,4,5,5,14,champions
4188,2024-07-24,3,1719.69,161,4,4,5,13,champions
4189,2023-05-28,3,249.82,584,2,4,1,7,At-Risk
4190,2024-06-16,1,84.75,199,4,1,1,6,New Customers
4191,2024-12-15,5,2015.3,17,5,5,5,15,champions
4192,2024-08-23,2,735.79,131,4,3,3,10,Loyal Customers
4193,2023-01-04,3,796.73,728,1,4,3,8,Cannot Lose Them
4194,2024-02-13,4,1572.94,323,3,5,5,13,Loyal Customers
4195,2023-07-18,1,474.61,533,2,1,2,5,Hibernating
4196,2024-04-30,4,861.38,246,3,5,3,11,Loyal Customers
4197,2024-12-20,4,673.77,12,5,5,3,13,Loyal Customers
4198,2023-09-28,3,700.9799999999999,461,2,4,3,9,At-Risk
4199,2024-01-30,2,1356.77,337,3,3,5,11,Loyal Customers
4200,2024-12-13,5,3397.21,19,5,5,5,15,champions
4201,2024-09-04,7,2112.3,119,4,5,5,14,champions
4202,2023-10-05,2,947.24,454,2,3,4,9,At-Risk
4203,2022-12-30,3,1100.78,733,1,4,4,9,Cannot Lose Them
4204,2024-03-06,4,1368.27,301,3,5,5,13,Loyal Customers
4205,2023-11-30,1,119.3,398,2,1,1,4,Hibernating
4206,2024-08-09,2,524.56,145,4,3,2,9,Loyal Customers
4207,2023-12-06,1,144.66,392,2,1,1,4,Hibernating
4208,2023-02-28,2,1013.1199999999999,673,1,3,4,8,Cannot Lose Them
4209,2022-09-30,1,371.0,824,1,1,2,4,Lost
4210,2024-09-24,2,1060.63,99,4,3,4,11,Loyal Customers
4211,2022-11-15,1,619.79,778,1,1,3,5,Lost
4212,2024-07-28,3,568.44,157,4,4,3,11,Loyal Customers
4213,2023-05-19,2,797.74,593,2,3,3,8,At-Risk
4214,2024-09-11,3,1804.4,112,4,4,5,13,champions
4215,2022-05-12,2,553.6,965,1,3,2,6,Hibernating
4216,2022-11-28,1,622.13,765,1,1,3,5,Lost
4217,2023-10-27,2,423.58,432,2,3,2,7,At-Risk
4218,2022-01-19,1,306.76,1078,1,1,1,3,Lost
4219,2022-09-03,1,155.32,851,1,1,1,3,Lost
4220,2024-12-18,3,945.6600000000001,14,5,4,4,13,champions
4221,2024-06-20,3,674.01,195,4,4,3,11,Loyal Customers
4222,2024-06-18,1,198.25,197,4,1,1,6,New Customers
4224,2024-02-19,4,722.86,317,3,5,3,11,Loyal Customers
4225,2023-11-07,3,1598.4499999999998,421,2,4,5,11,At-Risk
4226,2024-07-19,2,615.8,166,4,3,3,10,Loyal Customers
4227,2023-04-16,5,2804.83,626,1,5,5,11,Cannot Lose Them
4228,2023-06-16,2,197.66000000000003,565,2,3,1,6,At-Risk
4229,2024-12-01,5,2616.35,31,5,5,5,15,champions
4230,2024-07-06,5,2349.55,179,4,5,5,14,champions
4231,2024-12-15,3,1540.3,17,5,4,5,14,champions
4232,2024-10-31,2,1158.79,62,5,3,4,12,Loyal Customers
4233,2024-10-05,2,799.36,88,5,3,3,11,Loyal Customers
4234,2024-06-21,2,1126.76,194,4,3,4,11,Loyal Customers
4235,2024-12-30,7,2977.31,2,5,5,5,15,champions
4236,2024-05-17,3,843.31,229,3,4,3,10,Loyal Customers
4237,2024-01-20,5,1977.01,347,3,5,5,13,Loyal Customers
4238,2024-11-24,4,999.23,38,5,5,4,14,champions
4239,2024-01-28,2,269.24,339,3,3,1,7,Loyal Customers
4240,2024-09-07,3,494.57,116,4,4,2,10,Loyal Customers
4241,2024-12-17,5,1398.72,15,5,5,5,15,champions
4242,2024-06-01,2,749.9200000000001,214,3,3,3,9,Loyal Customers
4243,2024-04-19,2,1061.33,257,3,3,4,10,Loyal Customers
4244,2024-07-17,4,1072.75,168,4,5,4,13,champions
4245,2024-09-29,2,282.96000000000004,94,4,3,1,8,Loyal Customers
4246,2024-10-20,4,1820.9,73,5,5,5,15,champions
4247,2024-03-03,5,1282.13,304,3,5,4,12,Loyal Customers
4248,2024-04-28,5,1904.9099999999999,248,3,5,5,13,Loyal Customers
4249,2023-08-07,1,147.72,513,2,1,1,4,Hibernating
4250,2024-02-26,2,355.98,310,3,3,2,8,Loyal Customers
4251,2024-10-13,2,518.0699999999999,80,5,3,2,10,Loyal Customers
4252,2022-10-22,1,419.49,802,1,1,2,4,Lost
4253,2023-05-22,2,310.61,590,2,3,1,6,At-Risk
4254,2024-12-30,2,3070.2200000000003,2,5,3,5,13,Loyal Customers
4255,2024-10-22,4,1372.26,71,5,5,5,15,champions
4256,2023-05-17,2,945.37,595,2,3,4,9,At-Risk
4257,2023-06-12,3,411.65,569,2,4,2,8,At-Risk
4258,2023-11-10,2,498.72999999999996,418,2,3,2,7,At-Risk
4259,2023-06-26,2,615.52,555,2,3,3,8,At-Risk
4260,2023-08-28,1,143.64,492,2,1,1,4,Hibernating
4261,2023-11-17,1,194.49,411,2,1,1,4,Hibernating
4262,2024-02-08,5,2529.74,328,3,5,5,13,Loyal Customers
4263,2024-05-28,2,162.05,218,3,3,1,7,Loyal Customers
4264,2022-11-24,2,244.07999999999998,769,1,3,1,5,Hibernating
4265,2023-03-17,1,178.3,656,1,1,1,3,Lost
4266,2024-12-02,1,150.61,30,5,1,1,7,New Customers
4267,2023-12-19,1,419.66,379,2,1,2,5,Hibernating
4268,2023-01-10,1,117.93,722,1,1,1,3,Lost
4269,2023-03-02,1,83.53,671,1,1,1,3,Lost
4270,2024-02-26,1,336.94,310,3,1,2,6,Hibernating
4271,2024-05-07,3,881.24,239,3,4,3,10,Loyal Customers
4272,2023-10-07,3,1267.11,452,2,4,4,10,At-Risk
4273,2024-11-15,3,1359.19,47,5,4,5,14,champions
4274,2023-01-26,2,714.12,706,1,3,3,7,Cannot Lose Them
4275,2023-01-06,3,1183.25,726,1,4,4,9,Cannot Lose Them
4276,2024-06-18,2,594.3100000000001,197,4,3,3,10,Loyal Customers
4277,2022-09-09,3,812.7,845,1,4,3,8,Cannot Lose Them
4278,2024-05-11,4,1544.03,235,3,5,5,13,Loyal Customers
4279,2024-11-16,1,78.21,46,5,1,1,7,New Customers
4280,2024-09-19,3,815.31,104,4,4,3,11,Loyal Customers
4281,2024-02-28,4,846.9,308,3,5,3,11,Loyal Customers
4282,2024-12-20,3,950.52,12,5,4,4,13,champions
4283,2023-05-11,1,177.31,601,1,1,1,3,Lost
4284,2022-11-17,2,816.2,776,1,3,3,7,Cannot Lose Them
4285,2024-01-06,1,256.04,361,2,1,1,4,Hibernating
4286,2024-10-08,6,2461.94,85,5,5,5,15,champions
4287,2023-10-12,4,1230.0900000000001,447,2,5,4,11,At-Risk
4288,2024-11-16,3,390.5,46,5,4,2,11,Loyal Customers
4289,2024-11-12,2,543.79,50,5,3,2,10,Loyal Customers
4290,2023-07-22,1,815.77,529,2,1,3,6,Hibernating
4291,2023-07-28,4,1742.03,523,2,5,5,12,At-Risk
4292,2024-11-21,4,1095.95,41,5,5,4,14,champions
4293,2024-02-17,3,481.53999999999996,319,3,4,2,9,Loyal Customers
4294,2022-01-03,1,265.55,1094,1,1,1,3,Lost
4295,2022-04-07,1,126.63,1000,1,1,1,3,Lost
4296,2024-11-12,3,1267.0,50,5,4,4,13,champions
4297,2023-08-19,4,1272.37,501,2,5,4,11,At-Risk
4299,2024-06-13,5,3141.0699999999997,202,4,5,5,14,champions
4300,2024-12-07,2,735.48,25,5,3,3,11,Loyal Customers
4301,2023-10-29,1,288.89,430,2,1,1,4,Hibernating
4302,2024-11-10,8,4462.35,52,5,5,5,15,champions
4303,2023-07-24,1,207.41,527,2,1,1,4,Hibernating
4304,2022-11-16,1,252.58,777,1,1,1,3,Lost
4305,2024-12-04,5,2196.26,28,5,5,5,15,champions
4306,2024-02-17,3,657.91,319,3,4,3,10,Loyal Customers
4308,2024-04-12,1,185.37,264,3,1,1,5,Hibernating
4309,2024-04-03,2,672.38,273,3,3,3,9,Loyal Customers
4310,2024-02-24,1,77.76,312,3,1,1,5,Hibernating
4313,2024-07-19,2,313.46,166,4,3,1,8,Loyal Customers
4314,2022-09-28,3,1194.95,826,1,4,4,9,Cannot Lose Them
4315,2024-04-17,3,1378.74,259,3,4,5,12,Loyal Customers
4317,2024-09-15,2,1293.47,108,4,3,4,11,Loyal Customers
4318,2023-02-01,2,399.45000000000005,700,1,3,2,6,Hibernating
4319,2023-06-19,3,1677.93,562,2,4,5,11,At-Risk
4320,2023-01-11,1,132.61,721,1,1,1,3,Lost
4321,2024-09-11,3,867.23,112,4,4,3,11,Loyal Customers
4322,2023-09-04,1,337.77,485,2,1,2,5,Hibernating
4323,2024-03-18,3,1076.97,289,3,4,4,11,Loyal Customers
4324,2024-12-25,2,529.45,7,5,3,2,10,Loyal Customers
4325,2024-07-10,3,1036.3700000000001,175,4,4,4,12,champions
4326,2024-10-06,2,577.24,87,5,3,3,11,Loyal Customers
4327,2023-09-03,2,825.5699999999999,486,2,3,3,8,At-Risk
4328,2024-10-12,2,517.36,81,5,3,2,10,Loyal Customers
4329,2024-10-17,1,338.16,76,5,1,2,8,New Customers
4330,2023-02-16,3,1157.48,685,1,4,4,9,Cannot Lose Them
4331,2022-01-18,1,540.05,1079,1,1,2,4,Lost
4332,2024-11-24,3,636.53,38,5,4,3,12,Loyal Customers
4333,2024-01-30,2,818.09,337,3,3,3,9,Loyal Customers
4334,2024-05-11,4,1309.1200000000001,235,3,5,4,12,Loyal Customers
4335,2024-03-11,1,206.47,296,3,1,1,5,Hibernating
4336,2024-03-21,1,511.28,286,3,1,2,6,Hibernating
4337,2022-09-07,2,619.08,847,1,3,3,7,Cannot Lose Them
4338,2024-05-13,2,1327.71,233,3,3,4,10,Loyal Customers
4340,2022-12-20,1,265.39,743,1,1,1,3,Lost
4342,2023-10-31,1,954.87,428,2,1,4,7,Hibernating
4343,2024-04-20,4,1459.22,256,3,5,5,13,Loyal Customers
4344,2024-12-14,5,1163.13,18,5,5,4,14,champions
4345,2023-12-06,3,1204.29,392,2,4,4,10,At-Risk
4346,2024-05-25,3,462.08,221,3,4,2,9,Loyal Customers
4347,2024-08-04,5,2124.04,150,4,5,5,14,champions
4349,2023-11-06,5,1881.71,422,2,5,5,12,At-Risk
4350,2023-10-02,1,296.48,457,2,1,1,4,Hibernating
4351,2024-09-29,5,1619.36,94,4,5,5,14,champions
4352,2024-08-03,4,767.52,151,4,5,3,12,Loyal Customers
4353,2024-09-19,5,1787.28,104,4,5,5,14,champions
4354,2022-05-10,2,766.4300000000001,967,1,3,3,7,Cannot Lose Them
4355,2023-06-28,2,504.08000000000004,553,2,3,2,7,At-Risk
4356,2022-12-24,2,965.51,739,1,3,4,8,Cannot Lose Them
4357,2022-02-09,2,824.8299999999999,1057,1,3,3,7,Cannot Lose Them
4358,2024-11-12,4,794.9000000000001,50,5,5,3,13,Loyal Customers
4359,2024-08-19,2,926.5899999999999,135,4,3,4,11,Loyal Customers
4360,2024-07-30,4,1061.29,155,4,5,4,13,champions
4361,2023-07-01,1,237.48,550,2,1,1,4,Hibernating
4362,2024-03-18,3,1077.87,289,3,4,4,11,Loyal Customers
4363,2024-11-27,6,2437.9500000000003,35,5,5,5,15,champions
4364,2024-09-27,2,994.15,96,4,3,4,11,Loyal Customers
4365,2024-08-18,3,895.5799999999999,136,4,4,4,12,champions
4366,2022-09-05,1,424.87,849,1,1,2,4,Lost
4367,2023-12-30,2,681.98,368,2,3,3,8,At-Risk
4368,2023-05-14,1,284.4,598,1,1,1,3,Lost
4369,2023-11-21,3,1028.06,407,2,4,4,10,At-Risk
4370,2024-11-16,6,1453.79,46,5,5,5,15,champions
4371,2024-06-14,2,329.24,201,4,3,2,9,Loyal Customers
4372,2024-06-29,3,808.69,186,4,4,3,11,Loyal Customers
4373,2024-11-05,3,862.15,57,5,4,3,12,Loyal Customers
4374,2024-01-08,4,1404.51,359,2,5,5,12,At-Risk
4375,2023-05-28,3,1438.02,584,2,4,5,11,At-Risk
4376,2024-06-22,3,738.1800000000001,193,4,4,3,11,Loyal Customers
4377,2024-02-26,4,2777.71,310,3,5,5,13,Loyal Customers
4379,2024-09-07,2,2218.72,116,4,3,5,12,Loyal Customers
4380,2024-04-11,3,963.1200000000001,265,3,4,4,11,Loyal Customers
4381,2022-11-29,1,214.05,764,1,1,1,3,Lost
4382,2023-02-09,2,418.86,692,1,3,2,6,Hibernating
4383,2024-07-10,2,101.59,175,4,3,1,8,Loyal Customers
4384,2024-03-22,3,843.38,285,3,4,3,10,Loyal Customers
4385,2024-08-14,3,496.89,140,4,4,2,10,Loyal Customers
4386,2024-03-21,4,885.24,286,3,5,4,12,Loyal Customers
4387,2023-03-25,2,149.87,648,1,3,1,5,Hibernating
4388,2023-03-07,2,1766.1200000000001,666,1,3,5,9,Cannot Lose Them
4389,2023-01-13,1,170.15,719,1,1,1,3,Lost
4390,2024-12-22,4,712.85,10,5,5,3,13,Loyal Customers
4391,2024-09-22,3,592.85,101,4,4,3,11,Loyal Customers
4392,2023-12-10,6,1776.84,388,2,5,5,12,At-Risk
4393,2024-06-08,1,117.43,207,3,1,1,5,Hibernating
4394,2023-10-29,2,333.54,430,2,3,2,7,At-Risk
4395,2024-08-10,1,123.14,144,4,1,1,6,New Customers
4396,2024-08-27,5,987.6800000000001,127,4,5,4,13,champions
4397,2024-10-29,3,651.11,64,5,4,3,12,Loyal Customers
4398,2024-11-28,6,1944.44,34,5,5,5,15,champions
4399,2022-06-21,1,470.57,925,1,1,2,4,Lost
4400,2022-04-22,1,237.14,985,1,1,1,3,Lost
4401,2024-09-17,2,1104.3,106,4,3,4,11,Loyal Customers
4402,2024-09-30,2,225.39,93,4,3,1,8,Loyal Customers
4404,2023-08-09,1,165.31,511,2,1,1,4,Hibernating
4406,2022-03-26,1,136.68,1012,1,1,1,3,Lost
4407,2024-11-23,2,405.81,39,5,3,2,10,Loyal Customers
4408,2023-10-04,2,1032.4499999999998,455,2,3,4,9,At-Risk
4409,2023-12-09,3,699.02,389,2,4,3,9,At-Risk
4410,2024-12-12,2,882.0799999999999,20,5,3,3,11,Loyal Customers
4411,2024-06-21,4,927.5600000000001,194,4,5,4,13,champions
4412,2024-10-31,2,308.06,62,5,3,1,9,Loyal Customers
4413,2022-04-08,1,459.68,999,1,1,2,4,Lost
4414,2024-08-16,5,1847.45,138,4,5,5,14,champions
4415,2024-07-16,2,1195.1100000000001,169,4,3,4,11,Loyal Customers
4416,2024-04-18,3,1141.9,258,3,4,4,11,Loyal Customers
4417,2024-06-24,3,508.58000000000004,191,4,4,2,10,Loyal Customers
4418,2023-12-12,3,1690.2399999999998,386,2,4,5,11,At-Risk
4419,2024-09-19,2,526.01,104,4,3,2,9,Loyal Customers
4422,2024-11-14,6,2943.09,48,5,5,5,15,champions
4423,2024-02-23,3,1622.22,313,3,4,5,12,Loyal Customers
4424,2024-02-27,3,450.32000000000005,309,3,4,2,9,Loyal Customers
4425,2024-10-26,3,826.21,67,5,4,3,12,Loyal Customers
4426,2024-07-18,2,214.71,167,4,3,1,8,Loyal Customers
4427,2022-09-25,1,1238.52,829,1,1,4,6,Lost
4428,2024-01-12,5,1130.72,355,3,5,4,12,Loyal Customers
4429,2023-11-04,2,487.71999999999997,424,2,3,2,7,At-Risk
4430,2024-01-16,1,153.58,351,3,1,1,5,Hibernating
4431,2023-05-26,3,1426.91,586,2,4,5,11,At-Risk
4432,2024-08-29,2,1025.1100000000001,125,4,3,4,11,Loyal Customers
4433,2024-05-02,2,432.06999999999994,244,3,3,2,8,Loyal Customers
4434,2024-04-19,3,996.68,257,3,4,4,11,Loyal Customers
4435,2023-07-19,4,1143.29,532,2,5,4,11,At-Risk
4436,2024-01-23,4,2821.03,344,3,5,5,13,Loyal Customers
4437,2023-12-22,5,1971.96,376,2,5,5,12,At-Risk
4439,2024-09-01,3,303.86,122,4,4,1,9,Loyal Customers
4440,2023-02-10,2,457.65000000000003,691,1,3,2,6,Hibernating
4441,2023-02-04,1,220.35,697,1,1,1,3,Lost
4442,2024-04-08,1,120.03,268,3,1,1,5,Hibernating
4444,2024-07-07,4,1124.8899999999999,178,4,5,4,13,champions
4445,2024-09-06,6,3148.06,117,4,5,5,14,champions
4446,2022-07-16,1,476.84,900,1,1,2,4,Lost
4447,2024-12-30,3,441.04999999999995,2,5,4,2,11,Loyal Customers
4448,2024-06-09,3,783.54,206,3,4,3,10,Loyal Customers
4449,2022-08-14,1,215.7,871,1,1,1,3,Lost
4450,2024-03-28,5,1954.26,279,3,5,5,13,Loyal Customers
4451,2024-11-15,3,263.7,47,5,4,1,10,Loyal Customers
4452,2022-12-19,2,291.07,744,1,3,1,5,Hibernating
4453,2024-07-15,3,543.98,170,4,4,2,10,Loyal Customers
4454,2023-02-13,1,70.27,688,1,1,1,3,Lost
4455,2023-02-11,2,353.48,690,1,3,2,6,Hibernating
4458,2024-07-14,1,447.42,171,4,1,2,7,New Customers
4459,2024-10-16,5,1326.99,77,5,5,4,14,champions
4460,2023-12-25,2,495.28999999999996,373,2,3,2,7,At-Risk
4461,2024-11-19,3,352.8,43,5,4,2,11,Loyal Customers
4462,2023-02-17,2,391.46,684,1,3,2,6,Hibernating
4463,2023-05-21,1,458.92,591,2,1,2,5,Hibernating
4464,2024-11-11,3,587.94,51,5,4,3,12,Loyal Customers
4465,2024-02-05,2,1364.5700000000002,331,3,3,5,11,Loyal Customers
4467,2024-12-27,4,1167.6499999999999,5,5,5,4,14,champions
4468,2023-07-25,1,219.02,526,2,1,1,4,Hibernating
4469,2024-01-29,2,472.9,338,3,3,2,8,Loyal Customers
4470,2024-04-16,1,942.31,260,3,1,4,8,Hibernating
4471,2023-03-13,2,1018.8900000000001,660,1,3,4,8,Cannot Lose Them
4472,2024-02-24,3,1316.8200000000002,312,3,4,4,11,Loyal Customers
4473,2023-08-29,3,649.63,491,2,4,3,9,At-Risk
4474,2024-08-07,2,773.15,147,4,3,3,10,Loyal Customers
4475,2024-06-02,4,1779.97,213,3,5,5,13,Loyal Customers
4476,2024-05-02,1,226.77,244,3,1,1,5,Hibernating
4477,2024-04-25,1,437.89,251,3,1,2,6,Hibernating
4478,2024-12-15,3,861.29,17,5,4,3,12,Loyal Customers
4479,2023-07-21,1,186.72,530,2,1,1,4,Hibernating
4480,2024-08-20,3,1148.0,134,4,4,4,12,champions
4481,2023-10-13,2,1270.47,446,2,3,4,9,At-Risk
4482,2024-08-07,4,923.01,147,4,5,4,13,champions
4483,2024-12-16,4,1259.44,16,5,5,4,14,champions
4484,2024-07-27,3,724.0,158,4,4,3,11,Loyal Customers
4485,2024-10-16,4,1139.29,77,5,5,4,14,champions
4486,2024-03-09,1,422.4,298,3,1,2,6,Hibernating
4487,2024-11-04,3,733.89,58,5,4,3,12,Loyal Customers
4488,2024-03-13,3,620.29,294,3,4,3,10,Loyal Customers
4489,2022-07-01,1,117.02,915,1,1,1,3,Lost
4490,2023-09-30,1,418.45,459,2,1,2,5,Hibernating
4491,2024-07-27,3,807.97,158,4,4,3,11,Loyal Customers
4492,2024-10-10,3,606.6800000000001,83,5,4,3,12,Loyal Customers
4493,2022-11-12,2,521.53,781,1,3,2,6,Hibernating
4494,2023-11-13,2,574.97,415,2,3,3,8,At-Risk
4495,2023-11-24,2,390.3,404,2,3,2,7,At-Risk
4496,2024-10-17,5,1189.33,76,5,5,4,14,champions
4497,2024-06-26,3,530.4300000000001,189,4,4,2,10,Loyal Customers
4498,2024-12-23,3,654.91,9,5,4,3,12,Loyal Customers
4499,2024-10-26,3,924.44,67,5,4,4,13,champions
4500,2023-07-15,2,539.29,536,2,3,2,7,At-Risk
4501,2022-03-02,1,706.44,1036,1,1,3,5,Lost
4502,2022-12-03,1,2007.12,760,1,1,5,7,Lost
4503,2022-06-02,1,356.83,944,1,1,2,4,Lost
4504,2023-07-05,2,578.88,546,2,3,3,8,At-Risk
4505,2024-07-12,3,793.99,173,4,4,3,11,Loyal Customers
4506,2024-10-17,5,2293.25,76,5,5,5,15,champions
4507,2024-06-04,5,1401.91,211,3,5,5,13,Loyal Customers
4508,2024-12-19,1,217.68,13,5,1,1,7,New Customers
4510,2024-03-18,2,879.9499999999999,289,3,3,3,9,Loyal Customers
4512,2024-04-28,2,173.87,248,3,3,1,7,Loyal Customers
4513,2023-01-26,1,346.05,706,1,1,2,4,Lost
4514,2024-10-07,2,261.87,86,5,3,1,9,Loyal Customers
4515,2023-07-10,4,896.63,541,2,5,4,11,At-Risk
4516,2024-10-27,2,675.01,66,5,3,3,11,Loyal Customers
4517,2024-09-16,2,518.65,107,4,3,2,9,Loyal Customers
4518,2024-06-10,2,403.2,205,3,3,2,8,Loyal Customers
4522,2024-05-12,3,655.3900000000001,234,3,4,3,10,Loyal Customers
4523,2022-08-16,3,958.31,869,1,4,4,9,Cannot Lose Them
4524,2024-03-27,5,2664.67,280,3,5,5,13,Loyal Customers
4525,2024-07-21,5,1652.1599999999999,164,4,5,5,14,champions
4526,2023-01-20,1,248.32,712,1,1,1,3,Lost
4527,2023-04-02,1,353.88,640,1,1,2,4,Lost
4528,2023-04-05,2,486.22,637,1,3,2,6,Hibernating
4529,2023-03-07,3,1369.0,666,1,4,5,10,Cannot Lose Them
4530,2024-12-16,3,1166.69,16,5,4,4,13,champions
4531,2024-08-29,2,408.99,125,4,3,2,9,Loyal Customers
4532,2024-08-11,3,892.02,143,4,4,4,12,champions
4533,2022-11-23,1,222.64,770,1,1,1,3,Lost
4534,2024-01-22,5,1190.52,345,3,5,4,12,Loyal Customers
4535,2022-08-04,2,372.53999999999996,881,1,3,2,6,Hibernating
4536,2023-03-14,2,429.41,659,1,3,2,6,Hibernating
4537,2022-07-03,1,152.46,913,1,1,1,3,Lost
4538,2024-06-04,5,892.32,211,3,5,4,12,Loyal Customers
4539,2024-03-10,4,1069.25,297,3,5,4,12,Loyal Customers
4540,2023-06-20,2,1407.92,561,2,3,5,10,At-Risk
4541,2024-06-29,6,2468.27,186,4,5,5,14,champions
4542,2024-12-25,1,294.2,7,5,1,1,7,New Customers
4543,2023-12-06,3,2296.5,392,2,4,5,11,At-Risk
4544,2024-01-25,3,986.89,342,3,4,4,11,Loyal Customers
4545,2024-12-10,2,386.55,22,5,3,2,10,Loyal Customers
4546,2024-07-21,5,1303.28,164,4,5,4,13,champions
4547,2024-08-03,4,1381.6000000000001,151,4,5,5,14,champions
4548,2023-12-12,3,430.17,386,2,4,2,8,At-Risk
4549,2024-07-30,5,1928.54,155,4,5,5,14,champions
4550,2024-02-01,2,297.18,335,3,3,1,7,Loyal Customers
4551,2022-11-04,2,619.04,789,1,3,3,7,Cannot Lose Them
4552,2024-05-01,3,1050.58,245,3,4,4,11,Loyal Customers
4553,2022-09-12,1,97.97,842,1,1,1,3,Lost
4554,2024-11-13,4,3147.3,49,5,5,5,15,champions
4556,2023-11-26,2,1985.17,402,2,3,5,10,At-Risk
4557,2024-02-16,4,1387.9099999999999,320,3,5,5,13,Loyal Customers
4558,2024-07-18,6,1865.4499999999998,167,4,5,5,14,champions
4559,2024-10-31,3,1665.18,62,5,4,5,14,champions
4560,2023-06-19,2,833.56,562,2,3,3,8,At-Risk
4561,2022-05-03,1,103.5,974,1,1,1,3,Lost
4562,2024-07-18,2,630.9200000000001,167,4,3,3,10,Loyal Customers
4563,2023-11-25,2,561.9300000000001,403,2,3,2,7,At-Risk
4564,2022-10-26,2,1747.92,798,1,3,5,9,Cannot Lose Them
4565,2024-10-12,4,1207.81,81,5,5,4,14,champions
4566,2023-08-26,1,308.32,494,2,1,1,4,Hibernating
4567,2024-09-21,1,582.68,102,4,1,3,8,New Customers
4568,2022-10-09,1,853.54,815,1,1,3,5,Lost
4569,2023-02-10,1,58.2,691,1,1,1,3,Lost
4570,2024-06-11,2,622.73,204,4,3,3,10,Loyal Customers
4571,2023-08-06,2,228.75,514,2,3,1,6,At-Risk
4572,2024-11-08,2,475.82,54,5,3,2,10,Loyal Customers
4574,2023-10-03,3,1203.44,456,2,4,4,10,At-Risk
4575,2023-06-15,3,713.41,566,2,4,3,9,At-Risk
4576,2024-05-13,1,173.7,233,3,1,1,5,Hibernating
4577,2023-09-20,4,1152.62,469,2,5,4,11,At-Risk
4578,2024-10-25,1,395.99,68,5,1,2,8,New Customers
4579,2024-10-05,6,1719.22,88,5,5,5,15,champions
4580,2024-07-13,1,368.79,172,4,1,2,7,New Customers
4581,2023-08-13,3,491.71000000000004,507,2,4,2,8,At-Risk
4582,2024-08-20,3,2191.82,134,4,4,5,13,champions
4584,2024-12-26,6,2174.56,6,5,5,5,15,champions
4585,2023-11-09,3,478.15999999999997,419,2,4,2,8,At-Risk
4586,2023-07-10,2,341.06,541,2,3,2,7,At-Risk
4587,2023-07-03,3,579.15,548,2,4,3,9,At-Risk
4588,2023-03-01,3,1015.73,672,1,4,4,9,Cannot Lose Them
4589,2024-08-16,2,790.3100000000001,138,4,3,3,10,Loyal Customers
4590,2022-10-14,1,396.73,810,1,1,2,4,Lost
4591,2022-04-20,1,150.17,987,1,1,1,3,Lost
4592,2022-09-24,1,92.33,830,1,1,1,3,Lost
4593,2023-01-16,1,283.43,716,1,1,1,3,Lost
4594,2023-11-17,5,1771.48,411,2,5,5,12,At-Risk
4595,2024-08-10,4,800.58,144,4,5,3,12,Loyal Customers
4596,2024-10-30,4,1404.24,63,5,5,5,15,champions
4597,2024-09-04,4,1768.1599999999999,119,4,5,5,14,champions
4598,2023-08-30,4,1385.0,490,2,5,5,12,At-Risk
4600,2023-12-07,4,832.8,391,2,5,3,10,At-Risk
4601,2023-05-19,1,298.38,593,2,1,1,4,Hibernating
4602,2024-07-09,3,598.9,176,4,4,3,11,Loyal Customers
4603,2024-08-14,2,942.54,140,4,3,4,11,Loyal Customers
4604,2024-11-04,3,443.52,58,5,4,2,11,Loyal Customers
4605,2024-03-27,4,703.9300000000001,280,3,5,3,11,Loyal Customers
4606,2024-12-11,5,1048.78,21,5,5,4,14,champions
4607,2024-09-19,3,1158.91,104,4,4,4,12,champions
4608,2023-08-01,1,463.72,519,2,1,2,5,Hibernating
4609,2024-02-14,1,86.78,322,3,1,1,5,Hibernating
4610,2023-04-10,1,539.91,632,1,1,2,4,Lost
4611,2024-07-15,4,1359.4199999999998,170,4,5,5,14,champions
4612,2024-05-06,3,1443.02,240,3,4,5,12,Loyal Customers
4613,2023-07-01,4,885.97,550,2,5,4,11,At-Risk
4614,2024-01-17,1,80.52,350,3,1,1,5,Hibernating
4615,2024-09-25,5,2566.8,98,4,5,5,14,champions
4616,2022-12-28,1,249.41,735,1,1,1,3,Lost
4617,2022-07-17,2,204.75,899,1,3,1,5,Hibernating
4618,2023-05-26,3,704.57,586,2,4,3,9,At-Risk
4619,2022-02-10,1,146.52,1056,1,1,1,3,Lost
4620,2024-08-23,4,1044.8799999999999,131,4,5,4,13,champions
4621,2023-05-23,2,486.61,589,2,3,2,7,At-Risk
4622,2022-04-25,1,333.97,982,1,1,2,4,Lost
4623,2023-08-17,3,750.77,503,2,4,3,9,At-Risk
4624,2023-05-21,1,883.76,591,2,1,3,6,Hibernating
4625,2024-02-05,2,779.9300000000001,331,3,3,3,9,Loyal Customers
4626,2024-11-23,3,961.71,39,5,4,4,13,champions
4627,2024-04-30,3,1347.98,246,3,4,4,11,Loyal Customers
4628,2022-02-08,1,1315.26,1058,1,1,4,6,Lost
4629,2023-08-01,3,349.39,519,2,4,2,8,At-Risk
4630,2024-12-11,3,1035.15,21,5,4,4,13,champions
4631,2024-11-02,4,1403.12,60,5,5,5,15,champions
4632,2024-11-21,3,522.39,41,5,4,2,11,Loyal Customers
4633,2022-07-31,2,302.86,885,1,3,1,5,Hibernating
4634,2022-11-28,1,405.2,765,1,1,2,4,Lost
4635,2024-11-10,2,220.3,52,5,3,1,9,Loyal Customers
4636,2023-06-01,3,794.0600000000001,580,2,4,3,9,At-Risk
4637,2024-05-03,1,896.36,243,3,1,4,8,Hibernating
4639,2023-12-29,3,848.0699999999999,369,2,4,3,9,At-Risk
4640,2024-04-23,2,984.29,253,3,3,4,10,Loyal Customers
4641,2024-05-05,4,787.88,241,3,5,3,11,Loyal Customers
4642,2024-06-29,2,888.86,186,4,3,4,11,Loyal Customers
4643,2024-08-28,3,823.36,126,4,4,3,11,Loyal Customers
4644,2024-08-27,2,713.61,127,4,3,3,10,Loyal Customers
4645,2022-11-09,2,370.29,784,1,3,2,6,Hibernating
4646,2022-05-18,2,1059.03,959,1,3,4,8,Cannot Lose Them
4647,2024-12-25,4,1371.44,7,5,5,5,15,champions
4648,2024-07-29,2,607.07,156,4,3,3,10,Loyal Customers
4650,2024-10-13,2,501.27,80,5,3,2,10,Loyal Customers
4652,2022-10-15,2,645.51,809,1,3,3,7,Cannot Lose Them
4653,2024-09-19,3,787.0799999999999,104,4,4,3,11,Loyal Customers
4654,2024-09-02,1,488.51,121,4,1,2,7,New Customers
4655,2024-03-19,3,1174.51,288,3,4,4,11,Loyal Customers
4656,2024-08-07,1,188.37,147,4,1,1,6,New Customers
4657,2024-12-02,5,2227.62,30,5,5,5,15,champions
4658,2023-08-05,2,501.5,515,2,3,2,7,At-Risk
4659,2022-06-25,2,675.99,921,1,3,3,7,Cannot Lose Them
4660,2024-11-23,2,832.14,39,5,3,3,11,Loyal Customers
4661,2024-04-04,6,2374.66,272,3,5,5,13,Loyal Customers
4662,2024-04-12,6,1377.71,264,3,5,5,13,Loyal Customers
4663,2024-11-18,2,955.5799999999999,44,5,3,4,12,Loyal Customers
4664,2023-04-01,2,768.45,641,1,3,3,7,Cannot Lose Them
4665,2024-09-08,4,803.69,115,4,5,3,12,Loyal Customers
4666,2023-10-19,3,557.79,440,2,4,2,8,At-Risk
4667,2024-11-26,2,251.98000000000002,36,5,3,1,9,Loyal Customers
4668,2024-06-02,3,1181.81,213,3,4,4,11,Loyal Customers
4669,2024-09-03,3,1297.62,120,4,4,4,12,champions
4670,2023-09-17,4,2239.01,472,2,5,5,12,At-Risk
4671,2024-11-15,3,853.6199999999999,47,5,4,3,12,Loyal Customers
4672,2023-12-19,1,352.97,379,2,1,2,5,Hibernating
4673,2024-03-19,1,54.82,288,3,1,1,5,Hibernating
4674,2024-12-30,4,1151.54,2,5,5,4,14,champions
4675,2024-07-04,5,1464.78,181,4,5,5,14,champions
4676,2022-01-27,1,228.9,1070,1,1,1,3,Lost
4677,2024-11-25,6,2655.13,37,5,5,5,15,champions
4678,2022-08-26,1,366.15,859,1,1,2,4,Lost
4679,2024-07-02,4,1298.17,183,4,5,4,13,champions
4680,2024-10-22,4,903.65,71,5,5,4,14,champions
4681,2023-09-15,2,231.17000000000002,474,2,3,1,6,At-Risk
4682,2023-09-21,2,939.68,468,2,3,4,9,At-Risk
4683,2024-06-19,2,451.9,196,4,3,2,9,Loyal Customers
4685,2022-08-08,1,162.14,877,1,1,1,3,Lost
4686,2024-10-21,4,698.21,72,5,5,3,13,Loyal Customers
4687,2024-12-29,4,1016.86,3,5,5,4,14,champions
4688,2024-04-06,4,692.77,270,3,5,3,11,Loyal Customers
4690,2023-10-23,2,458.03,436,2,3,2,7,At-Risk
4691,2023-02-08,2,508.25,693,1,3,2,6,Hibernating
4692,2023-02-06,2,1169.5900000000001,695,1,3,4,8,Cannot Lose Them
4693,2023-05-23,4,2108.53,589,2,5,5,12,At-Risk
4694,2022-02-14,1,287.67,1052,1,1,1,3,Lost
4695,2023-02-16,2,843.85,685,1,3,3,7,Cannot Lose Them
4696,2024-07-14,2,900.28,171,4,3,4,11,Loyal Customers
4697,2023-09-25,3,1663.2800000000002,464,2,4,5,11,At-Risk
4699,2023-06-17,2,780.61,564,2,3,3,8,At-Risk
4700,2023-08-15,1,205.99,505,2,1,1,4,Hibernating
4701,2024-03-15,5,823.6800000000001,292,3,5,3,11,Loyal Customers
4702,2022-03-31,1,541.79,1007,1,1,2,4,Lost
4704,2024-04-03,5,1416.23,273,3,5,5,13,Loyal Customers
4705,2024-08-03,1,270.35,151,4,1,1,6,New Customers
4706,2024-06-10,2,421.90999999999997,205,3,3,2,8,Loyal Customers
4707,2024-09-28,2,376.37,95,4,3,2,9,Loyal Customers
4708,2024-02-25,3,402.5899999999999,311,3,4,2,9,Loyal Customers
4709,2023-10-07,2,608.69,452,2,3,3,8,At-Risk
4710,2024-07-29,4,1212.64,156,4,5,4,13,champions
4711,2024-10-02,4,2046.3400000000001,91,5,5,5,15,champions
4712,2024-06-21,5,1077.45,194,4,5,4,13,champions
4713,2024-09-17,5,1154.79,106,4,5,4,13,champions
4715,2024-04-25,2,532.1,251,3,3,2,8,Loyal Customers
4716,2024-08-14,3,1024.01,140,4,4,4,12,champions
4717,2024-02-13,2,609.36,323,3,3,3,9,Loyal Customers
4718,2023-04-14,3,438.40999999999997,628,1,4,2,7,Hibernating
4719,2024-01-17,1,91.49,350,3,1,1,5,Hibernating
4720,2024-12-17,2,659.6800000000001,15,5,3,3,11,Loyal Customers
4721,2023-03-11,1,102.11,662,1,1,1,3,Lost
4722,2023-07-06,1,704.38,545,2,1,3,6,Hibernating
4723,2023-09-20,2,678.3299999999999,469,2,3,3,8,At-Risk
4724,2024-12-19,2,232.31,13,5,3,1,9,Loyal Customers
4725,2024-10-19,4,1290.21,74,5,5,4,14,champions
4726,2022-05-26,1,738.89,951,1,1,3,5,Lost
4727,2024-12-26,6,2096.67,6,5,5,5,15,champions
4728,2024-08-26,4,958.6,128,4,5,4,13,champions
4729,2024-10-02,1,590.29,91,5,1,3,9,New Customers
4731,2023-10-17,3,699.52,442,2,4,3,9,At-Risk
4732,2023-09-17,2,1281.48,472,2,3,4,9,At-Risk
4733,2024-12-07,6,2228.97,25,5,5,5,15,champions
4734,2024-05-18,2,245.17,228,3,3,1,7,Loyal Customers
4735,2024-05-17,4,565.6,229,3,5,2,10,Loyal Customers
4736,2024-02-23,1,183.97,313,3,1,1,5,Hibernating
4737,2023-11-22,3,778.23,406,2,4,3,9,At-Risk
4738,2023-10-19,2,311.4,440,2,3,1,6,At-Risk
4739,2023-01-06,1,133.52,726,1,1,1,3,Lost
4741,2022-05-29,1,197.24,948,1,1,1,3,Lost
4742,2024-11-26,2,117.62,36,5,3,1,9,Loyal Customers
4743,2023-12-17,3,1017.69,381,2,4,4,10,At-Risk
4744,2024-05-30,2,788.23,216,3,3,3,9,Loyal Customers
4745,2024-01-18,2,650.6700000000001,349,3,3,3,9,Loyal Customers
4746,2024-05-03,2,1088.0500000000002,243,3,3,4,10,Loyal Customers
4747,2023-08-13,1,172.29,507,2,1,1,4,Hibernating
4748,2024-11-26,6,2570.08,36,5,5,5,15,champions
4749,2024-09-28,3,724.69,95,4,4,3,11,Loyal Customers
4750,2023-07-13,3,842.86,538,2,4,3,9,At-Risk
4751,2024-01-14,2,233.94,353,3,3,1,7,Loyal Customers
4752,2023-06-13,3,1493.58,568,2,4,5,11,At-Risk
4753,2024-04-30,2,894.1099999999999,246,3,3,4,10,Loyal Customers
4754,2024-06-27,3,1503.3600000000001,188,4,4,5,13,champions
4755,2023-03-13,3,592.74,660,1,4,3,8,Cannot Lose Them
4756,2023-05-09,1,57.45,603,1,1,1,3,Lost
4757,2023-01-18,1,198.96,714,1,1,1,3,Lost
4758,2024-04-28,3,1367.42,248,3,4,5,12,Loyal Customers
4759,2023-01-09,1,153.4,723,1,1,1,3,Lost
4760,2023-02-14,2,613.81,687,1,3,3,7,Cannot Lose Them
4761,2024-05-12,5,1364.81,234,3,5,5,13,Loyal Customers
4762,2024-04-21,2,282.31,255,3,3,1,7,Loyal Customers
4763,2023-07-25,1,200.82,526,2,1,1,4,Hibernating
4764,2024-10-22,4,651.23,71,5,5,3,13,Loyal Customers
4765,2022-04-29,1,212.27,978,1,1,1,3,Lost
4766,2024-06-01,6,1767.72,214,3,5,5,13,Loyal Customers
4767,2024-05-01,3,958.79,245,3,4,4,11,Loyal Customers
4768,2023-10-06,3,2138.1,453,2,4,5,11,At-Risk
4769,2024-05-25,2,1002.34,221,3,3,4,10,Loyal Customers
4770,2024-12-24,4,1501.06,8,5,5,5,15,champions
4771,2023-05-06,2,654.24,606,1,3,3,7,Cannot Lose Them
4772,2022-02-22,1,244.94,1044,1,1,1,3,Lost
4773,2024-12-18,2,526.63,14,5,3,2,10,Loyal Customers
4774,2024-06-08,6,1124.3200000000002,207,3,5,4,12,Loyal Customers
4775,2024-12-08,4,744.54,24,5,5,3,13,Loyal Customers
4776,2024-07-30,1,71.71,155,4,1,1,6,New Customers
4777,2024-07-30,9,4368.05,155,4,5,5,14,champions
4778,2023-09-03,3,2617.9300000000003,486,2,4,5,11,At-Risk
4779,2024-05-06,1,868.21,240,3,1,3,7,Hibernating
4780,2024-05-18,2,384.14,228,3,3,2,8,Loyal Customers
4781,2024-12-04,5,2288.0699999999997,28,5,5,5,15,champions
4782,2023-07-04,2,956.77,547,2,3,4,9,At-Risk
4783,2024-10-03,5,1465.68,90,5,5,5,15,champions
4784,2024-07-05,2,500.75,180,4,3,2,9,Loyal Customers
4785,2023-08-03,1,209.74,517,2,1,1,4,Hibernating
4786,2024-08-20,6,1562.0,134,4,5,5,14,champions
4787,2023-05-16,3,787.9200000000001,596,2,4,3,9,At-Risk
4788,2023-01-29,2,337.67,703,1,3,2,6,Hibernating
4789,2024-09-27,4,1363.04,96,4,5,5,14,champions
4790,2023-08-01,3,531.49,519,2,4,2,8,At-Risk
4791,2023-11-09,3,419.73,419,2,4,2,8,At-Risk
4792,2024-09-26,5,1009.09,97,4,5,4,13,champions
4793,2023-01-16,3,734.15,716,1,4,3,8,Cannot Lose Them
4794,2024-09-22,3,472.29,101,4,4,2,10,Loyal Customers
4795,2024-07-25,1,194.24,160,4,1,1,6,New Customers
4796,2023-05-15,1,460.51,597,2,1,2,5,Hibernating
4797,2023-03-17,4,1011.55,656,1,5,4,10,Cannot Lose Them
4798,2024-10-23,2,531.64,70,5,3,2,10,Loyal Customers
4799,2024-07-28,3,540.28,157,4,4,2,10,Loyal Customers
4800,2023-09-28,1,201.35,461,2,1,1,4,Hibernating
4801,2023-05-11,1,1092.12,601,1,1,4,6,Lost
4802,2024-12-30,3,350.30000000000007,2,5,4,2,11,Loyal Customers
4803,2024-01-08,2,395.70000000000005,359,2,3,2,7,At-Risk
4804,2023-03-30,1,320.6,643,1,1,2,4,Lost
4805,2024-12-25,2,725.74,7,5,3,3,11,Loyal Customers
4807,2024-04-22,2,566.95,254,3,3,2,8,Loyal Customers
4808,2024-09-15,3,1094.96,108,4,4,4,12,champions
4809,2022-04-30,1,412.21,977,1,1,2,4,Lost
4810,2023-08-29,2,1167.19,491,2,3,4,9,At-Risk
4811,2022-12-05,1,232.32,758,1,1,1,3,Lost
4812,2023-10-13,4,2159.24,446,2,5,5,12,At-Risk
4813,2024-04-18,3,872.29,258,3,4,3,10,Loyal Customers
4814,2024-01-18,4,1115.06,349,3,5,4,12,Loyal Customers
4816,2022-12-16,2,205.94,747,1,3,1,5,Hibernating
4817,2022-07-11,1,387.59,905,1,1,2,4,Lost
4818,2024-08-26,4,1231.15,128,4,5,4,13,champions
4819,2024-05-23,2,1952.3000000000002,223,3,3,5,11,Loyal Customers
4820,2024-08-21,1,264.86,133,4,1,1,6,New Customers
4821,2024-12-04,2,1144.17,28,5,3,4,12,Loyal Customers
4822,2024-12-02,4,2953.54,30,5,5,5,15,champions
4823,2023-05-12,1,378.63,600,1,1,2,4,Lost
4825,2023-09-08,3,465.64,481,2,4,2,8,At-Risk
4826,2023-07-04,3,712.24,547,2,4,3,9,At-Risk
4827,2023-09-26,1,94.12,463,2,1,1,4,Hibernating
4828,2024-07-19,2,486.47,166,4,3,2,9,Loyal Customers
4829,2023-07-27,1,50.89,524,2,1,1,4,Hibernating
4830,2024-11-07,4,1949.1399999999999,55,5,5,5,15,champions
4831,2022-06-03,1,221.86,943,1,1,1,3,Lost
4832,2024-12-24,3,965.6,8,5,4,4,13,champions
4834,2024-12-09,3,663.95,23,5,4,3,12,Loyal Customers
4836,2024-02-12,5,791.77,324,3,5,3,11,Loyal Customers
4837,2024-11-17,1,214.77,45,5,1,1,7,New Customers
4838,2024-04-04,3,982.0999999999999,272,3,4,4,11,Loyal Customers
4839,2024-09-05,1,681.91,118,4,1,3,8,New Customers
4840,2022-09-08,2,851.24,846,1,3,3,7,Cannot Lose Them
4841,2024-12-10,3,732.0,22,5,4,3,12,Loyal Customers
4842,2022-06-24,2,176.92000000000002,922,1,3,1,5,Hibernating
4843,2023-07-23,2,519.3,528,2,3,2,7,At-Risk
4844,2022-12-26,1,128.03,737,1,1,1,3,Lost
4845,2024-10-22,4,693.86,71,5,5,3,13,Loyal Customers
4846,2022-01-18,1,644.77,1079,1,1,3,5,Lost
4847,2024-07-12,3,1776.53,173,4,4,5,13,champions
4848,2023-12-29,2,2338.9500000000003,369,2,3,5,10,At-Risk
4849,2023-01-02,1,55.43,730,1,1,1,3,Lost
4850,2022-05-28,1,142.22,949,1,1,1,3,Lost
4851,2024-04-04,3,777.4599999999999,272,3,4,3,10,Loyal Customers
4852,2024-12-16,4,1268.94,16,5,5,4,14,champions
4854,2024-11-25,3,2770.78,37,5,4,5,14,champions
4855,2024-12-16,2,769.03,16,5,3,3,11,Loyal Customers
4856,2022-07-06,1,234.93,910,1,1,1,3,Lost
4857,2024-12-16,4,1440.56,16,5,5,5,15,champions
4858,2024-10-15,5,1686.43,78,5,5,5,15,champions
4859,2024-10-13,3,372.79,80,5,4,2,11,Loyal Customers
4860,2023-05-21,4,2047.38,591,2,5,5,12,At-Risk
4862,2024-12-24,3,1359.65,8,5,4,5,14,champions
4863,2023-01-06,1,399.22,726,1,1,2,4,Lost
4864,2024-11-24,4,757.4200000000001,38,5,5,3,13,Loyal Customers
4865,2024-10-03,1,479.68,90,5,1,2,8,New Customers
4866,2023-01-15,2,327.74,717,1,3,2,6,Hibernating
4867,2024-02-26,4,2079.1600000000003,310,3,5,5,13,Loyal Customers
4868,2024-10-01,3,1120.59,92,4,4,4,12,champions
4869,2024-11-11,5,2309.65,51,5,5,5,15,champions
4870,2024-12-11,4,1550.69,21,5,5,5,15,champions
4871,2023-03-13,2,305.32,660,1,3,1,5,Hibernating
4872,2023-04-01,1,314.85,641,1,1,1,3,Lost
4873,2024-06-18,1,146.68,197,4,1,1,6,New Customers
4874,2024-02-08,1,132.05,328,3,1,1,5,Hibernating
4875,2022-11-02,1,219.93,791,1,1,1,3,Lost
4876,2023-10-30,3,423.02,429,2,4,2,8,At-Risk
4878,2024-04-13,1,67.71,263,3,1,1,5,Hibernating
4879,2024-04-26,1,150.14,250,3,1,1,5,Hibernating
4880,2024-12-08,3,1895.6200000000001,24,5,4,5,14,champions
4881,2023-06-01,2,682.8299999999999,580,2,3,3,8,At-Risk
4882,2023-10-19,4,1510.54,440,2,5,5,12,At-Risk
4883,2024-11-06,1,533.01,56,5,1,2,8,New Customers
4884,2023-11-14,4,2882.39,414,2,5,5,12,At-Risk
4885,2024-11-25,1,273.87,37,5,1,1,7,New Customers
4886,2022-10-13,1,322.18,811,1,1,2,4,Lost
4887,2023-08-15,2,365.69,505,2,3,2,7,At-Risk
4888,2024-10-06,5,1403.26,87,5,5,5,15,champions
4889,2023-12-10,2,179.26999999999998,388,2,3,1,6,At-Risk
4890,2024-09-25,3,928.19,98,4,4,4,12,champions
4891,2024-02-17,4,1576.67,319,3,5,5,13,Loyal Customers
4892,2024-12-20,5,1129.14,12,5,5,4,14,champions
4893,2024-08-23,2,500.23,131,4,3,2,9,Loyal Customers
4894,2023-12-19,3,318.76,379,2,4,1,7,At-Risk
4895,2024-04-12,3,518.13,264,3,4,2,9,Loyal Customers
4897,2024-11-29,2,1521.6100000000001,33,5,3,5,13,Loyal Customers
4898,2023-12-07,2,1317.02,391,2,3,4,9,At-Risk
4899,2024-12-14,5,1313.65,18,5,5,4,14,champions
4900,2024-07-17,4,988.81,168,4,5,4,13,champions
4901,2024-12-24,4,991.78,8,5,5,4,14,champions
4902,2024-10-11,2,523.38,82,5,3,2,10,Loyal Customers
4904,2023-07-14,1,268.58,537,2,1,1,4,Hibernating
4905,2023-07-21,3,375.49,530,2,4,2,8,At-Risk
4906,2024-10-24,3,538.48,69,5,4,2,11,Loyal Customers
4907,2024-01-27,3,1040.3000000000002,340,3,4,4,11,Loyal Customers
4908,2023-11-17,1,350.42,411,2,1,2,5,Hibernating
4909,2024-05-09,4,916.7,237,3,5,4,12,Loyal Customers
4910,2024-04-04,2,1181.08,272,3,3,4,10,Loyal Customers
4911,2024-10-08,1,909.34,85,5,1,4,10,New Customers
4912,2023-09-09,3,571.6,480,2,4,3,9,At-Risk
4913,2024-07-10,3,995.9100000000001,175,4,4,4,12,champions
4914,2024-09-24,3,1699.22,99,4,4,5,13,champions
4916,2022-10-26,2,842.8699999999999,798,1,3,3,7,Cannot Lose Them
4917,2024-11-21,5,1199.18,41,5,5,4,14,champions
4918,2024-07-02,2,522.69,183,4,3,2,9,Loyal Customers
4919,2024-07-17,2,975.61,168,4,3,4,11,Loyal Customers
4920,2024-08-24,3,2167.33,130,4,4,5,13,champions
4921,2023-06-13,4,994.48,568,2,5,4,11,At-Risk
4923,2024-01-09,2,535.04,358,3,3,2,8,Loyal Customers
4924,2024-01-21,2,542.23,346,3,3,2,8,Loyal Customers
4925,2023-06-20,3,413.06,561,2,4,2,8,At-Risk
4926,2024-03-04,2,122.44,303,3,3,1,7,Loyal Customers
4927,2024-11-23,3,1823.96,39,5,4,5,14,champions
4930,2024-12-03,6,2117.41,29,5,5,5,15,champions
4931,2024-09-12,2,1821.04,111,4,3,5,12,Loyal Customers
4932,2023-08-24,1,202.69,496,2,1,1,4,Hibernating
4933,2024-10-25,1,208.94,68,5,1,1,7,New Customers
4934,2024-05-12,1,289.76,234,3,1,1,5,Hibernating
4936,2023-06-14,2,578.53,567,2,3,3,8,At-Risk
4937,2022-01-29,1,53.1,1068,1,1,1,3,Lost
4938,2024-09-21,2,338.87,102,4,3,2,9,Loyal Customers
4939,2024-03-27,3,643.29,280,3,4,3,10,Loyal Customers
4940,2024-08-12,2,480.44,142,4,3,2,9,Loyal Customers
4941,2024-06-13,4,737.1600000000001,202,4,5,3,12,Loyal Customers
4942,2024-05-25,1,50.7,221,3,1,1,5,Hibernating
4943,2024-05-24,2,315.08,222,3,3,1,7,Loyal Customers
4944,2024-10-24,4,1899.4899999999998,69,5,5,5,15,champions
4945,2024-05-15,4,911.39,231,3,5,4,12,Loyal Customers
4946,2024-09-06,1,1126.26,117,4,1,4,9,New Customers
4947,2023-08-04,2,603.72,516,2,3,3,8,At-Risk
4948,2023-11-23,1,259.76,405,2,1,1,4,Hibernating
4950,2023-06-14,1,63.71,567,2,1,1,4,Hibernating
4951,2024-07-23,3,798.77,162,4,4,3,11,Loyal Customers
4952,2024-12-04,4,1755.29,28,5,5,5,15,champions
4953,2024-03-21,4,1207.4,286,3,5,4,12,Loyal Customers
4954,2024-02-08,2,623.22,328,3,3,3,9,Loyal Customers
4955,2023-03-25,1,71.89,648,1,1,1,3,Lost
4957,2023-03-06,1,829.13,667,1,1,3,5,Lost
4958,2023-11-13,2,837.2,415,2,3,3,8,At-Risk
4961,2024-03-19,1,457.91,288,3,1,2,6,Hibernating
4962,2023-05-29,1,195.3,583,2,1,1,4,Hibernating
4963,2024-12-25,4,1255.44,7,5,5,4,14,champions
4966,2023-01-28,3,811.24,704,1,4,3,8,Cannot Lose Them
4967,2024-03-24,2,1236.3700000000001,283,3,3,4,10,Loyal Customers
4968,2024-04-22,5,973.44,254,3,5,4,12,Loyal Customers
4969,2024-07-23,7,2443.71,162,4,5,5,14,champions
4970,2024-11-02,3,950.02,60,5,4,4,13,champions
4971,2022-11-27,2,449.45000000000005,766,1,3,2,6,Hibernating
4972,2024-09-16,3,820.49,107,4,4,3,11,Loyal Customers
4973,2023-06-05,2,225.0,576,2,3,1,6,At-Risk
4974,2023-11-29,4,959.77,399,2,5,4,11,At-Risk
4975,2024-11-19,4,697.89,43,5,5,3,13,Loyal Customers
4977,2024-03-26,3,917.12,281,3,4,4,11,Loyal Customers
4979,2022-08-31,1,279.66,854,1,1,1,3,Lost
4980,2023-12-23,5,2915.76,375,2,5,5,12,At-Risk
4982,2023-02-08,2,782.87,693,1,3,3,7,Cannot Lose Them
4983,2024-10-06,3,1174.05,87,5,4,4,13,champions
4984,2023-10-18,2,678.08,441,2,3,3,8,At-Risk
4985,2022-12-02,1,742.2,761,1,1,3,5,Lost
4986,2024-10-18,5,1369.4,75,5,5,5,15,champions
4987,2023-06-11,2,1264.48,570,2,3,4,9,At-Risk
4988,2023-11-17,5,1850.56,411,2,5,5,12,At-Risk
4989,2023-04-23,1,264.69,619,1,1,1,3,Lost
4990,2024-02-03,2,304.03999999999996,333,3,3,1,7,Loyal Customers
4991,2024-10-10,3,739.92,83,5,4,3,12,Loyal Customers
4992,2023-01-31,1,320.71,701,1,1,2,4,Lost
4993,2024-07-09,1,586.34,176,4,2,3,9,New Customers
4994,2022-05-21,1,331.31,956,1,2,2,5,Hibernating
4995,2023-11-23,1,124.7,405,2,2,1,5,At-Risk
4996,2024-11-11,4,2227.77,51,5,5,5,15,champions
4997,2024-12-28,2,596.3,4,5,3,3,11,Loyal Customers
4998,2024-08-07,1,199.75,147,4,2,1,7,New Customers
4999,2023-05-30,2,886.78,582,2,3,4,9,At-Risk
5000,2024-10-21,3,990.73,72,5,4,4,13,champions
5001,2023-02-09,3,717.3,692,1,4,3,8,Cannot Lose Them
5002,2024-10-17,3,1945.09,76,5,4,5,14,champions
5003,2024-09-12,2,455.81,111,4,3,2,9,Loyal Customers
5004,2024-09-03,1,186.04,120,4,2,1,7,New Customers
5005,2024-12-03,2,450.3,29,5,3,2,10,Loyal Customers
5006,2024-06-27,3,878.32,188,4,4,3,11,Loyal Customers
5007,2023-04-16,2,643.51,626,1,3,3,7,Cannot Lose Them
5008,2024-11-08,4,1369.78,54,5,5,5,15,champions
5009,2024-10-18,3,1087.6100000000001,75,5,4,4,13,champions
5011,2023-09-16,2,419.86,473,2,3,2,7,At-Risk
5012,2024-10-04,6,2646.96,89,5,5,5,15,champions
5013,2024-01-06,5,1397.76,361,2,5,5,12,At-Risk
5014,2024-04-25,3,1001.9399999999999,251,3,4,4,11,Loyal Customers
5015,2023-02-21,2,933.6,680,1,3,4,8,Cannot Lose Them
5016,2024-01-25,3,1078.99,342,3,4,4,11,Loyal Customers
5017,2023-05-14,3,364.73,598,1,4,2,7,Hibernating
5018,2024-12-06,1,127.45,26,5,2,1,8,New Customers
5019,2024-11-02,5,1673.11,60,5,5,5,15,champions
5020,2024-02-20,4,1528.53,316,3,5,5,13,Loyal Customers
5021,2024-07-03,2,247.37,182,4,3,1,8,Loyal Customers
5022,2024-08-16,3,841.5699999999999,138,4,4,3,11,Loyal Customers
5023,2022-08-24,2,1098.56,861,1,3,4,8,Cannot Lose Them
5024,2024-08-01,2,354.33,153,4,3,2,9,Loyal Customers
5025,2024-01-02,1,399.03,365,2,2,2,6,At-Risk
5026,2024-06-13,2,83.46,202,4,3,1,8,Loyal Customers
5027,2024-09-21,4,850.64,102,4,5,3,12,Loyal Customers
5028,2024-12-06,4,877.45,26,5,5,3,13,Loyal Customers
5029,2024-09-18,7,2966.25,105,4,5,5,14,champions
5030,2024-04-05,6,1508.5900000000001,271,3,5,5,13,Loyal Customers
5031,2024-06-29,2,363.74,186,4,3,2,9,Loyal Customers
5032,2023-03-02,1,157.4,671,1,2,1,4,Hibernating
5034,2024-12-12,6,2648.2799999999997,20,5,5,5,15,champions
5035,2023-08-05,3,875.13,515,2,4,3,9,At-Risk
5036,2024-12-16,5,1237.26,16,5,5,4,14,champions
5037,2024-12-25,5,975.74,7,5,5,4,14,champions
5038,2024-10-30,3,1118.9299999999998,63,5,4,4,13,champions
5039,2024-04-24,2,143.31,252,3,3,1,7,Loyal Customers
5040,2023-06-13,2,639.87,568,2,3,3,8,At-Risk
5041,2024-07-28,2,1149.33,157,4,3,4,11,Loyal Customers
5042,2024-08-04,2,256.4,150,4,3,1,8,Loyal Customers
5043,2024-05-03,4,1179.5700000000002,243,3,5,4,12,Loyal Customers
5044,2024-05-08,2,1369.9099999999999,238,3,3,5,11,Loyal Customers
5045,2024-02-29,5,1547.6100000000001,307,3,5,5,13,Loyal Customers
5046,2024-09-18,4,1618.73,105,4,5,5,14,champions
5047,2024-11-16,4,1136.23,46,5,5,4,14,champions
5048,2024-03-24,3,737.62,283,3,4,3,10,Loyal Customers
5050,2024-03-19,3,2444.62,288,3,4,5,12,Loyal Customers
5052,2024-12-15,3,517.31,17,5,4,2,11,Loyal Customers
5053,2023-08-09,2,988.56,511,2,3,4,9,At-Risk
5054,2022-10-22,2,424.96000000000004,802,1,3,2,6,Hibernating
5055,2022-09-13,1,380.84,841,1,2,2,5,Hibernating
5056,2024-05-25,6,2561.83,221,3,5,5,13,Loyal Customers
5057,2024-09-01,3,571.1600000000001,122,4,4,3,11,Loyal Customers
5058,2024-11-16,2,519.0,46,5,3,2,10,Loyal Customers
5059,2024-01-02,4,1171.5,365,2,5,4,11,At-Risk
5060,2022-08-25,1,140.8,860,1,2,1,4,Hibernating
5062,2024-09-14,2,700.69,109,4,3,3,10,Loyal Customers
5063,2024-10-10,3,1198.31,83,5,4,4,13,champions
5064,2023-07-06,2,931.71,545,2,3,4,9,At-Risk
5065,2024-02-02,2,374.28999999999996,334,3,3,2,8,Loyal Customers
5067,2024-05-31,2,572.0,215,3,3,3,9,Loyal Customers
5068,2024-10-14,3,1467.0,79,5,4,5,14,champions
5069,2024-06-07,3,1316.24,208,3,4,4,11,Loyal Customers
5070,2023-04-10,4,2735.29,632,1,5,5,11,Cannot Lose Them
5071,2024-10-05,6,1399.72,88,5,5,5,15,champions
5072,2024-12-11,3,719.26,21,5,4,3,12,Loyal Customers
5073,2024-12-13,2,377.23,19,5,3,2,10,Loyal Customers
5074,2023-07-20,1,221.95,531,2,2,1,5,At-Risk
5075,2024-06-09,2,284.73,206,3,3,1,7,Loyal Customers
5076,2023-06-01,1,187.78,580,2,2,1,5,At-Risk
5077,2024-05-26,1,199.8,220,3,2,1,6,Hibernating
5079,2023-07-13,4,1217.57,538,2,5,4,11,At-Risk
5080,2024-10-08,2,564.37,85,5,3,2,10,Loyal Customers
5081,2024-02-01,5,1295.9499999999998,335,3,5,4,12,Loyal Customers
5082,2024-09-26,3,788.67,97,4,4,3,11,Loyal Customers
5083,2023-04-10,3,277.26,632,1,4,1,6,Hibernating
5084,2024-02-11,4,1663.51,325,3,5,5,13,Loyal Customers
5085,2024-11-21,1,72.12,41,5,2,1,8,New Customers
5086,2024-05-18,7,1399.4,228,3,5,5,13,Loyal Customers
5087,2024-01-09,5,1999.8400000000001,358,3,5,5,13,Loyal Customers
5089,2024-06-12,5,2866.9,203,4,5,5,14,champions
5090,2022-02-06,1,38.11,1060,1,2,1,4,Hibernating
5093,2024-12-30,2,802.73,2,5,3,3,11,Loyal Customers
5094,2024-10-20,3,599.93,73,5,4,3,12,Loyal Customers
5095,2024-04-24,1,1230.88,252,3,2,4,9,Potential Loyalists
5096,2024-01-24,4,1817.93,343,3,5,5,13,Loyal Customers
5097,2022-10-12,3,563.48,812,1,4,2,7,Hibernating
5098,2022-09-30,2,926.9,824,1,3,4,8,Cannot Lose Them
5099,2022-08-30,2,368.91,855,1,3,2,6,Hibernating
5101,2023-05-15,2,294.77,597,2,3,1,6,At-Risk
5103,2024-04-04,2,964.8499999999999,272,3,3,4,10,Loyal Customers
5104,2024-03-20,3,238.17,287,3,4,1,8,Loyal Customers
5105,2024-12-25,6,1184.6399999999999,7,5,5,4,14,champions
5106,2022-10-20,2,492.54999999999995,804,1,3,2,6,Hibernating
5107,2022-11-30,1,107.74,763,1,2,1,4,Hibernating
5108,2024-04-21,3,546.44,255,3,4,2,9,Loyal Customers
5109,2024-02-16,3,1755.95,320,3,4,5,12,Loyal Customers
5110,2024-11-12,4,2993.5299999999997,50,5,5,5,15,champions
5112,2023-12-23,1,379.43,375,2,2,2,6,At-Risk
5114,2024-01-12,4,880.7199999999999,355,3,5,3,11,Loyal Customers
5115,2024-02-20,2,331.77,316,3,3,2,8,Loyal Customers
5116,2023-04-02,2,472.29,640,1,3,2,6,Hibernating
5117,2023-02-02,3,751.24,699,1,4,3,8,Cannot Lose Them
5118,2023-04-01,3,478.89,641,1,4,2,7,Hibernating
5120,2024-09-12,2,526.65,111,4,3,2,9,Loyal Customers
5121,2023-05-09,2,1383.4,603,1,3,5,9,Cannot Lose Them
5123,2024-11-11,6,2288.64,51,5,5,5,15,champions
5124,2024-10-17,2,593.36,76,5,3,3,11,Loyal Customers
5126,2024-06-17,3,728.44,198,4,4,3,11,Loyal Customers
5127,2024-11-27,5,1254.17,35,5,5,4,14,champions
5128,2024-07-14,2,727.3,171,4,3,3,10,Loyal Customers
5129,2024-07-11,2,358.0,174,4,3,2,9,Loyal Customers
5131,2022-02-13,1,618.18,1053,1,2,3,6,Hibernating
5132,2023-12-12,2,366.61,386,2,3,2,7,At-Risk
5133,2024-05-08,3,1040.63,238,3,4,4,11,Loyal Customers
5134,2023-08-27,1,236.89,493,2,2,1,5,At-Risk
5135,2024-08-23,3,565.85,131,4,4,2,10,Loyal Customers
5136,2024-07-31,4,2210.6,154,4,5,5,14,champions
5137,2023-09-23,5,1926.1,466,2,5,5,12,At-Risk
5138,2023-06-06,1,582.07,575,2,2,3,7,At-Risk
5139,2024-11-22,2,797.75,40,5,3,3,11,Loyal Customers
5140,2024-11-23,3,753.8199999999999,39,5,4,3,12,Loyal Customers
5141,2024-09-17,4,932.34,106,4,5,4,13,champions
5142,2022-04-14,1,98.21,993,1,2,1,4,Hibernating
5143,2023-12-21,2,809.22,377,2,3,3,8,At-Risk
5144,2024-11-08,3,1916.3000000000002,54,5,4,5,14,champions
5145,2024-12-15,1,819.96,17,5,2,3,10,New Customers
5146,2024-05-28,5,2190.86,218,3,5,5,13,Loyal Customers
5147,2022-02-16,1,208.01,1050,1,2,1,4,Hibernating
5148,2024-05-31,3,382.21000000000004,215,3,4,2,9,Loyal Customers
5149,2023-02-14,2,499.91,687,1,3,2,6,Hibernating
5150,2023-07-26,1,266.25,525,2,2,1,5,At-Risk
5151,2022-10-07,1,222.25,817,1,2,1,4,Hibernating
5153,2023-06-27,2,1032.4299999999998,554,2,3,4,9,At-Risk
5154,2024-10-28,3,521.23,65,5,4,2,11,Loyal Customers
5155,2024-09-10,3,959.9000000000001,113,4,4,4,12,champions
5156,2024-08-23,4,930.6899999999999,131,4,5,4,13,champions
5157,2023-04-12,1,171.48,630,1,2,1,4,Hibernating
5158,2024-01-05,4,739.1,362,2,5,3,10,At-Risk
5159,2024-11-10,3,703.24,52,5,4,3,12,Loyal Customers
5160,2024-09-12,3,1155.63,111,4,4,4,12,champions
5161,2024-09-06,4,1529.3899999999999,117,4,5,5,14,champions
5162,2023-08-21,1,474.43,499,2,2,2,6,At-Risk
5163,2024-02-17,4,369.84000000000003,319,3,5,2,10,Loyal Customers
5164,2024-10-30,4,642.23,63,5,5,3,13,Loyal Customers
5165,2024-10-06,2,675.9,87,5,3,3,11,Loyal Customers
5166,2024-08-06,3,1247.13,148,4,4,4,12,champions
5167,2022-03-28,1,101.69,1010,1,2,1,4,Hibernating
5168,2024-11-11,4,1229.1599999999999,51,5,5,4,14,champions
5170,2022-03-22,2,1481.5700000000002,1016,1,3,5,9,Cannot Lose Them
5171,2023-09-07,3,964.04,482,2,4,4,10,At-Risk
5172,2024-12-08,6,2929.47,24,5,5,5,15,champions
5173,2024-11-20,4,814.7,42,5,5,3,13,Loyal Customers
5174,2023-04-06,2,1197.53,636,1,3,4,8,Cannot Lose Them
5175,2022-12-03,1,113.67,760,1,2,1,4,Hibernating
5176,2024-03-20,3,1282.55,287,3,4,4,11,Loyal Customers
5177,2024-12-12,3,576.62,20,5,4,3,12,Loyal Customers
5178,2022-06-07,2,997.33,939,1,3,4,8,Cannot Lose Them
5179,2023-06-25,1,165.41,556,2,2,1,5,At-Risk
5180,2023-04-14,3,789.98,628,1,4,3,8,Cannot Lose Them
5181,2023-02-13,1,438.14,688,1,2,2,5,Hibernating
5182,2023-06-21,2,798.94,560,2,3,3,8,At-Risk
5183,2024-11-21,2,479.48,41,5,3,2,10,Loyal Customers
5184,2023-01-25,2,424.68000000000006,707,1,3,2,6,Hibernating
5185,2024-12-01,1,237.65,31,5,2,1,8,New Customers
5186,2024-12-05,5,1107.87,27,5,5,4,14,champions
5187,2022-12-18,1,529.59,745,1,2,2,5,Hibernating
5188,2023-05-04,1,346.44,608,1,2,2,5,Hibernating
5189,2024-06-11,2,1106.48,204,4,3,4,11,Loyal Customers
5190,2024-03-08,3,482.46000000000004,299,3,4,2,9,Loyal Customers
5191,2023-05-27,1,530.68,585,2,2,2,6,At-Risk
5192,2023-11-19,1,306.87,409,2,2,1,5,At-Risk
5193,2023-04-13,2,132.45999999999998,629,1,3,1,5,Hibernating
5194,2024-10-30,3,664.1,63,5,4,3,12,Loyal Customers
5195,2024-11-12,2,536.49,50,5,3,2,10,Loyal Customers
5196,2024-11-04,2,753.92,58,5,3,3,11,Loyal Customers
5197,2023-02-25,1,97.22,676,1,2,1,4,Hibernating
5198,2024-07-10,3,332.17,175,4,4,2,10,Loyal Customers
5199,2022-02-02,1,313.9,1064,1,2,1,4,Hibernating
5200,2024-04-25,1,97.55,251,3,2,1,6,Hibernating
5201,2024-03-22,1,486.76,285,3,2,2,7,Hibernating
5202,2024-03-02,1,653.39,305,3,2,3,8,Potential Loyalists
5203,2023-06-22,2,614.0,559,2,3,3,8,At-Risk
5205,2024-04-18,3,1346.65,258,3,4,4,11,Loyal Customers
5206,2024-11-13,4,1985.24,49,5,5,5,15,champions
5207,2022-07-26,3,316.84999999999997,890,1,4,1,6,Hibernating
5208,2024-11-30,3,783.12,32,5,4,3,12,Loyal Customers
5209,2024-11-25,3,508.90999999999997,37,5,4,2,11,Loyal Customers
5210,2024-03-07,2,474.88,300,3,3,2,8,Loyal Customers
5211,2022-11-28,2,604.9200000000001,765,1,3,3,7,Cannot Lose Them
5212,2024-04-16,2,415.99,260,3,3,2,8,Loyal Customers
5213,2024-01-18,2,201.97,349,3,3,1,7,Loyal Customers
5214,2022-11-09,2,1194.69,784,1,3,4,8,Cannot Lose Them
5215,2024-05-01,4,730.6,245,3,5,3,11,Loyal Customers
5216,2024-07-30,4,1074.02,155,4,5,4,13,champions
5217,2022-08-29,2,855.1600000000001,856,1,3,3,7,Cannot Lose Them
5218,2022-10-17,3,599.9399999999999,807,1,4,3,8,Cannot Lose Them
5219,2023-05-27,1,1490.37,585,2,2,5,9,At-Risk
5220,2023-07-26,4,859.1800000000001,525,2,5,3,10,At-Risk
5221,2023-12-07,7,1466.37,391,2,5,5,12,At-Risk
5222,2023-09-08,1,520.47,481,2,2,2,6,At-Risk
5223,2024-11-22,3,648.04,40,5,4,3,12,Loyal Customers
5226,2023-12-01,3,376.33,397,2,4,2,8,At-Risk
5227,2024-11-06,3,642.74,56,5,4,3,12,Loyal Customers
5228,2024-09-26,2,522.12,97,4,3,2,9,Loyal Customers
5229,2024-02-13,2,361.65,323,3,3,2,8,Loyal Customers
5230,2022-12-25,2,228.45,738,1,3,1,5,Hibernating
5231,2024-09-29,4,1075.48,94,4,5,4,13,champions
5232,2024-09-09,3,697.38,114,4,4,3,11,Loyal Customers
5234,2024-02-16,3,506.05999999999995,320,3,4,2,9,Loyal Customers
5235,2022-12-18,3,610.81,745,1,4,3,8,Cannot Lose Them
5237,2024-06-29,3,530.4,186,4,4,2,10,Loyal Customers
5238,2024-12-29,5,1063.47,3,5,5,4,14,champions
5239,2023-07-12,2,807.5699999999999,539,2,3,3,8,At-Risk
5240,2023-06-30,3,5504.79,551,2,4,5,11,At-Risk
5241,2023-05-23,4,3418.96,589,2,5,5,12,At-Risk
5242,2024-02-21,4,1323.88,315,3,5,4,12,Loyal Customers
5243,2023-09-17,2,1047.14,472,2,3,4,9,At-Risk
5244,2024-04-13,2,669.76,263,3,3,3,9,Loyal Customers
5245,2024-09-04,2,466.77,119,4,3,2,9,Loyal Customers
5246,2023-10-09,3,288.95,450,2,4,1,7,At-Risk
5247,2023-01-26,1,873.94,706,1,2,3,6,Hibernating
5248,2024-07-09,4,1934.02,176,4,5,5,14,champions
5249,2024-09-24,3,654.77,99,4,4,3,11,Loyal Customers
5250,2024-08-22,2,444.87,132,4,3,2,9,Loyal Customers
5252,2024-09-03,3,1096.1,120,4,4,4,12,champions
5253,2024-11-26,5,1015.05,36,5,5,4,14,champions
5254,2022-03-04,1,570.06,1034,1,2,3,6,Hibernating
5255,2024-06-27,4,1604.92,188,4,5,5,14,champions
5256,2024-09-03,4,1718.9099999999999,120,4,5,5,14,champions
5257,2024-05-26,1,379.41,220,3,2,2,7,Hibernating
5258,2024-12-12,5,2033.97,20,5,5,5,15,champions
5259,2023-02-18,2,949.89,683,1,3,4,8,Cannot Lose Them
5260,2024-07-22,2,659.19,163,4,3,3,10,Loyal Customers
5261,2024-10-23,6,2065.13,70,5,5,5,15,champions
5262,2024-10-28,4,1044.1,65,5,5,4,14,champions
5263,2024-10-26,4,770.6,67,5,5,3,13,Loyal Customers
5264,2023-01-01,1,131.02,731,1,2,1,4,Hibernating
5265,2024-09-30,7,2841.36,93,4,5,5,14,champions
5266,2023-01-11,1,303.56,721,1,2,1,4,Hibernating
5267,2024-01-09,3,969.71,358,3,4,4,11,Loyal Customers
5268,2023-11-07,3,1231.79,421,2,4,4,10,At-Risk
5270,2024-06-25,4,1334.06,190,4,5,4,13,champions
5271,2024-10-02,2,571.61,91,5,3,3,11,Loyal Customers
5272,2022-04-26,1,339.55,981,1,2,2,5,Hibernating
5273,2024-08-03,4,1195.97,151,4,5,4,13,champions
5274,2023-04-22,2,1422.9299999999998,620,1,3,5,9,Cannot Lose Them
5275,2024-04-27,3,973.5,249,3,4,4,11,Loyal Customers
5276,2023-01-11,1,104.71,721,1,2,1,4,Hibernating
5277,2022-06-11,2,509.51,935,1,3,2,6,Hibernating
5278,2024-01-03,2,345.88,364,2,3,2,7,At-Risk
5279,2024-11-16,4,1693.1100000000001,46,5,5,5,15,champions
5280,2024-09-13,5,1962.53,110,4,5,5,14,champions
5282,2023-05-30,3,749.72,582,2,4,3,9,At-Risk
5283,2023-09-18,2,393.37,471,2,3,2,7,At-Risk
5286,2024-12-11,4,2881.61,21,5,5,5,15,champions
5287,2023-11-20,1,74.63,408,2,2,1,5,At-Risk
5288,2024-07-23,2,576.61,162,4,3,3,10,Loyal Customers
5289,2024-11-14,7,1344.02,48,5,5,4,14,champions
5290,2024-03-10,2,891.36,297,3,3,4,10,Loyal Customers
5292,2024-05-28,2,657.48,218,3,3,3,9,Loyal Customers
5293,2024-05-22,1,226.58,224,3,2,1,6,Hibernating
5294,2024-08-17,4,2751.64,137,4,5,5,14,champions
5295,2022-12-08,2,251.17000000000002,755,1,3,1,5,Hibernating
5296,2024-06-15,1,382.02,200,4,2,2,8,New Customers
5297,2023-06-03,2,973.53,578,2,3,4,9,At-Risk
5298,2022-07-24,1,389.0,892,1,2,2,5,Hibernating
5299,2024-04-27,1,412.32,249,3,2,2,7,Hibernating
5300,2024-03-24,2,234.5,283,3,3,1,7,Loyal Customers
5301,2023-01-03,2,869.0899999999999,729,1,3,3,7,Cannot Lose Them
5302,2023-03-11,2,713.6300000000001,662,1,3,3,7,Cannot Lose Them
5303,2024-08-01,2,355.24,153,4,3,2,9,Loyal Customers
5304,2023-08-21,4,969.59,499,2,5,4,11,At-Risk
5305,2023-09-06,2,830.8299999999999,483,2,3,3,8,At-Risk
5307,2022-10-28,3,782.87,796,1,4,3,8,Cannot Lose Them
5308,2024-04-14,2,283.73,262,3,3,1,7,Loyal Customers
5309,2024-11-16,3,441.20000000000005,46,5,4,2,11,Loyal Customers
5311,2023-12-25,3,775.3100000000001,373,2,4,3,9,At-Risk
5312,2022-11-17,2,268.15999999999997,776,1,3,1,5,Hibernating
5313,2023-11-13,2,762.1800000000001,415,2,3,3,8,At-Risk
5314,2024-05-01,4,478.91999999999996,245,3,5,2,10,Loyal Customers
5315,2024-06-30,4,2833.35,185,4,5,5,14,champions
5316,2024-02-05,8,3655.67,331,3,5,5,13,Loyal Customers
5317,2024-01-10,3,717.28,357,3,4,3,10,Loyal Customers
5318,2023-08-12,3,1250.6999999999998,508,2,4,4,10,At-Risk
5319,2024-07-21,3,424.5,164,4,4,2,10,Loyal Customers
5320,2023-07-18,1,310.51,533,2,2,1,5,At-Risk
5321,2024-05-24,6,2460.6600000000003,222,3,5,5,13,Loyal Customers
5322,2022-07-27,2,774.56,889,1,3,3,7,Cannot Lose Them
5323,2024-06-03,2,893.85,212,3,3,4,10,Loyal Customers
5324,2022-09-20,2,277.94,834,1,3,1,5,Hibernating
5325,2024-09-22,5,2205.4,101,4,5,5,14,champions
5326,2022-11-08,2,751.01,785,1,3,3,7,Cannot Lose Them
5327,2023-02-22,2,524.0799999999999,679,1,3,2,6,Hibernating
5329,2023-01-16,1,303.03,716,1,2,1,4,Hibernating
5330,2024-10-02,1,158.07,91,5,2,1,8,New Customers
5331,2024-07-03,4,1148.96,182,4,5,4,13,champions
5332,2024-04-16,2,923.81,260,3,3,4,10,Loyal Customers
5333,2024-10-30,1,320.32,63,5,2,2,9,New Customers
5334,2024-12-18,3,420.57,14,5,4,2,11,Loyal Customers
5335,2024-03-12,1,245.77,295,3,2,1,6,Hibernating
5336,2022-04-01,1,869.54,1006,1,2,3,6,Hibernating
5337,2023-12-24,2,302.58,374,2,3,1,6,At-Risk
5338,2024-03-05,3,885.0799999999999,302,3,4,4,11,Loyal Customers
5339,2024-11-24,4,836.74,38,5,5,3,13,Loyal Customers
5341,2022-09-30,1,586.16,824,1,2,3,6,Hibernating
5342,2023-11-08,2,899.61,420,2,3,4,9,At-Risk
5343,2024-10-31,4,1253.1200000000001,62,5,5,4,14,champions
5344,2023-09-17,4,1365.63,472,2,5,5,12,At-Risk
5345,2024-10-16,7,2481.65,77,5,5,5,15,champions
5346,2024-09-02,2,423.06,121,4,3,2,9,Loyal Customers
5347,2023-07-19,4,713.58,532,2,5,3,10,At-Risk
5348,2024-03-19,3,602.0999999999999,288,3,4,3,10,Loyal Customers
5349,2024-10-27,4,3433.0299999999997,66,5,5,5,15,champions
5350,2023-04-05,3,1077.9,637,1,4,4,9,Cannot Lose Them
5351,2023-03-15,2,1648.61,658,1,3,5,9,Cannot Lose Them
5352,2024-06-05,3,1501.41,210,3,4,5,12,Loyal Customers
5353,2023-05-26,2,815.24,586,2,3,3,8,At-Risk
5354,2024-01-19,1,361.6,348,3,2,2,7,Hibernating
5356,2022-11-14,1,1951.75,779,1,2,5,8,Hibernating
5358,2023-06-27,3,1269.1999999999998,554,2,4,4,10,At-Risk
5360,2024-08-12,3,1263.9499999999998,142,4,4,4,12,champions
5361,2024-06-13,3,827.81,202,4,4,3,11,Loyal Customers
5362,2023-08-29,3,962.0799999999999,491,2,4,4,10,At-Risk
5363,2024-05-06,2,1413.49,240,3,3,5,11,Loyal Customers
5364,2023-03-14,2,628.94,659,1,3,3,7,Cannot Lose Them
5366,2024-02-21,1,115.3,315,3,2,1,6,Hibernating
5367,2024-10-02,5,1890.7399999999998,91,5,5,5,15,champions
5368,2024-04-21,1,123.7,255,3,2,1,6,Hibernating
5370,2024-08-23,4,1987.0300000000002,131,4,5,5,14,champions
5371,2023-07-16,4,1882.69,535,2,5,5,12,At-Risk
5372,2022-01-24,1,65.8,1073,1,2,1,4,Hibernating
5373,2024-08-16,1,71.74,138,4,2,1,7,New Customers
5374,2024-03-02,3,542.9300000000001,305,3,4,2,9,Loyal Customers
5375,2023-07-29,5,1747.81,522,2,5,5,12,At-Risk
5376,2024-12-28,3,788.9,4,5,4,3,12,Loyal Customers
5377,2023-01-17,2,476.1,715,1,3,2,6,Hibernating
5378,2024-10-30,4,1379.3799999999999,63,5,5,5,15,champions
5379,2024-05-10,3,1880.4099999999999,236,3,4,5,12,Loyal Customers
5380,2023-12-27,3,473.5,371,2,4,2,8,At-Risk
5381,2024-01-19,2,299.78,348,3,3,1,7,Loyal Customers
5382,2024-06-02,3,1445.3899999999999,213,3,4,5,12,Loyal Customers
5383,2022-04-29,1,150.41,978,1,2,1,4,Hibernating
5384,2023-10-21,2,2150.91,438,2,3,5,10,At-Risk
5385,2024-02-08,4,1460.06,328,3,5,5,13,Loyal Customers
5386,2023-09-14,2,642.1600000000001,475,2,3,3,8,At-Risk
5387,2024-08-10,1,63.57,144,4,2,1,7,New Customers
5389,2024-10-13,3,963.71,80,5,4,4,13,champions
5390,2024-11-11,3,657.5799999999999,51,5,4,3,12,Loyal Customers
5391,2024-07-17,3,1663.11,168,4,4,5,13,champions
5392,2024-11-15,2,885.64,47,5,3,4,12,Loyal Customers
5393,2024-11-23,4,1744.86,39,5,5,5,15,champions
5394,2024-09-11,2,484.22999999999996,112,4,3,2,9,Loyal Customers
5395,2024-12-27,2,377.64000000000004,5,5,3,2,10,Loyal Customers
5396,2024-04-04,5,1331.65,272,3,5,4,12,Loyal Customers
5397,2024-12-12,3,912.28,20,5,4,4,13,champions
5398,2023-10-30,1,242.23,429,2,2,1,5,At-Risk
5399,2024-11-28,4,1012.0699999999999,34,5,5,4,14,champions
5400,2023-07-09,2,1710.08,542,2,3,5,10,At-Risk
5402,2023-01-11,2,958.07,721,1,3,4,8,Cannot Lose Them
5403,2023-01-27,1,963.2,705,1,2,4,7,Hibernating
5404,2022-05-24,2,1185.0,953,1,3,4,8,Cannot Lose Them
5405,2022-06-18,1,80.75,928,1,2,1,4,Hibernating
5406,2024-02-07,4,3016.7999999999997,329,3,5,5,13,Loyal Customers
5407,2023-11-06,1,277.82,422,2,2,1,5,At-Risk
5408,2023-05-21,3,1248.24,591,2,4,4,10,At-Risk
5409,2023-11-09,3,908.22,419,2,4,4,10,At-Risk
5410,2024-03-17,3,865.64,290,3,4,3,10,Loyal Customers
5412,2022-05-15,1,654.11,962,1,2,3,6,Hibernating
5413,2024-11-08,3,300.63,54,5,4,1,10,Loyal Customers
5414,2024-12-30,4,685.23,2,5,5,3,13,Loyal Customers
5415,2024-05-31,2,511.05,215,3,3,2,8,Loyal Customers
5416,2024-04-10,4,1392.6399999999999,266,3,5,5,13,Loyal Customers
5417,2024-11-07,4,974.48,55,5,5,4,14,champions
5418,2024-04-20,3,1673.98,256,3,4,5,12,Loyal Customers
5419,2024-05-20,2,248.4,226,3,3,1,7,Loyal Customers
5420,2022-07-22,2,1516.3600000000001,894,1,3,5,9,Cannot Lose Them
5421,2024-05-02,3,1072.88,244,3,4,4,11,Loyal Customers
5422,2022-06-16,2,386.25,930,1,3,2,6,Hibernating
5423,2023-05-23,1,317.32,589,2,2,1,5,At-Risk
5425,2023-05-12,2,595.11,600,1,3,3,7,Cannot Lose Them
5426,2024-01-09,1,898.45,358,3,2,4,9,Potential Loyalists
5427,2024-10-03,6,1521.6100000000001,90,5,5,5,15,champions
5428,2023-12-31,3,864.98,367,2,4,3,9,At-Risk
5429,2024-04-11,2,616.64,265,3,3,3,9,Loyal Customers
5430,2022-05-13,1,74.68,964,1,2,1,4,Hibernating
5431,2024-02-23,1,757.14,313,3,2,3,8,Potential Loyalists
5432,2024-10-11,4,1027.81,82,5,5,4,14,champions
5433,2024-12-23,6,1122.39,9,5,5,4,14,champions
5435,2023-03-15,3,1706.33,658,1,4,5,10,Cannot Lose Them
5437,2024-03-12,5,797.27,295,3,5,3,11,Loyal Customers
5438,2024-08-10,3,527.9300000000001,144,4,4,2,10,Loyal Customers
5439,2024-07-27,4,2318.63,158,4,5,5,14,champions
5440,2024-08-07,1,495.56,147,4,2,2,8,New Customers
5441,2023-12-03,2,434.8,395,2,3,2,7,At-Risk
5442,2022-11-13,1,186.53,780,1,2,1,4,Hibernating
5443,2024-05-30,5,2228.59,216,3,5,5,13,Loyal Customers
5444,2022-07-23,2,170.47,893,1,3,1,5,Hibernating
5445,2023-08-05,2,964.35,515,2,3,4,9,At-Risk
5446,2024-11-02,6,1340.85,60,5,5,4,14,champions
5447,2023-09-08,1,129.27,481,2,2,1,5,At-Risk
5448,2024-11-08,4,815.09,54,5,5,3,13,Loyal Customers
5449,2024-01-30,2,447.49,337,3,3,2,8,Loyal Customers
5451,2023-08-07,1,301.84,513,2,2,1,5,At-Risk
5452,2024-04-06,2,299.66999999999996,270,3,3,1,7,Loyal Customers
5454,2024-07-06,2,1320.18,179,4,3,4,11,Loyal Customers
5455,2023-01-10,2,152.39,722,1,3,1,5,Hibernating
5456,2022-04-17,1,471.17,990,1,2,2,5,Hibernating
5457,2024-10-20,3,812.38,73,5,4,3,12,Loyal Customers
5458,2023-04-28,1,300.61,614,1,2,1,4,Hibernating
5459,2024-02-19,3,940.71,317,3,4,4,11,Loyal Customers
5460,2023-09-29,3,1205.56,460,2,4,4,10,At-Risk
5461,2022-06-28,2,1274.8400000000001,918,1,3,4,8,Cannot Lose Them
5462,2023-05-07,1,134.43,605,1,2,1,4,Hibernating
5463,2024-01-07,3,942.76,360,2,4,4,10,At-Risk
5464,2024-11-20,4,1315.65,42,5,5,4,14,champions
5465,2024-06-22,3,1167.8899999999999,193,4,4,4,12,champions
5466,2023-02-27,2,1170.63,674,1,3,4,8,Cannot Lose Them
5467,2023-07-13,3,676.01,538,2,4,3,9,At-Risk
5468,2024-10-02,3,379.97,91,5,4,2,11,Loyal Customers
5469,2024-07-03,1,258.61,182,4,2,1,7,New Customers
5470,2024-12-09,3,589.76,23,5,4,3,12,Loyal Customers
5471,2022-12-25,2,870.16,738,1,3,3,7,Cannot Lose Them
5472,2023-04-07,1,62.64,635,1,2,1,4,Hibernating
5473,2024-05-17,2,609.97,229,3,3,3,9,Loyal Customers
5475,2024-05-31,4,996.4300000000001,215,3,5,4,12,Loyal Customers
5476,2024-07-07,2,1686.4499999999998,178,4,3,5,12,Loyal Customers
5477,2024-05-25,3,1116.72,221,3,4,4,11,Loyal Customers
5478,2024-04-28,3,684.85,248,3,4,3,10,Loyal Customers
5479,2022-09-18,1,663.65,836,1,2,3,6,Hibernating
5481,2024-08-22,6,2326.94,132,4,5,5,14,champions
5482,2024-12-20,1,287.15,12,5,2,1,8,New Customers
5483,2024-08-25,6,1558.91,129,4,5,5,14,champions
5484,2022-05-03,1,83.53,974,1,2,1,4,Hibernating
5485,2024-03-17,1,441.75,290,3,2,2,7,Hibernating
5486,2024-10-08,1,156.2,85,5,2,1,8,New Customers
5487,2022-01-14,1,233.27,1083,1,2,1,4,Hibernating
5488,2024-07-03,1,59.4,182,4,2,1,7,New Customers
5489,2023-06-29,2,478.37,552,2,3,2,7,At-Risk
5490,2024-11-27,3,1680.4699999999998,35,5,4,5,14,champions
5491,2024-03-07,2,764.25,300,3,3,3,9,Loyal Customers
5492,2023-10-13,1,335.92,446,2,2,2,6,At-Risk
5493,2024-12-14,1,746.81,18,5,2,3,10,New Customers
5494,2024-07-17,3,593.55,168,4,4,3,11,Loyal Customers
5495,2023-09-16,3,715.79,473,2,4,3,9,At-Risk
5496,2023-08-08,1,185.52,512,2,2,1,5,At-Risk
5497,2024-10-19,5,2445.89,74,5,5,5,15,champions
5498,2024-06-02,3,843.33,213,3,4,3,10,Loyal Customers
5500,2023-04-09,2,679.51,633,1,3,3,7,Cannot Lose Them
5501,2024-12-26,5,1582.76,6,5,5,5,15,champions
5502,2023-01-08,2,229.79,724,1,3,1,5,Hibernating
5503,2023-04-01,1,218.94,641,1,2,1,4,Hibernating
5504,2024-10-01,3,1484.72,92,4,4,5,13,champions
5505,2022-07-21,1,110.43,895,1,2,1,4,Hibernating
5506,2024-09-09,3,985.89,114,4,4,4,12,champions
5507,2024-12-17,1,65.63,15,5,2,1,8,New Customers
5508,2024-04-06,3,1187.6,270,3,4,4,11,Loyal Customers
5509,2024-08-28,5,1653.96,126,4,5,5,14,champions
5510,2024-02-26,3,1343.75,310,3,4,4,11,Loyal Customers
5511,2022-11-20,1,329.76,773,1,2,2,5,Hibernating
5512,2023-01-28,1,81.46,704,1,2,1,4,Hibernating
5513,2024-12-24,4,1472.41,8,5,5,5,15,champions
5515,2023-06-06,3,316.56,575,2,4,1,7,At-Risk
5516,2023-01-27,1,136.81,705,1,2,1,4,Hibernating
5517,2023-06-22,3,273.96,559,2,4,1,7,At-Risk
5518,2024-02-13,2,554.75,323,3,3,2,8,Loyal Customers
5519,2023-11-17,2,957.39,411,2,3,4,9,At-Risk
5520,2023-12-18,3,864.3499999999999,380,2,4,3,9,At-Risk
5521,2024-01-02,3,1492.09,365,2,4,5,11,At-Risk
5522,2024-07-25,5,1105.7,160,4,5,4,13,champions
5523,2023-11-03,1,114.04,425,2,2,1,5,At-Risk
5524,2022-07-18,2,684.14,898,1,3,3,7,Cannot Lose Them
5525,2023-05-31,2,780.5799999999999,581,2,3,3,8,At-Risk
5526,2024-09-06,6,4978.06,117,4,5,5,14,champions
5527,2024-04-10,2,257.57,266,3,3,1,7,Loyal Customers
5529,2024-10-06,3,960.74,87,5,4,4,13,champions
5530,2024-02-07,3,1532.63,329,3,4,5,12,Loyal Customers
5531,2022-03-16,1,90.51,1022,1,2,1,4,Hibernating
5532,2023-08-29,1,280.77,491,2,2,1,5,At-Risk
5533,2024-10-20,3,726.28,73,5,4,3,12,Loyal Customers
5534,2023-07-04,2,274.36,547,2,3,1,6,At-Risk
5535,2022-08-07,1,299.88,878,1,2,1,4,Hibernating
5536,2022-11-21,3,1832.6000000000001,772,1,4,5,10,Cannot Lose Them
5537,2023-10-13,1,188.72,446,2,2,1,5,At-Risk
5539,2023-10-04,2,1342.73,455,2,3,4,9,At-Risk
5540,2022-06-30,2,453.85,916,1,3,2,6,Hibernating
5541,2022-12-19,1,626.14,744,1,2,3,6,Hibernating
5542,2023-05-04,1,1383.06,608,1,2,5,8,Hibernating
5543,2024-09-01,1,51.62,122,4,2,1,7,New Customers
5544,2022-06-30,1,569.08,916,1,2,3,6,Hibernating
5545,2024-09-14,4,1630.85,109,4,5,5,14,champions
5546,2023-10-08,2,354.41,451,2,3,2,7,At-Risk
5547,2024-08-18,3,647.06,136,4,4,3,11,Loyal Customers
5548,2024-03-15,3,861.53,292,3,4,3,10,Loyal Customers
5550,2024-10-11,1,223.6,82,5,2,1,8,New Customers
5551,2023-05-15,2,257.0,597,2,3,1,6,At-Risk
5554,2024-07-01,5,1960.84,184,4,5,5,14,champions
5556,2024-10-11,3,1061.85,82,5,4,4,13,champions
5558,2024-12-08,3,489.43000000000006,24,5,4,2,11,Loyal Customers
5559,2022-04-25,1,56.74,982,1,2,1,4,Hibernating
5560,2024-09-09,3,509.24,114,4,4,2,10,Loyal Customers
5561,2022-12-19,3,758.25,744,1,4,3,8,Cannot Lose Them
5562,2024-08-09,4,1851.6699999999998,145,4,5,5,14,champions
5563,2024-12-23,5,1086.57,9,5,5,4,14,champions
5564,2022-12-13,1,335.13,750,1,2,2,5,Hibernating
5565,2024-01-29,2,644.66,338,3,3,3,9,Loyal Customers
5567,2024-11-07,4,1461.27,55,5,5,5,15,champions
5568,2024-06-13,3,546.01,202,4,4,2,10,Loyal Customers
5569,2024-04-22,2,1048.1599999999999,254,3,3,4,10,Loyal Customers
5570,2024-06-07,4,685.1700000000001,208,3,5,3,11,Loyal Customers
5571,2024-08-03,3,1018.49,151,4,4,4,12,champions
5572,2023-07-30,2,1253.49,521,2,3,4,9,At-Risk
5573,2024-04-11,2,560.7,265,3,3,2,8,Loyal Customers
5574,2023-08-26,1,274.14,494,2,2,1,5,At-Risk
5575,2024-12-18,4,2193.7200000000003,14,5,5,5,15,champions
5576,2024-08-24,4,1165.01,130,4,5,4,13,champions
5577,2024-08-28,2,972.04,126,4,3,4,11,Loyal Customers
5578,2023-04-01,1,74.15,641,1,2,1,4,Hibernating
5579,2024-10-25,2,211.64,68,5,3,1,9,Loyal Customers
5580,2023-07-04,2,356.77,547,2,3,2,7,At-Risk
5581,2024-02-03,2,621.8,333,3,3,3,9,Loyal Customers
5582,2024-07-04,4,1916.67,181,4,5,5,14,champions
5583,2022-10-09,2,507.74,815,1,3,2,6,Hibernating
5584,2024-09-13,4,656.4300000000001,110,4,5,3,12,Loyal Customers
5585,2024-05-25,2,505.84,221,3,3,2,8,Loyal Customers
5586,2023-01-25,2,405.26,707,1,3,2,6,Hibernating
5587,2024-09-07,2,1206.19,116,4,3,4,11,Loyal Customers
5588,2024-11-19,5,1628.63,43,5,5,5,15,champions
5589,2024-01-02,4,1163.1999999999998,365,2,5,4,11,At-Risk
5590,2023-07-11,5,594.9,540,2,5,3,10,At-Risk
5591,2024-07-23,2,381.81,162,4,3,2,9,Loyal Customers
5593,2024-07-09,5,1479.48,176,4,5,5,14,champions
5594,2024-10-10,2,385.92,83,5,3,2,10,Loyal Customers
5595,2022-09-06,1,265.17,848,1,2,1,4,Hibernating
5596,2023-12-22,4,850.28,376,2,5,3,10,At-Risk
5597,2024-12-26,2,485.65,6,5,3,2,10,Loyal Customers
5598,2024-12-14,2,582.48,18,5,3,3,11,Loyal Customers
5599,2024-11-15,5,1263.79,47,5,5,4,14,champions
5601,2023-02-02,2,602.94,699,1,3,3,7,Cannot Lose Them
5602,2024-09-04,2,598.86,119,4,3,3,10,Loyal Customers
5603,2023-05-01,2,579.75,611,1,3,3,7,Cannot Lose Them
5604,2024-07-22,1,258.14,163,4,2,1,7,New Customers
5606,2023-08-17,1,110.86,503,2,2,1,5,At-Risk
5607,2024-10-14,3,681.72,79,5,4,3,12,Loyal Customers
5608,2024-09-04,5,1265.05,119,4,5,4,13,champions
5609,2022-05-28,1,228.33,949,1,2,1,4,Hibernating
5610,2024-02-12,3,640.25,324,3,4,3,10,Loyal Customers
5612,2024-02-09,3,749.53,327,3,4,3,10,Loyal Customers
5613,2023-10-01,5,2125.44,458,2,5,5,12,At-Risk
5614,2023-09-20,4,2004.52,469,2,5,5,12,At-Risk
5615,2024-09-05,2,556.99,118,4,3,2,9,Loyal Customers
5616,2024-08-25,4,1946.77,129,4,5,5,14,champions
5617,2024-11-30,3,638.52,32,5,4,3,12,Loyal Customers
5618,2024-10-18,2,832.48,75,5,3,3,11,Loyal Customers
5619,2023-12-14,3,910.53,384,2,4,4,10,At-Risk
5620,2022-11-28,3,3443.33,765,1,4,5,10,Cannot Lose Them
5621,2022-11-25,1,94.85,768,1,2,1,4,Hibernating
5622,2022-01-27,1,97.82,1070,1,2,1,4,Hibernating
5623,2024-10-13,1,808.73,80,5,2,3,10,New Customers
5624,2024-10-05,3,445.7,88,5,4,2,11,Loyal Customers
5625,2022-08-18,1,67.58,867,1,2,1,4,Hibernating
5626,2024-08-12,5,2473.66,142,4,5,5,14,champions
5627,2023-03-08,2,400.27,665,1,3,2,6,Hibernating
5628,2024-05-26,2,720.26,220,3,3,3,9,Loyal Customers
5629,2024-10-16,4,1330.33,77,5,5,4,14,champions
5630,2024-03-29,1,1409.81,278,3,2,5,10,Potential Loyalists
5631,2023-12-27,4,1010.4000000000001,371,2,5,4,11,At-Risk
5632,2023-10-15,2,341.36,444,2,3,2,7,At-Risk
5633,2024-07-30,2,895.3199999999999,155,4,3,4,11,Loyal Customers
5634,2024-11-19,1,404.04,43,5,2,2,9,New Customers
5635,2024-03-02,3,648.13,305,3,4,3,10,Loyal Customers
5636,2024-12-25,3,325.2,7,5,4,2,11,Loyal Customers
5637,2024-09-21,2,559.94,102,4,3,2,9,Loyal Customers
5638,2023-09-24,2,1351.76,465,2,3,5,10,At-Risk
5639,2022-06-05,1,169.08,941,1,2,1,4,Hibernating
5641,2024-11-09,5,2247.8,53,5,5,5,15,champions
5642,2024-05-14,2,694.48,232,3,3,3,9,Loyal Customers
5643,2024-08-13,3,990.02,141,4,4,4,12,champions
5644,2024-07-07,2,984.28,178,4,3,4,11,Loyal Customers
5645,2024-07-21,2,591.6800000000001,164,4,3,3,10,Loyal Customers
5646,2024-06-11,4,1450.44,204,4,5,5,14,champions
5647,2024-05-07,3,599.38,239,3,4,3,10,Loyal Customers
5648,2024-10-03,1,833.29,90,5,2,3,10,New Customers
5649,2024-08-02,1,537.17,152,4,2,2,8,New Customers
5650,2022-10-25,1,384.88,799,1,2,2,5,Hibernating
5652,2022-04-24,1,371.42,983,1,2,2,5,Hibernating
5653,2023-07-09,2,605.5699999999999,542,2,3,3,8,At-Risk
5654,2024-12-04,1,407.01,28,5,2,2,9,New Customers
5655,2024-05-22,4,812.98,224,3,5,3,11,Loyal Customers
5656,2024-08-17,3,353.16,137,4,4,2,10,Loyal Customers
5658,2024-07-27,2,1055.97,158,4,3,4,11,Loyal Customers
5659,2024-11-24,6,3795.2400000000002,38,5,5,5,15,champions
5660,2023-01-26,1,67.18,706,1,2,1,4,Hibernating
5661,2024-10-13,2,731.22,80,5,3,3,11,Loyal Customers
5662,2024-10-20,2,674.1800000000001,73,5,3,3,11,Loyal Customers
5663,2024-12-26,4,953.63,6,5,5,4,14,champions
5664,2023-12-02,1,511.86,396,2,2,2,6,At-Risk
5665,2022-12-30,3,817.08,733,1,4,3,8,Cannot Lose Them
5666,2023-07-18,1,377.71,533,2,2,2,6,At-Risk
5667,2024-12-05,2,374.44000000000005,27,5,3,2,10,Loyal Customers
5668,2024-10-18,5,2590.33,75,5,5,5,15,champions
5669,2024-10-01,4,1067.34,92,4,5,4,13,champions
5670,2022-11-19,1,937.39,774,1,2,4,7,Hibernating
5672,2023-04-11,2,1723.12,631,1,3,5,9,Cannot Lose Them
5674,2024-03-17,4,1112.06,290,3,5,4,12,Loyal Customers
5675,2022-12-02,1,489.87,761,1,2,2,5,Hibernating
5676,2023-03-06,1,123.68,667,1,2,1,4,Hibernating
5677,2024-09-25,4,1364.6200000000001,98,4,5,5,14,champions
5678,2024-03-01,1,147.56,306,3,2,1,6,Hibernating
5680,2024-08-14,2,134.9,140,4,3,1,8,Loyal Customers
5681,2023-11-22,3,962.63,406,2,4,4,10,At-Risk
5682,2022-10-07,1,418.04,817,1,2,2,5,Hibernating
5683,2024-08-05,1,461.26,149,4,2,2,8,New Customers
5684,2024-02-10,1,1093.01,326,3,2,4,9,Potential Loyalists
5685,2024-08-21,3,625.1500000000001,133,4,4,3,11,Loyal Customers
5686,2023-06-02,3,2342.3,579,2,4,5,11,At-Risk
5688,2024-02-17,2,192.16,319,3,3,1,7,Loyal Customers
5689,2023-07-11,2,514.14,540,2,3,2,7,At-Risk
5690,2024-11-11,4,963.27,51,5,5,4,14,champions
5691,2024-12-25,6,1209.8500000000001,7,5,5,4,14,champions
5693,2024-04-02,3,653.86,274,3,4,3,10,Loyal Customers
5694,2024-04-21,2,221.87,255,3,3,1,7,Loyal Customers
5696,2024-04-30,2,832.1500000000001,246,3,3,3,9,Loyal Customers
5697,2024-12-12,3,729.14,20,5,4,3,12,Loyal Customers
5698,2022-07-16,1,272.21,900,1,2,1,4,Hibernating
5699,2022-03-19,1,826.23,1019,1,2,3,6,Hibernating
5700,2024-07-19,3,848.98,166,4,4,3,11,Loyal Customers
5702,2024-04-14,3,1132.31,262,3,4,4,11,Loyal Customers
5703,2024-09-29,1,157.47,94,4,2,1,7,New Customers
5704,2022-05-05,1,291.86,972,1,2,1,4,Hibernating
5705,2023-12-23,1,215.85,375,2,2,1,5,At-Risk
5706,2023-05-05,3,1379.1,607,1,4,5,10,Cannot Lose Them
5707,2024-04-23,2,383.9,253,3,3,2,8,Loyal Customers
5708,2024-12-21,4,1337.1,11,5,5,4,14,champions
5710,2024-09-29,6,3716.38,94,4,5,5,14,champions
5711,2023-12-09,3,1263.43,389,2,4,4,10,At-Risk
5712,2024-05-19,6,1253.22,227,3,5,4,12,Loyal Customers
5714,2022-12-08,2,1042.6200000000001,755,1,3,4,8,Cannot Lose Them
5715,2023-09-05,3,641.9300000000001,484,2,4,3,9,At-Risk
5716,2024-08-16,8,1475.95,138,4,5,5,14,champions
5717,2024-09-14,1,791.8,109,4,2,3,9,New Customers
5718,2024-09-13,6,1767.59,110,4,5,5,14,champions
5719,2023-12-21,1,340.71,377,2,2,2,6,At-Risk
5720,2024-09-16,6,1982.34,107,4,5,5,14,champions
5721,2024-09-14,2,902.27,109,4,3,4,11,Loyal Customers
5722,2024-09-26,4,1182.82,97,4,5,4,13,champions
5723,2023-07-17,3,311.75,534,2,4,1,7,At-Risk
5724,2022-10-06,5,1821.1599999999999,818,1,5,5,11,Cannot Lose Them
5725,2023-07-02,1,541.84,549,2,2,2,6,At-Risk
5726,2023-06-12,1,34.01,569,2,2,1,5,At-Risk
5727,2024-10-09,3,772.14,84,5,4,3,12,Loyal Customers
5728,2022-09-19,1,194.51,835,1,2,1,4,Hibernating
5729,2024-05-13,1,138.57,233,3,2,1,6,Hibernating
5731,2024-01-07,2,979.1500000000001,360,2,3,4,9,At-Risk
5732,2024-12-27,2,240.89,5,5,3,1,9,Loyal Customers
5733,2023-08-06,2,712.77,514,2,3,3,8,At-Risk
5734,2024-09-26,4,1004.73,97,4,5,4,13,champions
5735,2024-11-08,1,363.83,54,5,2,2,9,New Customers
5736,2024-09-24,8,3186.14,99,4,5,5,14,champions
5737,2024-02-19,1,480.39,317,3,2,2,7,Hibernating
5738,2023-11-04,1,519.59,424,2,2,2,6,At-Risk
5739,2024-06-01,6,1938.03,214,3,5,5,13,Loyal Customers
5740,2023-04-13,2,204.48000000000002,629,1,3,1,5,Hibernating
5741,2022-07-20,4,803.4100000000001,896,1,5,3,9,Cannot Lose Them
5743,2024-12-01,2,752.24,31,5,3,3,11,Loyal Customers
5744,2024-10-05,3,815.8199999999999,88,5,4,3,12,Loyal Customers
5745,2023-01-05,2,212.93,727,1,3,1,5,Hibernating
5746,2024-09-02,2,490.27,121,4,3,2,9,Loyal Customers
5747,2024-10-23,4,374.36,70,5,5,2,12,Loyal Customers
5748,2024-05-07,4,1236.09,239,3,5,4,12,Loyal Customers
5749,2023-10-30,1,156.14,429,2,2,1,5,At-Risk
5750,2024-04-21,7,1250.88,255,3,5,4,12,Loyal Customers
5751,2024-01-26,1,227.22,341,3,2,1,6,Hibernating
5752,2024-09-04,5,2389.5,119,4,5,5,14,champions
5753,2024-12-14,3,1001.99,18,5,4,4,13,champions
5754,2023-07-05,1,66.04,546,2,2,1,5,At-Risk
5755,2024-10-26,1,620.75,67,5,2,3,10,New Customers
5756,2024-09-04,2,543.72,119,4,3,2,9,Loyal Customers
5757,2023-06-28,3,384.48,553,2,4,2,8,At-Risk
5758,2023-12-12,1,108.07,386,2,2,1,5,At-Risk
5759,2024-04-25,2,360.99,251,3,3,2,8,Loyal Customers
5760,2024-01-11,3,739.24,356,3,4,3,10,Loyal Customers
5761,2022-09-11,1,57.98,843,1,2,1,4,Hibernating
5762,2024-11-29,2,314.57,33,5,3,1,9,Loyal Customers
5763,2024-05-29,4,965.75,217,3,5,4,12,Loyal Customers
5764,2024-02-22,5,2233.4,314,3,5,5,13,Loyal Customers
5765,2023-11-11,3,851.1199999999999,417,2,4,3,9,At-Risk
5766,2022-04-04,1,322.13,1003,1,2,2,5,Hibernating
5767,2023-06-24,2,496.01,557,2,3,2,7,At-Risk
5769,2024-08-17,3,423.73,137,4,4,2,10,Loyal Customers
5770,2022-08-19,3,3117.48,866,1,4,5,10,Cannot Lose Them
5771,2023-12-30,2,556.09,368,2,3,2,7,At-Risk
5772,2024-08-14,2,575.02,140,4,3,3,10,Loyal Customers
5773,2023-07-26,2,621.31,525,2,3,3,8,At-Risk
5774,2024-11-07,2,444.04,55,5,3,2,10,Loyal Customers
5775,2023-10-24,3,1746.6200000000001,435,2,4,5,11,At-Risk
5776,2024-10-17,3,889.25,76,5,4,4,13,champions
5777,2024-06-19,4,2307.3599999999997,196,4,5,5,14,champions
5778,2024-08-07,4,807.12,147,4,5,3,12,Loyal Customers
5780,2022-11-14,1,292.76,779,1,2,1,4,Hibernating
5781,2024-08-05,3,315.85,149,4,4,1,9,Loyal Customers
5782,2022-03-06,1,318.13,1032,1,2,1,4,Hibernating
5783,2023-07-28,2,488.68,523,2,3,2,7,At-Risk
5784,2023-10-12,4,1106.99,447,2,5,4,11,At-Risk
5785,2024-05-22,1,205.7,224,3,2,1,6,Hibernating
5786,2023-01-17,1,535.4,715,1,2,2,5,Hibernating
5788,2024-10-10,2,336.12,83,5,3,2,10,Loyal Customers
5789,2022-11-16,2,528.22,777,1,3,2,6,Hibernating
5790,2024-12-28,4,915.0000000000001,4,5,5,4,14,champions
5791,2024-01-03,4,2122.17,364,2,5,5,12,At-Risk
5792,2024-06-20,6,1514.6100000000001,195,4,5,5,14,champions
5793,2024-09-10,4,870.36,113,4,5,3,12,Loyal Customers
5794,2024-08-25,7,2882.87,129,4,5,5,14,champions
5795,2023-02-04,1,624.65,697,1,2,3,6,Hibernating
5796,2024-09-24,3,1104.96,99,4,4,4,12,champions
5798,2024-03-21,2,1022.12,286,3,3,4,10,Loyal Customers
5799,2024-09-22,3,758.96,101,4,4,3,11,Loyal Customers
5800,2022-08-06,1,243.94,879,1,2,1,4,Hibernating
5801,2024-04-13,2,167.53,263,3,3,1,7,Loyal Customers
5802,2024-05-26,4,363.78,220,3,5,2,10,Loyal Customers
5803,2024-11-23,3,470.87,39,5,4,2,11,Loyal Customers
5804,2024-05-16,3,696.56,230,3,4,3,10,Loyal Customers
5806,2022-12-15,2,701.1500000000001,748,1,3,3,7,Cannot Lose Them
5807,2022-08-16,1,110.56,869,1,2,1,4,Hibernating
5808,2024-11-14,3,1445.08,48,5,4,5,14,champions
5809,2024-12-30,6,2515.48,2,5,5,5,15,champions
5810,2023-11-04,2,1134.78,424,2,3,4,9,At-Risk
5811,2023-06-07,2,462.08000000000004,574,2,3,2,7,At-Risk
5812,2022-01-01,1,233.64,1096,1,2,1,4,Hibernating
5813,2024-07-28,3,1016.45,157,4,4,4,12,champions
5814,2024-12-17,5,1397.06,15,5,5,5,15,champions
5815,2023-09-06,3,1283.1799999999998,483,2,4,4,10,At-Risk
5816,2024-04-03,2,925.96,273,3,3,4,10,Loyal Customers
5817,2024-08-05,2,404.89,149,4,3,2,9,Loyal Customers
5818,2024-09-02,3,2692.34,121,4,4,5,13,champions
5819,2023-03-18,1,288.95,655,1,2,1,4,Hibernating
5820,2023-09-18,4,1673.86,471,2,5,5,12,At-Risk
5823,2024-11-06,5,1017.5999999999999,56,5,5,4,14,champions
5825,2024-05-04,4,1464.1,242,3,5,5,13,Loyal Customers
5826,2022-10-23,1,431.22,801,1,2,2,5,Hibernating
5827,2024-04-22,3,992.21,254,3,4,4,11,Loyal Customers
5828,2024-09-18,7,2296.22,105,4,5,5,14,champions
5829,2024-09-21,3,810.99,102,4,4,3,11,Loyal Customers
5830,2023-10-11,1,59.26,448,2,2,1,5,At-Risk
5831,2024-06-28,1,526.25,187,4,2,2,8,New Customers
5832,2024-12-27,7,2302.51,5,5,5,5,15,champions
5833,2024-08-09,4,1377.2199999999998,145,4,5,5,14,champions
5834,2024-07-01,4,1288.78,184,4,5,4,13,champions
5835,2024-07-22,5,1013.8299999999999,163,4,5,4,13,champions
5836,2024-09-25,5,1394.0500000000002,98,4,5,5,14,champions
5838,2022-02-06,1,279.96,1060,1,2,1,4,Hibernating
5839,2022-12-11,2,1092.63,752,1,3,4,8,Cannot Lose Them
5840,2024-12-22,4,919.8,10,5,5,4,14,champions
5841,2024-07-11,6,965.02,174,4,5,4,13,champions
5842,2024-03-02,3,1393.01,305,3,4,5,12,Loyal Customers
5844,2024-11-02,4,1023.18,60,5,5,4,14,champions
5846,2023-08-21,3,853.63,499,2,4,3,9,At-Risk
5847,2023-12-28,3,441.23,370,2,4,2,8,At-Risk
5848,2024-03-10,1,377.38,297,3,2,2,7,Hibernating
5849,2023-09-28,1,499.28,461,2,2,2,6,At-Risk
5850,2024-01-17,2,460.12,350,3,3,2,8,Loyal Customers
5851,2023-09-25,2,437.53999999999996,464,2,3,2,7,At-Risk
5852,2024-11-05,5,1562.28,57,5,5,5,15,champions
5853,2023-08-24,1,107.11,496,2,2,1,5,At-Risk
5854,2024-12-26,3,842.24,6,5,4,3,12,Loyal Customers
5855,2023-08-15,2,517.98,505,2,3,2,7,At-Risk
5856,2023-12-06,2,312.12,392,2,3,1,6,At-Risk
5857,2024-07-06,3,1643.62,179,4,4,5,13,champions
5858,2024-06-03,3,964.1800000000001,212,3,4,4,11,Loyal Customers
5859,2022-12-02,2,1232.46,761,1,3,4,8,Cannot Lose Them
5860,2024-01-01,2,681.41,366,2,3,3,8,At-Risk
5861,2022-02-23,1,171.64,1043,1,2,1,4,Hibernating
5862,2024-06-24,7,2610.59,191,4,5,5,14,champions
5863,2022-06-17,1,372.91,929,1,2,2,5,Hibernating
5864,2024-07-27,1,235.92,158,4,2,1,7,New Customers
5865,2024-09-17,4,1377.15,106,4,5,5,14,champions
5866,2023-03-06,2,421.9,667,1,3,2,6,Hibernating
5867,2024-02-03,4,930.46,333,3,5,4,12,Loyal Customers
5868,2024-10-11,5,995.47,82,5,5,4,14,champions
5869,2024-04-03,3,733.38,273,3,4,3,10,Loyal Customers
5870,2022-04-05,2,429.5,1002,1,3,2,6,Hibernating
5871,2024-12-14,4,1152.27,18,5,5,4,14,champions
5872,2023-12-04,2,793.5699999999999,394,2,3,3,8,At-Risk
5874,2023-12-24,2,471.84000000000003,374,2,3,2,7,At-Risk
5875,2024-08-01,5,857.41,153,4,5,3,12,Loyal Customers
5876,2024-08-12,4,765.75,142,4,5,3,12,Loyal Customers
5877,2022-09-22,1,126.08,832,1,2,1,4,Hibernating
5878,2024-10-19,3,1289.65,74,5,4,4,13,champions
5879,2024-12-11,7,1422.9099999999999,21,5,5,5,15,champions
5880,2024-08-06,4,1549.32,148,4,5,5,14,champions
5881,2024-06-22,2,807.78,193,4,3,3,10,Loyal Customers
5882,2024-05-22,6,1474.5,224,3,5,5,13,Loyal Customers
5883,2024-09-09,4,2207.5,114,4,5,5,14,champions
5884,2024-11-14,3,1940.7900000000002,48,5,4,5,14,champions
5885,2024-09-13,3,1351.1599999999999,110,4,4,4,12,champions
5886,2023-04-24,3,1114.81,618,1,4,4,9,Cannot Lose Them
5888,2023-11-04,4,1292.6100000000001,424,2,5,4,11,At-Risk
5889,2024-05-28,4,1600.13,218,3,5,5,13,Loyal Customers
5890,2024-12-16,7,2261.91,16,5,5,5,15,champions
5891,2024-09-18,4,2567.66,105,4,5,5,14,champions
5892,2024-09-18,1,231.27,105,4,2,1,7,New Customers
5893,2024-05-17,1,413.4,229,3,2,2,7,Hibernating
5894,2024-10-30,3,1285.28,63,5,4,4,13,champions
5895,2023-08-11,2,691.2,509,2,3,3,8,At-Risk
5897,2024-06-30,4,882.03,185,4,5,3,12,Loyal Customers
5898,2023-11-08,2,154.64,420,2,3,1,6,At-Risk
5899,2022-08-12,1,398.07,873,1,2,2,5,Hibernating
5900,2024-08-08,3,531.95,146,4,4,2,10,Loyal Customers
5901,2024-10-11,2,1643.15,82,5,3,5,13,Loyal Customers
5902,2024-07-09,2,1040.19,176,4,3,4,11,Loyal Customers
5903,2022-04-25,1,102.12,982,1,2,1,4,Hibernating
5904,2023-05-06,1,632.49,606,1,2,3,6,Hibernating
5905,2024-12-28,2,647.74,4,5,3,3,11,Loyal Customers
5906,2022-06-19,1,376.24,927,1,2,2,5,Hibernating
5907,2022-07-18,1,528.18,898,1,2,2,5,Hibernating
5908,2023-08-09,3,978.6800000000001,511,2,4,4,10,At-Risk
5909,2024-09-10,1,1097.56,113,4,2,4,10,New Customers
5910,2023-06-14,1,106.03,567,2,2,1,5,At-Risk
5911,2024-05-19,5,2621.6499999999996,227,3,5,5,13,Loyal Customers
5912,2024-03-13,2,405.64000000000004,294,3,3,2,8,Loyal Customers
5913,2023-11-12,2,553.13,416,2,3,2,7,At-Risk
5914,2024-11-28,2,580.37,34,5,3,3,11,Loyal Customers
5916,2024-02-11,3,787.52,325,3,4,3,10,Loyal Customers
5917,2022-06-02,2,722.7,944,1,3,3,7,Cannot Lose Them
5918,2023-03-26,1,514.72,647,1,2,2,5,Hibernating
5919,2024-07-28,3,1000.12,157,4,4,4,12,champions
5921,2024-06-13,4,2332.41,202,4,5,5,14,champions
5922,2024-08-11,3,923.0699999999999,143,4,4,4,12,champions
5923,2023-02-28,1,342.95,673,1,2,2,5,Hibernating
5924,2024-06-13,1,187.29,202,4,2,1,7,New Customers
5925,2024-04-01,4,2091.94,275,3,5,5,13,Loyal Customers
5926,2023-08-12,4,947.11,508,2,5,4,11,At-Risk
5927,2024-09-17,2,1271.1100000000001,106,4,3,4,11,Loyal Customers
5928,2023-12-30,3,1591.3799999999999,368,2,4,5,11,At-Risk
5929,2024-01-24,3,1708.87,343,3,4,5,12,Loyal Customers
5930,2023-07-23,2,447.33000000000004,528,2,3,2,7,At-Risk
5931,2022-05-06,1,350.25,971,1,2,2,5,Hibernating
5932,2023-08-02,2,466.17,518,2,3,2,7,At-Risk
5933,2024-03-20,5,1335.43,287,3,5,4,12,Loyal Customers
5934,2024-09-10,2,200.95999999999998,113,4,3,1,8,Loyal Customers
5935,2024-09-10,3,1161.37,113,4,4,4,12,champions
5936,2024-02-24,6,1675.3899999999999,312,3,5,5,13,Loyal Customers
5937,2024-05-13,4,1614.87,233,3,5,5,13,Loyal Customers
5938,2024-08-01,8,5853.55,153,4,5,5,14,champions
5940,2023-08-17,4,1086.94,503,2,5,4,11,At-Risk
5941,2023-04-17,1,189.01,625,1,2,1,4,Hibernating
5942,2024-12-25,6,2963.25,7,5,5,5,15,champions
5943,2022-02-06,1,267.66,1060,1,2,1,4,Hibernating
5944,2024-12-07,4,1214.36,25,5,5,4,14,champions
5946,2024-10-17,4,4383.06,76,5,5,5,15,champions
5947,2024-01-10,2,608.22,357,3,3,3,9,Loyal Customers
5948,2024-07-12,1,646.6,173,4,2,3,9,New Customers
5949,2024-03-19,1,175.83,288,3,2,1,6,Hibernating
5950,2024-07-05,3,2060.9399999999996,180,4,4,5,13,champions
5951,2024-02-27,4,1401.03,309,3,5,5,13,Loyal Customers
5952,2024-11-07,3,1734.05,55,5,4,5,14,champions
5953,2022-07-16,1,934.48,900,1,2,4,7,Hibernating
5954,2024-10-12,1,258.01,81,5,2,1,8,New Customers
5955,2024-03-24,3,902.77,283,3,4,4,11,Loyal Customers
5956,2023-12-15,4,966.4000000000001,383,2,5,4,11,At-Risk
5959,2024-12-09,3,1380.63,23,5,4,5,14,champions
5960,2023-07-17,3,874.73,534,2,4,3,9,At-Risk
5961,2024-04-26,2,610.7,250,3,3,3,9,Loyal Customers
5962,2024-06-22,1,403.48,193,4,2,2,8,New Customers
5963,2022-01-06,1,141.16,1091,1,2,1,4,Hibernating
5964,2024-06-23,3,621.1,192,4,4,3,11,Loyal Customers
5966,2023-11-08,1,86.01,420,2,2,1,5,At-Risk
5967,2024-01-30,2,858.74,337,3,3,3,9,Loyal Customers
5968,2022-12-01,2,454.67,762,1,3,2,6,Hibernating
5969,2022-05-19,2,522.27,958,1,3,2,6,Hibernating
5972,2024-08-10,3,958.49,144,4,4,4,12,champions
5973,2024-02-29,4,793.72,307,3,5,3,11,Loyal Customers
5974,2024-09-20,2,541.87,103,4,3,2,9,Loyal Customers
5975,2022-09-07,1,55.38,847,1,2,1,4,Hibernating
5976,2024-11-23,3,720.6700000000001,39,5,4,3,12,Loyal Customers
5978,2023-05-25,4,1017.1800000000001,587,2,5,4,11,At-Risk
5979,2023-12-07,1,133.25,391,2,2,1,5,At-Risk
5980,2024-08-06,2,573.94,148,4,3,3,10,Loyal Customers
5981,2024-12-23,5,2066.48,9,5,5,5,15,champions
5983,2024-06-11,5,742.95,204,4,5,3,12,Loyal Customers
5984,2023-02-10,3,982.1700000000001,691,1,4,4,9,Cannot Lose Them
5985,2024-09-28,4,1474.79,95,4,5,5,14,champions
5986,2023-07-11,1,82.91,540,2,2,1,5,At-Risk
5987,2024-10-23,2,386.71999999999997,70,5,3,2,10,Loyal Customers
5988,2024-05-25,3,678.47,221,3,4,3,10,Loyal Customers
5989,2024-11-23,6,2001.76,39,5,5,5,15,champions
5990,2024-02-18,3,873.15,318,3,4,3,10,Loyal Customers
5991,2023-08-13,2,988.27,507,2,3,4,9,At-Risk
5993,2022-09-19,1,780.48,835,1,2,3,6,Hibernating
5994,2023-12-26,1,197.09,372,2,2,1,5,At-Risk
5995,2024-08-03,4,1388.83,151,4,5,5,14,champions
5996,2024-11-28,2,1238.67,34,5,3,4,12,Loyal Customers
5997,2024-05-23,6,1977.37,223,3,5,5,13,Loyal Customers
5998,2023-12-21,3,555.18,377,2,4,2,8,At-Risk
5999,2024-08-20,5,1130.15,134,4,5,4,13,champions
6000,2024-12-02,3,825.57,30,5,4,3,12,Loyal Customers
