customer_id,name,email,city,signup_channel,signup_date,age,gender
1001,customer_0,customer0.gmail.com,Delhi,Organic,2023-05-07,52,M
1002,customer_1,customer1.gmail.com,Delhi,SMS,2024-06-03,36,F
1003,customer_2,customer2.gmail.com,Bengaluru,SMS,2022-02-25,48,M
1004,customer_3,customer3.gmail.com,Chennai,SMS,2023-05-31,37,F
1005,customer_4,customer4.gmail.com,Mumbai,Google Search,2022-01-05,38,M
1006,customer_5,customer5.gmail.com,Bengaluru,Organic,2022-07-17,42,F
1007,customer_6,customer6.gmail.com,Hyderabad,Organic,2023-04-09,29,F
1008,customer_7,customer7.gmail.com,Bengaluru,Email,2022-07-02,51,F
1009,customer_8,customer8.gmail.com,Pune,Organic,2022-05-21,34,M
1010,customer_9,customer9.gmail.com,Chennai,Email,2024-11-20,60,F
1011,customer_10,customer10.gmail.com,Delhi,SMS,2023-08-11,49,M
1012,customer_11,customer11.gmail.com,Delhi,Paid Social,2023-02-11,18,Others
1013,customer_12,customer12.gmail.com,Delhi,SMS,2024-01-23,32,M
1014,customer_13,customer13.gmail.com,Mumbai,Organic,2022-09-21,18,M
1015,customer_14,customer14.gmail.com,Pune,Email,2024-12-25,42,F
1016,customer_15,customer15.gmail.com,Bengaluru,SMS,2024-02-14,24,F
1017,customer_16,customer16.gmail.com,Hyderabad,Organic,2022-02-20,51,M
1018,customer_17,customer17.gmail.com,Mumbai,Organic,2024-02-29,61,M
1019,customer_18,customer18.gmail.com,Hyderabad,Email,2022-07-15,23,F
1020,customer_19,customer19.gmail.com,Mumbai,Google Search,2024-03-23,55,M
1021,customer_20,customer20.gmail.com,Pune,Paid Social,2022-05-05,53,Others
1022,customer_21,customer21.gmail.com,Mumbai,Google Search,2023-02-26,18,F
1023,customer_22,customer22.gmail.com,Hyderabad,SMS,2022-10-14,32,M
1024,customer_23,customer23.gmail.com,Mumbai,Google Search,2022-03-25,30,M
1025,customer_24,customer24.gmail.com,Pune,Email,2023-12-10,38,M
1026,customer_25,customer25.gmail.com,Delhi,Paid Social,2024-11-17,30,F
1027,customer_26,customer26.gmail.com,Mumbai,Google Search,2022-07-07,57,M
1028,customer_27,customer27.gmail.com,Hyderabad,Google Search,2024-03-26,34,M
1029,customer_28,customer28.gmail.com,Chennai,Paid Social,2024-05-21,34,M
1030,customer_29,customer29.gmail.com,Hyderabad,SMS,2024-01-27,29,F
1031,customer_30,customer30.gmail.com,Mumbai,Email,2022-10-12,51,F
1032,customer_31,customer31.gmail.com,Pune,Paid Social,2022-10-14,56,M
1033,customer_32,customer32.gmail.com,Bengaluru,SMS,2022-02-13,57,F
1034,customer_33,customer33.gmail.com,Delhi,Paid Social,2023-01-31,28,M
1035,customer_34,customer34.gmail.com,Pune,Email,2024-08-14,31,F
1036,customer_35,customer35.gmail.com,Bengaluru,Email,2022-03-13,32,M
1037,customer_36,customer36.gmail.com,Hyderabad,Google Search,2023-09-15,40,F
1038,customer_37,customer37.gmail.com,Mumbai,Google Search,2022-08-16,21,M
1039,customer_38,customer38.gmail.com,Hyderabad,Organic,2024-09-05,50,M
1040,customer_39,customer39.gmail.com,Mumbai,Organic,2023-03-07,42,M
1041,customer_40,customer40.gmail.com,Chennai,Google Search,2022-04-28,62,F
1042,customer_41,customer41.gmail.com,Delhi,Email,2023-06-30,58,F
1043,customer_42,customer42.gmail.com,Mumbai,SMS,2022-04-09,39,F
1044,customer_43,customer43.gmail.com,Hyderabad,Google Search,2022-08-23,49,F
1045,customer_44,customer44.gmail.com,Chennai,Organic,2022-12-29,18,M
1046,customer_45,customer45.gmail.com,Bengaluru,Email,2022-12-01,41,F
1047,customer_46,customer46.gmail.com,Bengaluru,Paid Social,2024-07-25,24,M
1048,customer_47,customer47.gmail.com,Bengaluru,Google Search,2023-06-22,60,F
1049,customer_48,customer48.gmail.com,Mumbai,Google Search,2023-06-24,54,M
1050,customer_49,customer49.gmail.com,Pune,SMS,2023-07-30,23,F
1051,customer_50,customer50.gmail.com,Hyderabad,Email,2022-08-02,32,M
1052,customer_51,customer51.gmail.com,Hyderabad,SMS,2022-02-03,51,M
1053,customer_52,customer52.gmail.com,Pune,Paid Social,2024-05-29,18,F
1054,customer_53,customer53.gmail.com,Chennai,Email,2023-12-07,56,F
1055,customer_54,customer54.gmail.com,Bengaluru,SMS,2022-08-20,25,M
1056,customer_55,customer55.gmail.com,Bengaluru,Paid Social,2022-02-01,52,M
1057,customer_56,customer56.gmail.com,Chennai,Paid Social,2022-01-26,29,M
1058,customer_57,customer57.gmail.com,Chennai,Google Search,2023-03-22,63,F
1059,customer_58,customer58.gmail.com,Hyderabad,Email,2024-06-01,41,M
1060,customer_59,customer59.gmail.com,Mumbai,Paid Social,2023-02-07,18,F
1061,customer_60,customer60.gmail.com,Mumbai,SMS,2023-10-22,30,Others
1062,customer_61,customer61.gmail.com,Delhi,Email,2024-06-08,54,F
1063,customer_62,customer62.gmail.com,Bengaluru,Paid Social,2022-11-12,32,Others
1064,customer_63,customer63.gmail.com,Chennai,Google Search,2022-06-09,51,M
1065,customer_64,customer64.gmail.com,Chennai,Organic,2022-05-04,54,M
1066,customer_65,customer65.gmail.com,Hyderabad,Organic,2023-06-10,30,M
1067,customer_66,customer66.gmail.com,Mumbai,Organic,2024-01-05,33,F
1068,customer_67,customer67.gmail.com,Delhi,Paid Social,2023-03-03,53,F
1069,customer_68,customer68.gmail.com,Pune,Paid Social,2022-01-27,23,F
1070,customer_69,customer69.gmail.com,Mumbai,SMS,2022-11-05,51,F
1071,customer_70,customer70.gmail.com,Mumbai,Organic,2023-12-10,29,F
1072,customer_71,customer71.gmail.com,Hyderabad,Organic,2023-12-23,61,M
1073,customer_72,customer72.gmail.com,Bengaluru,Email,2024-11-23,55,F
1074,customer_73,customer73.gmail.com,Chennai,Email,2022-03-17,64,F
1075,customer_74,customer74.gmail.com,Hyderabad,Paid Social,2022-06-17,53,F
1076,customer_75,customer75.gmail.com,Pune,Paid Social,2024-02-15,60,F
1077,customer_76,customer76.gmail.com,Bengaluru,Google Search,2023-09-17,41,M
1078,customer_77,customer77.gmail.com,Hyderabad,Organic,2023-04-11,21,M
1079,customer_78,customer78.gmail.com,Mumbai,Organic,2024-11-15,42,M
1080,customer_79,customer79.gmail.com,Hyderabad,Paid Social,2022-11-11,58,F
1081,customer_80,customer80.gmail.com,Bengaluru,SMS,2023-04-08,28,F
1082,customer_81,customer81.gmail.com,Delhi,Email,2023-10-12,63,F
1083,customer_82,customer82.gmail.com,Delhi,Organic,2023-06-05,20,M
1084,customer_83,customer83.gmail.com,Pune,SMS,2022-12-03,24,F
1085,customer_84,customer84.gmail.com,Hyderabad,Email,2022-12-20,28,M
1086,customer_85,customer85.gmail.com,Mumbai,Google Search,2023-12-27,18,F
1087,customer_86,customer86.gmail.com,Chennai,Paid Social,2023-01-13,58,M
1088,customer_87,customer87.gmail.com,Pune,SMS,2023-01-28,58,F
1089,customer_88,customer88.gmail.com,Pune,Email,2022-09-19,43,F
1090,customer_89,customer89.gmail.com,Pune,Paid Social,2022-05-02,31,M
1091,customer_90,customer90.gmail.com,Bengaluru,Paid Social,2023-05-29,64,M
1092,customer_91,customer91.gmail.com,Chennai,Organic,2023-02-03,59,F
1093,customer_92,customer92.gmail.com,Delhi,Email,2024-08-25,33,M
1094,customer_93,customer93.gmail.com,Bengaluru,Paid Social,2022-02-26,29,M
1095,customer_94,customer94.gmail.com,Delhi,Organic,2022-07-07,46,F
1096,customer_95,customer95.gmail.com,Hyderabad,Paid Social,2022-03-03,49,F
1097,customer_96,customer96.gmail.com,Chennai,Email,2022-10-29,27,Others
1098,customer_97,customer97.gmail.com,Bengaluru,Paid Social,2024-01-20,46,M
1099,customer_98,customer98.gmail.com,Mumbai,Google Search,2022-07-01,55,M
1100,customer_99,customer99.gmail.com,Hyderabad,Google Search,2024-08-05,36,M
1101,customer_100,customer100.gmail.com,Bengaluru,Google Search,2022-12-09,26,M
1102,customer_101,customer101.gmail.com,Mumbai,Google Search,2022-04-13,42,M
1103,customer_102,customer102.gmail.com,Hyderabad,SMS,2024-05-31,36,F
1104,customer_103,customer103.gmail.com,Hyderabad,Paid Social,2024-05-22,56,M
1105,customer_104,customer104.gmail.com,Mumbai,Paid Social,2023-11-28,26,M
1106,customer_105,customer105.gmail.com,Chennai,Paid Social,2022-09-25,34,F
1107,customer_106,customer106.gmail.com,Chennai,Paid Social,2022-03-25,44,F
1108,customer_107,customer107.gmail.com,Mumbai,Organic,2022-12-03,25,F
1109,customer_108,customer108.gmail.com,Pune,SMS,2024-03-03,40,F
1110,customer_109,customer109.gmail.com,Bengaluru,Paid Social,2024-10-24,30,M
1111,customer_110,customer110.gmail.com,Chennai,Organic,2022-07-29,58,Others
1112,customer_111,customer111.gmail.com,Delhi,SMS,2024-03-14,25,M
1113,customer_112,customer112.gmail.com,Chennai,Organic,2022-10-28,30,M
1114,customer_113,customer113.gmail.com,Mumbai,Google Search,2023-04-30,30,M
1115,customer_114,customer114.gmail.com,Delhi,Google Search,2023-10-07,34,Others
1116,customer_115,customer115.gmail.com,Chennai,Organic,2024-02-21,37,F
1117,customer_116,customer116.gmail.com,Pune,Paid Social,2023-01-20,22,F
1118,customer_117,customer117.gmail.com,Chennai,SMS,2023-01-25,42,Others
1119,customer_118,customer118.gmail.com,Delhi,Email,2022-05-08,33,F
1120,customer_119,customer119.gmail.com,Mumbai,Organic,2023-03-16,60,Others
1121,customer_120,customer120.gmail.com,Chennai,Organic,2023-10-26,35,F
1122,customer_121,customer121.gmail.com,Bengaluru,Organic,2022-10-07,26,F
1123,customer_122,customer122.gmail.com,Delhi,Paid Social,2024-11-02,52,M
1124,customer_123,customer123.gmail.com,Hyderabad,Organic,2024-12-21,27,M
1125,customer_124,customer124.gmail.com,Chennai,Email,2022-03-21,52,M
1126,customer_125,customer125.gmail.com,Delhi,Google Search,2022-06-11,54,M
1127,customer_126,customer126.gmail.com,Pune,Google Search,2023-06-25,36,F
1128,customer_127,customer127.gmail.com,Pune,SMS,2022-12-27,30,M
1129,customer_128,customer128.gmail.com,Mumbai,SMS,2022-09-26,53,M
1130,customer_129,customer129.gmail.com,Bengaluru,Google Search,2024-09-22,42,Others
1131,customer_130,customer130.gmail.com,Delhi,Email,2024-09-12,22,F
1132,customer_131,customer131.gmail.com,Chennai,Email,2022-12-11,34,M
1133,customer_132,customer132.gmail.com,Mumbai,Paid Social,2022-01-03,51,M
1134,customer_133,customer133.gmail.com,Bengaluru,Google Search,2023-05-31,60,F
1135,customer_134,customer134.gmail.com,Pune,Google Search,2024-07-29,40,F
1136,customer_135,customer135.gmail.com,Delhi,SMS,2023-09-18,20,F
1137,customer_136,customer136.gmail.com,Mumbai,Paid Social,2024-04-19,27,Others
1138,customer_137,customer137.gmail.com,Delhi,Google Search,2022-06-15,49,M
1139,customer_138,customer138.gmail.com,Delhi,SMS,2024-06-14,50,M
1140,customer_139,customer139.gmail.com,Hyderabad,SMS,2023-02-09,24,M
1141,customer_140,customer140.gmail.com,Pune,SMS,2024-08-29,30,M
1142,customer_141,customer141.gmail.com,Chennai,SMS,2024-06-03,55,F
1143,customer_142,customer142.gmail.com,Bengaluru,Email,2022-07-09,28,M
1144,customer_143,customer143.gmail.com,Pune,Organic,2024-05-14,32,M
1145,customer_144,customer144.gmail.com,Mumbai,SMS,2024-08-28,40,M
1146,customer_145,customer145.gmail.com,Chennai,Email,2023-10-01,36,M
1147,customer_146,customer146.gmail.com,Pune,Organic,2022-05-06,25,M
1148,customer_147,customer147.gmail.com,Mumbai,Email,2024-12-01,41,F
1149,customer_148,customer148.gmail.com,Pune,Organic,2024-03-29,19,M
1150,customer_149,customer149.gmail.com,Mumbai,Email,2022-08-08,55,F
1151,customer_150,customer150.gmail.com,Mumbai,Paid Social,2022-04-21,47,M
1152,customer_151,customer151.gmail.com,Delhi,Email,2023-05-17,61,M
1153,customer_152,customer152.gmail.com,Hyderabad,Paid Social,2022-08-06,50,Others
1154,customer_153,customer153.gmail.com,Chennai,Organic,2024-12-18,36,F
1155,customer_154,customer154.gmail.com,Hyderabad,Google Search,2022-05-31,48,F
1156,customer_155,customer155.gmail.com,Delhi,Google Search,2024-12-03,41,M
1157,customer_156,customer156.gmail.com,Hyderabad,SMS,2022-04-15,39,F
1158,customer_157,customer157.gmail.com,Chennai,Organic,2024-01-12,56,M
1159,customer_158,customer158.gmail.com,Bengaluru,Email,2022-03-16,46,M
1160,customer_159,customer159.gmail.com,Delhi,SMS,2024-03-25,51,F
1161,customer_160,customer160.gmail.com,Hyderabad,Email,2024-07-27,21,M
1162,customer_161,customer161.gmail.com,Chennai,Google Search,2022-12-14,63,M
1163,customer_162,customer162.gmail.com,Delhi,SMS,2024-03-12,34,M
1164,customer_163,customer163.gmail.com,Delhi,Organic,2024-10-20,45,M
1165,customer_164,customer164.gmail.com,Delhi,Organic,2024-02-10,55,F
1166,customer_165,customer165.gmail.com,Hyderabad,SMS,2023-12-15,21,F
1167,customer_166,customer166.gmail.com,Chennai,SMS,2024-01-30,33,M
1168,customer_167,customer167.gmail.com,Hyderabad,Email,2024-04-13,59,M
1169,customer_168,customer168.gmail.com,Chennai,Email,2023-01-19,60,M
1170,customer_169,customer169.gmail.com,Bengaluru,Organic,2022-08-26,61,F
1171,customer_170,customer170.gmail.com,Delhi,Organic,2022-09-10,53,F
1172,customer_171,customer171.gmail.com,Hyderabad,SMS,2023-07-09,48,F
1173,customer_172,customer172.gmail.com,Bengaluru,Paid Social,2022-03-24,32,M
1174,customer_173,customer173.gmail.com,Pune,SMS,2022-01-28,26,M
1175,customer_174,customer174.gmail.com,Bengaluru,SMS,2024-08-05,53,M
1176,customer_175,customer175.gmail.com,Hyderabad,Google Search,2024-10-11,21,M
1177,customer_176,customer176.gmail.com,Pune,SMS,2024-12-09,36,M
1178,customer_177,customer177.gmail.com,Mumbai,Google Search,2022-06-18,51,F
1179,customer_178,customer178.gmail.com,Hyderabad,Email,2022-02-01,41,M
1180,customer_179,customer179.gmail.com,Bengaluru,Paid Social,2023-07-31,28,M
1181,customer_180,customer180.gmail.com,Pune,SMS,2024-06-08,52,F
1182,customer_181,customer181.gmail.com,Delhi,Email,2024-12-25,45,F
1183,customer_182,customer182.gmail.com,Bengaluru,SMS,2023-10-20,45,F
1184,customer_183,customer183.gmail.com,Hyderabad,SMS,2022-12-29,28,F
1185,customer_184,customer184.gmail.com,Bengaluru,Email,2023-09-16,55,M
1186,customer_185,customer185.gmail.com,Delhi,SMS,2024-02-15,51,F
1187,customer_186,customer186.gmail.com,Mumbai,Paid Social,2024-02-17,32,F
1188,customer_187,customer187.gmail.com,Bengaluru,SMS,2023-07-21,25,F
1189,customer_188,customer188.gmail.com,Hyderabad,Google Search,2022-03-01,58,M
1190,customer_189,customer189.gmail.com,Pune,Email,2023-08-15,54,F
1191,customer_190,customer190.gmail.com,Mumbai,Google Search,2024-01-21,58,F
1192,customer_191,customer191.gmail.com,Mumbai,Paid Social,2024-01-21,18,F
1193,customer_192,customer192.gmail.com,Delhi,SMS,2023-02-12,41,M
1194,customer_193,customer193.gmail.com,Mumbai,Email,2024-10-25,27,M
1195,customer_194,customer194.gmail.com,Mumbai,Email,2022-08-31,57,F
1196,customer_195,customer195.gmail.com,Mumbai,Google Search,2024-08-21,34,F
1197,customer_196,customer196.gmail.com,Chennai,Paid Social,2022-06-13,31,F
1198,customer_197,customer197.gmail.com,Hyderabad,Google Search,2024-08-18,18,M
1199,customer_198,customer198.gmail.com,Mumbai,Organic,2023-02-23,28,M
1200,customer_199,customer199.gmail.com,Chennai,Paid Social,2023-04-29,58,F
1201,customer_200,customer200.gmail.com,Chennai,SMS,2022-08-25,59,F
1202,customer_201,customer201.gmail.com,Bengaluru,Organic,2024-06-20,20,Others
1203,customer_202,customer202.gmail.com,Mumbai,Google Search,2023-05-11,34,F
1204,customer_203,customer203.gmail.com,Delhi,Google Search,2022-03-16,28,F
1205,customer_204,customer204.gmail.com,Mumbai,Paid Social,2023-03-12,41,M
1206,customer_205,customer205.gmail.com,Bengaluru,Paid Social,2023-12-07,53,M
1207,customer_206,customer206.gmail.com,Delhi,Google Search,2023-10-16,50,M
1208,customer_207,customer207.gmail.com,Hyderabad,Email,2022-02-09,49,M
1209,customer_208,customer208.gmail.com,Delhi,SMS,2022-03-19,42,F
1210,customer_209,customer209.gmail.com,Bengaluru,Paid Social,2022-08-26,44,M
1211,customer_210,customer210.gmail.com,Delhi,Email,2024-06-09,64,Others
1212,customer_211,customer211.gmail.com,Pune,Google Search,2023-02-22,60,F
1213,customer_212,customer212.gmail.com,Bengaluru,Google Search,2023-10-03,34,F
1214,customer_213,customer213.gmail.com,Delhi,Email,2022-01-23,34,M
1215,customer_214,customer214.gmail.com,Mumbai,Google Search,2023-04-27,63,M
1216,customer_215,customer215.gmail.com,Delhi,SMS,2023-04-25,57,M
1217,customer_216,customer216.gmail.com,Mumbai,Email,2023-09-26,21,M
1218,customer_217,customer217.gmail.com,Chennai,SMS,2024-11-17,35,M
1219,customer_218,customer218.gmail.com,Pune,Paid Social,2023-03-29,28,F
1220,customer_219,customer219.gmail.com,Hyderabad,Organic,2023-10-22,58,F
1221,customer_220,customer220.gmail.com,Bengaluru,SMS,2022-06-29,57,M
1222,customer_221,customer221.gmail.com,Hyderabad,Organic,2023-06-13,29,F
1223,customer_222,customer222.gmail.com,Delhi,Google Search,2022-07-04,60,M
1224,customer_223,customer223.gmail.com,Chennai,SMS,2024-07-04,54,M
1225,customer_224,customer224.gmail.com,Chennai,SMS,2024-09-18,27,F
1226,customer_225,customer225.gmail.com,Pune,Google Search,2023-07-16,32,Others
1227,customer_226,customer226.gmail.com,Delhi,SMS,2023-04-03,28,F
1228,customer_227,customer227.gmail.com,Pune,Google Search,2022-01-13,51,M
1229,customer_228,customer228.gmail.com,Hyderabad,Paid Social,2023-02-10,59,M
1230,customer_229,customer229.gmail.com,Chennai,Email,2023-10-09,52,F
1231,customer_230,customer230.gmail.com,Pune,SMS,2023-12-07,25,F
1232,customer_231,customer231.gmail.com,Delhi,Paid Social,2022-08-27,48,Others
1233,customer_232,customer232.gmail.com,Pune,Email,2022-06-14,61,F
1234,customer_233,customer233.gmail.com,Mumbai,SMS,2024-02-05,32,M
1235,customer_234,customer234.gmail.com,Chennai,Paid Social,2022-10-30,46,M
1236,customer_235,customer235.gmail.com,Chennai,SMS,2024-07-15,32,M
1237,customer_236,customer236.gmail.com,Mumbai,Email,2023-01-12,48,M
1238,customer_237,customer237.gmail.com,Pune,SMS,2024-04-19,24,F
1239,customer_238,customer238.gmail.com,Pune,Google Search,2022-07-24,47,F
1240,customer_239,customer239.gmail.com,Pune,Paid Social,2024-08-19,42,M
1241,customer_240,customer240.gmail.com,Pune,SMS,2024-05-25,32,F
1242,customer_241,customer241.gmail.com,Pune,Google Search,2022-02-23,30,M
1243,customer_242,customer242.gmail.com,Mumbai,Email,2022-10-13,27,F
1244,customer_243,customer243.gmail.com,Bengaluru,Email,2022-10-28,36,M
1245,customer_244,customer244.gmail.com,Hyderabad,Google Search,2023-04-25,32,F
1246,customer_245,customer245.gmail.com,Mumbai,Email,2023-02-16,20,F
1247,customer_246,customer246.gmail.com,Pune,Google Search,2024-09-29,35,F
1248,customer_247,customer247.gmail.com,Bengaluru,Email,2023-06-09,39,F
1249,customer_248,customer248.gmail.com,Bengaluru,Organic,2022-01-23,54,M
1250,customer_249,customer249.gmail.com,Chennai,Organic,2022-11-24,49,M
1251,customer_250,customer250.gmail.com,Chennai,SMS,2023-03-17,48,F
1252,customer_251,customer251.gmail.com,Hyderabad,Email,2024-06-05,27,Others
1253,customer_252,customer252.gmail.com,Delhi,Organic,2024-07-29,58,F
1254,customer_253,customer253.gmail.com,Chennai,Google Search,2023-02-23,62,F
1255,customer_254,customer254.gmail.com,Delhi,Email,2024-07-21,38,F
1256,customer_255,customer255.gmail.com,Chennai,Paid Social,2022-07-23,51,M
1257,customer_256,customer256.gmail.com,Delhi,Google Search,2022-11-13,46,M
1258,customer_257,customer257.gmail.com,Delhi,Organic,2022-03-13,27,F
1259,customer_258,customer258.gmail.com,Mumbai,Organic,2022-03-06,45,M
1260,customer_259,customer259.gmail.com,Mumbai,Organic,2022-11-22,27,M
1261,customer_260,customer260.gmail.com,Pune,SMS,2022-03-12,49,F
1262,customer_261,customer261.gmail.com,Bengaluru,SMS,2022-02-12,31,F
1263,customer_262,customer262.gmail.com,Mumbai,Paid Social,2022-11-17,49,F
1264,customer_263,customer263.gmail.com,Chennai,Paid Social,2022-02-08,47,F
1265,customer_264,customer264.gmail.com,Mumbai,Google Search,2024-07-12,25,Others
1266,customer_265,customer265.gmail.com,Hyderabad,Paid Social,2024-04-12,54,F
1267,customer_266,customer266.gmail.com,Mumbai,Google Search,2023-07-02,36,M
1268,customer_267,customer267.gmail.com,Delhi,Email,2022-06-11,39,Others
1269,customer_268,customer268.gmail.com,Mumbai,SMS,2023-03-20,41,M
1270,customer_269,customer269.gmail.com,Delhi,Organic,2024-09-22,45,Others
1271,customer_270,customer270.gmail.com,Chennai,Google Search,2024-10-27,58,M
1272,customer_271,customer271.gmail.com,Chennai,Paid Social,2024-05-21,60,F
1273,customer_272,customer272.gmail.com,Mumbai,Email,2022-06-02,22,M
1274,customer_273,customer273.gmail.com,Pune,Paid Social,2022-12-17,26,F
1275,customer_274,customer274.gmail.com,Pune,Organic,2022-04-03,25,M
1276,customer_275,customer275.gmail.com,Chennai,Email,2024-03-09,60,F
1277,customer_276,customer276.gmail.com,Hyderabad,Paid Social,2023-03-05,35,F
1278,customer_277,customer277.gmail.com,Bengaluru,Google Search,2023-11-05,57,F
1279,customer_278,customer278.gmail.com,Hyderabad,Paid Social,2023-03-19,30,M
1280,customer_279,customer279.gmail.com,Mumbai,SMS,2023-05-14,60,F
1281,customer_280,customer280.gmail.com,Chennai,SMS,2022-12-21,23,M
1282,customer_281,customer281.gmail.com,Mumbai,Email,2022-09-07,33,F
1283,customer_282,customer282.gmail.com,Mumbai,SMS,2024-05-31,35,M
1284,customer_283,customer283.gmail.com,Chennai,Paid Social,2022-06-17,59,F
1285,customer_284,customer284.gmail.com,Mumbai,Organic,2023-09-10,34,F
1286,customer_285,customer285.gmail.com,Chennai,SMS,2022-11-05,19,M
1287,customer_286,customer286.gmail.com,Delhi,Google Search,2022-08-25,35,M
1288,customer_287,customer287.gmail.com,Bengaluru,Paid Social,2022-10-27,28,F
1289,customer_288,customer288.gmail.com,Pune,SMS,2024-01-02,19,M
1290,customer_289,customer289.gmail.com,Chennai,Email,2023-03-28,19,F
1291,customer_290,customer290.gmail.com,Bengaluru,Organic,2024-09-08,35,M
1292,customer_291,customer291.gmail.com,Delhi,Organic,2023-03-21,58,M
1293,customer_292,customer292.gmail.com,Chennai,Organic,2022-06-26,39,F
1294,customer_293,customer293.gmail.com,Chennai,Organic,2024-11-07,33,M
1295,customer_294,customer294.gmail.com,Chennai,Google Search,2024-02-09,44,M
1296,customer_295,customer295.gmail.com,Mumbai,SMS,2023-03-16,34,F
1297,customer_296,customer296.gmail.com,Delhi,Organic,2023-03-10,59,F
1298,customer_297,customer297.gmail.com,Pune,Google Search,2024-01-17,34,F
1299,customer_298,customer298.gmail.com,Bengaluru,Google Search,2022-07-16,23,F
1300,customer_299,customer299.gmail.com,Mumbai,Organic,2024-11-05,50,F
1301,customer_300,customer300.gmail.com,Hyderabad,Organic,2022-10-01,30,M
1302,customer_301,customer301.gmail.com,Pune,Google Search,2024-11-16,23,M
1303,customer_302,customer302.gmail.com,Mumbai,Google Search,2022-08-07,43,F
1304,customer_303,customer303.gmail.com,Chennai,Email,2023-06-07,36,M
1305,customer_304,customer304.gmail.com,Hyderabad,Google Search,2023-08-01,55,F
1306,customer_305,customer305.gmail.com,Pune,Email,2022-01-25,36,F
1307,customer_306,customer306.gmail.com,Mumbai,Paid Social,2024-03-11,61,F
1308,customer_307,customer307.gmail.com,Hyderabad,Paid Social,2022-08-04,43,F
1309,customer_308,customer308.gmail.com,Mumbai,Email,2024-04-11,39,F
1310,customer_309,customer309.gmail.com,Bengaluru,Paid Social,2023-11-24,28,M
1311,customer_310,customer310.gmail.com,Chennai,Google Search,2022-06-11,39,Others
1312,customer_311,customer311.gmail.com,Chennai,Google Search,2023-03-30,49,F
1313,customer_312,customer312.gmail.com,Chennai,Organic,2022-12-28,24,F
1314,customer_313,customer313.gmail.com,Bengaluru,SMS,2023-05-20,39,F
1315,customer_314,customer314.gmail.com,Hyderabad,Organic,2024-10-28,23,F
1316,customer_315,customer315.gmail.com,Bengaluru,Organic,2024-08-09,32,F
1317,customer_316,customer316.gmail.com,Chennai,SMS,2022-09-25,55,M
1318,customer_317,customer317.gmail.com,Bengaluru,Email,2022-06-01,58,F
1319,customer_318,customer318.gmail.com,Pune,Google Search,2024-08-26,35,M
1320,customer_319,customer319.gmail.com,Delhi,SMS,2024-08-12,52,M
1321,customer_320,customer320.gmail.com,Bengaluru,Google Search,2022-04-25,51,M
1322,customer_321,customer321.gmail.com,Hyderabad,Email,2022-11-27,62,F
1323,customer_322,customer322.gmail.com,Pune,Paid Social,2023-06-30,46,F
1324,customer_323,customer323.gmail.com,Hyderabad,Organic,2022-05-28,60,F
1325,customer_324,customer324.gmail.com,Bengaluru,Organic,2023-10-21,22,F
1326,customer_325,customer325.gmail.com,Mumbai,Google Search,2023-01-11,41,M
1327,customer_326,customer326.gmail.com,Mumbai,SMS,2023-09-22,49,M
1328,customer_327,customer327.gmail.com,Bengaluru,Paid Social,2024-12-18,47,F
1329,customer_328,customer328.gmail.com,Mumbai,Google Search,2024-04-30,22,F
1330,customer_329,customer329.gmail.com,Delhi,Organic,2023-11-09,61,F
1331,customer_330,customer330.gmail.com,Hyderabad,Google Search,2023-10-30,51,F
1332,customer_331,customer331.gmail.com,Chennai,Google Search,2022-12-24,59,M
1333,customer_332,customer332.gmail.com,Delhi,Organic,2023-09-13,35,F
1334,customer_333,customer333.gmail.com,Pune,Paid Social,2023-06-10,53,F
1335,customer_334,customer334.gmail.com,Chennai,Google Search,2023-06-22,38,F
1336,customer_335,customer335.gmail.com,Bengaluru,SMS,2023-10-27,39,M
1337,customer_336,customer336.gmail.com,Hyderabad,SMS,2023-04-24,56,M
1338,customer_337,customer337.gmail.com,Chennai,Email,2024-09-13,38,M
1339,customer_338,customer338.gmail.com,Bengaluru,Email,2022-06-03,52,F
1340,customer_339,customer339.gmail.com,Bengaluru,Email,2022-07-13,22,M
1341,customer_340,customer340.gmail.com,Delhi,SMS,2022-03-05,50,F
1342,customer_341,customer341.gmail.com,Mumbai,Paid Social,2023-02-08,24,M
1343,customer_342,customer342.gmail.com,Mumbai,Google Search,2022-04-15,61,F
1344,customer_343,customer343.gmail.com,Hyderabad,SMS,2023-11-25,41,F
1345,customer_344,customer344.gmail.com,Hyderabad,Email,2023-10-05,56,F
1346,customer_345,customer345.gmail.com,Hyderabad,Email,2024-08-10,25,M
1347,customer_346,customer346.gmail.com,Pune,Google Search,2024-07-11,32,M
1348,customer_347,customer347.gmail.com,Chennai,Email,2022-04-03,23,F
1349,customer_348,customer348.gmail.com,Mumbai,Organic,2024-09-18,22,F
1350,customer_349,customer349.gmail.com,Pune,Paid Social,2024-05-01,40,M
1351,customer_350,customer350.gmail.com,Hyderabad,Organic,2022-03-15,37,F
1352,customer_351,customer351.gmail.com,Delhi,SMS,2023-01-10,29,M
1353,customer_352,customer352.gmail.com,Hyderabad,Google Search,2024-12-26,59,M
1354,customer_353,customer353.gmail.com,Delhi,Paid Social,2024-01-13,61,M
1355,customer_354,customer354.gmail.com,Mumbai,Paid Social,2024-01-16,38,Others
1356,customer_355,customer355.gmail.com,Bengaluru,Organic,2023-12-27,39,M
1357,customer_356,customer356.gmail.com,Bengaluru,Email,2023-05-13,42,F
1358,customer_357,customer357.gmail.com,Hyderabad,SMS,2024-11-17,29,M
1359,customer_358,customer358.gmail.com,Mumbai,Email,2024-09-17,19,M
1360,customer_359,customer359.gmail.com,Delhi,Paid Social,2023-01-22,47,F
1361,customer_360,customer360.gmail.com,Bengaluru,Email,2022-06-30,24,F
1362,customer_361,customer361.gmail.com,Bengaluru,SMS,2024-04-13,54,F
1363,customer_362,customer362.gmail.com,Mumbai,Paid Social,2023-08-28,35,F
1364,customer_363,customer363.gmail.com,Delhi,Email,2024-03-09,35,F
1365,customer_364,customer364.gmail.com,Bengaluru,Google Search,2022-11-10,45,M
1366,customer_365,customer365.gmail.com,Mumbai,Email,2022-04-17,51,F
1367,customer_366,customer366.gmail.com,Mumbai,Google Search,2023-05-19,25,F
1368,customer_367,customer367.gmail.com,Pune,Organic,2024-01-26,36,M
1369,customer_368,customer368.gmail.com,Chennai,SMS,2022-04-08,23,F
1370,customer_369,customer369.gmail.com,Mumbai,Google Search,2024-09-23,62,F
1371,customer_370,customer370.gmail.com,Bengaluru,SMS,2022-04-14,24,M
1372,customer_371,customer371.gmail.com,Delhi,Organic,2022-07-04,37,M
1373,customer_372,customer372.gmail.com,Chennai,Email,2023-06-10,41,F
1374,customer_373,customer373.gmail.com,Mumbai,Email,2022-03-25,46,F
1375,customer_374,customer374.gmail.com,Bengaluru,Google Search,2022-04-09,45,F
1376,customer_375,customer375.gmail.com,Chennai,Organic,2024-09-12,22,M
1377,customer_376,customer376.gmail.com,Chennai,Email,2023-06-12,34,F
1378,customer_377,customer377.gmail.com,Pune,Paid Social,2022-07-27,53,M
1379,customer_378,customer378.gmail.com,Delhi,Organic,2023-11-13,50,F
1380,customer_379,customer379.gmail.com,Hyderabad,Paid Social,2024-12-07,23,F
1381,customer_380,customer380.gmail.com,Hyderabad,Paid Social,2022-09-18,55,M
1382,customer_381,customer381.gmail.com,Chennai,Organic,2022-08-21,20,M
1383,customer_382,customer382.gmail.com,Mumbai,Email,2024-01-02,27,M
1384,customer_383,customer383.gmail.com,Hyderabad,Organic,2023-09-13,28,F
1385,customer_384,customer384.gmail.com,Delhi,Email,2022-05-10,40,F
1386,customer_385,customer385.gmail.com,Delhi,SMS,2024-07-27,63,M
1387,customer_386,customer386.gmail.com,Bengaluru,Paid Social,2024-11-29,21,F
1388,customer_387,customer387.gmail.com,Hyderabad,Google Search,2022-09-04,24,M
1389,customer_388,customer388.gmail.com,Hyderabad,Organic,2022-01-25,43,M
1390,customer_389,customer389.gmail.com,Chennai,Google Search,2024-06-13,59,F
1391,customer_390,customer390.gmail.com,Bengaluru,SMS,2022-06-21,50,F
1392,customer_391,customer391.gmail.com,Hyderabad,SMS,2024-07-07,58,F
1393,customer_392,customer392.gmail.com,Hyderabad,Paid Social,2022-05-24,59,M
1394,customer_393,customer393.gmail.com,Delhi,Google Search,2022-07-14,52,M
1395,customer_394,customer394.gmail.com,Hyderabad,SMS,2024-10-05,45,M
1396,customer_395,customer395.gmail.com,Hyderabad,Paid Social,2024-09-13,58,F
1397,customer_396,customer396.gmail.com,Hyderabad,Organic,2022-05-19,52,M
1398,customer_397,customer397.gmail.com,Pune,Organic,2023-05-27,56,M
1399,customer_398,customer398.gmail.com,Hyderabad,Google Search,2024-08-27,33,F
1400,customer_399,customer399.gmail.com,Pune,Paid Social,2022-08-20,27,M
1401,customer_400,customer400.gmail.com,Pune,Paid Social,2023-02-14,24,M
1402,customer_401,customer401.gmail.com,Chennai,Paid Social,2024-12-11,24,F
1403,customer_402,customer402.gmail.com,Hyderabad,Email,2022-12-18,42,F
1404,customer_403,customer403.gmail.com,Bengaluru,SMS,2024-04-26,22,F
1405,customer_404,customer404.gmail.com,Hyderabad,Paid Social,2024-12-22,43,F
1406,customer_405,customer405.gmail.com,Chennai,Email,2023-08-21,47,F
1407,customer_406,customer406.gmail.com,Pune,Email,2022-04-01,28,M
1408,customer_407,customer407.gmail.com,Chennai,Organic,2024-09-05,24,F
1409,customer_408,customer408.gmail.com,Chennai,SMS,2024-02-15,56,F
1410,customer_409,customer409.gmail.com,Hyderabad,Organic,2023-10-01,43,F
1411,customer_410,customer410.gmail.com,Chennai,SMS,2023-10-02,53,F
1412,customer_411,customer411.gmail.com,Bengaluru,Organic,2024-07-21,39,M
1413,customer_412,customer412.gmail.com,Bengaluru,Email,2024-03-13,29,M
1414,customer_413,customer413.gmail.com,Mumbai,Paid Social,2022-12-27,39,M
1415,customer_414,customer414.gmail.com,Delhi,Paid Social,2023-03-08,19,F
1416,customer_415,customer415.gmail.com,Hyderabad,SMS,2022-11-18,57,M
1417,customer_416,customer416.gmail.com,Mumbai,Paid Social,2023-07-01,29,M
1418,customer_417,customer417.gmail.com,Mumbai,Organic,2022-07-16,18,F
1419,customer_418,customer418.gmail.com,Mumbai,Organic,2022-04-26,32,M
1420,customer_419,customer419.gmail.com,Bengaluru,Google Search,2023-12-13,57,M
1421,customer_420,customer420.gmail.com,Hyderabad,Google Search,2024-08-14,24,F
1422,customer_421,customer421.gmail.com,Hyderabad,Paid Social,2024-01-13,55,M
1423,customer_422,customer422.gmail.com,Hyderabad,SMS,2023-08-02,54,Others
1424,customer_423,customer423.gmail.com,Pune,Email,2022-01-06,63,F
1425,customer_424,customer424.gmail.com,Delhi,Organic,2023-01-07,39,F
1426,customer_425,customer425.gmail.com,Pune,Google Search,2023-10-07,50,Others
1427,customer_426,customer426.gmail.com,Bengaluru,SMS,2023-05-03,50,Others
1428,customer_427,customer427.gmail.com,Mumbai,Email,2024-01-04,46,M
1429,customer_428,customer428.gmail.com,Mumbai,Email,2024-05-29,60,F
1430,customer_429,customer429.gmail.com,Pune,SMS,2024-03-09,36,F
1431,customer_430,customer430.gmail.com,Bengaluru,Email,2024-06-25,22,F
1432,customer_431,customer431.gmail.com,Delhi,Google Search,2022-03-05,31,M
1433,customer_432,customer432.gmail.com,Chennai,Paid Social,2024-10-08,64,M
1434,customer_433,customer433.gmail.com,Delhi,Organic,2023-01-17,26,F
1435,customer_434,customer434.gmail.com,Mumbai,Google Search,2024-11-01,22,F
1436,customer_435,customer435.gmail.com,Mumbai,Google Search,2023-08-18,52,F
1437,customer_436,customer436.gmail.com,Hyderabad,Organic,2023-06-02,38,M
1438,customer_437,customer437.gmail.com,Pune,Paid Social,2024-08-19,63,F
1439,customer_438,customer438.gmail.com,Mumbai,Paid Social,2024-11-09,60,M
1440,customer_439,customer439.gmail.com,Bengaluru,Email,2023-06-06,45,F
1441,customer_440,customer440.gmail.com,Delhi,Email,2024-05-20,62,M
1442,customer_441,customer441.gmail.com,Chennai,Email,2023-06-04,19,F
1443,customer_442,customer442.gmail.com,Chennai,Google Search,2023-02-22,23,M
1444,customer_443,customer443.gmail.com,Delhi,Email,2022-02-18,48,M
1445,customer_444,customer444.gmail.com,Chennai,Paid Social,2024-09-06,49,F
1446,customer_445,customer445.gmail.com,Chennai,SMS,2024-01-20,28,M
1447,customer_446,customer446.gmail.com,Bengaluru,Google Search,2024-10-15,31,F
1448,customer_447,customer447.gmail.com,Delhi,Google Search,2024-08-12,27,F
1449,customer_448,customer448.gmail.com,Pune,SMS,2023-08-02,56,Others
1450,customer_449,customer449.gmail.com,Chennai,Google Search,2023-06-30,18,F
1451,customer_450,customer450.gmail.com,Bengaluru,SMS,2023-02-06,48,F
1452,customer_451,customer451.gmail.com,Hyderabad,Google Search,2023-10-24,25,F
1453,customer_452,customer452.gmail.com,Chennai,SMS,2024-12-11,19,M
1454,customer_453,customer453.gmail.com,Chennai,SMS,2023-12-07,52,F
1455,customer_454,customer454.gmail.com,Delhi,Paid Social,2023-12-01,48,M
1456,customer_455,customer455.gmail.com,Pune,SMS,2024-10-11,29,M
1457,customer_456,customer456.gmail.com,Mumbai,SMS,2022-03-12,48,F
1458,customer_457,customer457.gmail.com,Chennai,Organic,2023-07-18,52,M
1459,customer_458,customer458.gmail.com,Bengaluru,Google Search,2023-06-28,49,F
1460,customer_459,customer459.gmail.com,Mumbai,Google Search,2023-04-10,34,F
1461,customer_460,customer460.gmail.com,Hyderabad,Email,2024-11-21,25,F
1462,customer_461,customer461.gmail.com,Mumbai,SMS,2023-03-04,36,M
1463,customer_462,customer462.gmail.com,Delhi,SMS,2022-11-03,53,M
1464,customer_463,customer463.gmail.com,Delhi,Google Search,2024-07-31,28,F
1465,customer_464,customer464.gmail.com,Delhi,Email,2024-09-03,61,F
1466,customer_465,customer465.gmail.com,Delhi,Paid Social,2023-11-04,22,M
1467,customer_466,customer466.gmail.com,Bengaluru,SMS,2024-09-10,45,M
1468,customer_467,customer467.gmail.com,Pune,Organic,2024-01-28,19,F
1469,customer_468,customer468.gmail.com,Delhi,Google Search,2024-11-27,28,M
1470,customer_469,customer469.gmail.com,Hyderabad,Email,2024-01-23,35,F
1471,customer_470,customer470.gmail.com,Hyderabad,SMS,2022-06-13,64,M
1472,customer_471,customer471.gmail.com,Chennai,Email,2022-12-02,22,F
1473,customer_472,customer472.gmail.com,Delhi,Organic,2024-11-14,36,F
1474,customer_473,customer473.gmail.com,Pune,Email,2024-07-11,22,F
1475,customer_474,customer474.gmail.com,Hyderabad,Google Search,2024-09-24,57,F
1476,customer_475,customer475.gmail.com,Bengaluru,Paid Social,2023-08-10,36,F
1477,customer_476,customer476.gmail.com,Chennai,Paid Social,2022-01-29,29,M
1478,customer_477,customer477.gmail.com,Pune,Paid Social,2024-05-11,53,M
1479,customer_478,customer478.gmail.com,Chennai,Email,2023-11-22,45,F
1480,customer_479,customer479.gmail.com,Pune,SMS,2024-01-10,63,M
1481,customer_480,customer480.gmail.com,Pune,SMS,2022-01-27,52,F
1482,customer_481,customer481.gmail.com,Hyderabad,SMS,2024-04-18,55,M
1483,customer_482,customer482.gmail.com,Bengaluru,Organic,2023-05-29,40,F
1484,customer_483,customer483.gmail.com,Delhi,SMS,2023-02-07,51,F
1485,customer_484,customer484.gmail.com,Chennai,Google Search,2024-02-13,40,M
1486,customer_485,customer485.gmail.com,Hyderabad,Email,2022-01-21,50,F
1487,customer_486,customer486.gmail.com,Pune,Google Search,2024-03-01,59,M
1488,customer_487,customer487.gmail.com,Pune,Paid Social,2024-07-01,30,F
1489,customer_488,customer488.gmail.com,Pune,Google Search,2022-11-15,51,M
1490,customer_489,customer489.gmail.com,Pune,Google Search,2023-09-02,46,F
1491,customer_490,customer490.gmail.com,Hyderabad,Google Search,2022-11-17,47,M
1492,customer_491,customer491.gmail.com,Mumbai,Organic,2023-10-20,35,M
1493,customer_492,customer492.gmail.com,Mumbai,Email,2024-03-13,52,M
1494,customer_493,customer493.gmail.com,Hyderabad,SMS,2023-07-31,22,M
1495,customer_494,customer494.gmail.com,Mumbai,Google Search,2022-07-29,21,F
1496,customer_495,customer495.gmail.com,Chennai,Paid Social,2024-11-04,22,M
1497,customer_496,customer496.gmail.com,Hyderabad,Email,2023-01-14,56,M
1498,customer_497,customer497.gmail.com,Hyderabad,Email,2023-02-02,32,M
1499,customer_498,customer498.gmail.com,Hyderabad,Google Search,2023-07-03,63,M
1500,customer_499,customer499.gmail.com,Pune,Email,2024-09-14,26,F
1501,customer_500,customer500.gmail.com,Delhi,Email,2022-09-29,63,M
1502,customer_501,customer501.gmail.com,Chennai,Email,2022-10-12,25,M
1503,customer_502,customer502.gmail.com,Chennai,Email,2022-01-20,61,Others
1504,customer_503,customer503.gmail.com,Chennai,Paid Social,2024-08-23,27,F
1505,customer_504,customer504.gmail.com,Mumbai,Paid Social,2024-04-19,39,M
1506,customer_505,customer505.gmail.com,Hyderabad,Paid Social,2022-11-07,41,M
1507,customer_506,customer506.gmail.com,Bengaluru,SMS,2024-11-26,41,F
1508,customer_507,customer507.gmail.com,Pune,Paid Social,2023-01-29,26,F
1509,customer_508,customer508.gmail.com,Bengaluru,SMS,2024-02-24,39,M
1510,customer_509,customer509.gmail.com,Chennai,Google Search,2024-03-21,51,F
1511,customer_510,customer510.gmail.com,Mumbai,Email,2023-03-26,29,F
1512,customer_511,customer511.gmail.com,Mumbai,Paid Social,2022-10-17,34,F
1513,customer_512,customer512.gmail.com,Bengaluru,Google Search,2022-03-29,21,M
1514,customer_513,customer513.gmail.com,Hyderabad,Email,2023-04-07,47,M
1515,customer_514,customer514.gmail.com,Bengaluru,Google Search,2022-11-10,53,F
1516,customer_515,customer515.gmail.com,Hyderabad,Organic,2023-01-17,18,M
1517,customer_516,customer516.gmail.com,Pune,Email,2023-05-13,50,M
1518,customer_517,customer517.gmail.com,Hyderabad,Email,2022-03-25,44,M
1519,customer_518,customer518.gmail.com,Bengaluru,SMS,2024-02-23,31,M
1520,customer_519,customer519.gmail.com,Delhi,Email,2022-07-19,21,M
1521,customer_520,customer520.gmail.com,Pune,Google Search,2023-10-04,52,F
1522,customer_521,customer521.gmail.com,Pune,Organic,2022-01-04,50,M
1523,customer_522,customer522.gmail.com,Bengaluru,Organic,2023-06-06,29,M
1524,customer_523,customer523.gmail.com,Chennai,Paid Social,2024-03-01,21,M
1525,customer_524,customer524.gmail.com,Delhi,Paid Social,2022-07-25,51,F
1526,customer_525,customer525.gmail.com,Delhi,Google Search,2024-07-08,31,M
1527,customer_526,customer526.gmail.com,Chennai,Paid Social,2023-04-24,19,M
1528,customer_527,customer527.gmail.com,Mumbai,Organic,2024-04-07,44,M
1529,customer_528,customer528.gmail.com,Delhi,Organic,2024-06-29,59,F
1530,customer_529,customer529.gmail.com,Mumbai,SMS,2023-08-27,48,F
1531,customer_530,customer530.gmail.com,Hyderabad,Email,2023-04-14,50,F
1532,customer_531,customer531.gmail.com,Hyderabad,Email,2022-03-19,44,Others
1533,customer_532,customer532.gmail.com,Chennai,Paid Social,2024-11-28,62,F
1534,customer_533,customer533.gmail.com,Chennai,Google Search,2024-03-13,45,F
1535,customer_534,customer534.gmail.com,Hyderabad,Email,2023-10-28,51,F
1536,customer_535,customer535.gmail.com,Mumbai,Email,2022-11-20,47,M
1537,customer_536,customer536.gmail.com,Delhi,Organic,2024-08-14,54,F
1538,customer_537,customer537.gmail.com,Bengaluru,Paid Social,2022-12-27,51,M
1539,customer_538,customer538.gmail.com,Chennai,Google Search,2024-07-10,18,M
1540,customer_539,customer539.gmail.com,Pune,SMS,2023-06-09,30,M
1541,customer_540,customer540.gmail.com,Delhi,Google Search,2022-10-26,35,M
1542,customer_541,customer541.gmail.com,Mumbai,Paid Social,2022-04-27,57,M
1543,customer_542,customer542.gmail.com,Bengaluru,Google Search,2024-05-31,18,M
1544,customer_543,customer543.gmail.com,Mumbai,Email,2023-10-18,26,F
1545,customer_544,customer544.gmail.com,Mumbai,Google Search,2024-07-06,23,F
1546,customer_545,customer545.gmail.com,Pune,Paid Social,2024-08-24,25,M
1547,customer_546,customer546.gmail.com,Bengaluru,Google Search,2023-04-25,25,F
1548,customer_547,customer547.gmail.com,Hyderabad,Paid Social,2023-08-26,41,M
1549,customer_548,customer548.gmail.com,Delhi,Email,2022-10-30,42,F
1550,customer_549,customer549.gmail.com,Chennai,Organic,2022-12-25,43,F
1551,customer_550,customer550.gmail.com,Hyderabad,Google Search,2024-01-26,43,M
1552,customer_551,customer551.gmail.com,Mumbai,Email,2022-12-15,56,M
1553,customer_552,customer552.gmail.com,Pune,Organic,2022-05-08,57,F
1554,customer_553,customer553.gmail.com,Bengaluru,Email,2023-03-28,51,M
1555,customer_554,customer554.gmail.com,Pune,Organic,2024-05-27,25,M
1556,customer_555,customer555.gmail.com,Chennai,Organic,2024-01-25,63,M
1557,customer_556,customer556.gmail.com,Pune,SMS,2022-08-30,19,M
1558,customer_557,customer557.gmail.com,Bengaluru,Organic,2023-10-27,35,F
1559,customer_558,customer558.gmail.com,Bengaluru,Organic,2023-01-13,33,M
1560,customer_559,customer559.gmail.com,Chennai,Email,2024-12-18,45,F
1561,customer_560,customer560.gmail.com,Bengaluru,Paid Social,2024-01-12,25,F
1562,customer_561,customer561.gmail.com,Pune,Organic,2022-02-06,35,M
1563,customer_562,customer562.gmail.com,Mumbai,Organic,2023-04-29,56,M
1564,customer_563,customer563.gmail.com,Chennai,Paid Social,2022-04-18,59,F
1565,customer_564,customer564.gmail.com,Pune,Organic,2022-04-21,36,M
1566,customer_565,customer565.gmail.com,Mumbai,Google Search,2023-06-08,49,F
1567,customer_566,customer566.gmail.com,Delhi,Google Search,2023-02-05,49,F
1568,customer_567,customer567.gmail.com,Mumbai,Email,2023-05-06,59,M
1569,customer_568,customer568.gmail.com,Delhi,SMS,2024-09-26,38,M
1570,customer_569,customer569.gmail.com,Hyderabad,Google Search,2024-03-10,46,F
1571,customer_570,customer570.gmail.com,Delhi,Google Search,2022-08-27,62,M
1572,customer_571,customer571.gmail.com,Pune,Organic,2023-04-17,22,M
1573,customer_572,customer572.gmail.com,Hyderabad,Organic,2022-06-10,37,F
1574,customer_573,customer573.gmail.com,Pune,Google Search,2022-06-11,39,M
1575,customer_574,customer574.gmail.com,Pune,Google Search,2023-02-17,44,M
1576,customer_575,customer575.gmail.com,Delhi,Organic,2023-06-17,60,F
1577,customer_576,customer576.gmail.com,Bengaluru,Paid Social,2024-12-18,18,F
1578,customer_577,customer577.gmail.com,Pune,Google Search,2024-09-20,30,M
1579,customer_578,customer578.gmail.com,Hyderabad,SMS,2023-08-29,50,M
1580,customer_579,customer579.gmail.com,Pune,Paid Social,2024-02-27,56,M
1581,customer_580,customer580.gmail.com,Bengaluru,SMS,2022-02-12,23,F
1582,customer_581,customer581.gmail.com,Bengaluru,SMS,2022-08-20,30,M
1583,customer_582,customer582.gmail.com,Chennai,Email,2022-11-14,31,F
1584,customer_583,customer583.gmail.com,Pune,Organic,2024-02-09,25,M
1585,customer_584,customer584.gmail.com,Bengaluru,SMS,2024-08-16,20,F
1586,customer_585,customer585.gmail.com,Chennai,Google Search,2022-07-13,54,F
1587,customer_586,customer586.gmail.com,Delhi,Google Search,2024-09-23,29,F
1588,customer_587,customer587.gmail.com,Mumbai,Paid Social,2023-05-30,25,M
1589,customer_588,customer588.gmail.com,Bengaluru,Google Search,2023-12-17,46,M
1590,customer_589,customer589.gmail.com,Pune,Google Search,2023-09-03,37,F
1591,customer_590,customer590.gmail.com,Bengaluru,Email,2023-10-14,40,M
1592,customer_591,customer591.gmail.com,Pune,SMS,2022-12-29,21,M
1593,customer_592,customer592.gmail.com,Hyderabad,Organic,2023-09-20,42,M
1594,customer_593,customer593.gmail.com,Pune,Paid Social,2024-07-23,49,F
1595,customer_594,customer594.gmail.com,Hyderabad,Email,2024-05-01,42,F
1596,customer_595,customer595.gmail.com,Chennai,SMS,2024-08-03,22,Others
1597,customer_596,customer596.gmail.com,Mumbai,SMS,2023-09-14,27,F
1598,customer_597,customer597.gmail.com,Delhi,Google Search,2024-08-13,48,F
1599,customer_598,customer598.gmail.com,Mumbai,Google Search,2023-02-24,21,F
1600,customer_599,customer599.gmail.com,Pune,Paid Social,2022-12-12,24,F
1601,customer_600,customer600.gmail.com,Mumbai,Organic,2023-04-17,51,Others
1602,customer_601,customer601.gmail.com,Hyderabad,Google Search,2023-07-24,58,M
1603,customer_602,customer602.gmail.com,Mumbai,Organic,2023-01-15,38,M
1604,customer_603,customer603.gmail.com,Delhi,Google Search,2022-04-09,36,M
1605,customer_604,customer604.gmail.com,Bengaluru,Organic,2023-04-13,24,F
1606,customer_605,customer605.gmail.com,Hyderabad,Google Search,2022-11-15,51,F
1607,customer_606,customer606.gmail.com,Chennai,Google Search,2024-05-15,50,M
1608,customer_607,customer607.gmail.com,Mumbai,Google Search,2023-06-04,59,Others
1609,customer_608,customer608.gmail.com,Mumbai,Google Search,2022-12-04,38,F
1610,customer_609,customer609.gmail.com,Mumbai,Organic,2024-11-26,55,M
1611,customer_610,customer610.gmail.com,Hyderabad,Email,2023-07-30,34,M
1612,customer_611,customer611.gmail.com,Mumbai,Paid Social,2022-03-21,63,F
1613,customer_612,customer612.gmail.com,Bengaluru,Email,2022-08-06,34,M
1614,customer_613,customer613.gmail.com,Chennai,Organic,2023-11-22,32,F
1615,customer_614,customer614.gmail.com,Pune,Paid Social,2022-01-20,25,F
1616,customer_615,customer615.gmail.com,Mumbai,Google Search,2022-05-03,54,F
1617,customer_616,customer616.gmail.com,Bengaluru,Email,2023-07-29,36,F
1618,customer_617,customer617.gmail.com,Hyderabad,Paid Social,2022-12-20,46,M
1619,customer_618,customer618.gmail.com,Pune,Email,2024-02-20,55,F
1620,customer_619,customer619.gmail.com,Chennai,Organic,2022-12-19,50,M
1621,customer_620,customer620.gmail.com,Hyderabad,Paid Social,2022-03-27,45,M
1622,customer_621,customer621.gmail.com,Pune,Google Search,2022-06-04,57,M
1623,customer_622,customer622.gmail.com,Bengaluru,SMS,2024-05-12,50,M
1624,customer_623,customer623.gmail.com,Bengaluru,Google Search,2023-02-28,24,M
1625,customer_624,customer624.gmail.com,Pune,SMS,2024-08-23,52,F
1626,customer_625,customer625.gmail.com,Bengaluru,Google Search,2024-09-26,25,M
1627,customer_626,customer626.gmail.com,Chennai,Organic,2024-04-06,24,F
1628,customer_627,customer627.gmail.com,Delhi,Paid Social,2024-03-13,62,F
1629,customer_628,customer628.gmail.com,Pune,Email,2023-05-09,38,F
1630,customer_629,customer629.gmail.com,Mumbai,Google Search,2022-06-19,42,F
1631,customer_630,customer630.gmail.com,Chennai,SMS,2023-01-06,20,F
1632,customer_631,customer631.gmail.com,Mumbai,Paid Social,2022-07-26,49,Others
1633,customer_632,customer632.gmail.com,Mumbai,Email,2024-11-20,28,F
1634,customer_633,customer633.gmail.com,Mumbai,SMS,2024-09-19,38,M
1635,customer_634,customer634.gmail.com,Mumbai,SMS,2023-10-16,49,Others
1636,customer_635,customer635.gmail.com,Chennai,Paid Social,2022-08-10,19,M
1637,customer_636,customer636.gmail.com,Delhi,Organic,2022-08-27,40,F
1638,customer_637,customer637.gmail.com,Mumbai,Organic,2023-03-09,62,M
1639,customer_638,customer638.gmail.com,Bengaluru,Organic,2024-11-18,27,F
1640,customer_639,customer639.gmail.com,Hyderabad,Paid Social,2022-01-08,31,M
1641,customer_640,customer640.gmail.com,Bengaluru,SMS,2024-04-24,26,F
1642,customer_641,customer641.gmail.com,Bengaluru,Paid Social,2022-05-24,36,M
1643,customer_642,customer642.gmail.com,Delhi,Organic,2022-01-03,20,F
1644,customer_643,customer643.gmail.com,Delhi,Google Search,2022-01-13,49,M
1645,customer_644,customer644.gmail.com,Bengaluru,Paid Social,2024-01-12,40,M
1646,customer_645,customer645.gmail.com,Bengaluru,Google Search,2022-01-26,36,M
1647,customer_646,customer646.gmail.com,Mumbai,Organic,2022-06-11,29,M
1648,customer_647,customer647.gmail.com,Chennai,Paid Social,2023-10-13,40,M
1649,customer_648,customer648.gmail.com,Hyderabad,Paid Social,2022-10-16,31,M
1650,customer_649,customer649.gmail.com,Chennai,Google Search,2023-12-26,53,M
1651,customer_650,customer650.gmail.com,Delhi,Email,2024-07-24,59,F
1652,customer_651,customer651.gmail.com,Hyderabad,Google Search,2022-08-01,20,M
1653,customer_652,customer652.gmail.com,Hyderabad,Organic,2023-04-04,27,M
1654,customer_653,customer653.gmail.com,Chennai,Google Search,2023-04-10,39,F
1655,customer_654,customer654.gmail.com,Delhi,Email,2024-05-30,21,F
1656,customer_655,customer655.gmail.com,Hyderabad,Organic,2023-07-08,32,Others
1657,customer_656,customer656.gmail.com,Mumbai,Paid Social,2022-05-09,52,M
1658,customer_657,customer657.gmail.com,Chennai,Paid Social,2024-07-23,61,M
1659,customer_658,customer658.gmail.com,Delhi,Email,2023-12-23,22,Others
1660,customer_659,customer659.gmail.com,Bengaluru,Organic,2023-05-04,45,F
1661,customer_660,customer660.gmail.com,Pune,Organic,2022-04-20,57,F
1662,customer_661,customer661.gmail.com,Mumbai,Paid Social,2023-03-14,63,F
1663,customer_662,customer662.gmail.com,Delhi,Google Search,2024-09-26,44,M
1664,customer_663,customer663.gmail.com,Hyderabad,Google Search,2022-01-20,32,F
1665,customer_664,customer664.gmail.com,Chennai,Organic,2024-06-16,47,M
1666,customer_665,customer665.gmail.com,Bengaluru,Email,2023-10-10,25,M
1667,customer_666,customer666.gmail.com,Pune,Email,2024-04-13,37,F
1668,customer_667,customer667.gmail.com,Delhi,Paid Social,2022-04-26,30,M
1669,customer_668,customer668.gmail.com,Chennai,SMS,2023-11-14,23,M
1670,customer_669,customer669.gmail.com,Mumbai,Email,2024-04-29,18,M
1671,customer_670,customer670.gmail.com,Mumbai,SMS,2022-09-10,63,M
1672,customer_671,customer671.gmail.com,Bengaluru,Google Search,2022-09-02,59,F
1673,customer_672,customer672.gmail.com,Mumbai,Paid Social,2022-04-30,35,Others
1674,customer_673,customer673.gmail.com,Delhi,Google Search,2022-07-21,23,M
1675,customer_674,customer674.gmail.com,Bengaluru,Email,2023-03-27,53,M
1676,customer_675,customer675.gmail.com,Pune,Google Search,2024-03-22,43,M
1677,customer_676,customer676.gmail.com,Chennai,Organic,2022-04-22,51,F
1678,customer_677,customer677.gmail.com,Delhi,Google Search,2022-08-23,53,F
1679,customer_678,customer678.gmail.com,Mumbai,SMS,2023-06-17,34,M
1680,customer_679,customer679.gmail.com,Pune,SMS,2024-02-02,42,M
1681,customer_680,customer680.gmail.com,Pune,Google Search,2022-07-08,45,F
1682,customer_681,customer681.gmail.com,Chennai,Email,2024-04-13,32,M
1683,customer_682,customer682.gmail.com,Bengaluru,SMS,2022-01-16,21,M
1684,customer_683,customer683.gmail.com,Mumbai,Paid Social,2023-03-15,44,M
1685,customer_684,customer684.gmail.com,Hyderabad,Organic,2023-09-15,50,F
1686,customer_685,customer685.gmail.com,Pune,Email,2023-12-04,37,M
1687,customer_686,customer686.gmail.com,Pune,Paid Social,2023-03-13,38,M
1688,customer_687,customer687.gmail.com,Delhi,Email,2023-11-03,57,F
1689,customer_688,customer688.gmail.com,Bengaluru,SMS,2024-05-02,58,F
1690,customer_689,customer689.gmail.com,Hyderabad,Email,2024-02-21,27,F
1691,customer_690,customer690.gmail.com,Mumbai,Paid Social,2022-04-24,61,M
1692,customer_691,customer691.gmail.com,Mumbai,Email,2023-09-19,49,F
1693,customer_692,customer692.gmail.com,Delhi,SMS,2024-04-16,56,M
1694,customer_693,customer693.gmail.com,Hyderabad,Google Search,2022-08-16,54,F
1695,customer_694,customer694.gmail.com,Mumbai,Paid Social,2024-05-02,43,F
1696,customer_695,customer695.gmail.com,Pune,Google Search,2024-03-02,39,F
1697,customer_696,customer696.gmail.com,Chennai,SMS,2022-03-28,57,F
1698,customer_697,customer697.gmail.com,Pune,Paid Social,2024-03-10,30,M
1699,customer_698,customer698.gmail.com,Delhi,Google Search,2022-02-27,49,M
1700,customer_699,customer699.gmail.com,Mumbai,Paid Social,2023-11-27,26,M
1701,customer_700,customer700.gmail.com,Delhi,Organic,2022-10-03,54,M
1702,customer_701,customer701.gmail.com,Chennai,Google Search,2024-01-08,59,M
1703,customer_702,customer702.gmail.com,Delhi,Google Search,2023-10-04,56,M
1704,customer_703,customer703.gmail.com,Bengaluru,Organic,2023-08-08,33,F
1705,customer_704,customer704.gmail.com,Mumbai,SMS,2022-01-15,51,F
1706,customer_705,customer705.gmail.com,Mumbai,Organic,2022-05-10,27,F
1707,customer_706,customer706.gmail.com,Delhi,Paid Social,2023-12-06,41,F
1708,customer_707,customer707.gmail.com,Delhi,Paid Social,2023-03-07,27,F
1709,customer_708,customer708.gmail.com,Chennai,Paid Social,2023-08-20,62,F
1710,customer_709,customer709.gmail.com,Pune,SMS,2022-11-25,43,Others
1711,customer_710,customer710.gmail.com,Bengaluru,Organic,2024-10-04,51,M
1712,customer_711,customer711.gmail.com,Delhi,Email,2022-08-28,54,F
1713,customer_712,customer712.gmail.com,Mumbai,Google Search,2024-12-11,21,F
1714,customer_713,customer713.gmail.com,Bengaluru,Organic,2022-05-01,46,F
1715,customer_714,customer714.gmail.com,Mumbai,Paid Social,2022-02-19,39,M
1716,customer_715,customer715.gmail.com,Bengaluru,Organic,2022-03-03,42,F
1717,customer_716,customer716.gmail.com,Pune,Organic,2024-03-28,28,F
1718,customer_717,customer717.gmail.com,Chennai,SMS,2022-03-04,63,F
1719,customer_718,customer718.gmail.com,Chennai,Google Search,2024-04-26,37,M
1720,customer_719,customer719.gmail.com,Chennai,SMS,2023-01-28,41,F
1721,customer_720,customer720.gmail.com,Chennai,SMS,2023-02-21,64,F
1722,customer_721,customer721.gmail.com,Chennai,Paid Social,2023-11-04,48,Others
1723,customer_722,customer722.gmail.com,Hyderabad,SMS,2023-12-06,42,M
1724,customer_723,customer723.gmail.com,Hyderabad,Google Search,2022-07-19,22,M
1725,customer_724,customer724.gmail.com,Delhi,Paid Social,2024-05-10,48,F
1726,customer_725,customer725.gmail.com,Hyderabad,SMS,2023-09-08,61,F
1727,customer_726,customer726.gmail.com,Chennai,Paid Social,2022-11-26,40,M
1728,customer_727,customer727.gmail.com,Mumbai,Organic,2024-06-07,34,M
1729,customer_728,customer728.gmail.com,Mumbai,Google Search,2022-07-21,19,M
1730,customer_729,customer729.gmail.com,Bengaluru,Email,2024-05-24,19,F
1731,customer_730,customer730.gmail.com,Pune,Email,2023-04-23,44,F
1732,customer_731,customer731.gmail.com,Delhi,Email,2024-01-30,39,M
1733,customer_732,customer732.gmail.com,Delhi,Organic,2024-05-29,34,M
1734,customer_733,customer733.gmail.com,Mumbai,SMS,2024-04-17,50,F
1735,customer_734,customer734.gmail.com,Mumbai,Organic,2023-02-07,22,F
1736,customer_735,customer735.gmail.com,Chennai,Email,2024-07-18,30,F
1737,customer_736,customer736.gmail.com,Hyderabad,SMS,2023-01-04,34,M
1738,customer_737,customer737.gmail.com,Delhi,Organic,2023-08-16,60,M
1739,customer_738,customer738.gmail.com,Bengaluru,SMS,2022-03-01,37,F
1740,customer_739,customer739.gmail.com,Pune,Email,2022-11-15,37,M
1741,customer_740,customer740.gmail.com,Chennai,Google Search,2024-08-13,45,M
1742,customer_741,customer741.gmail.com,Delhi,Email,2024-12-08,29,F
1743,customer_742,customer742.gmail.com,Chennai,Email,2022-03-01,37,F
1744,customer_743,customer743.gmail.com,Bengaluru,Paid Social,2023-06-24,24,M
1745,customer_744,customer744.gmail.com,Mumbai,SMS,2023-08-12,22,M
1746,customer_745,customer745.gmail.com,Bengaluru,Paid Social,2023-10-06,46,M
1747,customer_746,customer746.gmail.com,Bengaluru,Organic,2022-06-29,42,M
1748,customer_747,customer747.gmail.com,Chennai,Organic,2023-08-15,28,M
1749,customer_748,customer748.gmail.com,Chennai,Email,2023-06-12,58,M
1750,customer_749,customer749.gmail.com,Delhi,Paid Social,2022-12-06,28,F
1751,customer_750,customer750.gmail.com,Bengaluru,Paid Social,2024-02-05,49,F
1752,customer_751,customer751.gmail.com,Delhi,Google Search,2022-10-18,55,M
1753,customer_752,customer752.gmail.com,Hyderabad,Google Search,2024-11-25,35,M
1754,customer_753,customer753.gmail.com,Hyderabad,Email,2023-11-08,32,F
1755,customer_754,customer754.gmail.com,Bengaluru,Organic,2022-03-28,34,M
1756,customer_755,customer755.gmail.com,Bengaluru,Google Search,2024-11-24,41,M
1757,customer_756,customer756.gmail.com,Pune,Paid Social,2023-10-08,61,M
1758,customer_757,customer757.gmail.com,Mumbai,Paid Social,2022-11-17,36,M
1759,customer_758,customer758.gmail.com,Hyderabad,Email,2022-05-07,54,F
1760,customer_759,customer759.gmail.com,Bengaluru,SMS,2024-05-21,22,F
1761,customer_760,customer760.gmail.com,Bengaluru,SMS,2024-08-18,56,M
1762,customer_761,customer761.gmail.com,Bengaluru,Organic,2022-01-03,21,M
1763,customer_762,customer762.gmail.com,Chennai,Email,2024-10-10,18,F
1764,customer_763,customer763.gmail.com,Bengaluru,Google Search,2022-03-20,47,M
1765,customer_764,customer764.gmail.com,Bengaluru,Organic,2024-10-18,34,M
1766,customer_765,customer765.gmail.com,Pune,Google Search,2023-12-14,60,Others
1767,customer_766,customer766.gmail.com,Chennai,Email,2022-01-25,53,F
1768,customer_767,customer767.gmail.com,Mumbai,Organic,2022-03-07,47,M
1769,customer_768,customer768.gmail.com,Pune,Organic,2022-05-31,60,Others
1770,customer_769,customer769.gmail.com,Delhi,Google Search,2024-12-09,35,F
1771,customer_770,customer770.gmail.com,Pune,SMS,2023-08-12,53,F
1772,customer_771,customer771.gmail.com,Mumbai,SMS,2024-05-14,18,F
1773,customer_772,customer772.gmail.com,Mumbai,Google Search,2023-01-29,22,F
1774,customer_773,customer773.gmail.com,Delhi,Paid Social,2024-10-18,35,M
1775,customer_774,customer774.gmail.com,Delhi,Paid Social,2024-04-24,46,M
1776,customer_775,customer775.gmail.com,Mumbai,Organic,2023-03-29,34,M
1777,customer_776,customer776.gmail.com,Hyderabad,Google Search,2024-12-29,38,F
1778,customer_777,customer777.gmail.com,Mumbai,SMS,2024-05-22,19,M
1779,customer_778,customer778.gmail.com,Delhi,Email,2023-01-31,53,M
1780,customer_779,customer779.gmail.com,Hyderabad,Paid Social,2023-08-22,37,M
1781,customer_780,customer780.gmail.com,Delhi,Email,2022-02-16,36,Others
1782,customer_781,customer781.gmail.com,Pune,SMS,2023-08-30,35,F
1783,customer_782,customer782.gmail.com,Mumbai,Google Search,2024-09-08,60,M
1784,customer_783,customer783.gmail.com,Pune,Paid Social,2022-05-26,30,Others
1785,customer_784,customer784.gmail.com,Bengaluru,Organic,2023-06-20,64,F
1786,customer_785,customer785.gmail.com,Pune,Email,2022-09-27,28,M
1787,customer_786,customer786.gmail.com,Bengaluru,Paid Social,2022-02-07,50,M
1788,customer_787,customer787.gmail.com,Mumbai,SMS,2022-02-10,45,F
1789,customer_788,customer788.gmail.com,Chennai,Paid Social,2023-06-30,60,M
1790,customer_789,customer789.gmail.com,Delhi,Paid Social,2022-03-09,59,M
1791,customer_790,customer790.gmail.com,Hyderabad,Google Search,2023-08-26,61,F
1792,customer_791,customer791.gmail.com,Hyderabad,Google Search,2023-12-04,38,M
1793,customer_792,customer792.gmail.com,Bengaluru,Organic,2023-07-05,47,F
1794,customer_793,customer793.gmail.com,Delhi,Google Search,2023-02-17,64,F
1795,customer_794,customer794.gmail.com,Bengaluru,SMS,2022-10-25,49,F
1796,customer_795,customer795.gmail.com,Hyderabad,Organic,2023-08-23,40,F
1797,customer_796,customer796.gmail.com,Hyderabad,Email,2024-01-30,42,M
1798,customer_797,customer797.gmail.com,Chennai,Organic,2022-12-14,49,M
1799,customer_798,customer798.gmail.com,Chennai,Google Search,2022-12-17,54,M
1800,customer_799,customer799.gmail.com,Chennai,Organic,2022-06-06,58,F
1801,customer_800,customer800.gmail.com,Mumbai,Organic,2024-09-02,48,F
1802,customer_801,customer801.gmail.com,Chennai,Paid Social,2024-03-11,30,M
1803,customer_802,customer802.gmail.com,Chennai,Paid Social,2024-09-21,23,F
1804,customer_803,customer803.gmail.com,Bengaluru,Paid Social,2022-08-03,18,M
1805,customer_804,customer804.gmail.com,Bengaluru,Organic,2022-07-29,25,F
1806,customer_805,customer805.gmail.com,Chennai,Google Search,2022-05-21,40,M
1807,customer_806,customer806.gmail.com,Hyderabad,SMS,2024-06-22,64,M
1808,customer_807,customer807.gmail.com,Hyderabad,SMS,2022-10-28,22,F
1809,customer_808,customer808.gmail.com,Mumbai,Email,2023-04-04,46,M
1810,customer_809,customer809.gmail.com,Delhi,SMS,2024-02-26,39,F
1811,customer_810,customer810.gmail.com,Delhi,Google Search,2024-09-24,22,F
1812,customer_811,customer811.gmail.com,Delhi,SMS,2024-03-28,34,F
1813,customer_812,customer812.gmail.com,Chennai,Organic,2022-03-18,35,M
1814,customer_813,customer813.gmail.com,Pune,Organic,2024-07-06,62,F
1815,customer_814,customer814.gmail.com,Delhi,Paid Social,2022-03-25,56,M
1816,customer_815,customer815.gmail.com,Chennai,Email,2024-01-05,18,F
1817,customer_816,customer816.gmail.com,Mumbai,SMS,2022-01-31,48,F
1818,customer_817,customer817.gmail.com,Bengaluru,Organic,2022-08-08,41,M
1819,customer_818,customer818.gmail.com,Bengaluru,SMS,2023-06-18,33,M
1820,customer_819,customer819.gmail.com,Delhi,Paid Social,2024-06-08,22,M
1821,customer_820,customer820.gmail.com,Pune,Email,2022-08-16,49,M
1822,customer_821,customer821.gmail.com,Bengaluru,Paid Social,2024-10-12,43,F
1823,customer_822,customer822.gmail.com,Chennai,SMS,2024-09-15,52,M
1824,customer_823,customer823.gmail.com,Pune,SMS,2022-07-20,60,M
1825,customer_824,customer824.gmail.com,Chennai,Paid Social,2024-08-26,58,F
1826,customer_825,customer825.gmail.com,Delhi,Google Search,2024-02-08,41,M
1827,customer_826,customer826.gmail.com,Pune,Paid Social,2024-12-12,61,F
1828,customer_827,customer827.gmail.com,Hyderabad,Organic,2024-08-10,32,M
1829,customer_828,customer828.gmail.com,Hyderabad,Google Search,2023-08-15,40,F
1830,customer_829,customer829.gmail.com,Hyderabad,Google Search,2023-07-09,28,F
1831,customer_830,customer830.gmail.com,Chennai,SMS,2022-05-26,47,M
1832,customer_831,customer831.gmail.com,Chennai,Paid Social,2022-06-16,62,F
1833,customer_832,customer832.gmail.com,Mumbai,Paid Social,2024-02-07,47,M
1834,customer_833,customer833.gmail.com,Mumbai,Organic,2024-11-20,23,F
1835,customer_834,customer834.gmail.com,Delhi,SMS,2022-02-15,63,M
1836,customer_835,customer835.gmail.com,Chennai,Organic,2022-05-09,22,M
1837,customer_836,customer836.gmail.com,Pune,Google Search,2024-04-03,62,F
1838,customer_837,customer837.gmail.com,Pune,SMS,2023-07-12,31,M
1839,customer_838,customer838.gmail.com,Chennai,SMS,2022-12-10,47,Others
1840,customer_839,customer839.gmail.com,Hyderabad,SMS,2023-03-15,21,F
1841,customer_840,customer840.gmail.com,Chennai,Paid Social,2022-11-08,23,M
1842,customer_841,customer841.gmail.com,Hyderabad,SMS,2023-06-19,56,F
1843,customer_842,customer842.gmail.com,Chennai,Organic,2023-07-14,35,M
1844,customer_843,customer843.gmail.com,Hyderabad,Organic,2022-05-16,56,M
1845,customer_844,customer844.gmail.com,Pune,Organic,2022-10-21,59,M
1846,customer_845,customer845.gmail.com,Pune,Google Search,2022-09-05,42,F
1847,customer_846,customer846.gmail.com,Chennai,Google Search,2022-12-15,34,M
1848,customer_847,customer847.gmail.com,Hyderabad,Google Search,2022-09-13,50,F
1849,customer_848,customer848.gmail.com,Pune,Paid Social,2022-02-06,55,Others
1850,customer_849,customer849.gmail.com,Mumbai,SMS,2024-07-22,29,F
1851,customer_850,customer850.gmail.com,Delhi,Paid Social,2023-01-02,34,M
1852,customer_851,customer851.gmail.com,Hyderabad,Google Search,2023-12-01,42,F
1853,customer_852,customer852.gmail.com,Bengaluru,Paid Social,2023-09-08,54,M
1854,customer_853,customer853.gmail.com,Mumbai,SMS,2024-05-29,34,F
1855,customer_854,customer854.gmail.com,Hyderabad,Organic,2023-07-25,44,F
1856,customer_855,customer855.gmail.com,Hyderabad,Organic,2023-01-02,48,M
1857,customer_856,customer856.gmail.com,Pune,Google Search,2023-02-28,31,F
1858,customer_857,customer857.gmail.com,Mumbai,Paid Social,2022-10-06,53,F
1859,customer_858,customer858.gmail.com,Delhi,Organic,2024-01-24,39,M
1860,customer_859,customer859.gmail.com,Chennai,Paid Social,2024-09-12,22,F
1861,customer_860,customer860.gmail.com,Bengaluru,Organic,2023-01-31,57,F
1862,customer_861,customer861.gmail.com,Hyderabad,Paid Social,2023-04-17,23,M
1863,customer_862,customer862.gmail.com,Delhi,Organic,2022-07-25,57,F
1864,customer_863,customer863.gmail.com,Chennai,Paid Social,2024-02-25,22,F
1865,customer_864,customer864.gmail.com,Bengaluru,Email,2024-01-18,41,M
1866,customer_865,customer865.gmail.com,Chennai,SMS,2023-02-03,39,M
1867,customer_866,customer866.gmail.com,Delhi,Paid Social,2023-03-14,31,F
1868,customer_867,customer867.gmail.com,Pune,Paid Social,2023-07-29,42,M
1869,customer_868,customer868.gmail.com,Mumbai,Google Search,2024-08-08,37,F
1870,customer_869,customer869.gmail.com,Hyderabad,Paid Social,2023-11-11,18,F
1871,customer_870,customer870.gmail.com,Bengaluru,Paid Social,2022-12-18,52,M
1872,customer_871,customer871.gmail.com,Chennai,Google Search,2024-12-20,54,F
1873,customer_872,customer872.gmail.com,Hyderabad,Email,2024-04-06,45,F
1874,customer_873,customer873.gmail.com,Bengaluru,Paid Social,2024-01-20,46,M
1875,customer_874,customer874.gmail.com,Delhi,Google Search,2022-12-08,57,M
1876,customer_875,customer875.gmail.com,Hyderabad,SMS,2023-07-11,25,M
1877,customer_876,customer876.gmail.com,Mumbai,Organic,2023-05-19,35,M
1878,customer_877,customer877.gmail.com,Bengaluru,SMS,2024-11-15,48,F
1879,customer_878,customer878.gmail.com,Pune,Email,2023-06-12,38,M
1880,customer_879,customer879.gmail.com,Chennai,SMS,2023-04-18,23,M
1881,customer_880,customer880.gmail.com,Delhi,Organic,2023-04-17,26,F
1882,customer_881,customer881.gmail.com,Chennai,Email,2022-06-06,47,M
1883,customer_882,customer882.gmail.com,Pune,SMS,2024-03-17,61,F
1884,customer_883,customer883.gmail.com,Delhi,SMS,2024-06-30,35,M
1885,customer_884,customer884.gmail.com,Mumbai,Paid Social,2022-05-08,47,M
1886,customer_885,customer885.gmail.com,Pune,Email,2023-12-27,37,M
1887,customer_886,customer886.gmail.com,Delhi,SMS,2022-10-27,27,F
1888,customer_887,customer887.gmail.com,Pune,Organic,2024-03-15,30,M
1889,customer_888,customer888.gmail.com,Delhi,SMS,2023-06-30,58,F
1890,customer_889,customer889.gmail.com,Mumbai,Paid Social,2022-10-02,19,M
1891,customer_890,customer890.gmail.com,Hyderabad,Organic,2022-12-03,22,F
1892,customer_891,customer891.gmail.com,Chennai,Google Search,2023-02-27,50,F
1893,customer_892,customer892.gmail.com,Delhi,Paid Social,2022-03-26,18,F
1894,customer_893,customer893.gmail.com,Bengaluru,SMS,2023-06-12,54,F
1895,customer_894,customer894.gmail.com,Hyderabad,Paid Social,2023-02-22,29,M
1896,customer_895,customer895.gmail.com,Pune,Paid Social,2022-10-30,58,M
1897,customer_896,customer896.gmail.com,Chennai,Organic,2024-05-01,45,F
1898,customer_897,customer897.gmail.com,Pune,Email,2024-01-25,35,F
1899,customer_898,customer898.gmail.com,Pune,Google Search,2022-10-21,53,M
1900,customer_899,customer899.gmail.com,Bengaluru,Google Search,2023-02-20,47,M
1901,customer_900,customer900.gmail.com,Bengaluru,Email,2023-12-04,59,Others
1902,customer_901,customer901.gmail.com,Chennai,Paid Social,2024-10-11,55,F
1903,customer_902,customer902.gmail.com,Bengaluru,Google Search,2022-01-14,38,F
1904,customer_903,customer903.gmail.com,Bengaluru,Organic,2023-10-28,56,F
1905,customer_904,customer904.gmail.com,Bengaluru,SMS,2023-01-21,24,M
1906,customer_905,customer905.gmail.com,Bengaluru,Organic,2024-12-13,22,M
1907,customer_906,customer906.gmail.com,Chennai,Organic,2022-05-12,52,F
1908,customer_907,customer907.gmail.com,Hyderabad,SMS,2024-05-11,32,F
1909,customer_908,customer908.gmail.com,Hyderabad,SMS,2024-08-26,26,F
1910,customer_909,customer909.gmail.com,Pune,Organic,2023-03-23,35,F
1911,customer_910,customer910.gmail.com,Bengaluru,Google Search,2023-08-26,29,M
1912,customer_911,customer911.gmail.com,Mumbai,Google Search,2024-09-30,44,M
1913,customer_912,customer912.gmail.com,Chennai,Organic,2022-05-13,31,F
1914,customer_913,customer913.gmail.com,Pune,SMS,2023-12-13,30,F
1915,customer_914,customer914.gmail.com,Pune,Organic,2024-05-28,47,M
1916,customer_915,customer915.gmail.com,Delhi,Paid Social,2023-02-20,53,F
1917,customer_916,customer916.gmail.com,Pune,Paid Social,2024-07-30,58,M
1918,customer_917,customer917.gmail.com,Pune,Paid Social,2023-01-23,26,F
1919,customer_918,customer918.gmail.com,Pune,Paid Social,2024-01-13,51,M
1920,customer_919,customer919.gmail.com,Delhi,SMS,2024-10-26,29,F
1921,customer_920,customer920.gmail.com,Chennai,Paid Social,2023-10-23,42,M
1922,customer_921,customer921.gmail.com,Mumbai,Paid Social,2023-08-29,39,F
1923,customer_922,customer922.gmail.com,Bengaluru,SMS,2022-09-04,22,M
1924,customer_923,customer923.gmail.com,Delhi,Email,2024-03-07,32,M
1925,customer_924,customer924.gmail.com,Bengaluru,Google Search,2022-05-24,60,F
1926,customer_925,customer925.gmail.com,Hyderabad,Google Search,2023-01-04,64,F
1927,customer_926,customer926.gmail.com,Chennai,Paid Social,2024-05-25,35,Others
1928,customer_927,customer927.gmail.com,Pune,Paid Social,2022-05-04,30,M
1929,customer_928,customer928.gmail.com,Pune,Paid Social,2023-07-16,32,M
1930,customer_929,customer929.gmail.com,Pune,Email,2023-05-12,42,Others
1931,customer_930,customer930.gmail.com,Chennai,Organic,2023-01-23,51,M
1932,customer_931,customer931.gmail.com,Pune,Email,2023-03-17,19,F
1933,customer_932,customer932.gmail.com,Chennai,SMS,2024-11-05,38,F
1934,customer_933,customer933.gmail.com,Mumbai,Google Search,2022-07-10,40,F
1935,customer_934,customer934.gmail.com,Bengaluru,Paid Social,2023-04-29,34,M
1936,customer_935,customer935.gmail.com,Delhi,Google Search,2024-03-07,21,M
1937,customer_936,customer936.gmail.com,Chennai,Email,2022-10-21,58,M
1938,customer_937,customer937.gmail.com,Delhi,Paid Social,2022-08-24,18,M
1939,customer_938,customer938.gmail.com,Chennai,Google Search,2024-11-27,24,F
1940,customer_939,customer939.gmail.com,Mumbai,Organic,2022-04-07,48,M
1941,customer_940,customer940.gmail.com,Chennai,SMS,2024-01-05,52,F
1942,customer_941,customer941.gmail.com,Mumbai,Paid Social,2022-11-24,38,M
1943,customer_942,customer942.gmail.com,Hyderabad,Paid Social,2024-01-05,29,F
1944,customer_943,customer943.gmail.com,Bengaluru,Organic,2024-05-29,22,F
1945,customer_944,customer944.gmail.com,Pune,Paid Social,2022-02-23,20,F
1946,customer_945,customer945.gmail.com,Pune,Google Search,2023-12-10,29,F
1947,customer_946,customer946.gmail.com,Mumbai,Paid Social,2024-09-25,27,F
1948,customer_947,customer947.gmail.com,Mumbai,Paid Social,2023-09-24,63,M
1949,customer_948,customer948.gmail.com,Delhi,Organic,2023-04-14,47,F
1950,customer_949,customer949.gmail.com,Delhi,Paid Social,2023-02-13,34,M
1951,customer_950,customer950.gmail.com,Mumbai,Paid Social,2023-06-05,61,M
1952,customer_951,customer951.gmail.com,Hyderabad,Paid Social,2023-02-09,60,Others
1953,customer_952,customer952.gmail.com,Hyderabad,Organic,2024-04-02,36,M
1954,customer_953,customer953.gmail.com,Pune,Organic,2024-12-25,35,Others
1955,customer_954,customer954.gmail.com,Hyderabad,Google Search,2022-03-11,43,F
1956,customer_955,customer955.gmail.com,Pune,Organic,2022-10-03,45,F
1957,customer_956,customer956.gmail.com,Hyderabad,Organic,2022-07-24,49,M
1958,customer_957,customer957.gmail.com,Hyderabad,Paid Social,2023-01-22,56,M
1959,customer_958,customer958.gmail.com,Mumbai,Google Search,2024-05-25,37,F
1960,customer_959,customer959.gmail.com,Hyderabad,Paid Social,2024-07-25,38,F
1961,customer_960,customer960.gmail.com,Pune,Google Search,2022-02-20,63,F
1962,customer_961,customer961.gmail.com,Bengaluru,SMS,2022-01-15,61,M
1963,customer_962,customer962.gmail.com,Chennai,Paid Social,2022-04-16,33,M
1964,customer_963,customer963.gmail.com,Bengaluru,Google Search,2023-12-18,29,M
1965,customer_964,customer964.gmail.com,Delhi,SMS,2022-06-05,18,F
1966,customer_965,customer965.gmail.com,Chennai,SMS,2022-08-23,63,F
1967,customer_966,customer966.gmail.com,Pune,Email,2022-11-20,49,M
1968,customer_967,customer967.gmail.com,Mumbai,Email,2023-05-01,31,F
1969,customer_968,customer968.gmail.com,Mumbai,Email,2022-07-30,31,F
1970,customer_969,customer969.gmail.com,Delhi,SMS,2022-04-16,36,F
1971,customer_970,customer970.gmail.com,Bengaluru,Google Search,2023-10-30,18,F
1972,customer_971,customer971.gmail.com,Pune,Google Search,2024-03-13,42,F
1973,customer_972,customer972.gmail.com,Hyderabad,Organic,2024-11-02,59,F
1974,customer_973,customer973.gmail.com,Delhi,Paid Social,2023-05-08,62,M
1975,customer_974,customer974.gmail.com,Pune,SMS,2022-01-14,30,F
1976,customer_975,customer975.gmail.com,Hyderabad,Organic,2024-08-21,21,M
1977,customer_976,customer976.gmail.com,Hyderabad,SMS,2022-11-30,37,M
1978,customer_977,customer977.gmail.com,Pune,Email,2022-09-16,21,F
1979,customer_978,customer978.gmail.com,Mumbai,SMS,2022-01-04,58,F
1980,customer_979,customer979.gmail.com,Chennai,Email,2023-12-12,23,Others
1981,customer_980,customer980.gmail.com,Pune,Email,2024-02-22,43,F
1982,customer_981,customer981.gmail.com,Pune,Google Search,2022-06-29,59,M
1983,customer_982,customer982.gmail.com,Mumbai,Email,2023-04-21,44,F
1984,customer_983,customer983.gmail.com,Delhi,Organic,2024-08-21,39,F
1985,customer_984,customer984.gmail.com,Mumbai,Paid Social,2023-09-16,46,M
1986,customer_985,customer985.gmail.com,Hyderabad,Google Search,2023-08-11,56,F
1987,customer_986,customer986.gmail.com,Bengaluru,Google Search,2024-11-06,57,F
1988,customer_987,customer987.gmail.com,Delhi,Google Search,2022-06-28,19,F
1989,customer_988,customer988.gmail.com,Pune,Paid Social,2023-01-22,53,M
1990,customer_989,customer989.gmail.com,Pune,SMS,2024-11-01,40,M
1991,customer_990,customer990.gmail.com,Chennai,Google Search,2024-12-24,36,M
1992,customer_991,customer991.gmail.com,Hyderabad,Email,2024-12-29,33,M
1993,customer_992,customer992.gmail.com,Hyderabad,SMS,2024-07-05,41,F
1994,customer_993,customer993.gmail.com,Delhi,Google Search,2022-11-16,51,M
1995,customer_994,customer994.gmail.com,Delhi,Google Search,2024-04-01,42,M
1996,customer_995,customer995.gmail.com,Delhi,Organic,2023-04-02,28,M
1997,customer_996,customer996.gmail.com,Hyderabad,Organic,2024-10-28,22,F
1998,customer_997,customer997.gmail.com,Bengaluru,Organic,2023-04-29,37,F
1999,customer_998,customer998.gmail.com,Mumbai,Google Search,2023-08-22,31,F
2000,customer_999,customer999.gmail.com,Hyderabad,Google Search,2023-08-06,38,M
2001,customer_1000,customer1000.gmail.com,Bengaluru,Organic,2024-05-10,43,F
2002,customer_1001,customer1001.gmail.com,Hyderabad,Email,2023-12-29,61,F
2003,customer_1002,customer1002.gmail.com,Mumbai,Organic,2023-02-15,55,F
2004,customer_1003,customer1003.gmail.com,Delhi,Google Search,2023-11-26,32,M
2005,customer_1004,customer1004.gmail.com,Bengaluru,Google Search,2023-12-17,59,F
2006,customer_1005,customer1005.gmail.com,Delhi,Paid Social,2023-02-05,38,F
2007,customer_1006,customer1006.gmail.com,Mumbai,Email,2024-02-13,33,F
2008,customer_1007,customer1007.gmail.com,Hyderabad,SMS,2023-07-08,28,F
2009,customer_1008,customer1008.gmail.com,Pune,Email,2022-01-01,31,M
2010,customer_1009,customer1009.gmail.com,Mumbai,Organic,2023-06-24,38,F
2011,customer_1010,customer1010.gmail.com,Mumbai,Organic,2022-03-15,33,F
2012,customer_1011,customer1011.gmail.com,Chennai,Email,2023-08-28,19,F
2013,customer_1012,customer1012.gmail.com,Bengaluru,Paid Social,2023-01-01,59,F
2014,customer_1013,customer1013.gmail.com,Chennai,Paid Social,2023-03-06,19,F
2015,customer_1014,customer1014.gmail.com,Pune,SMS,2023-05-18,45,F
2016,customer_1015,customer1015.gmail.com,Bengaluru,Organic,2024-11-07,22,M
2017,customer_1016,customer1016.gmail.com,Chennai,Google Search,2024-04-16,25,M
2018,customer_1017,customer1017.gmail.com,Bengaluru,SMS,2022-11-20,26,Others
2019,customer_1018,customer1018.gmail.com,Chennai,Email,2024-01-05,34,M
2020,customer_1019,customer1019.gmail.com,Delhi,Paid Social,2023-05-23,36,Others
2021,customer_1020,customer1020.gmail.com,Mumbai,SMS,2024-02-11,59,M
2022,customer_1021,customer1021.gmail.com,Mumbai,Google Search,2024-12-16,43,F
2023,customer_1022,customer1022.gmail.com,Mumbai,Paid Social,2022-04-30,48,F
2024,customer_1023,customer1023.gmail.com,Pune,Google Search,2024-07-26,51,M
2025,customer_1024,customer1024.gmail.com,Delhi,Google Search,2024-11-26,46,F
2026,customer_1025,customer1025.gmail.com,Pune,Paid Social,2023-11-03,27,F
2027,customer_1026,customer1026.gmail.com,Hyderabad,Google Search,2023-05-24,57,F
2028,customer_1027,customer1027.gmail.com,Bengaluru,SMS,2022-11-30,28,M
2029,customer_1028,customer1028.gmail.com,Bengaluru,Paid Social,2022-09-22,50,F
2030,customer_1029,customer1029.gmail.com,Pune,Paid Social,2022-09-24,48,M
2031,customer_1030,customer1030.gmail.com,Chennai,Paid Social,2022-05-31,39,Others
2032,customer_1031,customer1031.gmail.com,Pune,Organic,2022-12-26,46,F
2033,customer_1032,customer1032.gmail.com,Bengaluru,Organic,2023-11-04,58,F
2034,customer_1033,customer1033.gmail.com,Delhi,Paid Social,2024-02-02,38,M
2035,customer_1034,customer1034.gmail.com,Delhi,SMS,2024-10-24,57,F
2036,customer_1035,customer1035.gmail.com,Chennai,Google Search,2022-08-06,29,M
2037,customer_1036,customer1036.gmail.com,Chennai,SMS,2023-05-07,33,F
2038,customer_1037,customer1037.gmail.com,Chennai,Organic,2023-06-13,60,F
2039,customer_1038,customer1038.gmail.com,Chennai,Google Search,2022-08-21,43,M
2040,customer_1039,customer1039.gmail.com,Bengaluru,Organic,2023-12-15,47,F
2041,customer_1040,customer1040.gmail.com,Hyderabad,Google Search,2022-04-05,40,F
2042,customer_1041,customer1041.gmail.com,Pune,Paid Social,2022-07-30,50,F
2043,customer_1042,customer1042.gmail.com,Mumbai,Paid Social,2024-09-29,41,F
2044,customer_1043,customer1043.gmail.com,Hyderabad,Paid Social,2023-05-15,23,M
2045,customer_1044,customer1044.gmail.com,Delhi,Google Search,2023-05-12,63,F
2046,customer_1045,customer1045.gmail.com,Mumbai,Email,2024-05-28,51,F
2047,customer_1046,customer1046.gmail.com,Chennai,Paid Social,2024-01-08,36,F
2048,customer_1047,customer1047.gmail.com,Mumbai,SMS,2023-10-13,40,M
2049,customer_1048,customer1048.gmail.com,Chennai,Paid Social,2024-02-20,42,M
2050,customer_1049,customer1049.gmail.com,Hyderabad,Organic,2022-02-03,46,F
2051,customer_1050,customer1050.gmail.com,Hyderabad,Paid Social,2022-07-28,33,M
2052,customer_1051,customer1051.gmail.com,Pune,Paid Social,2022-12-16,19,F
2053,customer_1052,customer1052.gmail.com,Hyderabad,Email,2023-07-30,46,M
2054,customer_1053,customer1053.gmail.com,Bengaluru,Email,2023-02-15,50,M
2055,customer_1054,customer1054.gmail.com,Delhi,Organic,2024-06-14,35,M
2056,customer_1055,customer1055.gmail.com,Pune,SMS,2023-02-18,61,F
2057,customer_1056,customer1056.gmail.com,Chennai,SMS,2022-04-21,26,F
2058,customer_1057,customer1057.gmail.com,Pune,Google Search,2023-05-24,19,F
2059,customer_1058,customer1058.gmail.com,Bengaluru,Email,2023-10-21,22,M
2060,customer_1059,customer1059.gmail.com,Mumbai,Organic,2024-12-18,37,F
2061,customer_1060,customer1060.gmail.com,Hyderabad,Paid Social,2023-09-28,21,M
2062,customer_1061,customer1061.gmail.com,Mumbai,SMS,2023-10-29,22,F
2063,customer_1062,customer1062.gmail.com,Chennai,Google Search,2022-06-11,34,F
2064,customer_1063,customer1063.gmail.com,Delhi,Google Search,2024-11-26,22,M
2065,customer_1064,customer1064.gmail.com,Delhi,Paid Social,2024-11-05,25,F
2066,customer_1065,customer1065.gmail.com,Pune,Google Search,2024-03-18,49,F
2067,customer_1066,customer1066.gmail.com,Hyderabad,Email,2024-01-20,42,M
2068,customer_1067,customer1067.gmail.com,Mumbai,Organic,2022-02-06,42,M
2069,customer_1068,customer1068.gmail.com,Hyderabad,Email,2023-02-06,42,F
2070,customer_1069,customer1069.gmail.com,Chennai,Organic,2023-01-19,59,M
2071,customer_1070,customer1070.gmail.com,Pune,Paid Social,2024-08-26,48,F
2072,customer_1071,customer1071.gmail.com,Pune,Email,2023-02-19,45,F
2073,customer_1072,customer1072.gmail.com,Mumbai,Paid Social,2023-01-08,64,F
2074,customer_1073,customer1073.gmail.com,Hyderabad,SMS,2024-08-14,32,Others
2075,customer_1074,customer1074.gmail.com,Bengaluru,Google Search,2022-11-03,60,M
2076,customer_1075,customer1075.gmail.com,Delhi,Organic,2023-05-20,44,M
2077,customer_1076,customer1076.gmail.com,Delhi,Google Search,2023-08-16,56,M
2078,customer_1077,customer1077.gmail.com,Delhi,Paid Social,2023-12-18,31,F
2079,customer_1078,customer1078.gmail.com,Chennai,Google Search,2024-10-17,30,M
2080,customer_1079,customer1079.gmail.com,Pune,Organic,2023-03-20,49,M
2081,customer_1080,customer1080.gmail.com,Bengaluru,Paid Social,2024-11-04,61,M
2082,customer_1081,customer1081.gmail.com,Pune,Organic,2024-08-24,52,F
2083,customer_1082,customer1082.gmail.com,Mumbai,SMS,2024-12-01,61,F
2084,customer_1083,customer1083.gmail.com,Hyderabad,Organic,2024-04-27,31,M
2085,customer_1084,customer1084.gmail.com,Hyderabad,Google Search,2023-11-25,61,F
2086,customer_1085,customer1085.gmail.com,Chennai,Email,2022-09-29,53,F
2087,customer_1086,customer1086.gmail.com,Hyderabad,Paid Social,2022-06-19,56,M
2088,customer_1087,customer1087.gmail.com,Hyderabad,SMS,2024-10-21,22,F
2089,customer_1088,customer1088.gmail.com,Pune,Email,2024-12-09,64,M
2090,customer_1089,customer1089.gmail.com,Hyderabad,Email,2023-05-12,25,F
2091,customer_1090,customer1090.gmail.com,Mumbai,Email,2023-12-02,27,M
2092,customer_1091,customer1091.gmail.com,Bengaluru,Paid Social,2023-12-27,19,M
2093,customer_1092,customer1092.gmail.com,Pune,Paid Social,2022-08-30,48,M
2094,customer_1093,customer1093.gmail.com,Mumbai,Email,2022-10-01,56,F
2095,customer_1094,customer1094.gmail.com,Mumbai,Organic,2023-11-26,42,F
2096,customer_1095,customer1095.gmail.com,Delhi,Organic,2022-02-13,51,M
2097,customer_1096,customer1096.gmail.com,Bengaluru,Email,2024-07-01,32,M
2098,customer_1097,customer1097.gmail.com,Delhi,Organic,2024-03-17,59,M
2099,customer_1098,customer1098.gmail.com,Hyderabad,Email,2022-10-20,34,M
2100,customer_1099,customer1099.gmail.com,Mumbai,Paid Social,2022-02-10,39,F
2101,customer_1100,customer1100.gmail.com,Delhi,Organic,2024-12-14,64,M
2102,customer_1101,customer1101.gmail.com,Chennai,SMS,2023-03-22,50,F
2103,customer_1102,customer1102.gmail.com,Mumbai,Paid Social,2023-01-03,23,F
2104,customer_1103,customer1103.gmail.com,Chennai,Email,2022-11-02,35,M
2105,customer_1104,customer1104.gmail.com,Hyderabad,SMS,2023-10-02,47,Others
2106,customer_1105,customer1105.gmail.com,Hyderabad,SMS,2024-07-20,20,F
2107,customer_1106,customer1106.gmail.com,Bengaluru,Paid Social,2022-07-28,48,M
2108,customer_1107,customer1107.gmail.com,Chennai,SMS,2023-07-22,29,M
2109,customer_1108,customer1108.gmail.com,Hyderabad,Organic,2024-10-01,27,M
2110,customer_1109,customer1109.gmail.com,Bengaluru,SMS,2022-03-29,53,M
2111,customer_1110,customer1110.gmail.com,Hyderabad,SMS,2023-06-07,23,F
2112,customer_1111,customer1111.gmail.com,Hyderabad,Google Search,2022-11-20,48,M
2113,customer_1112,customer1112.gmail.com,Chennai,SMS,2024-04-14,53,M
2114,customer_1113,customer1113.gmail.com,Bengaluru,SMS,2023-10-19,50,M
2115,customer_1114,customer1114.gmail.com,Delhi,Organic,2022-02-17,27,F
2116,customer_1115,customer1115.gmail.com,Pune,SMS,2023-12-05,55,M
2117,customer_1116,customer1116.gmail.com,Delhi,SMS,2024-06-19,43,M
2118,customer_1117,customer1117.gmail.com,Hyderabad,Paid Social,2022-07-21,33,F
2119,customer_1118,customer1118.gmail.com,Mumbai,Google Search,2023-09-29,41,F
2120,customer_1119,customer1119.gmail.com,Pune,SMS,2022-10-19,58,F
2121,customer_1120,customer1120.gmail.com,Hyderabad,Email,2024-09-18,41,M
2122,customer_1121,customer1121.gmail.com,Bengaluru,Google Search,2024-08-10,26,F
2123,customer_1122,customer1122.gmail.com,Mumbai,Organic,2023-04-14,42,M
2124,customer_1123,customer1123.gmail.com,Pune,SMS,2023-05-11,61,F
2125,customer_1124,customer1124.gmail.com,Pune,Paid Social,2022-02-12,40,Others
2126,customer_1125,customer1125.gmail.com,Pune,Paid Social,2022-05-10,20,F
2127,customer_1126,customer1126.gmail.com,Mumbai,Organic,2023-12-26,49,F
2128,customer_1127,customer1127.gmail.com,Chennai,Organic,2024-05-21,27,M
2129,customer_1128,customer1128.gmail.com,Mumbai,Email,2022-01-22,64,M
2130,customer_1129,customer1129.gmail.com,Bengaluru,Organic,2023-06-04,52,M
2131,customer_1130,customer1130.gmail.com,Mumbai,Organic,2023-06-16,39,M
2132,customer_1131,customer1131.gmail.com,Mumbai,Google Search,2024-08-11,31,M
2133,customer_1132,customer1132.gmail.com,Delhi,SMS,2023-07-04,42,F
2134,customer_1133,customer1133.gmail.com,Bengaluru,Email,2024-07-16,32,M
2135,customer_1134,customer1134.gmail.com,Bengaluru,Email,2022-03-16,47,M
2136,customer_1135,customer1135.gmail.com,Pune,Email,2022-07-09,48,F
2137,customer_1136,customer1136.gmail.com,Hyderabad,SMS,2022-12-14,31,F
2138,customer_1137,customer1137.gmail.com,Pune,Organic,2023-09-17,25,M
2139,customer_1138,customer1138.gmail.com,Bengaluru,Organic,2022-06-13,25,Others
2140,customer_1139,customer1139.gmail.com,Chennai,Google Search,2023-06-17,48,F
2141,customer_1140,customer1140.gmail.com,Bengaluru,Google Search,2023-08-06,54,F
2142,customer_1141,customer1141.gmail.com,Hyderabad,Email,2024-06-02,54,M
2143,customer_1142,customer1142.gmail.com,Hyderabad,SMS,2023-07-23,20,F
2144,customer_1143,customer1143.gmail.com,Hyderabad,Organic,2022-03-26,50,M
2145,customer_1144,customer1144.gmail.com,Hyderabad,SMS,2024-05-19,29,F
2146,customer_1145,customer1145.gmail.com,Pune,Organic,2022-03-18,49,M
2147,customer_1146,customer1146.gmail.com,Mumbai,SMS,2023-08-25,49,M
2148,customer_1147,customer1147.gmail.com,Pune,SMS,2023-08-22,38,M
2149,customer_1148,customer1148.gmail.com,Hyderabad,Email,2022-06-13,60,F
2150,customer_1149,customer1149.gmail.com,Pune,Google Search,2024-01-03,27,F
2151,customer_1150,customer1150.gmail.com,Pune,Paid Social,2024-06-23,61,M
2152,customer_1151,customer1151.gmail.com,Pune,SMS,2023-08-19,58,Others
2153,customer_1152,customer1152.gmail.com,Hyderabad,Paid Social,2024-07-25,59,M
2154,customer_1153,customer1153.gmail.com,Hyderabad,Email,2022-09-12,43,F
2155,customer_1154,customer1154.gmail.com,Hyderabad,SMS,2023-06-22,30,M
2156,customer_1155,customer1155.gmail.com,Delhi,Email,2023-07-04,26,F
2157,customer_1156,customer1156.gmail.com,Chennai,Paid Social,2023-08-26,50,F
2158,customer_1157,customer1157.gmail.com,Mumbai,Organic,2022-07-01,48,M
2159,customer_1158,customer1158.gmail.com,Bengaluru,SMS,2023-02-02,29,M
2160,customer_1159,customer1159.gmail.com,Delhi,Email,2023-02-05,40,F
2161,customer_1160,customer1160.gmail.com,Delhi,Paid Social,2022-03-03,42,M
2162,customer_1161,customer1161.gmail.com,Delhi,SMS,2023-12-13,46,F
2163,customer_1162,customer1162.gmail.com,Delhi,Paid Social,2022-05-18,50,F
2164,customer_1163,customer1163.gmail.com,Pune,Organic,2023-02-11,35,F
2165,customer_1164,customer1164.gmail.com,Delhi,SMS,2022-05-31,58,F
2166,customer_1165,customer1165.gmail.com,Mumbai,Email,2022-08-01,61,F
2167,customer_1166,customer1166.gmail.com,Hyderabad,Email,2022-06-19,29,F
2168,customer_1167,customer1167.gmail.com,Bengaluru,Email,2023-05-22,53,M
2169,customer_1168,customer1168.gmail.com,Chennai,Email,2023-10-31,21,F
2170,customer_1169,customer1169.gmail.com,Mumbai,SMS,2024-07-24,30,F
2171,customer_1170,customer1170.gmail.com,Delhi,Organic,2024-11-12,48,M
2172,customer_1171,customer1171.gmail.com,Hyderabad,Organic,2023-03-04,39,M
2173,customer_1172,customer1172.gmail.com,Delhi,Email,2024-02-08,63,F
2174,customer_1173,customer1173.gmail.com,Bengaluru,Email,2024-03-20,54,M
2175,customer_1174,customer1174.gmail.com,Delhi,Email,2023-08-01,56,F
2176,customer_1175,customer1175.gmail.com,Pune,Email,2022-09-30,47,F
2177,customer_1176,customer1176.gmail.com,Chennai,SMS,2024-02-20,51,Others
2178,customer_1177,customer1177.gmail.com,Pune,Organic,2024-06-21,48,M
2179,customer_1178,customer1178.gmail.com,Delhi,Google Search,2023-03-18,23,M
2180,customer_1179,customer1179.gmail.com,Hyderabad,Google Search,2024-05-09,43,M
2181,customer_1180,customer1180.gmail.com,Chennai,Organic,2023-08-06,62,Others
2182,customer_1181,customer1181.gmail.com,Bengaluru,Email,2023-07-07,30,F
2183,customer_1182,customer1182.gmail.com,Delhi,Google Search,2022-01-08,46,M
2184,customer_1183,customer1183.gmail.com,Bengaluru,SMS,2024-04-10,43,F
2185,customer_1184,customer1184.gmail.com,Delhi,Email,2024-05-01,56,Others
2186,customer_1185,customer1185.gmail.com,Chennai,Organic,2024-02-10,39,M
2187,customer_1186,customer1186.gmail.com,Bengaluru,Organic,2022-12-17,21,F
2188,customer_1187,customer1187.gmail.com,Delhi,Paid Social,2022-10-18,52,M
2189,customer_1188,customer1188.gmail.com,Pune,SMS,2022-11-04,22,F
2190,customer_1189,customer1189.gmail.com,Delhi,SMS,2023-02-06,45,M
2191,customer_1190,customer1190.gmail.com,Pune,Paid Social,2023-12-28,38,M
2192,customer_1191,customer1191.gmail.com,Hyderabad,Paid Social,2022-07-07,26,F
2193,customer_1192,customer1192.gmail.com,Delhi,Paid Social,2022-07-19,27,F
2194,customer_1193,customer1193.gmail.com,Bengaluru,SMS,2024-09-02,57,M
2195,customer_1194,customer1194.gmail.com,Hyderabad,Paid Social,2024-04-05,50,M
2196,customer_1195,customer1195.gmail.com,Pune,SMS,2023-10-07,57,M
2197,customer_1196,customer1196.gmail.com,Hyderabad,Paid Social,2023-12-28,60,F
2198,customer_1197,customer1197.gmail.com,Delhi,Google Search,2022-07-07,22,F
2199,customer_1198,customer1198.gmail.com,Mumbai,Organic,2022-05-26,26,F
2200,customer_1199,customer1199.gmail.com,Delhi,SMS,2022-10-18,34,F
2201,customer_1200,customer1200.gmail.com,Pune,Email,2024-01-27,50,F
2202,customer_1201,customer1201.gmail.com,Hyderabad,Email,2022-04-03,34,F
2203,customer_1202,customer1202.gmail.com,Mumbai,Paid Social,2024-10-04,23,M
2204,customer_1203,customer1203.gmail.com,Chennai,Paid Social,2022-06-06,44,M
2205,customer_1204,customer1204.gmail.com,Chennai,SMS,2024-08-17,44,M
2206,customer_1205,customer1205.gmail.com,Chennai,Google Search,2024-02-08,63,M
2207,customer_1206,customer1206.gmail.com,Bengaluru,Email,2023-12-06,31,M
2208,customer_1207,customer1207.gmail.com,Hyderabad,SMS,2023-04-24,22,F
2209,customer_1208,customer1208.gmail.com,Hyderabad,Email,2024-08-25,34,M
2210,customer_1209,customer1209.gmail.com,Delhi,Organic,2023-03-01,21,F
2211,customer_1210,customer1210.gmail.com,Bengaluru,Paid Social,2024-10-16,58,M
2212,customer_1211,customer1211.gmail.com,Mumbai,SMS,2022-04-06,24,F
2213,customer_1212,customer1212.gmail.com,Hyderabad,Paid Social,2023-09-08,54,M
2214,customer_1213,customer1213.gmail.com,Delhi,SMS,2022-10-01,31,F
2215,customer_1214,customer1214.gmail.com,Delhi,Paid Social,2023-05-24,30,M
2216,customer_1215,customer1215.gmail.com,Mumbai,Paid Social,2022-01-25,46,M
2217,customer_1216,customer1216.gmail.com,Bengaluru,SMS,2022-04-22,51,F
2218,customer_1217,customer1217.gmail.com,Bengaluru,Organic,2024-08-01,51,F
2219,customer_1218,customer1218.gmail.com,Delhi,Email,2023-04-25,55,M
2220,customer_1219,customer1219.gmail.com,Bengaluru,SMS,2022-11-16,56,F
2221,customer_1220,customer1220.gmail.com,Bengaluru,Organic,2024-11-19,42,M
2222,customer_1221,customer1221.gmail.com,Delhi,Google Search,2022-10-19,52,M
2223,customer_1222,customer1222.gmail.com,Hyderabad,Paid Social,2022-02-28,37,Others
2224,customer_1223,customer1223.gmail.com,Hyderabad,Paid Social,2024-07-03,48,M
2225,customer_1224,customer1224.gmail.com,Chennai,Email,2022-02-26,63,M
2226,customer_1225,customer1225.gmail.com,Bengaluru,Email,2023-08-13,61,F
2227,customer_1226,customer1226.gmail.com,Delhi,Paid Social,2022-05-23,42,F
2228,customer_1227,customer1227.gmail.com,Hyderabad,Paid Social,2022-02-04,46,M
2229,customer_1228,customer1228.gmail.com,Chennai,SMS,2022-07-23,63,M
2230,customer_1229,customer1229.gmail.com,Chennai,Email,2024-10-07,51,F
2231,customer_1230,customer1230.gmail.com,Hyderabad,SMS,2022-10-15,27,F
2232,customer_1231,customer1231.gmail.com,Chennai,SMS,2022-10-24,36,M
2233,customer_1232,customer1232.gmail.com,Delhi,Paid Social,2022-02-12,56,F
2234,customer_1233,customer1233.gmail.com,Mumbai,Email,2024-01-14,28,M
2235,customer_1234,customer1234.gmail.com,Chennai,Organic,2024-04-11,57,M
2236,customer_1235,customer1235.gmail.com,Bengaluru,Email,2023-02-05,57,F
2237,customer_1236,customer1236.gmail.com,Bengaluru,SMS,2024-04-05,53,F
2238,customer_1237,customer1237.gmail.com,Chennai,SMS,2023-03-05,40,F
2239,customer_1238,customer1238.gmail.com,Hyderabad,Paid Social,2023-10-02,61,F
2240,customer_1239,customer1239.gmail.com,Delhi,Google Search,2024-10-31,55,M
2241,customer_1240,customer1240.gmail.com,Pune,Email,2022-11-27,42,M
2242,customer_1241,customer1241.gmail.com,Chennai,Organic,2023-05-13,61,Others
2243,customer_1242,customer1242.gmail.com,Pune,Email,2024-09-07,62,M
2244,customer_1243,customer1243.gmail.com,Delhi,Email,2023-11-22,38,M
2245,customer_1244,customer1244.gmail.com,Delhi,SMS,2024-11-29,55,M
2246,customer_1245,customer1245.gmail.com,Mumbai,Paid Social,2024-09-07,44,M
2247,customer_1246,customer1246.gmail.com,Pune,Organic,2024-01-28,19,M
2248,customer_1247,customer1247.gmail.com,Delhi,Organic,2022-09-23,23,M
2249,customer_1248,customer1248.gmail.com,Delhi,Email,2022-11-13,52,M
2250,customer_1249,customer1249.gmail.com,Bengaluru,Email,2023-10-17,26,F
2251,customer_1250,customer1250.gmail.com,Pune,Organic,2022-12-12,37,M
2252,customer_1251,customer1251.gmail.com,Delhi,Organic,2024-04-15,50,F
2253,customer_1252,customer1252.gmail.com,Pune,Google Search,2023-10-28,64,F
2254,customer_1253,customer1253.gmail.com,Delhi,Google Search,2023-10-01,46,F
2255,customer_1254,customer1254.gmail.com,Chennai,Organic,2022-08-08,44,M
2256,customer_1255,customer1255.gmail.com,Pune,Paid Social,2022-04-21,18,F
2257,customer_1256,customer1256.gmail.com,Mumbai,Google Search,2022-06-20,30,F
2258,customer_1257,customer1257.gmail.com,Mumbai,SMS,2022-03-02,20,F
2259,customer_1258,customer1258.gmail.com,Mumbai,SMS,2022-03-18,18,M
2260,customer_1259,customer1259.gmail.com,Hyderabad,SMS,2022-09-23,37,M
2261,customer_1260,customer1260.gmail.com,Delhi,Email,2022-02-12,57,F
2262,customer_1261,customer1261.gmail.com,Bengaluru,Google Search,2024-03-24,43,M
2263,customer_1262,customer1262.gmail.com,Hyderabad,Email,2023-03-17,29,F
2264,customer_1263,customer1263.gmail.com,Pune,Paid Social,2023-10-02,23,F
2265,customer_1264,customer1264.gmail.com,Delhi,Organic,2022-04-12,26,M
2266,customer_1265,customer1265.gmail.com,Delhi,Organic,2023-10-30,53,M
2267,customer_1266,customer1266.gmail.com,Hyderabad,Paid Social,2024-05-27,37,F
2268,customer_1267,customer1267.gmail.com,Delhi,Google Search,2023-08-27,27,M
2269,customer_1268,customer1268.gmail.com,Delhi,Paid Social,2023-06-20,27,F
2270,customer_1269,customer1269.gmail.com,Pune,Organic,2022-08-21,48,F
2271,customer_1270,customer1270.gmail.com,Bengaluru,Organic,2024-10-08,37,F
2272,customer_1271,customer1271.gmail.com,Pune,Paid Social,2023-08-05,42,F
2273,customer_1272,customer1272.gmail.com,Chennai,Email,2024-10-25,62,F
2274,customer_1273,customer1273.gmail.com,Hyderabad,Paid Social,2023-09-18,48,M
2275,customer_1274,customer1274.gmail.com,Delhi,Email,2022-09-07,64,M
2276,customer_1275,customer1275.gmail.com,Delhi,Google Search,2023-01-27,58,F
2277,customer_1276,customer1276.gmail.com,Bengaluru,Organic,2024-05-24,26,M
2278,customer_1277,customer1277.gmail.com,Bengaluru,SMS,2024-12-30,58,F
2279,customer_1278,customer1278.gmail.com,Mumbai,SMS,2024-02-08,41,F
2280,customer_1279,customer1279.gmail.com,Bengaluru,Organic,2023-10-29,21,M
2281,customer_1280,customer1280.gmail.com,Pune,Paid Social,2023-05-11,54,M
2282,customer_1281,customer1281.gmail.com,Chennai,Organic,2024-05-23,62,F
2283,customer_1282,customer1282.gmail.com,Delhi,Paid Social,2024-05-31,41,F
2284,customer_1283,customer1283.gmail.com,Pune,Paid Social,2022-02-17,31,M
2285,customer_1284,customer1284.gmail.com,Pune,Organic,2023-10-12,25,F
2286,customer_1285,customer1285.gmail.com,Pune,SMS,2023-05-21,44,F
2287,customer_1286,customer1286.gmail.com,Pune,Organic,2022-03-07,59,F
2288,customer_1287,customer1287.gmail.com,Pune,Paid Social,2022-06-20,47,F
2289,customer_1288,customer1288.gmail.com,Pune,Google Search,2023-06-19,31,F
2290,customer_1289,customer1289.gmail.com,Delhi,SMS,2024-06-24,57,F
2291,customer_1290,customer1290.gmail.com,Pune,Paid Social,2024-10-26,57,F
2292,customer_1291,customer1291.gmail.com,Hyderabad,SMS,2024-06-09,35,M
2293,customer_1292,customer1292.gmail.com,Pune,Email,2024-07-01,30,F
2294,customer_1293,customer1293.gmail.com,Mumbai,Organic,2022-07-05,46,M
2295,customer_1294,customer1294.gmail.com,Chennai,Organic,2022-07-14,45,M
2296,customer_1295,customer1295.gmail.com,Pune,SMS,2022-09-23,21,F
2297,customer_1296,customer1296.gmail.com,Mumbai,Email,2023-12-09,44,F
2298,customer_1297,customer1297.gmail.com,Delhi,Google Search,2023-07-27,53,M
2299,customer_1298,customer1298.gmail.com,Hyderabad,Google Search,2023-08-30,41,M
2300,customer_1299,customer1299.gmail.com,Delhi,Google Search,2022-07-28,41,F
2301,customer_1300,customer1300.gmail.com,Delhi,SMS,2024-10-09,20,M
2302,customer_1301,customer1301.gmail.com,Pune,Paid Social,2024-06-18,62,M
2303,customer_1302,customer1302.gmail.com,Mumbai,Organic,2024-09-19,36,F
2304,customer_1303,customer1303.gmail.com,Hyderabad,Email,2024-08-19,56,F
2305,customer_1304,customer1304.gmail.com,Pune,Email,2022-11-22,26,M
2306,customer_1305,customer1305.gmail.com,Mumbai,Google Search,2023-11-16,39,F
2307,customer_1306,customer1306.gmail.com,Chennai,Google Search,2023-04-27,39,M
2308,customer_1307,customer1307.gmail.com,Pune,Email,2023-04-22,33,F
2309,customer_1308,customer1308.gmail.com,Delhi,Organic,2023-12-16,25,F
2310,customer_1309,customer1309.gmail.com,Mumbai,Email,2022-05-18,34,M
2311,customer_1310,customer1310.gmail.com,Chennai,Google Search,2024-01-10,54,F
2312,customer_1311,customer1311.gmail.com,Bengaluru,Google Search,2023-08-18,44,F
2313,customer_1312,customer1312.gmail.com,Pune,SMS,2024-10-22,52,M
2314,customer_1313,customer1313.gmail.com,Delhi,Google Search,2022-11-08,52,M
2315,customer_1314,customer1314.gmail.com,Mumbai,SMS,2022-11-18,31,F
2316,customer_1315,customer1315.gmail.com,Delhi,Organic,2024-02-04,60,M
2317,customer_1316,customer1316.gmail.com,Pune,Google Search,2022-01-13,58,M
2318,customer_1317,customer1317.gmail.com,Chennai,Google Search,2023-02-19,39,F
2319,customer_1318,customer1318.gmail.com,Pune,Email,2022-02-09,39,M
2320,customer_1319,customer1319.gmail.com,Pune,Google Search,2023-07-31,28,M
2321,customer_1320,customer1320.gmail.com,Hyderabad,Organic,2023-12-19,49,M
2322,customer_1321,customer1321.gmail.com,Hyderabad,Paid Social,2022-05-24,44,F
2323,customer_1322,customer1322.gmail.com,Pune,Email,2022-11-29,37,M
2324,customer_1323,customer1323.gmail.com,Chennai,Organic,2023-01-08,63,F
2325,customer_1324,customer1324.gmail.com,Hyderabad,SMS,2022-08-05,51,M
2326,customer_1325,customer1325.gmail.com,Chennai,Email,2023-09-06,36,M
2327,customer_1326,customer1326.gmail.com,Delhi,Google Search,2022-01-07,27,F
2328,customer_1327,customer1327.gmail.com,Mumbai,Email,2022-01-17,30,F
2329,customer_1328,customer1328.gmail.com,Hyderabad,SMS,2024-06-11,45,F
2330,customer_1329,customer1329.gmail.com,Hyderabad,Paid Social,2023-04-17,25,M
2331,customer_1330,customer1330.gmail.com,Chennai,Google Search,2024-07-01,39,F
2332,customer_1331,customer1331.gmail.com,Chennai,Organic,2023-04-10,45,F
2333,customer_1332,customer1332.gmail.com,Hyderabad,Paid Social,2023-04-18,33,M
2334,customer_1333,customer1333.gmail.com,Hyderabad,SMS,2024-04-08,34,M
2335,customer_1334,customer1334.gmail.com,Chennai,Paid Social,2022-11-25,57,F
2336,customer_1335,customer1335.gmail.com,Bengaluru,Organic,2023-01-22,59,F
2337,customer_1336,customer1336.gmail.com,Mumbai,Organic,2023-11-30,57,M
2338,customer_1337,customer1337.gmail.com,Delhi,Email,2024-10-18,36,M
2339,customer_1338,customer1338.gmail.com,Hyderabad,Paid Social,2024-11-21,55,F
2340,customer_1339,customer1339.gmail.com,Bengaluru,Email,2024-02-08,35,M
2341,customer_1340,customer1340.gmail.com,Pune,Google Search,2022-04-14,54,M
2342,customer_1341,customer1341.gmail.com,Pune,SMS,2022-01-08,46,F
2343,customer_1342,customer1342.gmail.com,Bengaluru,Google Search,2022-08-15,32,M
2344,customer_1343,customer1343.gmail.com,Delhi,Organic,2022-08-07,38,F
2345,customer_1344,customer1344.gmail.com,Bengaluru,Organic,2022-02-25,24,M
2346,customer_1345,customer1345.gmail.com,Pune,Organic,2022-01-28,53,M
2347,customer_1346,customer1346.gmail.com,Hyderabad,Organic,2022-12-31,39,M
2348,customer_1347,customer1347.gmail.com,Pune,Paid Social,2024-05-25,54,F
2349,customer_1348,customer1348.gmail.com,Mumbai,Paid Social,2023-06-09,23,M
2350,customer_1349,customer1349.gmail.com,Mumbai,Organic,2024-06-13,57,M
2351,customer_1350,customer1350.gmail.com,Pune,Google Search,2024-03-02,31,F
2352,customer_1351,customer1351.gmail.com,Pune,SMS,2024-07-04,34,M
2353,customer_1352,customer1352.gmail.com,Hyderabad,SMS,2023-03-16,18,M
2354,customer_1353,customer1353.gmail.com,Hyderabad,Google Search,2022-03-22,61,M
2355,customer_1354,customer1354.gmail.com,Mumbai,Google Search,2024-03-10,19,M
2356,customer_1355,customer1355.gmail.com,Chennai,Google Search,2024-12-28,59,F
2357,customer_1356,customer1356.gmail.com,Delhi,SMS,2023-03-13,62,F
2358,customer_1357,customer1357.gmail.com,Chennai,SMS,2024-02-14,55,M
2359,customer_1358,customer1358.gmail.com,Pune,Organic,2023-01-27,63,F
2360,customer_1359,customer1359.gmail.com,Hyderabad,Organic,2024-07-07,53,M
2361,customer_1360,customer1360.gmail.com,Pune,Google Search,2024-05-24,38,Others
2362,customer_1361,customer1361.gmail.com,Mumbai,Paid Social,2022-08-03,22,Others
2363,customer_1362,customer1362.gmail.com,Hyderabad,Paid Social,2024-04-24,37,M
2364,customer_1363,customer1363.gmail.com,Chennai,Email,2022-07-09,58,F
2365,customer_1364,customer1364.gmail.com,Bengaluru,SMS,2022-08-03,39,M
2366,customer_1365,customer1365.gmail.com,Mumbai,Paid Social,2024-03-19,57,M
2367,customer_1366,customer1366.gmail.com,Pune,Email,2024-10-30,40,F
2368,customer_1367,customer1367.gmail.com,Hyderabad,SMS,2023-05-07,18,F
2369,customer_1368,customer1368.gmail.com,Mumbai,Google Search,2023-10-14,30,M
2370,customer_1369,customer1369.gmail.com,Pune,Google Search,2024-09-08,41,Others
2371,customer_1370,customer1370.gmail.com,Delhi,Organic,2024-08-19,42,M
2372,customer_1371,customer1371.gmail.com,Chennai,Email,2023-05-11,60,F
2373,customer_1372,customer1372.gmail.com,Hyderabad,Email,2022-01-19,45,F
2374,customer_1373,customer1373.gmail.com,Delhi,Email,2022-09-24,21,M
2375,customer_1374,customer1374.gmail.com,Mumbai,Email,2023-12-11,40,F
2376,customer_1375,customer1375.gmail.com,Hyderabad,Organic,2024-03-26,21,Others
2377,customer_1376,customer1376.gmail.com,Pune,Organic,2024-06-06,57,M
2378,customer_1377,customer1377.gmail.com,Delhi,Google Search,2022-11-17,51,M
2379,customer_1378,customer1378.gmail.com,Mumbai,Google Search,2022-05-23,37,F
2380,customer_1379,customer1379.gmail.com,Pune,Paid Social,2024-08-06,34,F
2381,customer_1380,customer1380.gmail.com,Pune,Email,2022-11-02,47,F
2382,customer_1381,customer1381.gmail.com,Pune,Email,2024-02-26,45,M
2383,customer_1382,customer1382.gmail.com,Pune,Email,2024-01-12,41,M
2384,customer_1383,customer1383.gmail.com,Chennai,Organic,2022-09-30,48,F
2385,customer_1384,customer1384.gmail.com,Delhi,Email,2024-08-13,49,F
2386,customer_1385,customer1385.gmail.com,Pune,Email,2023-02-06,55,M
2387,customer_1386,customer1386.gmail.com,Bengaluru,Google Search,2022-07-07,46,M
2388,customer_1387,customer1387.gmail.com,Hyderabad,Paid Social,2024-07-10,24,F
2389,customer_1388,customer1388.gmail.com,Pune,Organic,2022-06-11,32,F
2390,customer_1389,customer1389.gmail.com,Pune,Organic,2024-04-29,62,M
2391,customer_1390,customer1390.gmail.com,Chennai,SMS,2023-07-24,23,M
2392,customer_1391,customer1391.gmail.com,Bengaluru,Email,2022-03-04,34,M
2393,customer_1392,customer1392.gmail.com,Hyderabad,Email,2024-01-27,50,M
2394,customer_1393,customer1393.gmail.com,Chennai,Email,2022-02-27,61,F
2395,customer_1394,customer1394.gmail.com,Chennai,Paid Social,2024-04-08,18,M
2396,customer_1395,customer1395.gmail.com,Pune,Email,2024-10-08,20,F
2397,customer_1396,customer1396.gmail.com,Pune,Organic,2023-07-15,30,M
2398,customer_1397,customer1397.gmail.com,Pune,Google Search,2024-12-26,28,M
2399,customer_1398,customer1398.gmail.com,Bengaluru,Google Search,2024-09-14,29,M
2400,customer_1399,customer1399.gmail.com,Chennai,SMS,2023-04-10,35,F
2401,customer_1400,customer1400.gmail.com,Hyderabad,Paid Social,2024-09-09,57,M
2402,customer_1401,customer1401.gmail.com,Mumbai,Paid Social,2024-03-13,33,Others
2403,customer_1402,customer1402.gmail.com,Hyderabad,Email,2022-08-15,50,M
2404,customer_1403,customer1403.gmail.com,Bengaluru,SMS,2023-12-30,58,M
2405,customer_1404,customer1404.gmail.com,Hyderabad,Google Search,2022-12-04,21,M
2406,customer_1405,customer1405.gmail.com,Chennai,Email,2023-08-12,41,F
2407,customer_1406,customer1406.gmail.com,Chennai,Paid Social,2022-11-09,53,F
2408,customer_1407,customer1407.gmail.com,Pune,Email,2022-03-02,64,M
2409,customer_1408,customer1408.gmail.com,Bengaluru,Google Search,2024-07-31,63,M
2410,customer_1409,customer1409.gmail.com,Bengaluru,SMS,2024-09-04,61,F
2411,customer_1410,customer1410.gmail.com,Hyderabad,Organic,2022-01-31,24,M
2412,customer_1411,customer1411.gmail.com,Hyderabad,Email,2022-10-02,26,F
2413,customer_1412,customer1412.gmail.com,Delhi,Paid Social,2024-04-19,54,M
2414,customer_1413,customer1413.gmail.com,Hyderabad,SMS,2022-11-24,36,Others
2415,customer_1414,customer1414.gmail.com,Hyderabad,Email,2023-12-22,46,F
2416,customer_1415,customer1415.gmail.com,Pune,Paid Social,2023-01-25,23,F
2417,customer_1416,customer1416.gmail.com,Mumbai,Paid Social,2024-06-06,53,Others
2418,customer_1417,customer1417.gmail.com,Mumbai,SMS,2023-12-20,39,F
2419,customer_1418,customer1418.gmail.com,Mumbai,Paid Social,2024-05-16,39,F
2420,customer_1419,customer1419.gmail.com,Hyderabad,Paid Social,2023-07-23,55,F
2421,customer_1420,customer1420.gmail.com,Chennai,Google Search,2023-12-06,60,Others
2422,customer_1421,customer1421.gmail.com,Mumbai,Organic,2023-03-10,20,Others
2423,customer_1422,customer1422.gmail.com,Chennai,SMS,2023-06-21,42,F
2424,customer_1423,customer1423.gmail.com,Delhi,Google Search,2023-04-16,31,M
2425,customer_1424,customer1424.gmail.com,Bengaluru,Organic,2022-02-24,22,Others
2426,customer_1425,customer1425.gmail.com,Delhi,Email,2023-12-02,35,F
2427,customer_1426,customer1426.gmail.com,Delhi,Google Search,2022-08-25,45,F
2428,customer_1427,customer1427.gmail.com,Mumbai,Organic,2024-05-19,47,F
2429,customer_1428,customer1428.gmail.com,Mumbai,Paid Social,2022-08-13,53,F
2430,customer_1429,customer1429.gmail.com,Delhi,SMS,2024-01-21,23,F
2431,customer_1430,customer1430.gmail.com,Delhi,Google Search,2023-11-14,48,M
2432,customer_1431,customer1431.gmail.com,Delhi,Email,2023-02-14,35,M
2433,customer_1432,customer1432.gmail.com,Delhi,Google Search,2022-08-31,42,F
2434,customer_1433,customer1433.gmail.com,Delhi,Paid Social,2023-04-09,51,M
2435,customer_1434,customer1434.gmail.com,Hyderabad,SMS,2023-11-18,25,M
2436,customer_1435,customer1435.gmail.com,Delhi,Google Search,2023-06-15,45,M
2437,customer_1436,customer1436.gmail.com,Bengaluru,Google Search,2022-03-03,24,M
2438,customer_1437,customer1437.gmail.com,Mumbai,Paid Social,2023-02-15,51,M
2439,customer_1438,customer1438.gmail.com,Bengaluru,SMS,2023-08-17,42,M
2440,customer_1439,customer1439.gmail.com,Pune,Paid Social,2022-11-28,18,F
2441,customer_1440,customer1440.gmail.com,Mumbai,Paid Social,2023-03-19,60,M
2442,customer_1441,customer1441.gmail.com,Bengaluru,Organic,2023-11-14,19,M
2443,customer_1442,customer1442.gmail.com,Delhi,Organic,2024-02-08,51,M
2444,customer_1443,customer1443.gmail.com,Delhi,Organic,2024-01-22,49,M
2445,customer_1444,customer1444.gmail.com,Mumbai,Organic,2023-11-07,29,M
2446,customer_1445,customer1445.gmail.com,Hyderabad,Google Search,2022-06-05,61,Others
2447,customer_1446,customer1446.gmail.com,Delhi,Google Search,2023-06-05,43,M
2448,customer_1447,customer1447.gmail.com,Bengaluru,Paid Social,2024-12-11,39,F
2449,customer_1448,customer1448.gmail.com,Mumbai,SMS,2024-02-29,60,M
2450,customer_1449,customer1449.gmail.com,Hyderabad,Organic,2023-11-14,48,F
2451,customer_1450,customer1450.gmail.com,Chennai,Paid Social,2023-01-18,50,M
2452,customer_1451,customer1451.gmail.com,Delhi,SMS,2022-09-25,39,Others
2453,customer_1452,customer1452.gmail.com,Hyderabad,Paid Social,2023-02-27,25,M
2454,customer_1453,customer1453.gmail.com,Bengaluru,Organic,2022-07-31,33,M
2455,customer_1454,customer1454.gmail.com,Mumbai,Organic,2022-11-05,45,Others
2456,customer_1455,customer1455.gmail.com,Delhi,Google Search,2024-09-09,31,M
2457,customer_1456,customer1456.gmail.com,Hyderabad,Email,2024-12-13,21,M
2458,customer_1457,customer1457.gmail.com,Mumbai,Email,2024-12-05,41,M
2459,customer_1458,customer1458.gmail.com,Bengaluru,Organic,2022-10-01,36,M
2460,customer_1459,customer1459.gmail.com,Mumbai,Paid Social,2022-09-20,42,F
2461,customer_1460,customer1460.gmail.com,Delhi,Google Search,2022-01-17,64,M
2462,customer_1461,customer1461.gmail.com,Pune,SMS,2024-05-22,34,M
2463,customer_1462,customer1462.gmail.com,Chennai,Paid Social,2022-05-01,53,M
2464,customer_1463,customer1463.gmail.com,Mumbai,Paid Social,2023-12-17,19,M
2465,customer_1464,customer1464.gmail.com,Delhi,Email,2023-05-09,62,M
2466,customer_1465,customer1465.gmail.com,Chennai,Google Search,2023-03-18,44,M
2467,customer_1466,customer1466.gmail.com,Hyderabad,Organic,2023-08-11,59,M
2468,customer_1467,customer1467.gmail.com,Mumbai,Organic,2024-11-22,25,M
2469,customer_1468,customer1468.gmail.com,Mumbai,Organic,2022-12-04,54,M
2470,customer_1469,customer1469.gmail.com,Chennai,Paid Social,2023-07-06,22,F
2471,customer_1470,customer1470.gmail.com,Pune,SMS,2022-04-01,63,F
2472,customer_1471,customer1471.gmail.com,Pune,Paid Social,2023-11-16,21,F
2473,customer_1472,customer1472.gmail.com,Pune,Organic,2023-09-15,23,M
2474,customer_1473,customer1473.gmail.com,Pune,SMS,2023-05-19,46,M
2475,customer_1474,customer1474.gmail.com,Delhi,Email,2022-10-02,25,M
2476,customer_1475,customer1475.gmail.com,Chennai,Email,2022-12-07,27,F
2477,customer_1476,customer1476.gmail.com,Pune,SMS,2022-02-15,52,M
2478,customer_1477,customer1477.gmail.com,Pune,Google Search,2024-03-15,27,M
2479,customer_1478,customer1478.gmail.com,Bengaluru,Email,2022-04-13,63,F
2480,customer_1479,customer1479.gmail.com,Pune,Paid Social,2022-11-17,33,F
2481,customer_1480,customer1480.gmail.com,Delhi,Organic,2023-06-03,29,F
2482,customer_1481,customer1481.gmail.com,Delhi,Email,2023-12-04,42,M
2483,customer_1482,customer1482.gmail.com,Delhi,SMS,2024-01-09,32,F
2484,customer_1483,customer1483.gmail.com,Hyderabad,Email,2024-07-16,31,M
2485,customer_1484,customer1484.gmail.com,Hyderabad,SMS,2022-07-19,23,M
2486,customer_1485,customer1485.gmail.com,Bengaluru,SMS,2022-12-01,53,F
2487,customer_1486,customer1486.gmail.com,Chennai,Google Search,2024-03-19,20,M
2488,customer_1487,customer1487.gmail.com,Hyderabad,Email,2022-04-12,62,M
2489,customer_1488,customer1488.gmail.com,Bengaluru,Organic,2023-01-26,44,M
2490,customer_1489,customer1489.gmail.com,Hyderabad,Email,2024-01-14,34,M
2491,customer_1490,customer1490.gmail.com,Chennai,SMS,2022-02-15,42,F
2492,customer_1491,customer1491.gmail.com,Mumbai,Email,2023-08-04,52,Others
2493,customer_1492,customer1492.gmail.com,Bengaluru,Organic,2024-04-13,22,M
2494,customer_1493,customer1493.gmail.com,Hyderabad,Google Search,2023-11-28,47,M
2495,customer_1494,customer1494.gmail.com,Mumbai,Google Search,2022-09-01,35,F
2496,customer_1495,customer1495.gmail.com,Bengaluru,Google Search,2023-02-22,37,F
2497,customer_1496,customer1496.gmail.com,Bengaluru,SMS,2024-04-25,44,F
2498,customer_1497,customer1497.gmail.com,Mumbai,Paid Social,2024-05-02,61,F
2499,customer_1498,customer1498.gmail.com,Bengaluru,SMS,2023-12-03,34,F
2500,customer_1499,customer1499.gmail.com,Mumbai,Organic,2024-06-05,51,M
2501,customer_1500,customer1500.gmail.com,Mumbai,Google Search,2023-11-27,25,F
2502,customer_1501,customer1501.gmail.com,Bengaluru,SMS,2022-02-08,29,F
2503,customer_1502,customer1502.gmail.com,Bengaluru,SMS,2023-12-19,52,F
2504,customer_1503,customer1503.gmail.com,Pune,Google Search,2022-11-21,20,F
2505,customer_1504,customer1504.gmail.com,Pune,Email,2022-08-05,64,M
2506,customer_1505,customer1505.gmail.com,Chennai,Organic,2023-09-16,31,M
2507,customer_1506,customer1506.gmail.com,Delhi,Paid Social,2022-05-28,62,M
2508,customer_1507,customer1507.gmail.com,Delhi,Paid Social,2024-06-24,32,F
2509,customer_1508,customer1508.gmail.com,Mumbai,Organic,2023-09-08,56,M
2510,customer_1509,customer1509.gmail.com,Bengaluru,SMS,2024-05-23,20,M
2511,customer_1510,customer1510.gmail.com,Mumbai,Google Search,2023-02-21,41,F
2512,customer_1511,customer1511.gmail.com,Pune,Google Search,2023-01-06,19,M
2513,customer_1512,customer1512.gmail.com,Delhi,Organic,2024-01-23,22,Others
2514,customer_1513,customer1513.gmail.com,Chennai,Organic,2024-09-08,21,F
2515,customer_1514,customer1514.gmail.com,Mumbai,Google Search,2022-11-14,53,M
2516,customer_1515,customer1515.gmail.com,Bengaluru,Google Search,2023-08-24,19,M
2517,customer_1516,customer1516.gmail.com,Delhi,Organic,2023-04-12,28,M
2518,customer_1517,customer1517.gmail.com,Mumbai,SMS,2023-11-13,34,M
2519,customer_1518,customer1518.gmail.com,Delhi,Paid Social,2022-07-22,29,M
2520,customer_1519,customer1519.gmail.com,Bengaluru,Paid Social,2023-02-05,36,M
2521,customer_1520,customer1520.gmail.com,Delhi,Email,2022-11-29,30,M
2522,customer_1521,customer1521.gmail.com,Mumbai,Organic,2024-11-05,36,F
2523,customer_1522,customer1522.gmail.com,Mumbai,Email,2022-11-27,37,M
2524,customer_1523,customer1523.gmail.com,Delhi,Email,2024-05-03,38,F
2525,customer_1524,customer1524.gmail.com,Chennai,Paid Social,2024-05-17,48,F
2526,customer_1525,customer1525.gmail.com,Bengaluru,Google Search,2023-04-25,48,M
2527,customer_1526,customer1526.gmail.com,Chennai,Google Search,2022-03-21,22,M
2528,customer_1527,customer1527.gmail.com,Chennai,Google Search,2022-12-23,57,F
2529,customer_1528,customer1528.gmail.com,Mumbai,Organic,2024-09-21,19,F
2530,customer_1529,customer1529.gmail.com,Chennai,Paid Social,2024-02-09,28,M
2531,customer_1530,customer1530.gmail.com,Hyderabad,Organic,2024-09-04,41,F
2532,customer_1531,customer1531.gmail.com,Delhi,Organic,2024-03-26,48,M
2533,customer_1532,customer1532.gmail.com,Pune,SMS,2023-06-21,19,Others
2534,customer_1533,customer1533.gmail.com,Mumbai,Google Search,2024-01-16,43,M
2535,customer_1534,customer1534.gmail.com,Pune,SMS,2022-06-17,34,M
2536,customer_1535,customer1535.gmail.com,Pune,SMS,2022-06-06,28,F
2537,customer_1536,customer1536.gmail.com,Bengaluru,Paid Social,2022-05-01,59,F
2538,customer_1537,customer1537.gmail.com,Bengaluru,Google Search,2024-03-15,64,F
2539,customer_1538,customer1538.gmail.com,Bengaluru,Email,2022-08-27,30,F
2540,customer_1539,customer1539.gmail.com,Delhi,SMS,2024-04-26,43,M
2541,customer_1540,customer1540.gmail.com,Pune,SMS,2022-08-06,47,M
2542,customer_1541,customer1541.gmail.com,Mumbai,Email,2023-08-01,37,M
2543,customer_1542,customer1542.gmail.com,Pune,Email,2024-06-03,25,M
2544,customer_1543,customer1543.gmail.com,Hyderabad,Paid Social,2023-05-25,60,Others
2545,customer_1544,customer1544.gmail.com,Pune,SMS,2024-02-06,37,F
2546,customer_1545,customer1545.gmail.com,Pune,SMS,2022-08-04,63,F
2547,customer_1546,customer1546.gmail.com,Delhi,Paid Social,2023-04-23,28,F
2548,customer_1547,customer1547.gmail.com,Mumbai,Email,2024-01-22,45,Others
2549,customer_1548,customer1548.gmail.com,Chennai,SMS,2022-03-16,28,F
2550,customer_1549,customer1549.gmail.com,Hyderabad,Email,2022-03-06,26,F
2551,customer_1550,customer1550.gmail.com,Delhi,Organic,2022-11-08,53,F
2552,customer_1551,customer1551.gmail.com,Hyderabad,SMS,2023-04-29,44,M
2553,customer_1552,customer1552.gmail.com,Pune,Organic,2023-07-18,23,F
2554,customer_1553,customer1553.gmail.com,Mumbai,SMS,2022-03-02,45,M
2555,customer_1554,customer1554.gmail.com,Pune,Email,2024-03-13,30,M
2556,customer_1555,customer1555.gmail.com,Delhi,Organic,2024-11-12,62,F
2557,customer_1556,customer1556.gmail.com,Mumbai,Paid Social,2023-08-12,40,F
2558,customer_1557,customer1557.gmail.com,Hyderabad,Google Search,2022-02-03,64,F
2559,customer_1558,customer1558.gmail.com,Mumbai,Paid Social,2023-09-11,28,M
2560,customer_1559,customer1559.gmail.com,Chennai,Paid Social,2022-09-02,38,F
2561,customer_1560,customer1560.gmail.com,Chennai,Organic,2023-03-24,56,M
2562,customer_1561,customer1561.gmail.com,Mumbai,Organic,2024-10-31,41,M
2563,customer_1562,customer1562.gmail.com,Delhi,Paid Social,2024-05-10,28,F
2564,customer_1563,customer1563.gmail.com,Delhi,Organic,2023-07-31,62,F
2565,customer_1564,customer1564.gmail.com,Pune,Paid Social,2022-05-30,43,M
2566,customer_1565,customer1565.gmail.com,Mumbai,SMS,2024-10-17,59,F
2567,customer_1566,customer1566.gmail.com,Chennai,Google Search,2024-11-30,37,M
2568,customer_1567,customer1567.gmail.com,Mumbai,SMS,2024-02-14,46,M
2569,customer_1568,customer1568.gmail.com,Chennai,Organic,2024-06-14,21,F
2570,customer_1569,customer1569.gmail.com,Bengaluru,Paid Social,2023-10-28,35,M
2571,customer_1570,customer1570.gmail.com,Pune,SMS,2022-12-04,63,M
2572,customer_1571,customer1571.gmail.com,Bengaluru,Paid Social,2023-07-17,29,M
2573,customer_1572,customer1572.gmail.com,Delhi,SMS,2024-11-13,49,M
2574,customer_1573,customer1573.gmail.com,Hyderabad,Email,2022-01-13,48,F
2575,customer_1574,customer1574.gmail.com,Pune,Email,2024-11-07,25,M
2576,customer_1575,customer1575.gmail.com,Mumbai,Email,2023-11-29,42,Others
2577,customer_1576,customer1576.gmail.com,Bengaluru,Google Search,2022-01-21,28,F
2578,customer_1577,customer1577.gmail.com,Mumbai,SMS,2024-03-19,43,M
2579,customer_1578,customer1578.gmail.com,Hyderabad,Organic,2022-11-12,58,M
2580,customer_1579,customer1579.gmail.com,Mumbai,SMS,2023-07-12,36,M
2581,customer_1580,customer1580.gmail.com,Bengaluru,Paid Social,2023-02-05,34,M
2582,customer_1581,customer1581.gmail.com,Pune,SMS,2024-07-20,27,F
2583,customer_1582,customer1582.gmail.com,Chennai,SMS,2023-01-07,51,M
2584,customer_1583,customer1583.gmail.com,Chennai,Email,2023-05-08,46,M
2585,customer_1584,customer1584.gmail.com,Chennai,Paid Social,2023-06-01,62,F
2586,customer_1585,customer1585.gmail.com,Mumbai,SMS,2024-06-13,45,Others
2587,customer_1586,customer1586.gmail.com,Bengaluru,Google Search,2022-02-14,35,M
2588,customer_1587,customer1587.gmail.com,Delhi,Organic,2023-12-16,49,Others
2589,customer_1588,customer1588.gmail.com,Mumbai,Email,2024-03-29,53,M
2590,customer_1589,customer1589.gmail.com,Mumbai,SMS,2023-09-11,22,M
2591,customer_1590,customer1590.gmail.com,Hyderabad,Paid Social,2022-12-30,35,M
2592,customer_1591,customer1591.gmail.com,Mumbai,Email,2022-10-12,33,M
2593,customer_1592,customer1592.gmail.com,Chennai,Email,2022-07-22,20,M
2594,customer_1593,customer1593.gmail.com,Bengaluru,SMS,2023-01-08,23,M
2595,customer_1594,customer1594.gmail.com,Hyderabad,Paid Social,2023-05-01,50,F
2596,customer_1595,customer1595.gmail.com,Hyderabad,Paid Social,2023-03-03,33,M
2597,customer_1596,customer1596.gmail.com,Mumbai,Google Search,2023-12-30,61,M
2598,customer_1597,customer1597.gmail.com,Chennai,Email,2024-05-30,19,M
2599,customer_1598,customer1598.gmail.com,Pune,Google Search,2023-07-16,19,F
2600,customer_1599,customer1599.gmail.com,Delhi,Paid Social,2022-07-03,22,F
2601,customer_1600,customer1600.gmail.com,Pune,Organic,2024-12-21,45,M
2602,customer_1601,customer1601.gmail.com,Bengaluru,Organic,2022-07-15,18,M
2603,customer_1602,customer1602.gmail.com,Mumbai,Organic,2024-07-25,22,F
2604,customer_1603,customer1603.gmail.com,Chennai,SMS,2024-11-01,21,M
2605,customer_1604,customer1604.gmail.com,Mumbai,SMS,2023-01-01,46,F
2606,customer_1605,customer1605.gmail.com,Delhi,Paid Social,2022-11-29,19,M
2607,customer_1606,customer1606.gmail.com,Pune,Google Search,2022-12-12,32,F
2608,customer_1607,customer1607.gmail.com,Chennai,SMS,2024-11-27,22,F
2609,customer_1608,customer1608.gmail.com,Pune,Paid Social,2023-06-19,48,M
2610,customer_1609,customer1609.gmail.com,Chennai,Organic,2022-04-28,43,F
2611,customer_1610,customer1610.gmail.com,Pune,Organic,2024-04-14,31,F
2612,customer_1611,customer1611.gmail.com,Pune,Email,2022-05-18,58,F
2613,customer_1612,customer1612.gmail.com,Hyderabad,Google Search,2022-11-26,58,M
2614,customer_1613,customer1613.gmail.com,Delhi,Paid Social,2023-02-25,28,F
2615,customer_1614,customer1614.gmail.com,Chennai,Paid Social,2023-04-22,36,M
2616,customer_1615,customer1615.gmail.com,Chennai,Organic,2022-01-21,27,M
2617,customer_1616,customer1616.gmail.com,Chennai,SMS,2022-05-23,59,M
2618,customer_1617,customer1617.gmail.com,Chennai,SMS,2022-08-22,34,F
2619,customer_1618,customer1618.gmail.com,Bengaluru,Paid Social,2024-06-25,35,F
2620,customer_1619,customer1619.gmail.com,Pune,SMS,2023-04-27,42,M
2621,customer_1620,customer1620.gmail.com,Delhi,Paid Social,2024-10-05,32,F
2622,customer_1621,customer1621.gmail.com,Delhi,Email,2023-09-02,64,M
2623,customer_1622,customer1622.gmail.com,Mumbai,SMS,2023-09-09,55,F
2624,customer_1623,customer1623.gmail.com,Bengaluru,Email,2022-11-04,64,M
2625,customer_1624,customer1624.gmail.com,Chennai,Google Search,2024-12-09,62,F
2626,customer_1625,customer1625.gmail.com,Bengaluru,Email,2024-03-02,50,M
2627,customer_1626,customer1626.gmail.com,Bengaluru,Google Search,2023-01-03,48,F
2628,customer_1627,customer1627.gmail.com,Chennai,Email,2022-12-04,54,M
2629,customer_1628,customer1628.gmail.com,Hyderabad,SMS,2024-11-15,64,F
2630,customer_1629,customer1629.gmail.com,Pune,Email,2024-03-19,53,M
2631,customer_1630,customer1630.gmail.com,Pune,SMS,2023-07-17,23,F
2632,customer_1631,customer1631.gmail.com,Chennai,Paid Social,2023-10-18,61,M
2633,customer_1632,customer1632.gmail.com,Pune,Paid Social,2022-02-21,63,F
2634,customer_1633,customer1633.gmail.com,Delhi,Google Search,2023-01-12,25,M
2635,customer_1634,customer1634.gmail.com,Hyderabad,Organic,2024-05-18,28,M
2636,customer_1635,customer1635.gmail.com,Bengaluru,Email,2024-03-29,43,Others
2637,customer_1636,customer1636.gmail.com,Mumbai,SMS,2024-04-06,46,F
2638,customer_1637,customer1637.gmail.com,Bengaluru,Organic,2024-02-01,19,F
2639,customer_1638,customer1638.gmail.com,Chennai,Paid Social,2023-04-08,41,F
2640,customer_1639,customer1639.gmail.com,Delhi,SMS,2024-01-28,35,F
2641,customer_1640,customer1640.gmail.com,Chennai,SMS,2022-10-23,50,F
2642,customer_1641,customer1641.gmail.com,Chennai,Organic,2022-05-24,63,M
2643,customer_1642,customer1642.gmail.com,Pune,SMS,2024-08-29,38,Others
2644,customer_1643,customer1643.gmail.com,Chennai,Organic,2022-06-12,39,M
2645,customer_1644,customer1644.gmail.com,Mumbai,Email,2022-11-25,50,M
2646,customer_1645,customer1645.gmail.com,Delhi,Email,2023-04-09,49,Others
2647,customer_1646,customer1646.gmail.com,Chennai,Email,2024-10-10,50,M
2648,customer_1647,customer1647.gmail.com,Mumbai,Paid Social,2023-01-22,57,M
2649,customer_1648,customer1648.gmail.com,Hyderabad,Organic,2023-10-07,31,F
2650,customer_1649,customer1649.gmail.com,Mumbai,Email,2023-11-26,62,Others
2651,customer_1650,customer1650.gmail.com,Mumbai,Paid Social,2022-03-18,43,Others
2652,customer_1651,customer1651.gmail.com,Delhi,Paid Social,2023-03-08,44,M
2653,customer_1652,customer1652.gmail.com,Chennai,Paid Social,2022-08-23,27,M
2654,customer_1653,customer1653.gmail.com,Mumbai,Email,2024-09-15,54,F
2655,customer_1654,customer1654.gmail.com,Delhi,SMS,2024-08-06,24,M
2656,customer_1655,customer1655.gmail.com,Pune,Email,2023-02-15,34,M
2657,customer_1656,customer1656.gmail.com,Delhi,Paid Social,2022-11-25,60,F
2658,customer_1657,customer1657.gmail.com,Pune,Google Search,2023-11-07,21,M
2659,customer_1658,customer1658.gmail.com,Hyderabad,Email,2022-02-05,50,M
2660,customer_1659,customer1659.gmail.com,Bengaluru,Email,2024-01-12,33,M
2661,customer_1660,customer1660.gmail.com,Pune,SMS,2024-01-18,41,Others
2662,customer_1661,customer1661.gmail.com,Chennai,Email,2022-02-08,64,F
2663,customer_1662,customer1662.gmail.com,Hyderabad,Email,2022-06-13,38,Others
2664,customer_1663,customer1663.gmail.com,Chennai,Paid Social,2022-05-29,46,M
2665,customer_1664,customer1664.gmail.com,Chennai,Paid Social,2024-02-22,32,F
2666,customer_1665,customer1665.gmail.com,Pune,Google Search,2022-03-29,45,M
2667,customer_1666,customer1666.gmail.com,Mumbai,Paid Social,2024-07-31,35,M
2668,customer_1667,customer1667.gmail.com,Bengaluru,Organic,2023-11-12,25,M
2669,customer_1668,customer1668.gmail.com,Hyderabad,SMS,2022-11-02,26,M
2670,customer_1669,customer1669.gmail.com,Hyderabad,Email,2022-08-27,63,F
2671,customer_1670,customer1670.gmail.com,Mumbai,Email,2022-12-06,61,F
2672,customer_1671,customer1671.gmail.com,Pune,Organic,2024-05-24,23,M
2673,customer_1672,customer1672.gmail.com,Hyderabad,SMS,2022-12-18,51,M
2674,customer_1673,customer1673.gmail.com,Pune,Organic,2022-01-20,20,F
2675,customer_1674,customer1674.gmail.com,Pune,Organic,2023-09-03,35,F
2676,customer_1675,customer1675.gmail.com,Mumbai,SMS,2022-08-13,36,F
2677,customer_1676,customer1676.gmail.com,Pune,Email,2023-03-19,26,F
2678,customer_1677,customer1677.gmail.com,Bengaluru,Email,2022-06-30,30,F
2679,customer_1678,customer1678.gmail.com,Mumbai,SMS,2022-05-24,57,F
2680,customer_1679,customer1679.gmail.com,Mumbai,Paid Social,2024-05-19,22,M
2681,customer_1680,customer1680.gmail.com,Delhi,SMS,2022-04-12,64,M
2682,customer_1681,customer1681.gmail.com,Bengaluru,Organic,2024-07-29,56,M
2683,customer_1682,customer1682.gmail.com,Hyderabad,Organic,2022-05-24,53,F
2684,customer_1683,customer1683.gmail.com,Pune,Email,2022-12-17,41,M
2685,customer_1684,customer1684.gmail.com,Pune,SMS,2024-01-19,54,F
2686,customer_1685,customer1685.gmail.com,Mumbai,SMS,2023-09-11,61,F
2687,customer_1686,customer1686.gmail.com,Pune,Email,2024-06-08,63,F
2688,customer_1687,customer1687.gmail.com,Bengaluru,Organic,2024-02-15,61,M
2689,customer_1688,customer1688.gmail.com,Hyderabad,Email,2023-04-02,28,F
2690,customer_1689,customer1689.gmail.com,Chennai,Google Search,2024-02-20,59,M
2691,customer_1690,customer1690.gmail.com,Chennai,Organic,2022-09-28,63,F
2692,customer_1691,customer1691.gmail.com,Pune,SMS,2022-11-05,27,F
2693,customer_1692,customer1692.gmail.com,Mumbai,Paid Social,2024-10-08,20,M
2694,customer_1693,customer1693.gmail.com,Chennai,Paid Social,2022-09-18,34,M
2695,customer_1694,customer1694.gmail.com,Bengaluru,Paid Social,2023-05-25,22,F
2696,customer_1695,customer1695.gmail.com,Hyderabad,SMS,2023-06-09,54,F
2697,customer_1696,customer1696.gmail.com,Chennai,SMS,2022-11-19,52,M
2698,customer_1697,customer1697.gmail.com,Bengaluru,Paid Social,2022-01-19,57,M
2699,customer_1698,customer1698.gmail.com,Bengaluru,Paid Social,2024-03-31,35,F
2700,customer_1699,customer1699.gmail.com,Chennai,Google Search,2023-08-01,44,F
2701,customer_1700,customer1700.gmail.com,Bengaluru,Email,2022-05-01,43,M
2702,customer_1701,customer1701.gmail.com,Chennai,Paid Social,2022-12-24,48,F
2703,customer_1702,customer1702.gmail.com,Pune,Paid Social,2022-02-18,30,M
2704,customer_1703,customer1703.gmail.com,Bengaluru,Google Search,2022-02-27,33,M
2705,customer_1704,customer1704.gmail.com,Pune,Email,2022-04-15,39,M
2706,customer_1705,customer1705.gmail.com,Bengaluru,Paid Social,2024-03-16,33,M
2707,customer_1706,customer1706.gmail.com,Hyderabad,Google Search,2024-07-12,25,M
2708,customer_1707,customer1707.gmail.com,Mumbai,Organic,2022-06-10,49,F
2709,customer_1708,customer1708.gmail.com,Pune,Email,2024-06-16,35,M
2710,customer_1709,customer1709.gmail.com,Chennai,Email,2023-06-08,50,F
2711,customer_1710,customer1710.gmail.com,Chennai,Organic,2023-07-17,62,M
2712,customer_1711,customer1711.gmail.com,Mumbai,Paid Social,2023-10-08,63,F
2713,customer_1712,customer1712.gmail.com,Chennai,Organic,2024-11-04,62,F
2714,customer_1713,customer1713.gmail.com,Hyderabad,Paid Social,2022-10-28,55,F
2715,customer_1714,customer1714.gmail.com,Mumbai,Paid Social,2024-03-23,47,M
2716,customer_1715,customer1715.gmail.com,Bengaluru,Google Search,2022-09-28,59,F
2717,customer_1716,customer1716.gmail.com,Hyderabad,Google Search,2024-02-17,30,F
2718,customer_1717,customer1717.gmail.com,Pune,SMS,2024-04-26,30,F
2719,customer_1718,customer1718.gmail.com,Hyderabad,Email,2024-05-28,21,M
2720,customer_1719,customer1719.gmail.com,Pune,Google Search,2023-04-30,57,M
2721,customer_1720,customer1720.gmail.com,Chennai,Email,2022-10-18,59,M
2722,customer_1721,customer1721.gmail.com,Chennai,Paid Social,2024-02-11,23,F
2723,customer_1722,customer1722.gmail.com,Bengaluru,Google Search,2023-02-19,63,F
2724,customer_1723,customer1723.gmail.com,Delhi,SMS,2023-01-03,54,F
2725,customer_1724,customer1724.gmail.com,Bengaluru,Paid Social,2022-11-25,32,M
2726,customer_1725,customer1725.gmail.com,Bengaluru,Organic,2024-10-15,44,M
2727,customer_1726,customer1726.gmail.com,Chennai,Google Search,2023-04-06,49,F
2728,customer_1727,customer1727.gmail.com,Mumbai,Email,2024-07-21,24,F
2729,customer_1728,customer1728.gmail.com,Delhi,SMS,2024-09-27,48,F
2730,customer_1729,customer1729.gmail.com,Hyderabad,SMS,2023-10-26,41,M
2731,customer_1730,customer1730.gmail.com,Delhi,SMS,2022-11-11,19,M
2732,customer_1731,customer1731.gmail.com,Bengaluru,Paid Social,2023-04-17,25,F
2733,customer_1732,customer1732.gmail.com,Mumbai,Paid Social,2022-06-06,24,F
2734,customer_1733,customer1733.gmail.com,Chennai,Google Search,2022-11-26,18,F
2735,customer_1734,customer1734.gmail.com,Delhi,Email,2022-03-27,55,F
2736,customer_1735,customer1735.gmail.com,Hyderabad,Organic,2024-06-26,25,F
2737,customer_1736,customer1736.gmail.com,Delhi,Paid Social,2023-09-22,21,F
2738,customer_1737,customer1737.gmail.com,Pune,SMS,2024-08-13,47,M
2739,customer_1738,customer1738.gmail.com,Pune,SMS,2024-08-20,36,M
2740,customer_1739,customer1739.gmail.com,Hyderabad,Email,2023-02-19,54,F
2741,customer_1740,customer1740.gmail.com,Delhi,Organic,2022-02-19,37,M
2742,customer_1741,customer1741.gmail.com,Mumbai,Google Search,2023-05-14,62,F
2743,customer_1742,customer1742.gmail.com,Hyderabad,Google Search,2022-06-09,61,F
2744,customer_1743,customer1743.gmail.com,Bengaluru,Paid Social,2024-11-21,30,F
2745,customer_1744,customer1744.gmail.com,Bengaluru,Organic,2022-10-15,49,F
2746,customer_1745,customer1745.gmail.com,Hyderabad,Paid Social,2022-04-15,19,M
2747,customer_1746,customer1746.gmail.com,Bengaluru,Paid Social,2022-01-12,30,F
2748,customer_1747,customer1747.gmail.com,Chennai,Email,2023-10-12,25,F
2749,customer_1748,customer1748.gmail.com,Pune,Google Search,2023-01-31,49,M
2750,customer_1749,customer1749.gmail.com,Mumbai,SMS,2023-12-26,31,M
2751,customer_1750,customer1750.gmail.com,Mumbai,Email,2024-03-28,38,M
2752,customer_1751,customer1751.gmail.com,Mumbai,Email,2023-03-29,50,F
2753,customer_1752,customer1752.gmail.com,Delhi,SMS,2023-01-24,53,F
2754,customer_1753,customer1753.gmail.com,Hyderabad,Organic,2022-11-23,38,F
2755,customer_1754,customer1754.gmail.com,Bengaluru,SMS,2024-05-22,23,M
2756,customer_1755,customer1755.gmail.com,Delhi,SMS,2022-12-29,22,F
2757,customer_1756,customer1756.gmail.com,Bengaluru,SMS,2024-09-01,47,F
2758,customer_1757,customer1757.gmail.com,Hyderabad,SMS,2022-10-14,45,M
2759,customer_1758,customer1758.gmail.com,Bengaluru,Google Search,2022-10-01,54,F
2760,customer_1759,customer1759.gmail.com,Delhi,Google Search,2022-01-08,58,F
2761,customer_1760,customer1760.gmail.com,Delhi,Email,2023-06-03,29,M
2762,customer_1761,customer1761.gmail.com,Delhi,Email,2022-06-12,58,Others
2763,customer_1762,customer1762.gmail.com,Mumbai,Organic,2023-05-13,28,M
2764,customer_1763,customer1763.gmail.com,Pune,SMS,2022-02-05,23,M
2765,customer_1764,customer1764.gmail.com,Delhi,Organic,2022-04-24,37,F
2766,customer_1765,customer1765.gmail.com,Pune,Organic,2024-05-04,44,M
2767,customer_1766,customer1766.gmail.com,Chennai,Organic,2022-09-10,46,M
2768,customer_1767,customer1767.gmail.com,Delhi,Organic,2022-05-31,26,M
2769,customer_1768,customer1768.gmail.com,Bengaluru,Google Search,2022-06-23,57,F
2770,customer_1769,customer1769.gmail.com,Hyderabad,SMS,2024-02-07,24,M
2771,customer_1770,customer1770.gmail.com,Chennai,Email,2023-05-23,38,F
2772,customer_1771,customer1771.gmail.com,Delhi,Paid Social,2024-06-18,35,M
2773,customer_1772,customer1772.gmail.com,Mumbai,Google Search,2022-02-11,32,M
2774,customer_1773,customer1773.gmail.com,Chennai,Organic,2022-04-18,19,F
2775,customer_1774,customer1774.gmail.com,Delhi,Paid Social,2023-05-21,50,M
2776,customer_1775,customer1775.gmail.com,Bengaluru,SMS,2024-11-23,28,F
2777,customer_1776,customer1776.gmail.com,Bengaluru,SMS,2024-07-20,23,M
2778,customer_1777,customer1777.gmail.com,Bengaluru,Organic,2022-08-12,30,M
2779,customer_1778,customer1778.gmail.com,Bengaluru,Google Search,2022-01-05,61,F
2780,customer_1779,customer1779.gmail.com,Delhi,Paid Social,2024-04-04,34,M
2781,customer_1780,customer1780.gmail.com,Pune,Organic,2024-11-04,58,M
2782,customer_1781,customer1781.gmail.com,Chennai,Paid Social,2023-09-22,42,M
2783,customer_1782,customer1782.gmail.com,Bengaluru,Google Search,2022-04-19,22,M
2784,customer_1783,customer1783.gmail.com,Bengaluru,Email,2023-07-11,31,M
2785,customer_1784,customer1784.gmail.com,Delhi,Paid Social,2023-07-20,62,F
2786,customer_1785,customer1785.gmail.com,Hyderabad,SMS,2024-08-09,46,F
2787,customer_1786,customer1786.gmail.com,Chennai,Paid Social,2023-02-28,47,F
2788,customer_1787,customer1787.gmail.com,Mumbai,Paid Social,2022-08-16,29,Others
2789,customer_1788,customer1788.gmail.com,Mumbai,SMS,2023-01-20,44,F
2790,customer_1789,customer1789.gmail.com,Mumbai,SMS,2024-11-05,48,Others
2791,customer_1790,customer1790.gmail.com,Hyderabad,Paid Social,2022-09-19,64,M
2792,customer_1791,customer1791.gmail.com,Delhi,Paid Social,2024-04-19,46,M
2793,customer_1792,customer1792.gmail.com,Hyderabad,Paid Social,2022-12-26,44,F
2794,customer_1793,customer1793.gmail.com,Bengaluru,Google Search,2022-03-17,22,M
2795,customer_1794,customer1794.gmail.com,Delhi,SMS,2023-04-30,26,F
2796,customer_1795,customer1795.gmail.com,Delhi,Organic,2023-03-08,43,F
2797,customer_1796,customer1796.gmail.com,Mumbai,SMS,2023-05-29,44,F
2798,customer_1797,customer1797.gmail.com,Bengaluru,Google Search,2024-01-14,32,M
2799,customer_1798,customer1798.gmail.com,Chennai,Paid Social,2023-03-21,32,F
2800,customer_1799,customer1799.gmail.com,Chennai,Paid Social,2022-05-19,51,M
2801,customer_1800,customer1800.gmail.com,Pune,Google Search,2023-01-29,31,F
2802,customer_1801,customer1801.gmail.com,Delhi,Email,2024-01-16,19,F
2803,customer_1802,customer1802.gmail.com,Delhi,Google Search,2023-09-27,63,M
2804,customer_1803,customer1803.gmail.com,Delhi,Paid Social,2023-08-10,23,M
2805,customer_1804,customer1804.gmail.com,Pune,SMS,2024-05-16,64,F
2806,customer_1805,customer1805.gmail.com,Chennai,SMS,2024-08-15,33,F
2807,customer_1806,customer1806.gmail.com,Mumbai,SMS,2022-01-08,26,F
2808,customer_1807,customer1807.gmail.com,Bengaluru,Email,2023-10-12,61,M
2809,customer_1808,customer1808.gmail.com,Pune,Organic,2022-04-06,33,F
2810,customer_1809,customer1809.gmail.com,Delhi,Organic,2022-12-17,61,M
2811,customer_1810,customer1810.gmail.com,Mumbai,Paid Social,2023-06-26,39,M
2812,customer_1811,customer1811.gmail.com,Bengaluru,SMS,2023-11-18,36,F
2813,customer_1812,customer1812.gmail.com,Hyderabad,SMS,2024-11-23,25,M
2814,customer_1813,customer1813.gmail.com,Chennai,SMS,2023-08-02,61,M
2815,customer_1814,customer1814.gmail.com,Mumbai,SMS,2022-09-04,62,M
2816,customer_1815,customer1815.gmail.com,Bengaluru,Google Search,2022-08-22,38,M
2817,customer_1816,customer1816.gmail.com,Delhi,Paid Social,2024-07-05,20,M
2818,customer_1817,customer1817.gmail.com,Bengaluru,Google Search,2022-03-16,32,M
2819,customer_1818,customer1818.gmail.com,Delhi,Email,2023-12-16,19,F
2820,customer_1819,customer1819.gmail.com,Mumbai,Paid Social,2024-09-10,39,F
2821,customer_1820,customer1820.gmail.com,Hyderabad,SMS,2022-10-23,34,F
2822,customer_1821,customer1821.gmail.com,Mumbai,SMS,2022-09-05,33,Others
2823,customer_1822,customer1822.gmail.com,Delhi,Google Search,2022-03-15,64,F
2824,customer_1823,customer1823.gmail.com,Pune,Organic,2022-12-24,61,M
2825,customer_1824,customer1824.gmail.com,Mumbai,Google Search,2022-04-08,31,F
2826,customer_1825,customer1825.gmail.com,Chennai,Organic,2022-03-09,58,F
2827,customer_1826,customer1826.gmail.com,Hyderabad,Paid Social,2022-03-30,22,F
2828,customer_1827,customer1827.gmail.com,Pune,Paid Social,2024-01-23,38,F
2829,customer_1828,customer1828.gmail.com,Pune,Paid Social,2023-02-10,33,F
2830,customer_1829,customer1829.gmail.com,Delhi,Email,2022-01-23,48,M
2831,customer_1830,customer1830.gmail.com,Bengaluru,Paid Social,2024-08-27,49,M
2832,customer_1831,customer1831.gmail.com,Hyderabad,Google Search,2024-08-20,33,F
2833,customer_1832,customer1832.gmail.com,Delhi,Google Search,2023-06-07,26,F
2834,customer_1833,customer1833.gmail.com,Chennai,Organic,2024-04-07,54,M
2835,customer_1834,customer1834.gmail.com,Hyderabad,Paid Social,2024-11-23,26,M
2836,customer_1835,customer1835.gmail.com,Bengaluru,Organic,2022-06-03,38,M
2837,customer_1836,customer1836.gmail.com,Delhi,Google Search,2024-01-25,25,F
2838,customer_1837,customer1837.gmail.com,Mumbai,SMS,2024-07-27,41,F
2839,customer_1838,customer1838.gmail.com,Mumbai,Paid Social,2024-07-03,33,F
2840,customer_1839,customer1839.gmail.com,Pune,Email,2024-07-12,48,F
2841,customer_1840,customer1840.gmail.com,Bengaluru,Email,2022-12-24,37,M
2842,customer_1841,customer1841.gmail.com,Chennai,SMS,2024-08-05,22,F
2843,customer_1842,customer1842.gmail.com,Chennai,Organic,2024-01-21,62,Others
2844,customer_1843,customer1843.gmail.com,Delhi,Organic,2022-12-03,19,F
2845,customer_1844,customer1844.gmail.com,Bengaluru,Organic,2022-02-19,20,M
2846,customer_1845,customer1845.gmail.com,Bengaluru,Paid Social,2022-03-22,49,M
2847,customer_1846,customer1846.gmail.com,Mumbai,Organic,2023-07-20,42,M
2848,customer_1847,customer1847.gmail.com,Delhi,Email,2022-11-24,52,M
2849,customer_1848,customer1848.gmail.com,Pune,Email,2022-03-28,47,M
2850,customer_1849,customer1849.gmail.com,Delhi,Email,2024-02-05,32,M
2851,customer_1850,customer1850.gmail.com,Mumbai,Organic,2023-05-05,46,F
2852,customer_1851,customer1851.gmail.com,Pune,Paid Social,2023-02-22,19,Others
2853,customer_1852,customer1852.gmail.com,Chennai,Email,2023-01-17,23,M
2854,customer_1853,customer1853.gmail.com,Pune,Google Search,2022-01-04,46,F
2855,customer_1854,customer1854.gmail.com,Hyderabad,Email,2024-02-08,53,M
2856,customer_1855,customer1855.gmail.com,Delhi,Paid Social,2023-08-27,39,F
2857,customer_1856,customer1856.gmail.com,Chennai,Email,2023-02-28,23,M
2858,customer_1857,customer1857.gmail.com,Hyderabad,SMS,2023-12-15,46,M
2859,customer_1858,customer1858.gmail.com,Mumbai,SMS,2023-08-27,34,M
2860,customer_1859,customer1859.gmail.com,Chennai,SMS,2023-07-27,49,F
2861,customer_1860,customer1860.gmail.com,Delhi,Email,2023-02-24,35,M
2862,customer_1861,customer1861.gmail.com,Delhi,Paid Social,2023-11-14,42,F
2863,customer_1862,customer1862.gmail.com,Delhi,Organic,2022-10-29,35,M
2864,customer_1863,customer1863.gmail.com,Hyderabad,Paid Social,2023-06-24,59,F
2865,customer_1864,customer1864.gmail.com,Bengaluru,Google Search,2022-11-17,63,F
2866,customer_1865,customer1865.gmail.com,Bengaluru,Google Search,2024-12-11,28,F
2867,customer_1866,customer1866.gmail.com,Bengaluru,Paid Social,2023-08-14,22,F
2868,customer_1867,customer1867.gmail.com,Hyderabad,Email,2022-01-12,44,F
2869,customer_1868,customer1868.gmail.com,Hyderabad,SMS,2022-12-18,61,F
2870,customer_1869,customer1869.gmail.com,Pune,SMS,2022-01-25,63,Others
2871,customer_1870,customer1870.gmail.com,Bengaluru,Organic,2023-11-07,23,Others
2872,customer_1871,customer1871.gmail.com,Hyderabad,Email,2023-10-23,28,F
2873,customer_1872,customer1872.gmail.com,Pune,Organic,2022-09-12,57,M
2874,customer_1873,customer1873.gmail.com,Mumbai,Paid Social,2022-08-26,46,F
2875,customer_1874,customer1874.gmail.com,Mumbai,Organic,2023-06-06,49,F
2876,customer_1875,customer1875.gmail.com,Hyderabad,Google Search,2024-08-31,21,F
2877,customer_1876,customer1876.gmail.com,Pune,Organic,2023-03-23,22,F
2878,customer_1877,customer1877.gmail.com,Pune,SMS,2024-11-07,35,M
2879,customer_1878,customer1878.gmail.com,Hyderabad,Google Search,2024-01-24,25,M
2880,customer_1879,customer1879.gmail.com,Delhi,SMS,2023-05-19,40,M
2881,customer_1880,customer1880.gmail.com,Mumbai,Paid Social,2022-07-02,55,F
2882,customer_1881,customer1881.gmail.com,Mumbai,Organic,2023-04-04,60,F
2883,customer_1882,customer1882.gmail.com,Delhi,Organic,2023-10-07,29,F
2884,customer_1883,customer1883.gmail.com,Mumbai,Organic,2024-03-15,38,F
2885,customer_1884,customer1884.gmail.com,Mumbai,Email,2022-11-04,39,F
2886,customer_1885,customer1885.gmail.com,Mumbai,Email,2022-08-19,49,M
2887,customer_1886,customer1886.gmail.com,Mumbai,Google Search,2022-08-14,45,F
2888,customer_1887,customer1887.gmail.com,Bengaluru,SMS,2022-10-08,35,M
2889,customer_1888,customer1888.gmail.com,Hyderabad,Paid Social,2022-08-13,20,F
2890,customer_1889,customer1889.gmail.com,Delhi,Email,2024-02-22,47,F
2891,customer_1890,customer1890.gmail.com,Mumbai,SMS,2023-05-28,30,M
2892,customer_1891,customer1891.gmail.com,Chennai,Organic,2023-11-09,18,F
2893,customer_1892,customer1892.gmail.com,Bengaluru,Organic,2024-04-15,52,M
2894,customer_1893,customer1893.gmail.com,Hyderabad,SMS,2023-01-29,56,F
2895,customer_1894,customer1894.gmail.com,Delhi,Organic,2023-02-13,43,F
2896,customer_1895,customer1895.gmail.com,Mumbai,Email,2022-12-18,34,F
2897,customer_1896,customer1896.gmail.com,Mumbai,Paid Social,2024-05-19,49,M
2898,customer_1897,customer1897.gmail.com,Chennai,Email,2023-10-18,39,M
2899,customer_1898,customer1898.gmail.com,Mumbai,Organic,2022-08-31,56,M
2900,customer_1899,customer1899.gmail.com,Chennai,Paid Social,2022-12-14,42,F
2901,customer_1900,customer1900.gmail.com,Pune,Organic,2024-08-14,49,M
2902,customer_1901,customer1901.gmail.com,Bengaluru,Paid Social,2024-06-14,41,F
2903,customer_1902,customer1902.gmail.com,Hyderabad,Google Search,2023-02-26,25,M
2904,customer_1903,customer1903.gmail.com,Delhi,Organic,2024-03-21,61,M
2905,customer_1904,customer1904.gmail.com,Chennai,Google Search,2024-02-07,47,M
2906,customer_1905,customer1905.gmail.com,Delhi,Email,2022-12-23,30,M
2907,customer_1906,customer1906.gmail.com,Bengaluru,Email,2023-12-23,40,F
2908,customer_1907,customer1907.gmail.com,Chennai,Email,2022-03-05,54,Others
2909,customer_1908,customer1908.gmail.com,Bengaluru,Organic,2024-08-16,30,M
2910,customer_1909,customer1909.gmail.com,Mumbai,SMS,2024-09-14,47,F
2911,customer_1910,customer1910.gmail.com,Delhi,Google Search,2022-02-18,23,M
2912,customer_1911,customer1911.gmail.com,Mumbai,Google Search,2023-03-12,47,M
2913,customer_1912,customer1912.gmail.com,Bengaluru,Google Search,2023-05-20,51,M
2914,customer_1913,customer1913.gmail.com,Chennai,Organic,2024-07-07,64,F
2915,customer_1914,customer1914.gmail.com,Bengaluru,Google Search,2023-09-23,34,F
2916,customer_1915,customer1915.gmail.com,Bengaluru,Google Search,2022-12-22,41,F
2917,customer_1916,customer1916.gmail.com,Hyderabad,Google Search,2024-02-19,26,M
2918,customer_1917,customer1917.gmail.com,Hyderabad,Organic,2023-11-29,36,F
2919,customer_1918,customer1918.gmail.com,Mumbai,Organic,2022-06-01,48,Others
2920,customer_1919,customer1919.gmail.com,Bengaluru,SMS,2022-12-08,60,F
2921,customer_1920,customer1920.gmail.com,Mumbai,Google Search,2022-08-04,42,Others
2922,customer_1921,customer1921.gmail.com,Mumbai,SMS,2022-09-21,50,M
2923,customer_1922,customer1922.gmail.com,Chennai,Google Search,2022-04-11,55,F
2924,customer_1923,customer1923.gmail.com,Chennai,Google Search,2022-05-09,54,M
2925,customer_1924,customer1924.gmail.com,Hyderabad,Email,2024-02-04,63,M
2926,customer_1925,customer1925.gmail.com,Pune,Email,2022-10-29,52,M
2927,customer_1926,customer1926.gmail.com,Hyderabad,SMS,2022-09-17,49,F
2928,customer_1927,customer1927.gmail.com,Mumbai,Organic,2023-08-07,39,F
2929,customer_1928,customer1928.gmail.com,Hyderabad,SMS,2023-06-28,20,M
2930,customer_1929,customer1929.gmail.com,Bengaluru,Email,2024-02-23,28,F
2931,customer_1930,customer1930.gmail.com,Bengaluru,Paid Social,2022-01-31,41,M
2932,customer_1931,customer1931.gmail.com,Delhi,Organic,2022-05-13,51,M
2933,customer_1932,customer1932.gmail.com,Pune,Paid Social,2024-07-27,47,M
2934,customer_1933,customer1933.gmail.com,Hyderabad,Organic,2023-10-15,32,Others
2935,customer_1934,customer1934.gmail.com,Pune,Email,2024-06-25,28,F
2936,customer_1935,customer1935.gmail.com,Delhi,Paid Social,2023-12-08,37,M
2937,customer_1936,customer1936.gmail.com,Bengaluru,Paid Social,2022-02-02,41,M
2938,customer_1937,customer1937.gmail.com,Mumbai,Google Search,2023-10-06,27,F
2939,customer_1938,customer1938.gmail.com,Hyderabad,Paid Social,2023-05-14,56,M
2940,customer_1939,customer1939.gmail.com,Chennai,Google Search,2023-05-09,52,M
2941,customer_1940,customer1940.gmail.com,Bengaluru,Email,2022-11-10,59,M
2942,customer_1941,customer1941.gmail.com,Delhi,Paid Social,2024-08-13,48,M
2943,customer_1942,customer1942.gmail.com,Mumbai,Google Search,2022-12-20,44,F
2944,customer_1943,customer1943.gmail.com,Bengaluru,Paid Social,2024-05-24,22,M
2945,customer_1944,customer1944.gmail.com,Bengaluru,Email,2023-04-28,29,M
2946,customer_1945,customer1945.gmail.com,Bengaluru,Paid Social,2023-08-16,51,F
2947,customer_1946,customer1946.gmail.com,Hyderabad,Paid Social,2023-06-22,28,M
2948,customer_1947,customer1947.gmail.com,Hyderabad,SMS,2024-06-29,46,M
2949,customer_1948,customer1948.gmail.com,Chennai,SMS,2023-02-20,44,M
2950,customer_1949,customer1949.gmail.com,Mumbai,Google Search,2024-12-20,60,F
2951,customer_1950,customer1950.gmail.com,Hyderabad,Paid Social,2024-10-24,33,F
2952,customer_1951,customer1951.gmail.com,Delhi,Paid Social,2024-09-28,32,M
2953,customer_1952,customer1952.gmail.com,Mumbai,Paid Social,2024-11-01,30,M
2954,customer_1953,customer1953.gmail.com,Bengaluru,Paid Social,2023-10-13,50,M
2955,customer_1954,customer1954.gmail.com,Delhi,SMS,2024-02-21,22,F
2956,customer_1955,customer1955.gmail.com,Bengaluru,Paid Social,2024-11-04,47,F
2957,customer_1956,customer1956.gmail.com,Mumbai,Google Search,2022-09-26,43,M
2958,customer_1957,customer1957.gmail.com,Chennai,Paid Social,2022-10-17,26,M
2959,customer_1958,customer1958.gmail.com,Bengaluru,SMS,2024-10-20,22,F
2960,customer_1959,customer1959.gmail.com,Pune,Google Search,2024-01-03,52,F
2961,customer_1960,customer1960.gmail.com,Delhi,SMS,2022-02-12,56,M
2962,customer_1961,customer1961.gmail.com,Chennai,Google Search,2023-04-26,57,M
2963,customer_1962,customer1962.gmail.com,Chennai,Google Search,2023-03-04,18,F
2964,customer_1963,customer1963.gmail.com,Chennai,Paid Social,2024-03-27,56,F
2965,customer_1964,customer1964.gmail.com,Mumbai,Organic,2024-09-15,20,F
2966,customer_1965,customer1965.gmail.com,Mumbai,SMS,2023-06-29,26,M
2967,customer_1966,customer1966.gmail.com,Bengaluru,Google Search,2022-09-15,43,F
2968,customer_1967,customer1967.gmail.com,Bengaluru,Google Search,2022-10-17,19,F
2969,customer_1968,customer1968.gmail.com,Delhi,SMS,2023-03-23,45,M
2970,customer_1969,customer1969.gmail.com,Hyderabad,SMS,2023-12-27,37,M
2971,customer_1970,customer1970.gmail.com,Delhi,Email,2023-08-02,43,M
2972,customer_1971,customer1971.gmail.com,Chennai,SMS,2024-06-24,31,M
2973,customer_1972,customer1972.gmail.com,Pune,Organic,2023-02-03,19,Others
2974,customer_1973,customer1973.gmail.com,Delhi,Organic,2023-04-05,38,F
2975,customer_1974,customer1974.gmail.com,Bengaluru,Organic,2023-11-10,36,F
2976,customer_1975,customer1975.gmail.com,Hyderabad,Email,2024-12-10,63,M
2977,customer_1976,customer1976.gmail.com,Hyderabad,Email,2022-05-22,32,M
2978,customer_1977,customer1977.gmail.com,Delhi,Email,2023-10-15,49,F
2979,customer_1978,customer1978.gmail.com,Pune,Google Search,2022-03-19,53,F
2980,customer_1979,customer1979.gmail.com,Delhi,Paid Social,2023-03-04,31,F
2981,customer_1980,customer1980.gmail.com,Mumbai,Email,2022-02-08,52,F
2982,customer_1981,customer1981.gmail.com,Hyderabad,Paid Social,2022-07-07,26,F
2983,customer_1982,customer1982.gmail.com,Mumbai,Paid Social,2024-02-01,51,F
2984,customer_1983,customer1983.gmail.com,Pune,Paid Social,2024-04-24,54,F
2985,customer_1984,customer1984.gmail.com,Pune,Organic,2022-01-03,48,F
2986,customer_1985,customer1985.gmail.com,Bengaluru,Email,2023-12-01,42,Others
2987,customer_1986,customer1986.gmail.com,Delhi,SMS,2024-07-10,58,F
2988,customer_1987,customer1987.gmail.com,Delhi,SMS,2022-08-09,61,M
2989,customer_1988,customer1988.gmail.com,Chennai,Organic,2022-06-09,27,M
2990,customer_1989,customer1989.gmail.com,Delhi,Google Search,2024-05-20,51,F
2991,customer_1990,customer1990.gmail.com,Mumbai,Google Search,2024-09-17,32,F
2992,customer_1991,customer1991.gmail.com,Chennai,Email,2023-05-16,64,F
2993,customer_1992,customer1992.gmail.com,Pune,SMS,2022-10-21,19,F
2994,customer_1993,customer1993.gmail.com,Chennai,Paid Social,2023-10-24,55,F
2995,customer_1994,customer1994.gmail.com,Pune,Email,2022-06-30,43,F
2996,customer_1995,customer1995.gmail.com,Chennai,Google Search,2023-04-15,59,F
2997,customer_1996,customer1996.gmail.com,Mumbai,Email,2023-05-16,52,F
2998,customer_1997,customer1997.gmail.com,Delhi,SMS,2024-03-11,62,F
2999,customer_1998,customer1998.gmail.com,Delhi,Paid Social,2024-08-02,49,F
3000,customer_1999,customer1999.gmail.com,Mumbai,Paid Social,2024-02-05,49,M
3001,customer_2000,customer2000.gmail.com,Chennai,Google Search,2022-05-14,60,M
3002,customer_2001,customer2001.gmail.com,Chennai,Google Search,2023-03-22,45,M
3003,customer_2002,customer2002.gmail.com,Bengaluru,Organic,2024-06-20,61,M
3004,customer_2003,customer2003.gmail.com,Bengaluru,SMS,2024-10-28,44,M
3005,customer_2004,customer2004.gmail.com,Chennai,Google Search,2022-04-21,32,F
3006,customer_2005,customer2005.gmail.com,Chennai,SMS,2022-08-05,41,M
3007,customer_2006,customer2006.gmail.com,Delhi,Organic,2024-06-01,38,M
3008,customer_2007,customer2007.gmail.com,Delhi,Email,2024-02-22,18,F
3009,customer_2008,customer2008.gmail.com,Mumbai,Organic,2022-05-30,38,M
3010,customer_2009,customer2009.gmail.com,Hyderabad,SMS,2023-08-21,40,M
3011,customer_2010,customer2010.gmail.com,Pune,Google Search,2024-12-15,39,F
3012,customer_2011,customer2011.gmail.com,Delhi,Organic,2024-02-25,48,F
3013,customer_2012,customer2012.gmail.com,Chennai,Paid Social,2022-04-17,46,M
3014,customer_2013,customer2013.gmail.com,Delhi,SMS,2024-06-11,56,F
3015,customer_2014,customer2014.gmail.com,Hyderabad,Google Search,2024-11-28,64,M
3016,customer_2015,customer2015.gmail.com,Bengaluru,Email,2022-03-30,18,F
3017,customer_2016,customer2016.gmail.com,Pune,Google Search,2022-07-08,18,M
3018,customer_2017,customer2017.gmail.com,Hyderabad,SMS,2024-10-05,35,F
3019,customer_2018,customer2018.gmail.com,Mumbai,Paid Social,2023-07-10,58,F
3020,customer_2019,customer2019.gmail.com,Bengaluru,Google Search,2022-08-20,28,F
3021,customer_2020,customer2020.gmail.com,Pune,Google Search,2024-03-06,64,M
3022,customer_2021,customer2021.gmail.com,Bengaluru,SMS,2022-10-13,61,F
3023,customer_2022,customer2022.gmail.com,Hyderabad,SMS,2024-12-10,54,M
3024,customer_2023,customer2023.gmail.com,Pune,Paid Social,2024-03-11,23,F
3025,customer_2024,customer2024.gmail.com,Delhi,Google Search,2024-10-06,29,F
3026,customer_2025,customer2025.gmail.com,Mumbai,Paid Social,2024-04-11,52,M
3027,customer_2026,customer2026.gmail.com,Bengaluru,SMS,2023-04-30,58,F
3028,customer_2027,customer2027.gmail.com,Chennai,Paid Social,2024-08-22,58,F
3029,customer_2028,customer2028.gmail.com,Mumbai,SMS,2024-04-01,25,F
3030,customer_2029,customer2029.gmail.com,Bengaluru,Email,2022-06-26,60,M
3031,customer_2030,customer2030.gmail.com,Bengaluru,Paid Social,2024-10-04,18,F
3032,customer_2031,customer2031.gmail.com,Chennai,Google Search,2024-10-27,60,M
3033,customer_2032,customer2032.gmail.com,Bengaluru,Google Search,2024-10-02,19,M
3034,customer_2033,customer2033.gmail.com,Mumbai,Google Search,2024-07-28,52,M
3035,customer_2034,customer2034.gmail.com,Delhi,Google Search,2024-04-07,51,F
3036,customer_2035,customer2035.gmail.com,Bengaluru,Email,2022-09-14,59,F
3037,customer_2036,customer2036.gmail.com,Hyderabad,Google Search,2023-07-17,33,F
3038,customer_2037,customer2037.gmail.com,Chennai,Paid Social,2024-03-16,59,M
3039,customer_2038,customer2038.gmail.com,Hyderabad,SMS,2023-08-01,25,F
3040,customer_2039,customer2039.gmail.com,Chennai,SMS,2023-01-04,23,M
3041,customer_2040,customer2040.gmail.com,Mumbai,SMS,2024-08-21,57,M
3042,customer_2041,customer2041.gmail.com,Mumbai,SMS,2022-07-06,21,F
3043,customer_2042,customer2042.gmail.com,Hyderabad,Paid Social,2023-12-03,40,M
3044,customer_2043,customer2043.gmail.com,Chennai,Google Search,2024-01-17,31,M
3045,customer_2044,customer2044.gmail.com,Delhi,Organic,2022-03-04,42,M
3046,customer_2045,customer2045.gmail.com,Delhi,Google Search,2024-06-08,53,M
3047,customer_2046,customer2046.gmail.com,Pune,Organic,2022-08-16,51,F
3048,customer_2047,customer2047.gmail.com,Bengaluru,Email,2022-01-15,55,M
3049,customer_2048,customer2048.gmail.com,Chennai,SMS,2022-05-09,29,F
3050,customer_2049,customer2049.gmail.com,Hyderabad,Email,2024-01-26,38,M
3051,customer_2050,customer2050.gmail.com,Chennai,SMS,2024-04-17,62,F
3052,customer_2051,customer2051.gmail.com,Mumbai,Organic,2024-10-30,32,F
3053,customer_2052,customer2052.gmail.com,Hyderabad,SMS,2023-11-17,62,F
3054,customer_2053,customer2053.gmail.com,Hyderabad,SMS,2023-11-18,34,M
3055,customer_2054,customer2054.gmail.com,Mumbai,Google Search,2024-08-08,41,M
3056,customer_2055,customer2055.gmail.com,Hyderabad,Google Search,2023-06-14,45,F
3057,customer_2056,customer2056.gmail.com,Chennai,Google Search,2023-06-06,48,F
3058,customer_2057,customer2057.gmail.com,Delhi,Email,2023-03-19,61,M
3059,customer_2058,customer2058.gmail.com,Bengaluru,Paid Social,2022-10-25,48,F
3060,customer_2059,customer2059.gmail.com,Delhi,Organic,2022-04-23,38,M
3061,customer_2060,customer2060.gmail.com,Hyderabad,Email,2023-01-26,50,F
3062,customer_2061,customer2061.gmail.com,Delhi,Google Search,2024-02-22,27,M
3063,customer_2062,customer2062.gmail.com,Pune,Google Search,2024-09-25,19,F
3064,customer_2063,customer2063.gmail.com,Hyderabad,Paid Social,2024-07-19,28,M
3065,customer_2064,customer2064.gmail.com,Pune,Email,2024-03-31,32,F
3066,customer_2065,customer2065.gmail.com,Chennai,Google Search,2024-10-21,42,M
3067,customer_2066,customer2066.gmail.com,Delhi,SMS,2024-01-25,51,M
3068,customer_2067,customer2067.gmail.com,Chennai,Organic,2023-02-10,40,M
3069,customer_2068,customer2068.gmail.com,Mumbai,Email,2024-09-06,60,M
3070,customer_2069,customer2069.gmail.com,Bengaluru,SMS,2022-10-19,45,M
3071,customer_2070,customer2070.gmail.com,Mumbai,Email,2023-02-04,21,M
3072,customer_2071,customer2071.gmail.com,Pune,Email,2022-05-30,20,M
3073,customer_2072,customer2072.gmail.com,Chennai,Google Search,2024-04-27,31,M
3074,customer_2073,customer2073.gmail.com,Mumbai,Paid Social,2024-08-12,46,M
3075,customer_2074,customer2074.gmail.com,Pune,SMS,2023-11-11,38,M
3076,customer_2075,customer2075.gmail.com,Mumbai,Google Search,2022-12-13,34,M
3077,customer_2076,customer2076.gmail.com,Bengaluru,Organic,2022-04-26,23,F
3078,customer_2077,customer2077.gmail.com,Hyderabad,Google Search,2024-05-21,62,M
3079,customer_2078,customer2078.gmail.com,Bengaluru,Email,2022-07-10,22,F
3080,customer_2079,customer2079.gmail.com,Delhi,SMS,2022-12-01,18,M
3081,customer_2080,customer2080.gmail.com,Chennai,Organic,2022-12-15,27,M
3082,customer_2081,customer2081.gmail.com,Delhi,Google Search,2023-04-20,22,F
3083,customer_2082,customer2082.gmail.com,Mumbai,Email,2023-05-09,45,F
3084,customer_2083,customer2083.gmail.com,Bengaluru,Organic,2022-04-16,49,M
3085,customer_2084,customer2084.gmail.com,Delhi,Email,2023-02-17,24,M
3086,customer_2085,customer2085.gmail.com,Hyderabad,Google Search,2023-08-13,59,F
3087,customer_2086,customer2086.gmail.com,Mumbai,Google Search,2023-01-13,19,F
3088,customer_2087,customer2087.gmail.com,Pune,Email,2024-12-11,39,F
3089,customer_2088,customer2088.gmail.com,Mumbai,SMS,2023-12-02,45,Others
3090,customer_2089,customer2089.gmail.com,Bengaluru,SMS,2022-09-08,50,M
3091,customer_2090,customer2090.gmail.com,Bengaluru,Paid Social,2023-05-01,56,M
3092,customer_2091,customer2091.gmail.com,Hyderabad,Google Search,2024-06-01,48,M
3093,customer_2092,customer2092.gmail.com,Mumbai,SMS,2023-07-05,51,F
3094,customer_2093,customer2093.gmail.com,Mumbai,Email,2024-12-22,27,M
3095,customer_2094,customer2094.gmail.com,Chennai,SMS,2024-10-13,45,F
3096,customer_2095,customer2095.gmail.com,Bengaluru,Organic,2024-02-07,41,F
3097,customer_2096,customer2096.gmail.com,Mumbai,Organic,2022-04-01,31,F
3098,customer_2097,customer2097.gmail.com,Delhi,Email,2022-07-22,53,F
3099,customer_2098,customer2098.gmail.com,Delhi,Email,2023-07-01,19,M
3100,customer_2099,customer2099.gmail.com,Mumbai,Google Search,2024-11-07,51,F
3101,customer_2100,customer2100.gmail.com,Delhi,Organic,2022-10-02,52,F
3102,customer_2101,customer2101.gmail.com,Bengaluru,SMS,2024-08-17,60,F
3103,customer_2102,customer2102.gmail.com,Pune,Paid Social,2024-05-09,28,F
3104,customer_2103,customer2103.gmail.com,Mumbai,Email,2023-03-06,49,M
3105,customer_2104,customer2104.gmail.com,Chennai,Organic,2024-04-14,55,F
3106,customer_2105,customer2105.gmail.com,Hyderabad,Email,2022-09-11,53,M
3107,customer_2106,customer2106.gmail.com,Mumbai,SMS,2024-02-22,64,F
3108,customer_2107,customer2107.gmail.com,Bengaluru,SMS,2022-07-17,59,F
3109,customer_2108,customer2108.gmail.com,Hyderabad,Organic,2022-03-01,34,F
3110,customer_2109,customer2109.gmail.com,Hyderabad,Google Search,2023-05-31,38,M
3111,customer_2110,customer2110.gmail.com,Pune,Google Search,2023-10-23,48,M
3112,customer_2111,customer2111.gmail.com,Mumbai,Paid Social,2022-02-08,22,F
3113,customer_2112,customer2112.gmail.com,Mumbai,SMS,2023-08-02,39,M
3114,customer_2113,customer2113.gmail.com,Hyderabad,Email,2023-04-03,46,F
3115,customer_2114,customer2114.gmail.com,Delhi,SMS,2023-01-07,18,F
3116,customer_2115,customer2115.gmail.com,Mumbai,Organic,2024-10-17,47,F
3117,customer_2116,customer2116.gmail.com,Mumbai,Paid Social,2022-11-10,43,Others
3118,customer_2117,customer2117.gmail.com,Delhi,Google Search,2024-02-21,39,F
3119,customer_2118,customer2118.gmail.com,Chennai,Google Search,2022-09-23,27,F
3120,customer_2119,customer2119.gmail.com,Chennai,SMS,2022-04-12,30,F
3121,customer_2120,customer2120.gmail.com,Chennai,Google Search,2024-03-17,42,F
3122,customer_2121,customer2121.gmail.com,Pune,Email,2023-03-01,32,F
3123,customer_2122,customer2122.gmail.com,Mumbai,Paid Social,2023-07-09,18,F
3124,customer_2123,customer2123.gmail.com,Bengaluru,SMS,2024-12-26,28,F
3125,customer_2124,customer2124.gmail.com,Delhi,Paid Social,2024-09-28,61,F
3126,customer_2125,customer2125.gmail.com,Mumbai,Paid Social,2022-03-19,52,F
3127,customer_2126,customer2126.gmail.com,Delhi,SMS,2022-01-16,30,M
3128,customer_2127,customer2127.gmail.com,Delhi,Google Search,2023-10-27,36,F
3129,customer_2128,customer2128.gmail.com,Pune,Paid Social,2024-11-16,29,F
3130,customer_2129,customer2129.gmail.com,Pune,Organic,2024-04-01,26,M
3131,customer_2130,customer2130.gmail.com,Hyderabad,Organic,2024-12-15,37,Others
3132,customer_2131,customer2131.gmail.com,Mumbai,Google Search,2024-08-28,35,F
3133,customer_2132,customer2132.gmail.com,Pune,Organic,2022-04-11,42,M
3134,customer_2133,customer2133.gmail.com,Mumbai,Paid Social,2024-07-27,23,F
3135,customer_2134,customer2134.gmail.com,Hyderabad,Organic,2023-11-30,22,M
3136,customer_2135,customer2135.gmail.com,Chennai,Email,2022-07-30,55,M
3137,customer_2136,customer2136.gmail.com,Pune,Organic,2024-06-03,64,M
3138,customer_2137,customer2137.gmail.com,Pune,Email,2024-02-15,29,M
3139,customer_2138,customer2138.gmail.com,Hyderabad,Organic,2023-05-16,19,F
3140,customer_2139,customer2139.gmail.com,Bengaluru,Paid Social,2024-03-07,20,F
3141,customer_2140,customer2140.gmail.com,Bengaluru,Organic,2024-06-28,43,M
3142,customer_2141,customer2141.gmail.com,Hyderabad,Organic,2024-01-24,48,F
3143,customer_2142,customer2142.gmail.com,Bengaluru,Organic,2024-01-10,23,F
3144,customer_2143,customer2143.gmail.com,Bengaluru,Paid Social,2024-05-17,47,M
3145,customer_2144,customer2144.gmail.com,Bengaluru,Google Search,2023-05-02,49,F
3146,customer_2145,customer2145.gmail.com,Bengaluru,Google Search,2023-04-07,35,F
3147,customer_2146,customer2146.gmail.com,Delhi,Email,2024-02-17,56,M
3148,customer_2147,customer2147.gmail.com,Delhi,Organic,2023-01-27,26,M
3149,customer_2148,customer2148.gmail.com,Pune,Paid Social,2023-11-14,52,F
3150,customer_2149,customer2149.gmail.com,Mumbai,SMS,2023-09-16,26,F
3151,customer_2150,customer2150.gmail.com,Delhi,Email,2024-05-06,61,M
3152,customer_2151,customer2151.gmail.com,Mumbai,SMS,2024-08-30,23,F
3153,customer_2152,customer2152.gmail.com,Chennai,Paid Social,2023-12-14,52,F
3154,customer_2153,customer2153.gmail.com,Hyderabad,Organic,2023-02-28,21,M
3155,customer_2154,customer2154.gmail.com,Chennai,Google Search,2023-05-10,47,M
3156,customer_2155,customer2155.gmail.com,Chennai,Organic,2024-03-24,62,M
3157,customer_2156,customer2156.gmail.com,Hyderabad,Paid Social,2022-04-02,43,M
3158,customer_2157,customer2157.gmail.com,Chennai,Paid Social,2023-12-23,27,F
3159,customer_2158,customer2158.gmail.com,Hyderabad,Email,2024-01-15,23,F
3160,customer_2159,customer2159.gmail.com,Mumbai,Email,2022-08-20,48,M
3161,customer_2160,customer2160.gmail.com,Hyderabad,Paid Social,2022-05-16,43,M
3162,customer_2161,customer2161.gmail.com,Pune,Paid Social,2022-07-06,24,M
3163,customer_2162,customer2162.gmail.com,Mumbai,Paid Social,2022-02-05,25,M
3164,customer_2163,customer2163.gmail.com,Pune,Email,2022-01-21,38,M
3165,customer_2164,customer2164.gmail.com,Pune,Email,2023-05-08,55,M
3166,customer_2165,customer2165.gmail.com,Bengaluru,Paid Social,2022-09-16,50,M
3167,customer_2166,customer2166.gmail.com,Pune,SMS,2023-08-23,33,F
3168,customer_2167,customer2167.gmail.com,Delhi,Organic,2022-01-16,20,F
3169,customer_2168,customer2168.gmail.com,Chennai,SMS,2023-12-24,20,M
3170,customer_2169,customer2169.gmail.com,Pune,Email,2023-07-21,52,F
3171,customer_2170,customer2170.gmail.com,Hyderabad,Email,2023-10-24,40,M
3172,customer_2171,customer2171.gmail.com,Bengaluru,SMS,2022-10-05,29,M
3173,customer_2172,customer2172.gmail.com,Chennai,SMS,2023-01-31,41,F
3174,customer_2173,customer2173.gmail.com,Mumbai,Google Search,2024-09-14,54,F
3175,customer_2174,customer2174.gmail.com,Pune,SMS,2023-04-01,30,F
3176,customer_2175,customer2175.gmail.com,Chennai,SMS,2023-08-19,32,M
3177,customer_2176,customer2176.gmail.com,Bengaluru,Google Search,2023-04-08,24,M
3178,customer_2177,customer2177.gmail.com,Pune,Organic,2024-08-21,41,M
3179,customer_2178,customer2178.gmail.com,Pune,SMS,2023-07-14,61,M
3180,customer_2179,customer2179.gmail.com,Hyderabad,SMS,2023-02-03,30,M
3181,customer_2180,customer2180.gmail.com,Delhi,Email,2022-10-13,36,M
3182,customer_2181,customer2181.gmail.com,Bengaluru,Organic,2024-09-06,20,M
3183,customer_2182,customer2182.gmail.com,Bengaluru,SMS,2024-03-05,22,M
3184,customer_2183,customer2183.gmail.com,Pune,SMS,2022-08-14,54,M
3185,customer_2184,customer2184.gmail.com,Bengaluru,SMS,2023-04-02,60,M
3186,customer_2185,customer2185.gmail.com,Mumbai,Paid Social,2023-08-07,27,F
3187,customer_2186,customer2186.gmail.com,Mumbai,Paid Social,2023-12-19,37,F
3188,customer_2187,customer2187.gmail.com,Pune,Organic,2023-05-18,33,F
3189,customer_2188,customer2188.gmail.com,Bengaluru,Email,2023-08-09,61,F
3190,customer_2189,customer2189.gmail.com,Chennai,Organic,2023-05-31,24,M
3191,customer_2190,customer2190.gmail.com,Pune,Google Search,2024-09-04,51,F
3192,customer_2191,customer2191.gmail.com,Mumbai,SMS,2022-02-10,51,F
3193,customer_2192,customer2192.gmail.com,Bengaluru,Organic,2024-07-27,32,M
3194,customer_2193,customer2193.gmail.com,Delhi,SMS,2023-02-02,22,F
3195,customer_2194,customer2194.gmail.com,Pune,Organic,2023-02-17,27,M
3196,customer_2195,customer2195.gmail.com,Mumbai,Google Search,2022-08-31,59,M
3197,customer_2196,customer2196.gmail.com,Mumbai,SMS,2024-03-15,61,M
3198,customer_2197,customer2197.gmail.com,Delhi,Paid Social,2023-05-23,25,F
3199,customer_2198,customer2198.gmail.com,Pune,SMS,2024-06-02,38,M
3200,customer_2199,customer2199.gmail.com,Hyderabad,Paid Social,2022-05-30,62,F
3201,customer_2200,customer2200.gmail.com,Hyderabad,Email,2022-08-15,24,F
3202,customer_2201,customer2201.gmail.com,Mumbai,Paid Social,2022-07-08,57,F
3203,customer_2202,customer2202.gmail.com,Hyderabad,Organic,2023-01-26,26,F
3204,customer_2203,customer2203.gmail.com,Chennai,SMS,2023-08-26,60,M
3205,customer_2204,customer2204.gmail.com,Mumbai,SMS,2022-06-19,46,Others
3206,customer_2205,customer2205.gmail.com,Hyderabad,Organic,2024-01-08,37,M
3207,customer_2206,customer2206.gmail.com,Mumbai,SMS,2024-11-14,34,F
3208,customer_2207,customer2207.gmail.com,Chennai,Google Search,2024-10-24,56,Others
3209,customer_2208,customer2208.gmail.com,Bengaluru,SMS,2024-12-25,39,M
3210,customer_2209,customer2209.gmail.com,Delhi,SMS,2023-01-18,24,F
3211,customer_2210,customer2210.gmail.com,Mumbai,Email,2022-08-19,62,M
3212,customer_2211,customer2211.gmail.com,Hyderabad,SMS,2024-01-03,45,F
3213,customer_2212,customer2212.gmail.com,Pune,SMS,2022-06-03,23,M
3214,customer_2213,customer2213.gmail.com,Hyderabad,Google Search,2024-09-25,34,M
3215,customer_2214,customer2214.gmail.com,Delhi,Paid Social,2022-11-08,19,M
3216,customer_2215,customer2215.gmail.com,Hyderabad,Paid Social,2023-03-28,54,M
3217,customer_2216,customer2216.gmail.com,Hyderabad,SMS,2022-09-05,25,F
3218,customer_2217,customer2217.gmail.com,Pune,Paid Social,2024-07-28,24,F
3219,customer_2218,customer2218.gmail.com,Mumbai,Email,2024-05-07,33,M
3220,customer_2219,customer2219.gmail.com,Chennai,Email,2023-10-07,19,M
3221,customer_2220,customer2220.gmail.com,Bengaluru,Paid Social,2022-07-05,39,F
3222,customer_2221,customer2221.gmail.com,Pune,Email,2024-08-31,60,F
3223,customer_2222,customer2222.gmail.com,Delhi,SMS,2022-01-12,24,F
3224,customer_2223,customer2223.gmail.com,Chennai,Paid Social,2022-07-14,43,M
3225,customer_2224,customer2224.gmail.com,Pune,Google Search,2022-04-04,51,F
3226,customer_2225,customer2225.gmail.com,Chennai,SMS,2022-01-20,56,F
3227,customer_2226,customer2226.gmail.com,Mumbai,SMS,2023-01-22,29,F
3228,customer_2227,customer2227.gmail.com,Delhi,SMS,2024-10-02,58,M
3229,customer_2228,customer2228.gmail.com,Bengaluru,Paid Social,2023-10-20,52,F
3230,customer_2229,customer2229.gmail.com,Bengaluru,Google Search,2023-08-10,19,F
3231,customer_2230,customer2230.gmail.com,Hyderabad,Google Search,2022-01-07,46,M
3232,customer_2231,customer2231.gmail.com,Hyderabad,Google Search,2024-02-10,37,F
3233,customer_2232,customer2232.gmail.com,Delhi,Paid Social,2024-06-15,36,F
3234,customer_2233,customer2233.gmail.com,Bengaluru,Email,2024-01-27,54,M
3235,customer_2234,customer2234.gmail.com,Mumbai,SMS,2023-06-13,62,F
3236,customer_2235,customer2235.gmail.com,Delhi,SMS,2023-01-04,43,F
3237,customer_2236,customer2236.gmail.com,Hyderabad,Email,2022-07-20,54,F
3238,customer_2237,customer2237.gmail.com,Hyderabad,Paid Social,2023-04-11,30,M
3239,customer_2238,customer2238.gmail.com,Hyderabad,Google Search,2022-09-07,40,F
3240,customer_2239,customer2239.gmail.com,Pune,Paid Social,2024-07-11,42,M
3241,customer_2240,customer2240.gmail.com,Bengaluru,Email,2023-09-09,64,F
3242,customer_2241,customer2241.gmail.com,Pune,Organic,2022-05-06,40,M
3243,customer_2242,customer2242.gmail.com,Delhi,Organic,2022-11-07,20,M
3244,customer_2243,customer2243.gmail.com,Pune,Email,2024-03-22,31,M
3245,customer_2244,customer2244.gmail.com,Bengaluru,Email,2022-08-17,32,F
3246,customer_2245,customer2245.gmail.com,Delhi,Google Search,2022-07-16,52,M
3247,customer_2246,customer2246.gmail.com,Bengaluru,SMS,2024-05-12,31,F
3248,customer_2247,customer2247.gmail.com,Bengaluru,Google Search,2022-10-18,61,F
3249,customer_2248,customer2248.gmail.com,Chennai,SMS,2022-01-19,34,M
3250,customer_2249,customer2249.gmail.com,Mumbai,Google Search,2022-08-08,23,F
3251,customer_2250,customer2250.gmail.com,Mumbai,Paid Social,2022-01-02,37,F
3252,customer_2251,customer2251.gmail.com,Mumbai,SMS,2022-06-29,27,F
3253,customer_2252,customer2252.gmail.com,Hyderabad,Google Search,2024-05-31,31,F
3254,customer_2253,customer2253.gmail.com,Chennai,Email,2024-10-07,44,F
3255,customer_2254,customer2254.gmail.com,Chennai,Google Search,2022-07-06,21,M
3256,customer_2255,customer2255.gmail.com,Chennai,Paid Social,2022-09-21,36,F
3257,customer_2256,customer2256.gmail.com,Pune,Email,2024-11-29,62,F
3258,customer_2257,customer2257.gmail.com,Mumbai,SMS,2022-01-30,19,M
3259,customer_2258,customer2258.gmail.com,Delhi,Email,2023-06-08,57,F
3260,customer_2259,customer2259.gmail.com,Chennai,Google Search,2023-09-20,44,F
3261,customer_2260,customer2260.gmail.com,Hyderabad,Paid Social,2022-04-13,64,M
3262,customer_2261,customer2261.gmail.com,Mumbai,Google Search,2022-09-30,41,M
3263,customer_2262,customer2262.gmail.com,Pune,Google Search,2024-04-13,59,F
3264,customer_2263,customer2263.gmail.com,Hyderabad,Organic,2024-09-23,21,M
3265,customer_2264,customer2264.gmail.com,Hyderabad,Paid Social,2023-09-28,19,M
3266,customer_2265,customer2265.gmail.com,Chennai,Email,2024-11-12,63,M
3267,customer_2266,customer2266.gmail.com,Delhi,Organic,2022-05-07,64,F
3268,customer_2267,customer2267.gmail.com,Bengaluru,Email,2022-10-10,39,F
3269,customer_2268,customer2268.gmail.com,Delhi,Email,2023-11-28,38,M
3270,customer_2269,customer2269.gmail.com,Pune,SMS,2022-01-19,31,M
3271,customer_2270,customer2270.gmail.com,Pune,SMS,2022-05-02,37,M
3272,customer_2271,customer2271.gmail.com,Pune,Paid Social,2022-10-15,51,F
3273,customer_2272,customer2272.gmail.com,Hyderabad,Paid Social,2024-03-11,37,F
3274,customer_2273,customer2273.gmail.com,Pune,Google Search,2022-09-10,50,F
3275,customer_2274,customer2274.gmail.com,Delhi,Paid Social,2023-06-10,26,F
3276,customer_2275,customer2275.gmail.com,Hyderabad,Paid Social,2022-07-27,63,M
3277,customer_2276,customer2276.gmail.com,Delhi,SMS,2024-05-15,59,F
3278,customer_2277,customer2277.gmail.com,Mumbai,Organic,2023-11-29,55,F
3279,customer_2278,customer2278.gmail.com,Chennai,SMS,2024-08-15,30,F
3280,customer_2279,customer2279.gmail.com,Mumbai,Paid Social,2024-05-25,30,M
3281,customer_2280,customer2280.gmail.com,Chennai,Google Search,2024-12-05,57,F
3282,customer_2281,customer2281.gmail.com,Mumbai,Google Search,2023-07-19,22,F
3283,customer_2282,customer2282.gmail.com,Delhi,Google Search,2023-06-25,50,M
3284,customer_2283,customer2283.gmail.com,Bengaluru,SMS,2023-03-09,63,F
3285,customer_2284,customer2284.gmail.com,Chennai,Google Search,2022-02-22,18,F
3286,customer_2285,customer2285.gmail.com,Delhi,Paid Social,2023-10-11,44,F
3287,customer_2286,customer2286.gmail.com,Mumbai,SMS,2024-04-20,56,F
3288,customer_2287,customer2287.gmail.com,Chennai,Paid Social,2024-03-03,23,Others
3289,customer_2288,customer2288.gmail.com,Bengaluru,Organic,2022-02-16,21,F
3290,customer_2289,customer2289.gmail.com,Chennai,Paid Social,2024-06-01,57,M
3291,customer_2290,customer2290.gmail.com,Hyderabad,Organic,2022-11-23,26,F
3292,customer_2291,customer2291.gmail.com,Chennai,Organic,2022-09-29,43,M
3293,customer_2292,customer2292.gmail.com,Pune,Email,2022-10-20,19,F
3294,customer_2293,customer2293.gmail.com,Bengaluru,Email,2023-01-13,41,M
3295,customer_2294,customer2294.gmail.com,Chennai,Paid Social,2023-02-27,22,Others
3296,customer_2295,customer2295.gmail.com,Mumbai,Organic,2023-08-17,18,F
3297,customer_2296,customer2296.gmail.com,Chennai,SMS,2023-07-23,52,F
3298,customer_2297,customer2297.gmail.com,Bengaluru,SMS,2024-05-06,24,F
3299,customer_2298,customer2298.gmail.com,Pune,Google Search,2023-06-16,21,M
3300,customer_2299,customer2299.gmail.com,Chennai,Google Search,2024-06-15,55,M
3301,customer_2300,customer2300.gmail.com,Hyderabad,SMS,2022-04-20,38,M
3302,customer_2301,customer2301.gmail.com,Delhi,Email,2023-09-29,26,F
3303,customer_2302,customer2302.gmail.com,Bengaluru,Organic,2023-04-17,43,M
3304,customer_2303,customer2303.gmail.com,Mumbai,Paid Social,2024-10-02,18,F
3305,customer_2304,customer2304.gmail.com,Pune,SMS,2023-02-01,60,F
3306,customer_2305,customer2305.gmail.com,Bengaluru,SMS,2023-08-10,37,M
3307,customer_2306,customer2306.gmail.com,Bengaluru,Email,2023-07-18,28,F
3308,customer_2307,customer2307.gmail.com,Bengaluru,Google Search,2022-12-24,49,F
3309,customer_2308,customer2308.gmail.com,Mumbai,Organic,2023-09-01,30,M
3310,customer_2309,customer2309.gmail.com,Bengaluru,Paid Social,2024-04-28,45,M
3311,customer_2310,customer2310.gmail.com,Chennai,Email,2024-08-10,27,Others
3312,customer_2311,customer2311.gmail.com,Chennai,Google Search,2022-10-05,19,M
3313,customer_2312,customer2312.gmail.com,Bengaluru,Paid Social,2024-12-10,22,F
3314,customer_2313,customer2313.gmail.com,Chennai,Paid Social,2023-12-20,24,M
3315,customer_2314,customer2314.gmail.com,Hyderabad,Email,2022-05-09,50,M
3316,customer_2315,customer2315.gmail.com,Mumbai,Paid Social,2023-07-12,24,F
3317,customer_2316,customer2316.gmail.com,Chennai,Google Search,2023-07-08,19,M
3318,customer_2317,customer2317.gmail.com,Bengaluru,SMS,2023-02-09,64,F
3319,customer_2318,customer2318.gmail.com,Pune,Google Search,2024-08-22,31,M
3320,customer_2319,customer2319.gmail.com,Delhi,Email,2023-06-15,38,F
3321,customer_2320,customer2320.gmail.com,Delhi,Paid Social,2023-10-16,35,F
3322,customer_2321,customer2321.gmail.com,Hyderabad,SMS,2022-06-28,31,M
3323,customer_2322,customer2322.gmail.com,Mumbai,Organic,2023-12-24,60,M
3324,customer_2323,customer2323.gmail.com,Pune,Google Search,2024-01-01,30,M
3325,customer_2324,customer2324.gmail.com,Mumbai,Organic,2022-11-05,36,M
3326,customer_2325,customer2325.gmail.com,Delhi,Email,2024-04-02,38,F
3327,customer_2326,customer2326.gmail.com,Pune,Email,2024-02-06,47,M
3328,customer_2327,customer2327.gmail.com,Delhi,Organic,2022-01-23,52,F
3329,customer_2328,customer2328.gmail.com,Delhi,SMS,2023-03-31,49,M
3330,customer_2329,customer2329.gmail.com,Mumbai,Paid Social,2022-03-30,61,M
3331,customer_2330,customer2330.gmail.com,Bengaluru,Organic,2022-06-22,35,M
3332,customer_2331,customer2331.gmail.com,Chennai,SMS,2024-10-27,24,F
3333,customer_2332,customer2332.gmail.com,Hyderabad,Paid Social,2023-12-10,29,F
3334,customer_2333,customer2333.gmail.com,Pune,Organic,2022-12-27,27,M
3335,customer_2334,customer2334.gmail.com,Chennai,Organic,2022-08-01,55,F
3336,customer_2335,customer2335.gmail.com,Hyderabad,Email,2023-01-12,20,F
3337,customer_2336,customer2336.gmail.com,Pune,Email,2024-01-27,63,F
3338,customer_2337,customer2337.gmail.com,Delhi,Google Search,2023-06-29,26,M
3339,customer_2338,customer2338.gmail.com,Pune,Paid Social,2024-11-23,24,M
3340,customer_2339,customer2339.gmail.com,Pune,Paid Social,2023-08-14,43,F
3341,customer_2340,customer2340.gmail.com,Chennai,Paid Social,2022-11-16,63,M
3342,customer_2341,customer2341.gmail.com,Mumbai,SMS,2023-03-20,62,F
3343,customer_2342,customer2342.gmail.com,Hyderabad,Organic,2022-09-22,35,M
3344,customer_2343,customer2343.gmail.com,Hyderabad,Google Search,2022-09-06,61,M
3345,customer_2344,customer2344.gmail.com,Pune,Paid Social,2022-09-22,64,F
3346,customer_2345,customer2345.gmail.com,Bengaluru,Google Search,2022-10-28,56,M
3347,customer_2346,customer2346.gmail.com,Bengaluru,SMS,2024-01-27,35,F
3348,customer_2347,customer2347.gmail.com,Chennai,Email,2023-05-13,63,F
3349,customer_2348,customer2348.gmail.com,Chennai,Google Search,2023-07-29,35,F
3350,customer_2349,customer2349.gmail.com,Hyderabad,Organic,2023-09-23,38,F
3351,customer_2350,customer2350.gmail.com,Pune,SMS,2024-10-14,32,F
3352,customer_2351,customer2351.gmail.com,Chennai,SMS,2023-09-20,23,M
3353,customer_2352,customer2352.gmail.com,Hyderabad,Google Search,2023-05-20,60,Others
3354,customer_2353,customer2353.gmail.com,Mumbai,Paid Social,2022-07-07,35,M
3355,customer_2354,customer2354.gmail.com,Delhi,SMS,2022-11-08,40,M
3356,customer_2355,customer2355.gmail.com,Mumbai,Email,2024-06-28,49,F
3357,customer_2356,customer2356.gmail.com,Delhi,SMS,2024-07-24,52,F
3358,customer_2357,customer2357.gmail.com,Pune,Organic,2023-08-07,52,M
3359,customer_2358,customer2358.gmail.com,Pune,Email,2023-11-21,19,M
3360,customer_2359,customer2359.gmail.com,Mumbai,Google Search,2022-03-29,41,F
3361,customer_2360,customer2360.gmail.com,Mumbai,Paid Social,2023-03-20,43,F
3362,customer_2361,customer2361.gmail.com,Chennai,Email,2024-07-04,61,F
3363,customer_2362,customer2362.gmail.com,Bengaluru,Google Search,2022-05-08,59,F
3364,customer_2363,customer2363.gmail.com,Chennai,Email,2022-05-16,43,M
3365,customer_2364,customer2364.gmail.com,Mumbai,Paid Social,2022-09-13,61,F
3366,customer_2365,customer2365.gmail.com,Hyderabad,Organic,2023-09-25,21,F
3367,customer_2366,customer2366.gmail.com,Chennai,SMS,2024-11-11,39,M
3368,customer_2367,customer2367.gmail.com,Delhi,SMS,2022-02-04,33,F
3369,customer_2368,customer2368.gmail.com,Bengaluru,Paid Social,2022-10-25,47,M
3370,customer_2369,customer2369.gmail.com,Chennai,Paid Social,2023-12-18,19,F
3371,customer_2370,customer2370.gmail.com,Chennai,Email,2024-02-27,54,F
3372,customer_2371,customer2371.gmail.com,Chennai,SMS,2024-04-16,35,M
3373,customer_2372,customer2372.gmail.com,Chennai,SMS,2024-06-17,36,M
3374,customer_2373,customer2373.gmail.com,Chennai,Paid Social,2022-05-08,47,M
3375,customer_2374,customer2374.gmail.com,Hyderabad,Google Search,2022-11-21,26,F
3376,customer_2375,customer2375.gmail.com,Hyderabad,Google Search,2023-05-24,48,F
3377,customer_2376,customer2376.gmail.com,Mumbai,Organic,2023-01-11,35,M
3378,customer_2377,customer2377.gmail.com,Bengaluru,Paid Social,2023-06-19,62,M
3379,customer_2378,customer2378.gmail.com,Pune,Organic,2023-03-15,22,F
3380,customer_2379,customer2379.gmail.com,Pune,Paid Social,2024-03-27,27,M
3381,customer_2380,customer2380.gmail.com,Mumbai,Paid Social,2024-05-13,55,M
3382,customer_2381,customer2381.gmail.com,Delhi,Paid Social,2022-07-27,39,M
3383,customer_2382,customer2382.gmail.com,Mumbai,SMS,2024-12-24,57,F
3384,customer_2383,customer2383.gmail.com,Delhi,SMS,2022-11-03,33,M
3385,customer_2384,customer2384.gmail.com,Hyderabad,Organic,2023-04-05,40,Others
3386,customer_2385,customer2385.gmail.com,Bengaluru,Email,2024-04-24,47,M
3387,customer_2386,customer2386.gmail.com,Pune,Email,2024-10-12,27,F
3388,customer_2387,customer2387.gmail.com,Chennai,Email,2022-08-19,28,M
3389,customer_2388,customer2388.gmail.com,Chennai,Organic,2024-07-13,45,M
3390,customer_2389,customer2389.gmail.com,Hyderabad,Organic,2023-06-12,47,M
3391,customer_2390,customer2390.gmail.com,Mumbai,Paid Social,2022-01-05,54,F
3392,customer_2391,customer2391.gmail.com,Bengaluru,Organic,2022-06-20,42,M
3393,customer_2392,customer2392.gmail.com,Pune,SMS,2023-05-08,44,F
3394,customer_2393,customer2393.gmail.com,Chennai,Organic,2024-12-16,25,M
3395,customer_2394,customer2394.gmail.com,Hyderabad,Google Search,2024-02-27,64,Others
3396,customer_2395,customer2395.gmail.com,Mumbai,Paid Social,2024-01-12,27,F
3397,customer_2396,customer2396.gmail.com,Delhi,SMS,2023-05-29,55,F
3398,customer_2397,customer2397.gmail.com,Bengaluru,Email,2022-05-20,51,M
3399,customer_2398,customer2398.gmail.com,Chennai,Google Search,2023-02-27,46,F
3400,customer_2399,customer2399.gmail.com,Delhi,Organic,2023-07-19,34,F
3401,customer_2400,customer2400.gmail.com,Bengaluru,Google Search,2022-01-12,44,F
3402,customer_2401,customer2401.gmail.com,Chennai,Email,2023-11-05,40,F
3403,customer_2402,customer2402.gmail.com,Delhi,Paid Social,2022-06-11,44,F
3404,customer_2403,customer2403.gmail.com,Hyderabad,Paid Social,2022-01-17,55,Others
3405,customer_2404,customer2404.gmail.com,Pune,Paid Social,2024-02-13,27,M
3406,customer_2405,customer2405.gmail.com,Mumbai,Google Search,2022-01-30,33,F
3407,customer_2406,customer2406.gmail.com,Pune,SMS,2024-05-04,23,F
3408,customer_2407,customer2407.gmail.com,Bengaluru,Organic,2022-07-27,18,F
3409,customer_2408,customer2408.gmail.com,Chennai,Email,2022-10-09,42,M
3410,customer_2409,customer2409.gmail.com,Delhi,Google Search,2024-03-24,34,F
3411,customer_2410,customer2410.gmail.com,Chennai,Email,2024-08-19,50,F
3412,customer_2411,customer2411.gmail.com,Pune,Google Search,2022-12-22,49,M
3413,customer_2412,customer2412.gmail.com,Mumbai,Organic,2024-07-01,31,F
3414,customer_2413,customer2413.gmail.com,Mumbai,Google Search,2024-09-30,21,F
3415,customer_2414,customer2414.gmail.com,Pune,Paid Social,2023-09-29,49,F
3416,customer_2415,customer2415.gmail.com,Delhi,Google Search,2024-12-27,34,M
3417,customer_2416,customer2416.gmail.com,Chennai,Google Search,2024-12-18,42,M
3418,customer_2417,customer2417.gmail.com,Bengaluru,Organic,2022-07-29,31,F
3419,customer_2418,customer2418.gmail.com,Hyderabad,Paid Social,2023-10-29,23,Others
3420,customer_2419,customer2419.gmail.com,Chennai,Organic,2023-04-24,28,F
3421,customer_2420,customer2420.gmail.com,Delhi,Email,2024-10-13,45,M
3422,customer_2421,customer2421.gmail.com,Hyderabad,Google Search,2023-05-03,26,M
3423,customer_2422,customer2422.gmail.com,Pune,Organic,2022-05-20,25,M
3424,customer_2423,customer2423.gmail.com,Pune,SMS,2022-06-08,47,F
3425,customer_2424,customer2424.gmail.com,Pune,SMS,2022-10-09,61,F
3426,customer_2425,customer2425.gmail.com,Bengaluru,SMS,2022-08-29,55,M
3427,customer_2426,customer2426.gmail.com,Pune,Organic,2023-06-09,33,M
3428,customer_2427,customer2427.gmail.com,Delhi,Google Search,2024-07-01,37,M
3429,customer_2428,customer2428.gmail.com,Delhi,SMS,2022-10-24,27,F
3430,customer_2429,customer2429.gmail.com,Bengaluru,Paid Social,2023-09-24,52,M
3431,customer_2430,customer2430.gmail.com,Mumbai,SMS,2023-09-14,24,F
3432,customer_2431,customer2431.gmail.com,Hyderabad,SMS,2022-11-02,27,M
3433,customer_2432,customer2432.gmail.com,Chennai,Google Search,2022-01-03,38,M
3434,customer_2433,customer2433.gmail.com,Delhi,SMS,2023-05-25,47,F
3435,customer_2434,customer2434.gmail.com,Chennai,SMS,2024-08-12,61,Others
3436,customer_2435,customer2435.gmail.com,Delhi,Google Search,2023-08-30,23,M
3437,customer_2436,customer2436.gmail.com,Chennai,SMS,2022-11-18,51,F
3438,customer_2437,customer2437.gmail.com,Pune,Organic,2023-03-16,29,M
3439,customer_2438,customer2438.gmail.com,Mumbai,Paid Social,2022-03-27,59,M
3440,customer_2439,customer2439.gmail.com,Pune,Organic,2023-08-13,28,M
3441,customer_2440,customer2440.gmail.com,Bengaluru,SMS,2023-09-15,21,F
3442,customer_2441,customer2441.gmail.com,Hyderabad,Paid Social,2024-12-28,40,M
3443,customer_2442,customer2442.gmail.com,Chennai,Email,2023-04-09,50,F
3444,customer_2443,customer2443.gmail.com,Hyderabad,Paid Social,2022-08-11,50,F
3445,customer_2444,customer2444.gmail.com,Pune,Google Search,2023-10-19,31,F
3446,customer_2445,customer2445.gmail.com,Hyderabad,Paid Social,2023-09-11,19,Others
3447,customer_2446,customer2446.gmail.com,Hyderabad,Organic,2024-11-16,20,F
3448,customer_2447,customer2447.gmail.com,Mumbai,Google Search,2022-04-14,61,M
3449,customer_2448,customer2448.gmail.com,Delhi,Organic,2024-08-12,35,F
3450,customer_2449,customer2449.gmail.com,Chennai,Organic,2022-02-28,52,F
3451,customer_2450,customer2450.gmail.com,Bengaluru,Email,2022-03-20,21,M
3452,customer_2451,customer2451.gmail.com,Mumbai,SMS,2022-06-01,25,F
3453,customer_2452,customer2452.gmail.com,Mumbai,Email,2024-08-07,24,F
3454,customer_2453,customer2453.gmail.com,Pune,SMS,2022-05-21,54,M
3455,customer_2454,customer2454.gmail.com,Pune,Organic,2024-06-28,61,M
3456,customer_2455,customer2455.gmail.com,Pune,Paid Social,2024-08-23,43,M
3457,customer_2456,customer2456.gmail.com,Bengaluru,SMS,2024-12-11,28,F
3458,customer_2457,customer2457.gmail.com,Pune,Email,2022-04-06,34,F
3459,customer_2458,customer2458.gmail.com,Delhi,Google Search,2022-08-01,22,M
3460,customer_2459,customer2459.gmail.com,Bengaluru,Email,2024-12-13,63,M
3461,customer_2460,customer2460.gmail.com,Hyderabad,Organic,2023-12-27,30,M
3462,customer_2461,customer2461.gmail.com,Bengaluru,Organic,2024-07-03,37,F
3463,customer_2462,customer2462.gmail.com,Hyderabad,Email,2023-01-14,52,M
3464,customer_2463,customer2463.gmail.com,Mumbai,Email,2023-12-07,35,F
3465,customer_2464,customer2464.gmail.com,Hyderabad,Google Search,2024-02-08,31,M
3466,customer_2465,customer2465.gmail.com,Bengaluru,SMS,2022-03-29,30,F
3467,customer_2466,customer2466.gmail.com,Delhi,Organic,2024-10-01,39,M
3468,customer_2467,customer2467.gmail.com,Delhi,SMS,2022-10-04,30,M
3469,customer_2468,customer2468.gmail.com,Hyderabad,Organic,2023-09-28,22,F
3470,customer_2469,customer2469.gmail.com,Bengaluru,Organic,2022-03-15,63,M
3471,customer_2470,customer2470.gmail.com,Hyderabad,Email,2022-05-20,42,M
3472,customer_2471,customer2471.gmail.com,Hyderabad,Email,2023-04-16,32,F
3473,customer_2472,customer2472.gmail.com,Mumbai,Paid Social,2022-04-26,61,F
3474,customer_2473,customer2473.gmail.com,Bengaluru,Email,2023-03-15,32,Others
3475,customer_2474,customer2474.gmail.com,Hyderabad,Paid Social,2022-09-16,32,F
3476,customer_2475,customer2475.gmail.com,Pune,Organic,2023-08-01,39,M
3477,customer_2476,customer2476.gmail.com,Pune,Google Search,2023-10-08,53,M
3478,customer_2477,customer2477.gmail.com,Pune,SMS,2024-02-05,38,M
3479,customer_2478,customer2478.gmail.com,Hyderabad,SMS,2023-05-10,34,F
3480,customer_2479,customer2479.gmail.com,Bengaluru,Google Search,2022-03-14,30,F
3481,customer_2480,customer2480.gmail.com,Mumbai,Google Search,2022-10-04,47,M
3482,customer_2481,customer2481.gmail.com,Pune,Email,2022-06-10,33,F
3483,customer_2482,customer2482.gmail.com,Hyderabad,Organic,2023-09-26,33,M
3484,customer_2483,customer2483.gmail.com,Hyderabad,SMS,2022-11-17,63,M
3485,customer_2484,customer2484.gmail.com,Bengaluru,Google Search,2022-11-23,52,F
3486,customer_2485,customer2485.gmail.com,Hyderabad,Organic,2024-11-29,19,F
3487,customer_2486,customer2486.gmail.com,Bengaluru,SMS,2024-08-29,25,M
3488,customer_2487,customer2487.gmail.com,Mumbai,Organic,2024-03-20,44,F
3489,customer_2488,customer2488.gmail.com,Mumbai,Paid Social,2023-03-12,54,F
3490,customer_2489,customer2489.gmail.com,Hyderabad,SMS,2023-06-25,22,F
3491,customer_2490,customer2490.gmail.com,Delhi,Paid Social,2024-03-24,45,Others
3492,customer_2491,customer2491.gmail.com,Mumbai,Organic,2024-12-25,59,F
3493,customer_2492,customer2492.gmail.com,Bengaluru,Email,2024-08-18,58,F
3494,customer_2493,customer2493.gmail.com,Hyderabad,Google Search,2023-06-24,63,F
3495,customer_2494,customer2494.gmail.com,Chennai,Paid Social,2023-02-06,22,F
3496,customer_2495,customer2495.gmail.com,Chennai,Email,2024-08-04,40,M
3497,customer_2496,customer2496.gmail.com,Delhi,SMS,2023-06-25,59,F
3498,customer_2497,customer2497.gmail.com,Mumbai,Google Search,2023-11-02,55,F
3499,customer_2498,customer2498.gmail.com,Bengaluru,Organic,2024-05-12,27,Others
3500,customer_2499,customer2499.gmail.com,Chennai,Google Search,2023-05-07,43,M
3501,customer_2500,customer2500.gmail.com,Hyderabad,Email,2023-05-11,24,Others
3502,customer_2501,customer2501.gmail.com,Bengaluru,Email,2022-03-27,35,F
3503,customer_2502,customer2502.gmail.com,Hyderabad,SMS,2022-10-03,36,F
3504,customer_2503,customer2503.gmail.com,Delhi,Organic,2023-03-26,19,F
3505,customer_2504,customer2504.gmail.com,Bengaluru,SMS,2022-03-09,42,F
3506,customer_2505,customer2505.gmail.com,Chennai,Organic,2023-11-17,61,F
3507,customer_2506,customer2506.gmail.com,Bengaluru,SMS,2022-10-02,41,M
3508,customer_2507,customer2507.gmail.com,Mumbai,Google Search,2023-10-09,20,F
3509,customer_2508,customer2508.gmail.com,Bengaluru,Organic,2024-03-11,23,M
3510,customer_2509,customer2509.gmail.com,Mumbai,Organic,2022-10-26,63,M
3511,customer_2510,customer2510.gmail.com,Bengaluru,Organic,2022-04-17,44,M
3512,customer_2511,customer2511.gmail.com,Bengaluru,SMS,2024-07-30,38,M
3513,customer_2512,customer2512.gmail.com,Mumbai,SMS,2022-09-28,35,F
3514,customer_2513,customer2513.gmail.com,Mumbai,SMS,2023-07-09,50,M
3515,customer_2514,customer2514.gmail.com,Chennai,Email,2024-03-17,63,M
3516,customer_2515,customer2515.gmail.com,Mumbai,Google Search,2022-04-17,33,F
3517,customer_2516,customer2516.gmail.com,Delhi,SMS,2022-01-14,38,M
3518,customer_2517,customer2517.gmail.com,Hyderabad,Google Search,2023-08-21,54,M
3519,customer_2518,customer2518.gmail.com,Chennai,Paid Social,2024-02-25,19,F
3520,customer_2519,customer2519.gmail.com,Pune,SMS,2024-10-19,62,M
3521,customer_2520,customer2520.gmail.com,Hyderabad,Organic,2024-11-10,19,M
3522,customer_2521,customer2521.gmail.com,Hyderabad,Organic,2023-04-20,56,Others
3523,customer_2522,customer2522.gmail.com,Hyderabad,Paid Social,2022-07-08,20,F
3524,customer_2523,customer2523.gmail.com,Chennai,SMS,2024-05-12,33,F
3525,customer_2524,customer2524.gmail.com,Delhi,Organic,2022-03-06,45,M
3526,customer_2525,customer2525.gmail.com,Chennai,Organic,2023-02-13,45,M
3527,customer_2526,customer2526.gmail.com,Hyderabad,Paid Social,2023-05-14,50,F
3528,customer_2527,customer2527.gmail.com,Chennai,Organic,2023-04-10,48,F
3529,customer_2528,customer2528.gmail.com,Delhi,Google Search,2023-08-06,61,M
3530,customer_2529,customer2529.gmail.com,Pune,Google Search,2023-03-08,37,M
3531,customer_2530,customer2530.gmail.com,Pune,Email,2022-04-17,55,Others
3532,customer_2531,customer2531.gmail.com,Mumbai,Email,2022-02-04,28,M
3533,customer_2532,customer2532.gmail.com,Hyderabad,SMS,2023-05-13,59,F
3534,customer_2533,customer2533.gmail.com,Hyderabad,Email,2024-09-25,53,M
3535,customer_2534,customer2534.gmail.com,Mumbai,Organic,2024-04-25,28,M
3536,customer_2535,customer2535.gmail.com,Delhi,Organic,2024-02-29,56,F
3537,customer_2536,customer2536.gmail.com,Hyderabad,SMS,2024-12-05,23,F
3538,customer_2537,customer2537.gmail.com,Hyderabad,Email,2023-02-01,48,M
3539,customer_2538,customer2538.gmail.com,Chennai,Email,2022-10-16,55,F
3540,customer_2539,customer2539.gmail.com,Chennai,Organic,2024-01-27,52,F
3541,customer_2540,customer2540.gmail.com,Pune,Google Search,2023-08-27,35,F
3542,customer_2541,customer2541.gmail.com,Delhi,Email,2022-03-08,26,F
3543,customer_2542,customer2542.gmail.com,Delhi,Paid Social,2022-05-06,59,M
3544,customer_2543,customer2543.gmail.com,Pune,Organic,2023-02-20,45,M
3545,customer_2544,customer2544.gmail.com,Delhi,SMS,2023-05-07,20,M
3546,customer_2545,customer2545.gmail.com,Chennai,Email,2024-10-30,40,M
3547,customer_2546,customer2546.gmail.com,Mumbai,Google Search,2023-01-20,27,M
3548,customer_2547,customer2547.gmail.com,Hyderabad,Organic,2022-09-20,22,M
3549,customer_2548,customer2548.gmail.com,Bengaluru,Email,2024-08-15,19,F
3550,customer_2549,customer2549.gmail.com,Chennai,Google Search,2022-03-09,42,F
3551,customer_2550,customer2550.gmail.com,Mumbai,Google Search,2022-05-12,40,M
3552,customer_2551,customer2551.gmail.com,Pune,Organic,2023-06-01,20,M
3553,customer_2552,customer2552.gmail.com,Pune,Email,2022-11-07,34,F
3554,customer_2553,customer2553.gmail.com,Pune,SMS,2023-03-17,58,M
3555,customer_2554,customer2554.gmail.com,Bengaluru,Email,2024-10-03,50,M
3556,customer_2555,customer2555.gmail.com,Mumbai,Paid Social,2024-05-16,45,M
3557,customer_2556,customer2556.gmail.com,Bengaluru,SMS,2022-09-04,22,M
3558,customer_2557,customer2557.gmail.com,Chennai,Organic,2023-07-05,58,M
3559,customer_2558,customer2558.gmail.com,Hyderabad,Paid Social,2022-03-21,40,M
3560,customer_2559,customer2559.gmail.com,Pune,Paid Social,2022-12-27,26,F
3561,customer_2560,customer2560.gmail.com,Bengaluru,Email,2024-07-27,23,M
3562,customer_2561,customer2561.gmail.com,Hyderabad,Google Search,2023-06-06,23,F
3563,customer_2562,customer2562.gmail.com,Hyderabad,Paid Social,2024-06-09,26,F
3564,customer_2563,customer2563.gmail.com,Chennai,Organic,2022-12-04,34,M
3565,customer_2564,customer2564.gmail.com,Hyderabad,Organic,2022-01-29,30,M
3566,customer_2565,customer2565.gmail.com,Pune,Google Search,2024-02-06,20,M
3567,customer_2566,customer2566.gmail.com,Delhi,Paid Social,2022-06-03,26,Others
3568,customer_2567,customer2567.gmail.com,Hyderabad,Google Search,2023-06-26,31,F
3569,customer_2568,customer2568.gmail.com,Delhi,Paid Social,2023-09-13,20,M
3570,customer_2569,customer2569.gmail.com,Hyderabad,Email,2024-07-22,53,M
3571,customer_2570,customer2570.gmail.com,Bengaluru,Organic,2023-05-10,37,F
3572,customer_2571,customer2571.gmail.com,Chennai,Google Search,2022-01-19,63,M
3573,customer_2572,customer2572.gmail.com,Hyderabad,Paid Social,2022-01-28,35,F
3574,customer_2573,customer2573.gmail.com,Pune,Paid Social,2023-05-12,18,M
3575,customer_2574,customer2574.gmail.com,Pune,SMS,2024-12-20,37,F
3576,customer_2575,customer2575.gmail.com,Delhi,SMS,2022-02-07,46,M
3577,customer_2576,customer2576.gmail.com,Delhi,SMS,2022-10-15,41,F
3578,customer_2577,customer2577.gmail.com,Chennai,SMS,2023-12-19,49,F
3579,customer_2578,customer2578.gmail.com,Mumbai,SMS,2022-10-24,36,F
3580,customer_2579,customer2579.gmail.com,Bengaluru,SMS,2022-08-01,22,F
3581,customer_2580,customer2580.gmail.com,Chennai,Organic,2023-12-17,42,Others
3582,customer_2581,customer2581.gmail.com,Mumbai,Paid Social,2023-02-03,41,F
3583,customer_2582,customer2582.gmail.com,Chennai,Organic,2023-12-29,57,F
3584,customer_2583,customer2583.gmail.com,Hyderabad,Paid Social,2024-04-10,45,F
3585,customer_2584,customer2584.gmail.com,Delhi,SMS,2024-10-21,56,M
3586,customer_2585,customer2585.gmail.com,Pune,Email,2023-03-03,43,M
3587,customer_2586,customer2586.gmail.com,Bengaluru,Google Search,2023-02-02,44,F
3588,customer_2587,customer2587.gmail.com,Pune,Google Search,2022-05-10,33,F
3589,customer_2588,customer2588.gmail.com,Chennai,Organic,2024-10-28,28,F
3590,customer_2589,customer2589.gmail.com,Delhi,SMS,2022-01-11,44,M
3591,customer_2590,customer2590.gmail.com,Mumbai,Organic,2022-01-20,45,F
3592,customer_2591,customer2591.gmail.com,Bengaluru,Google Search,2022-01-17,57,F
3593,customer_2592,customer2592.gmail.com,Delhi,SMS,2022-09-02,23,M
3594,customer_2593,customer2593.gmail.com,Pune,Google Search,2024-04-21,62,M
3595,customer_2594,customer2594.gmail.com,Hyderabad,Paid Social,2024-02-28,60,M
3596,customer_2595,customer2595.gmail.com,Hyderabad,Google Search,2022-07-14,32,M
3597,customer_2596,customer2596.gmail.com,Hyderabad,Paid Social,2022-08-04,18,M
3598,customer_2597,customer2597.gmail.com,Chennai,Email,2023-11-25,53,Others
3599,customer_2598,customer2598.gmail.com,Mumbai,SMS,2022-08-17,34,F
3600,customer_2599,customer2599.gmail.com,Pune,Google Search,2023-10-29,25,F
3601,customer_2600,customer2600.gmail.com,Bengaluru,Google Search,2023-09-16,41,F
3602,customer_2601,customer2601.gmail.com,Delhi,Google Search,2024-01-05,56,F
3603,customer_2602,customer2602.gmail.com,Hyderabad,Google Search,2022-09-10,40,M
3604,customer_2603,customer2603.gmail.com,Hyderabad,SMS,2023-12-15,52,F
3605,customer_2604,customer2604.gmail.com,Mumbai,Google Search,2024-08-29,61,M
3606,customer_2605,customer2605.gmail.com,Hyderabad,Organic,2022-03-20,43,F
3607,customer_2606,customer2606.gmail.com,Mumbai,Paid Social,2023-04-19,28,F
3608,customer_2607,customer2607.gmail.com,Mumbai,Paid Social,2023-11-05,45,F
3609,customer_2608,customer2608.gmail.com,Mumbai,Google Search,2024-06-15,23,M
3610,customer_2609,customer2609.gmail.com,Hyderabad,Email,2024-12-18,54,F
3611,customer_2610,customer2610.gmail.com,Hyderabad,Organic,2022-02-23,42,Others
3612,customer_2611,customer2611.gmail.com,Chennai,Organic,2022-11-04,27,F
3613,customer_2612,customer2612.gmail.com,Bengaluru,Email,2024-06-18,50,F
3614,customer_2613,customer2613.gmail.com,Mumbai,Paid Social,2024-12-12,64,M
3615,customer_2614,customer2614.gmail.com,Chennai,SMS,2022-03-31,60,M
3616,customer_2615,customer2615.gmail.com,Delhi,Google Search,2024-12-04,42,M
3617,customer_2616,customer2616.gmail.com,Chennai,Paid Social,2024-01-19,18,M
3618,customer_2617,customer2617.gmail.com,Pune,SMS,2024-10-06,31,M
3619,customer_2618,customer2618.gmail.com,Mumbai,Paid Social,2024-10-07,28,M
3620,customer_2619,customer2619.gmail.com,Chennai,Email,2024-11-23,43,M
3621,customer_2620,customer2620.gmail.com,Delhi,Email,2022-05-19,56,Others
3622,customer_2621,customer2621.gmail.com,Mumbai,Paid Social,2022-02-18,21,M
3623,customer_2622,customer2622.gmail.com,Hyderabad,Paid Social,2023-02-28,31,M
3624,customer_2623,customer2623.gmail.com,Chennai,SMS,2024-08-04,45,F
3625,customer_2624,customer2624.gmail.com,Hyderabad,Google Search,2022-04-29,25,F
3626,customer_2625,customer2625.gmail.com,Bengaluru,Organic,2022-08-20,40,M
3627,customer_2626,customer2626.gmail.com,Bengaluru,Google Search,2023-10-30,45,F
3628,customer_2627,customer2627.gmail.com,Mumbai,SMS,2024-11-27,57,M
3629,customer_2628,customer2628.gmail.com,Hyderabad,SMS,2024-05-22,39,F
3630,customer_2629,customer2629.gmail.com,Mumbai,Paid Social,2024-03-27,35,F
3631,customer_2630,customer2630.gmail.com,Chennai,Email,2023-10-16,27,F
3632,customer_2631,customer2631.gmail.com,Delhi,Organic,2023-09-20,53,F
3633,customer_2632,customer2632.gmail.com,Mumbai,Google Search,2022-01-22,24,F
3634,customer_2633,customer2633.gmail.com,Bengaluru,Organic,2024-04-04,33,M
3635,customer_2634,customer2634.gmail.com,Pune,Google Search,2022-12-07,56,M
3636,customer_2635,customer2635.gmail.com,Delhi,Google Search,2024-03-19,62,M
3637,customer_2636,customer2636.gmail.com,Bengaluru,Email,2024-07-21,20,M
3638,customer_2637,customer2637.gmail.com,Hyderabad,Organic,2024-04-29,58,F
3639,customer_2638,customer2638.gmail.com,Mumbai,Email,2022-07-20,21,F
3640,customer_2639,customer2639.gmail.com,Bengaluru,SMS,2024-10-25,57,M
3641,customer_2640,customer2640.gmail.com,Chennai,Paid Social,2024-12-24,32,M
3642,customer_2641,customer2641.gmail.com,Bengaluru,Paid Social,2024-06-29,52,F
3643,customer_2642,customer2642.gmail.com,Hyderabad,Paid Social,2022-03-31,23,F
3644,customer_2643,customer2643.gmail.com,Pune,SMS,2022-06-18,19,F
3645,customer_2644,customer2644.gmail.com,Hyderabad,Paid Social,2023-12-26,34,F
3646,customer_2645,customer2645.gmail.com,Mumbai,SMS,2024-11-24,63,M
3647,customer_2646,customer2646.gmail.com,Chennai,Paid Social,2023-06-29,30,M
3648,customer_2647,customer2647.gmail.com,Hyderabad,Google Search,2022-10-25,41,M
3649,customer_2648,customer2648.gmail.com,Mumbai,Email,2022-12-09,31,F
3650,customer_2649,customer2649.gmail.com,Chennai,SMS,2024-01-01,25,F
3651,customer_2650,customer2650.gmail.com,Chennai,SMS,2024-02-01,27,F
3652,customer_2651,customer2651.gmail.com,Hyderabad,Email,2024-06-13,45,M
3653,customer_2652,customer2652.gmail.com,Pune,Google Search,2022-06-07,50,M
3654,customer_2653,customer2653.gmail.com,Mumbai,Email,2022-10-08,44,F
3655,customer_2654,customer2654.gmail.com,Mumbai,SMS,2023-06-09,19,M
3656,customer_2655,customer2655.gmail.com,Bengaluru,Paid Social,2022-12-11,53,F
3657,customer_2656,customer2656.gmail.com,Hyderabad,Paid Social,2023-06-08,40,M
3658,customer_2657,customer2657.gmail.com,Bengaluru,Google Search,2022-06-01,49,M
3659,customer_2658,customer2658.gmail.com,Delhi,SMS,2022-11-22,28,Others
3660,customer_2659,customer2659.gmail.com,Mumbai,SMS,2023-08-08,41,M
3661,customer_2660,customer2660.gmail.com,Pune,Google Search,2023-07-04,32,F
3662,customer_2661,customer2661.gmail.com,Pune,Organic,2024-05-04,42,F
3663,customer_2662,customer2662.gmail.com,Mumbai,Google Search,2024-10-19,39,F
3664,customer_2663,customer2663.gmail.com,Bengaluru,Email,2022-04-19,40,Others
3665,customer_2664,customer2664.gmail.com,Mumbai,Email,2024-11-24,18,F
3666,customer_2665,customer2665.gmail.com,Delhi,Organic,2022-01-28,39,M
3667,customer_2666,customer2666.gmail.com,Chennai,Email,2023-12-25,43,F
3668,customer_2667,customer2667.gmail.com,Delhi,Google Search,2022-06-28,37,F
3669,customer_2668,customer2668.gmail.com,Delhi,Email,2023-09-25,27,F
3670,customer_2669,customer2669.gmail.com,Mumbai,Google Search,2022-07-23,30,M
3671,customer_2670,customer2670.gmail.com,Chennai,Email,2024-07-31,38,M
3672,customer_2671,customer2671.gmail.com,Hyderabad,Email,2023-09-22,42,F
3673,customer_2672,customer2672.gmail.com,Bengaluru,Paid Social,2023-02-27,33,F
3674,customer_2673,customer2673.gmail.com,Pune,Paid Social,2023-01-12,32,F
3675,customer_2674,customer2674.gmail.com,Chennai,Google Search,2023-03-28,22,M
3676,customer_2675,customer2675.gmail.com,Hyderabad,Organic,2023-03-07,41,M
3677,customer_2676,customer2676.gmail.com,Chennai,Paid Social,2022-08-19,44,Others
3678,customer_2677,customer2677.gmail.com,Mumbai,Google Search,2022-09-03,62,F
3679,customer_2678,customer2678.gmail.com,Bengaluru,Google Search,2022-10-31,51,F
3680,customer_2679,customer2679.gmail.com,Chennai,Paid Social,2023-03-10,57,M
3681,customer_2680,customer2680.gmail.com,Mumbai,Organic,2024-03-27,18,M
3682,customer_2681,customer2681.gmail.com,Pune,Email,2023-04-05,51,F
3683,customer_2682,customer2682.gmail.com,Mumbai,Organic,2022-03-21,58,M
3684,customer_2683,customer2683.gmail.com,Mumbai,Paid Social,2022-03-17,43,F
3685,customer_2684,customer2684.gmail.com,Hyderabad,Google Search,2022-08-06,29,M
3686,customer_2685,customer2685.gmail.com,Mumbai,Paid Social,2022-02-09,26,M
3687,customer_2686,customer2686.gmail.com,Pune,Paid Social,2024-12-17,50,M
3688,customer_2687,customer2687.gmail.com,Hyderabad,Paid Social,2022-06-27,57,F
3689,customer_2688,customer2688.gmail.com,Mumbai,Paid Social,2024-06-13,44,F
3690,customer_2689,customer2689.gmail.com,Mumbai,Organic,2022-04-21,24,F
3691,customer_2690,customer2690.gmail.com,Delhi,SMS,2023-12-21,40,M
3692,customer_2691,customer2691.gmail.com,Chennai,Paid Social,2023-08-26,45,M
3693,customer_2692,customer2692.gmail.com,Delhi,Organic,2022-10-16,59,M
3694,customer_2693,customer2693.gmail.com,Hyderabad,Organic,2024-07-10,50,M
3695,customer_2694,customer2694.gmail.com,Chennai,Paid Social,2023-04-07,32,M
3696,customer_2695,customer2695.gmail.com,Pune,Organic,2022-08-11,52,F
3697,customer_2696,customer2696.gmail.com,Mumbai,Paid Social,2023-06-12,42,F
3698,customer_2697,customer2697.gmail.com,Chennai,Google Search,2022-01-21,38,F
3699,customer_2698,customer2698.gmail.com,Chennai,Email,2023-01-21,22,F
3700,customer_2699,customer2699.gmail.com,Chennai,Organic,2024-08-12,50,F
3701,customer_2700,customer2700.gmail.com,Bengaluru,SMS,2024-06-22,41,M
3702,customer_2701,customer2701.gmail.com,Hyderabad,SMS,2024-09-12,48,M
3703,customer_2702,customer2702.gmail.com,Chennai,Google Search,2023-05-28,35,F
3704,customer_2703,customer2703.gmail.com,Hyderabad,Organic,2022-08-07,48,M
3705,customer_2704,customer2704.gmail.com,Mumbai,Google Search,2024-05-09,20,F
3706,customer_2705,customer2705.gmail.com,Hyderabad,SMS,2024-05-19,51,F
3707,customer_2706,customer2706.gmail.com,Bengaluru,Google Search,2024-06-16,41,M
3708,customer_2707,customer2707.gmail.com,Chennai,Paid Social,2023-12-19,61,F
3709,customer_2708,customer2708.gmail.com,Chennai,Email,2024-07-19,58,F
3710,customer_2709,customer2709.gmail.com,Hyderabad,Paid Social,2023-06-27,58,M
3711,customer_2710,customer2710.gmail.com,Pune,Organic,2023-11-12,47,F
3712,customer_2711,customer2711.gmail.com,Chennai,SMS,2023-03-27,28,F
3713,customer_2712,customer2712.gmail.com,Chennai,Organic,2024-11-04,48,F
3714,customer_2713,customer2713.gmail.com,Bengaluru,Google Search,2022-06-15,43,F
3715,customer_2714,customer2714.gmail.com,Chennai,Email,2022-07-26,43,M
3716,customer_2715,customer2715.gmail.com,Pune,Paid Social,2022-09-02,55,M
3717,customer_2716,customer2716.gmail.com,Delhi,Paid Social,2023-01-07,58,M
3718,customer_2717,customer2717.gmail.com,Delhi,Email,2024-10-12,54,M
3719,customer_2718,customer2718.gmail.com,Mumbai,Email,2023-12-22,43,F
3720,customer_2719,customer2719.gmail.com,Mumbai,Google Search,2024-06-06,37,M
3721,customer_2720,customer2720.gmail.com,Hyderabad,Paid Social,2022-04-26,38,M
3722,customer_2721,customer2721.gmail.com,Delhi,SMS,2024-09-17,30,Others
3723,customer_2722,customer2722.gmail.com,Hyderabad,Email,2022-01-05,63,M
3724,customer_2723,customer2723.gmail.com,Hyderabad,Google Search,2024-02-09,35,F
3725,customer_2724,customer2724.gmail.com,Pune,Email,2023-05-29,57,M
3726,customer_2725,customer2725.gmail.com,Bengaluru,Organic,2024-09-12,43,M
3727,customer_2726,customer2726.gmail.com,Pune,Email,2024-11-26,19,M
3728,customer_2727,customer2727.gmail.com,Pune,Organic,2024-01-01,34,M
3729,customer_2728,customer2728.gmail.com,Pune,Organic,2022-04-09,60,M
3730,customer_2729,customer2729.gmail.com,Chennai,SMS,2022-06-01,43,F
3731,customer_2730,customer2730.gmail.com,Bengaluru,Organic,2024-11-13,55,F
3732,customer_2731,customer2731.gmail.com,Chennai,Organic,2022-12-17,48,M
3733,customer_2732,customer2732.gmail.com,Pune,Organic,2022-02-09,38,M
3734,customer_2733,customer2733.gmail.com,Chennai,Email,2022-01-27,58,F
3735,customer_2734,customer2734.gmail.com,Chennai,Email,2023-10-08,50,M
3736,customer_2735,customer2735.gmail.com,Mumbai,Google Search,2023-09-12,60,F
3737,customer_2736,customer2736.gmail.com,Hyderabad,Paid Social,2024-02-29,29,F
3738,customer_2737,customer2737.gmail.com,Pune,SMS,2023-03-09,23,M
3739,customer_2738,customer2738.gmail.com,Delhi,Email,2023-01-22,40,F
3740,customer_2739,customer2739.gmail.com,Bengaluru,Google Search,2022-05-08,32,M
3741,customer_2740,customer2740.gmail.com,Hyderabad,Google Search,2022-12-02,42,F
3742,customer_2741,customer2741.gmail.com,Pune,SMS,2024-08-26,55,F
3743,customer_2742,customer2742.gmail.com,Bengaluru,Google Search,2023-11-20,48,M
3744,customer_2743,customer2743.gmail.com,Chennai,Email,2024-05-13,24,M
3745,customer_2744,customer2744.gmail.com,Bengaluru,Organic,2024-03-03,46,F
3746,customer_2745,customer2745.gmail.com,Delhi,Email,2024-01-01,49,F
3747,customer_2746,customer2746.gmail.com,Bengaluru,Google Search,2023-06-18,44,F
3748,customer_2747,customer2747.gmail.com,Hyderabad,Paid Social,2023-08-01,25,F
3749,customer_2748,customer2748.gmail.com,Bengaluru,Paid Social,2022-10-31,22,F
3750,customer_2749,customer2749.gmail.com,Pune,Organic,2022-06-30,25,F
3751,customer_2750,customer2750.gmail.com,Mumbai,Google Search,2022-04-29,49,M
3752,customer_2751,customer2751.gmail.com,Bengaluru,Organic,2024-08-07,23,M
3753,customer_2752,customer2752.gmail.com,Hyderabad,Organic,2023-07-05,45,F
3754,customer_2753,customer2753.gmail.com,Pune,Organic,2023-06-06,36,M
3755,customer_2754,customer2754.gmail.com,Chennai,Paid Social,2024-02-19,49,F
3756,customer_2755,customer2755.gmail.com,Bengaluru,SMS,2024-07-21,60,M
3757,customer_2756,customer2756.gmail.com,Bengaluru,Google Search,2024-02-24,61,F
3758,customer_2757,customer2757.gmail.com,Pune,Organic,2023-01-22,34,M
3759,customer_2758,customer2758.gmail.com,Bengaluru,Organic,2022-12-07,41,M
3760,customer_2759,customer2759.gmail.com,Pune,Email,2022-07-06,28,F
3761,customer_2760,customer2760.gmail.com,Delhi,Email,2024-01-22,29,M
3762,customer_2761,customer2761.gmail.com,Chennai,Email,2023-10-29,42,F
3763,customer_2762,customer2762.gmail.com,Mumbai,Google Search,2023-03-05,56,F
3764,customer_2763,customer2763.gmail.com,Bengaluru,SMS,2023-07-07,25,M
3765,customer_2764,customer2764.gmail.com,Delhi,Google Search,2023-12-08,44,M
3766,customer_2765,customer2765.gmail.com,Pune,Google Search,2023-01-24,25,M
3767,customer_2766,customer2766.gmail.com,Mumbai,Paid Social,2023-03-23,43,M
3768,customer_2767,customer2767.gmail.com,Bengaluru,Google Search,2024-05-15,53,M
3769,customer_2768,customer2768.gmail.com,Chennai,Email,2024-05-02,38,M
3770,customer_2769,customer2769.gmail.com,Delhi,Email,2022-05-21,35,F
3771,customer_2770,customer2770.gmail.com,Pune,Organic,2023-08-24,34,F
3772,customer_2771,customer2771.gmail.com,Bengaluru,Organic,2024-02-21,41,F
3773,customer_2772,customer2772.gmail.com,Delhi,Email,2022-09-10,40,M
3774,customer_2773,customer2773.gmail.com,Mumbai,Google Search,2023-04-11,32,M
3775,customer_2774,customer2774.gmail.com,Mumbai,Google Search,2024-04-08,57,F
3776,customer_2775,customer2775.gmail.com,Chennai,SMS,2024-06-17,30,M
3777,customer_2776,customer2776.gmail.com,Chennai,Google Search,2024-06-17,42,F
3778,customer_2777,customer2777.gmail.com,Delhi,Paid Social,2023-04-25,57,M
3779,customer_2778,customer2778.gmail.com,Mumbai,Paid Social,2023-06-14,22,F
3780,customer_2779,customer2779.gmail.com,Mumbai,Google Search,2023-11-03,56,F
3781,customer_2780,customer2780.gmail.com,Delhi,Organic,2024-03-22,22,F
3782,customer_2781,customer2781.gmail.com,Pune,Organic,2022-12-15,31,F
3783,customer_2782,customer2782.gmail.com,Hyderabad,Organic,2022-10-20,18,M
3784,customer_2783,customer2783.gmail.com,Bengaluru,Paid Social,2022-04-09,52,F
3785,customer_2784,customer2784.gmail.com,Mumbai,Email,2022-10-10,34,F
3786,customer_2785,customer2785.gmail.com,Pune,SMS,2023-10-26,61,M
3787,customer_2786,customer2786.gmail.com,Pune,Organic,2023-03-16,42,Others
3788,customer_2787,customer2787.gmail.com,Chennai,Google Search,2024-09-21,37,M
3789,customer_2788,customer2788.gmail.com,Hyderabad,Email,2022-08-20,62,M
3790,customer_2789,customer2789.gmail.com,Delhi,SMS,2022-05-14,50,F
3791,customer_2790,customer2790.gmail.com,Mumbai,Email,2023-03-31,34,F
3792,customer_2791,customer2791.gmail.com,Bengaluru,Google Search,2022-07-25,49,M
3793,customer_2792,customer2792.gmail.com,Mumbai,Email,2024-11-06,44,F
3794,customer_2793,customer2793.gmail.com,Bengaluru,SMS,2024-08-14,48,M
3795,customer_2794,customer2794.gmail.com,Bengaluru,Google Search,2024-01-16,34,F
3796,customer_2795,customer2795.gmail.com,Hyderabad,Paid Social,2022-02-13,40,F
3797,customer_2796,customer2796.gmail.com,Chennai,Email,2023-09-30,26,M
3798,customer_2797,customer2797.gmail.com,Bengaluru,Google Search,2024-09-09,22,F
3799,customer_2798,customer2798.gmail.com,Delhi,Email,2024-02-16,55,F
3800,customer_2799,customer2799.gmail.com,Bengaluru,Google Search,2024-02-16,50,M
3801,customer_2800,customer2800.gmail.com,Pune,Organic,2023-06-08,59,M
3802,customer_2801,customer2801.gmail.com,Pune,Email,2024-04-14,20,F
3803,customer_2802,customer2802.gmail.com,Chennai,Organic,2023-05-27,44,F
3804,customer_2803,customer2803.gmail.com,Mumbai,Organic,2022-08-08,63,F
3805,customer_2804,customer2804.gmail.com,Bengaluru,Paid Social,2024-09-19,39,F
3806,customer_2805,customer2805.gmail.com,Hyderabad,Organic,2024-07-06,61,M
3807,customer_2806,customer2806.gmail.com,Bengaluru,Email,2022-08-17,38,M
3808,customer_2807,customer2807.gmail.com,Bengaluru,Email,2022-06-07,30,F
3809,customer_2808,customer2808.gmail.com,Bengaluru,SMS,2022-12-02,47,F
3810,customer_2809,customer2809.gmail.com,Hyderabad,Organic,2023-05-15,46,F
3811,customer_2810,customer2810.gmail.com,Mumbai,Paid Social,2024-01-09,30,F
3812,customer_2811,customer2811.gmail.com,Chennai,Google Search,2022-03-06,64,M
3813,customer_2812,customer2812.gmail.com,Bengaluru,Google Search,2023-12-28,36,F
3814,customer_2813,customer2813.gmail.com,Mumbai,Google Search,2022-09-17,42,M
3815,customer_2814,customer2814.gmail.com,Hyderabad,Paid Social,2022-09-23,63,M
3816,customer_2815,customer2815.gmail.com,Mumbai,Paid Social,2024-03-05,58,F
3817,customer_2816,customer2816.gmail.com,Mumbai,SMS,2022-04-21,55,M
3818,customer_2817,customer2817.gmail.com,Delhi,SMS,2022-09-15,30,F
3819,customer_2818,customer2818.gmail.com,Bengaluru,Google Search,2023-07-21,42,F
3820,customer_2819,customer2819.gmail.com,Mumbai,Organic,2023-08-03,51,F
3821,customer_2820,customer2820.gmail.com,Bengaluru,Paid Social,2023-02-28,56,M
3822,customer_2821,customer2821.gmail.com,Delhi,Organic,2023-10-10,45,F
3823,customer_2822,customer2822.gmail.com,Delhi,SMS,2022-09-28,61,M
3824,customer_2823,customer2823.gmail.com,Mumbai,Organic,2024-12-20,24,F
3825,customer_2824,customer2824.gmail.com,Mumbai,Email,2023-01-16,38,M
3826,customer_2825,customer2825.gmail.com,Delhi,Paid Social,2024-01-20,59,M
3827,customer_2826,customer2826.gmail.com,Pune,Paid Social,2023-04-23,42,F
3828,customer_2827,customer2827.gmail.com,Mumbai,Google Search,2024-05-26,20,M
3829,customer_2828,customer2828.gmail.com,Pune,Google Search,2023-10-26,56,M
3830,customer_2829,customer2829.gmail.com,Chennai,Google Search,2022-01-20,32,M
3831,customer_2830,customer2830.gmail.com,Hyderabad,Email,2023-07-21,53,M
3832,customer_2831,customer2831.gmail.com,Hyderabad,Google Search,2022-01-05,34,M
3833,customer_2832,customer2832.gmail.com,Hyderabad,Google Search,2023-06-03,62,M
3834,customer_2833,customer2833.gmail.com,Mumbai,Paid Social,2024-02-01,37,M
3835,customer_2834,customer2834.gmail.com,Mumbai,Organic,2022-01-21,18,F
3836,customer_2835,customer2835.gmail.com,Hyderabad,Paid Social,2024-10-23,38,M
3837,customer_2836,customer2836.gmail.com,Pune,Organic,2023-11-24,61,M
3838,customer_2837,customer2837.gmail.com,Mumbai,Paid Social,2023-09-29,30,M
3839,customer_2838,customer2838.gmail.com,Mumbai,Email,2023-07-19,18,M
3840,customer_2839,customer2839.gmail.com,Bengaluru,Organic,2024-04-10,18,F
3841,customer_2840,customer2840.gmail.com,Bengaluru,Email,2023-03-14,60,F
3842,customer_2841,customer2841.gmail.com,Bengaluru,Paid Social,2024-08-31,44,M
3843,customer_2842,customer2842.gmail.com,Delhi,SMS,2024-06-20,27,M
3844,customer_2843,customer2843.gmail.com,Mumbai,Email,2024-09-10,39,M
3845,customer_2844,customer2844.gmail.com,Hyderabad,Google Search,2024-03-04,20,M
3846,customer_2845,customer2845.gmail.com,Delhi,SMS,2023-02-22,62,M
3847,customer_2846,customer2846.gmail.com,Delhi,Paid Social,2022-02-13,46,M
3848,customer_2847,customer2847.gmail.com,Delhi,SMS,2022-12-28,37,M
3849,customer_2848,customer2848.gmail.com,Hyderabad,Email,2023-09-02,35,M
3850,customer_2849,customer2849.gmail.com,Delhi,SMS,2023-12-18,30,M
3851,customer_2850,customer2850.gmail.com,Bengaluru,Paid Social,2022-03-08,31,F
3852,customer_2851,customer2851.gmail.com,Chennai,SMS,2022-01-05,18,F
3853,customer_2852,customer2852.gmail.com,Delhi,Email,2023-04-15,49,Others
3854,customer_2853,customer2853.gmail.com,Pune,Organic,2023-04-20,33,F
3855,customer_2854,customer2854.gmail.com,Bengaluru,Organic,2022-08-04,38,F
3856,customer_2855,customer2855.gmail.com,Mumbai,Email,2024-03-17,44,F
3857,customer_2856,customer2856.gmail.com,Mumbai,Paid Social,2023-01-03,39,F
3858,customer_2857,customer2857.gmail.com,Bengaluru,SMS,2023-02-24,64,M
3859,customer_2858,customer2858.gmail.com,Chennai,Google Search,2024-12-29,28,Others
3860,customer_2859,customer2859.gmail.com,Mumbai,Email,2024-04-16,27,F
3861,customer_2860,customer2860.gmail.com,Hyderabad,SMS,2022-05-10,64,M
3862,customer_2861,customer2861.gmail.com,Hyderabad,Paid Social,2022-09-14,37,F
3863,customer_2862,customer2862.gmail.com,Chennai,SMS,2023-06-25,55,F
3864,customer_2863,customer2863.gmail.com,Delhi,Paid Social,2022-03-28,50,F
3865,customer_2864,customer2864.gmail.com,Chennai,Email,2024-01-17,46,F
3866,customer_2865,customer2865.gmail.com,Pune,SMS,2024-09-22,56,F
3867,customer_2866,customer2866.gmail.com,Chennai,Google Search,2024-11-11,23,M
3868,customer_2867,customer2867.gmail.com,Delhi,Google Search,2022-01-08,63,M
3869,customer_2868,customer2868.gmail.com,Pune,SMS,2022-01-22,30,M
3870,customer_2869,customer2869.gmail.com,Chennai,Email,2022-03-18,51,M
3871,customer_2870,customer2870.gmail.com,Mumbai,Organic,2024-03-07,59,M
3872,customer_2871,customer2871.gmail.com,Bengaluru,Paid Social,2022-03-21,29,F
3873,customer_2872,customer2872.gmail.com,Delhi,Organic,2022-10-16,38,M
3874,customer_2873,customer2873.gmail.com,Chennai,Paid Social,2023-08-13,23,M
3875,customer_2874,customer2874.gmail.com,Hyderabad,Paid Social,2024-10-04,25,F
3876,customer_2875,customer2875.gmail.com,Delhi,Paid Social,2024-07-07,44,F
3877,customer_2876,customer2876.gmail.com,Hyderabad,Organic,2023-02-03,35,F
3878,customer_2877,customer2877.gmail.com,Bengaluru,Google Search,2023-09-25,50,M
3879,customer_2878,customer2878.gmail.com,Bengaluru,Google Search,2023-12-05,39,M
3880,customer_2879,customer2879.gmail.com,Bengaluru,Google Search,2022-01-19,23,F
3881,customer_2880,customer2880.gmail.com,Delhi,Email,2022-02-18,59,F
3882,customer_2881,customer2881.gmail.com,Chennai,Organic,2023-02-07,56,F
3883,customer_2882,customer2882.gmail.com,Hyderabad,Paid Social,2022-12-18,34,M
3884,customer_2883,customer2883.gmail.com,Mumbai,Email,2024-01-01,24,M
3885,customer_2884,customer2884.gmail.com,Pune,Email,2023-07-22,19,M
3886,customer_2885,customer2885.gmail.com,Bengaluru,Organic,2023-12-04,59,M
3887,customer_2886,customer2886.gmail.com,Mumbai,SMS,2023-07-18,32,F
3888,customer_2887,customer2887.gmail.com,Delhi,SMS,2024-05-16,58,F
3889,customer_2888,customer2888.gmail.com,Pune,Google Search,2024-04-13,57,F
3890,customer_2889,customer2889.gmail.com,Chennai,Google Search,2023-02-10,48,M
3891,customer_2890,customer2890.gmail.com,Chennai,Google Search,2022-05-15,27,M
3892,customer_2891,customer2891.gmail.com,Chennai,SMS,2023-10-14,61,M
3893,customer_2892,customer2892.gmail.com,Mumbai,Email,2022-03-20,20,M
3894,customer_2893,customer2893.gmail.com,Chennai,Email,2022-12-15,18,M
3895,customer_2894,customer2894.gmail.com,Chennai,Email,2024-01-22,57,F
3896,customer_2895,customer2895.gmail.com,Mumbai,Google Search,2023-10-15,35,M
3897,customer_2896,customer2896.gmail.com,Chennai,SMS,2022-12-19,61,F
3898,customer_2897,customer2897.gmail.com,Bengaluru,Google Search,2024-06-19,58,F
3899,customer_2898,customer2898.gmail.com,Mumbai,Paid Social,2023-08-03,23,F
3900,customer_2899,customer2899.gmail.com,Chennai,Google Search,2024-05-18,57,Others
3901,customer_2900,customer2900.gmail.com,Mumbai,Paid Social,2023-01-28,41,F
3902,customer_2901,customer2901.gmail.com,Chennai,Paid Social,2023-06-15,27,M
3903,customer_2902,customer2902.gmail.com,Pune,SMS,2022-08-23,54,M
3904,customer_2903,customer2903.gmail.com,Pune,Email,2024-04-15,25,F
3905,customer_2904,customer2904.gmail.com,Delhi,Organic,2023-04-11,42,M
3906,customer_2905,customer2905.gmail.com,Bengaluru,Google Search,2022-06-29,59,M
3907,customer_2906,customer2906.gmail.com,Bengaluru,SMS,2024-09-09,20,M
3908,customer_2907,customer2907.gmail.com,Mumbai,Google Search,2022-01-28,40,M
3909,customer_2908,customer2908.gmail.com,Bengaluru,Paid Social,2023-06-02,42,F
3910,customer_2909,customer2909.gmail.com,Bengaluru,Email,2024-03-05,56,Others
3911,customer_2910,customer2910.gmail.com,Hyderabad,Email,2023-01-03,26,F
3912,customer_2911,customer2911.gmail.com,Chennai,Organic,2023-07-12,24,F
3913,customer_2912,customer2912.gmail.com,Mumbai,Paid Social,2024-10-24,49,Others
3914,customer_2913,customer2913.gmail.com,Chennai,Organic,2022-12-09,39,M
3915,customer_2914,customer2914.gmail.com,Hyderabad,Google Search,2022-02-14,25,M
3916,customer_2915,customer2915.gmail.com,Delhi,Email,2023-05-24,33,M
3917,customer_2916,customer2916.gmail.com,Pune,Email,2024-04-05,60,M
3918,customer_2917,customer2917.gmail.com,Bengaluru,Organic,2023-07-28,42,M
3919,customer_2918,customer2918.gmail.com,Bengaluru,Paid Social,2023-07-20,39,F
3920,customer_2919,customer2919.gmail.com,Hyderabad,Email,2023-03-17,64,M
3921,customer_2920,customer2920.gmail.com,Chennai,SMS,2022-06-30,44,F
3922,customer_2921,customer2921.gmail.com,Bengaluru,SMS,2023-09-30,31,M
3923,customer_2922,customer2922.gmail.com,Pune,Paid Social,2022-07-31,32,M
3924,customer_2923,customer2923.gmail.com,Mumbai,Paid Social,2022-05-18,53,M
3925,customer_2924,customer2924.gmail.com,Hyderabad,Organic,2022-04-20,30,M
3926,customer_2925,customer2925.gmail.com,Bengaluru,Paid Social,2024-12-18,41,M
3927,customer_2926,customer2926.gmail.com,Pune,Organic,2022-09-24,21,F
3928,customer_2927,customer2927.gmail.com,Bengaluru,Paid Social,2023-10-22,38,F
3929,customer_2928,customer2928.gmail.com,Bengaluru,SMS,2024-04-23,44,F
3930,customer_2929,customer2929.gmail.com,Mumbai,Email,2023-12-01,48,M
3931,customer_2930,customer2930.gmail.com,Hyderabad,Paid Social,2024-06-14,36,M
3932,customer_2931,customer2931.gmail.com,Chennai,Paid Social,2024-04-26,35,M
3933,customer_2932,customer2932.gmail.com,Hyderabad,Paid Social,2023-04-19,60,M
3934,customer_2933,customer2933.gmail.com,Pune,SMS,2024-06-10,23,F
3935,customer_2934,customer2934.gmail.com,Chennai,Google Search,2022-07-03,27,Others
3936,customer_2935,customer2935.gmail.com,Chennai,Paid Social,2024-08-28,25,M
3937,customer_2936,customer2936.gmail.com,Hyderabad,SMS,2022-06-21,37,F
3938,customer_2937,customer2937.gmail.com,Delhi,Email,2023-08-18,21,F
3939,customer_2938,customer2938.gmail.com,Mumbai,SMS,2024-05-13,21,F
3940,customer_2939,customer2939.gmail.com,Bengaluru,Paid Social,2023-06-20,28,M
3941,customer_2940,customer2940.gmail.com,Hyderabad,Email,2024-11-02,25,M
3942,customer_2941,customer2941.gmail.com,Delhi,SMS,2024-10-21,36,F
3943,customer_2942,customer2942.gmail.com,Hyderabad,Organic,2024-11-28,50,M
3944,customer_2943,customer2943.gmail.com,Bengaluru,Paid Social,2023-01-24,38,F
3945,customer_2944,customer2944.gmail.com,Hyderabad,Google Search,2022-04-17,34,F
3946,customer_2945,customer2945.gmail.com,Bengaluru,SMS,2022-05-21,55,F
3947,customer_2946,customer2946.gmail.com,Chennai,Google Search,2024-02-15,38,F
3948,customer_2947,customer2947.gmail.com,Pune,SMS,2022-06-28,28,F
3949,customer_2948,customer2948.gmail.com,Hyderabad,Email,2023-11-19,42,M
3950,customer_2949,customer2949.gmail.com,Mumbai,Google Search,2024-12-12,61,M
3951,customer_2950,customer2950.gmail.com,Bengaluru,Paid Social,2022-03-10,18,M
3952,customer_2951,customer2951.gmail.com,Chennai,Google Search,2024-08-24,61,F
3953,customer_2952,customer2952.gmail.com,Mumbai,Paid Social,2024-03-08,40,F
3954,customer_2953,customer2953.gmail.com,Pune,Email,2022-05-15,20,M
3955,customer_2954,customer2954.gmail.com,Mumbai,Paid Social,2022-03-16,35,M
3956,customer_2955,customer2955.gmail.com,Mumbai,SMS,2022-07-22,29,M
3957,customer_2956,customer2956.gmail.com,Pune,Paid Social,2022-10-16,60,M
3958,customer_2957,customer2957.gmail.com,Chennai,Google Search,2024-04-26,23,M
3959,customer_2958,customer2958.gmail.com,Hyderabad,Google Search,2024-04-15,36,M
3960,customer_2959,customer2959.gmail.com,Pune,SMS,2022-11-03,25,M
3961,customer_2960,customer2960.gmail.com,Delhi,Paid Social,2024-07-22,29,M
3962,customer_2961,customer2961.gmail.com,Bengaluru,Paid Social,2024-07-24,40,F
3963,customer_2962,customer2962.gmail.com,Chennai,Paid Social,2022-06-01,25,M
3964,customer_2963,customer2963.gmail.com,Chennai,Organic,2022-01-23,21,F
3965,customer_2964,customer2964.gmail.com,Bengaluru,Organic,2024-04-06,55,F
3966,customer_2965,customer2965.gmail.com,Chennai,Google Search,2022-02-11,23,F
3967,customer_2966,customer2966.gmail.com,Chennai,Google Search,2022-10-09,44,F
3968,customer_2967,customer2967.gmail.com,Hyderabad,Email,2022-12-04,39,F
3969,customer_2968,customer2968.gmail.com,Chennai,Paid Social,2022-05-08,38,M
3970,customer_2969,customer2969.gmail.com,Pune,Google Search,2024-07-28,26,M
3971,customer_2970,customer2970.gmail.com,Bengaluru,Email,2024-03-26,21,M
3972,customer_2971,customer2971.gmail.com,Bengaluru,Organic,2024-02-16,46,M
3973,customer_2972,customer2972.gmail.com,Chennai,Google Search,2022-04-07,61,M
3974,customer_2973,customer2973.gmail.com,Chennai,Paid Social,2023-05-25,32,M
3975,customer_2974,customer2974.gmail.com,Mumbai,Google Search,2023-01-30,46,F
3976,customer_2975,customer2975.gmail.com,Pune,Organic,2023-05-05,50,F
3977,customer_2976,customer2976.gmail.com,Mumbai,Email,2022-03-03,26,F
3978,customer_2977,customer2977.gmail.com,Delhi,Email,2022-03-29,31,M
3979,customer_2978,customer2978.gmail.com,Delhi,Email,2023-02-12,54,F
3980,customer_2979,customer2979.gmail.com,Delhi,Paid Social,2024-11-21,40,F
3981,customer_2980,customer2980.gmail.com,Hyderabad,Google Search,2022-02-02,46,F
3982,customer_2981,customer2981.gmail.com,Pune,Google Search,2023-04-10,44,M
3983,customer_2982,customer2982.gmail.com,Hyderabad,Email,2023-11-16,23,F
3984,customer_2983,customer2983.gmail.com,Delhi,SMS,2022-01-02,20,F
3985,customer_2984,customer2984.gmail.com,Chennai,Organic,2022-07-13,56,M
3986,customer_2985,customer2985.gmail.com,Hyderabad,Google Search,2023-12-19,24,F
3987,customer_2986,customer2986.gmail.com,Bengaluru,Organic,2022-10-04,64,F
3988,customer_2987,customer2987.gmail.com,Hyderabad,Paid Social,2022-12-09,43,F
3989,customer_2988,customer2988.gmail.com,Pune,Google Search,2023-10-24,28,M
3990,customer_2989,customer2989.gmail.com,Mumbai,Paid Social,2022-04-10,36,M
3991,customer_2990,customer2990.gmail.com,Pune,Paid Social,2024-04-12,36,M
3992,customer_2991,customer2991.gmail.com,Mumbai,Google Search,2022-10-15,31,F
3993,customer_2992,customer2992.gmail.com,Chennai,Organic,2023-06-18,22,M
3994,customer_2993,customer2993.gmail.com,Hyderabad,Google Search,2022-03-10,37,F
3995,customer_2994,customer2994.gmail.com,Hyderabad,Email,2023-03-12,26,M
3996,customer_2995,customer2995.gmail.com,Pune,Paid Social,2024-01-27,28,F
3997,customer_2996,customer2996.gmail.com,Chennai,Paid Social,2024-12-26,50,M
3998,customer_2997,customer2997.gmail.com,Mumbai,Organic,2022-10-07,30,M
3999,customer_2998,customer2998.gmail.com,Delhi,Email,2023-05-20,60,Others
4000,customer_2999,customer2999.gmail.com,Chennai,SMS,2022-12-14,58,M
4001,customer_3000,customer3000.gmail.com,Delhi,Organic,2024-09-02,21,M
4002,customer_3001,customer3001.gmail.com,Hyderabad,SMS,2022-09-24,53,M
4003,customer_3002,customer3002.gmail.com,Hyderabad,Email,2023-11-22,59,M
4004,customer_3003,customer3003.gmail.com,Chennai,Paid Social,2023-09-06,64,M
4005,customer_3004,customer3004.gmail.com,Chennai,Email,2023-07-27,45,F
4006,customer_3005,customer3005.gmail.com,Chennai,Email,2023-08-17,41,M
4007,customer_3006,customer3006.gmail.com,Bengaluru,Organic,2022-06-21,60,Others
4008,customer_3007,customer3007.gmail.com,Hyderabad,Paid Social,2024-10-30,18,F
4009,customer_3008,customer3008.gmail.com,Chennai,Paid Social,2024-01-29,36,F
4010,customer_3009,customer3009.gmail.com,Hyderabad,Paid Social,2023-04-05,39,M
4011,customer_3010,customer3010.gmail.com,Bengaluru,Google Search,2022-08-29,33,F
4012,customer_3011,customer3011.gmail.com,Bengaluru,Email,2024-02-22,39,M
4013,customer_3012,customer3012.gmail.com,Pune,Paid Social,2024-08-29,55,F
4014,customer_3013,customer3013.gmail.com,Chennai,Google Search,2024-03-16,41,F
4015,customer_3014,customer3014.gmail.com,Hyderabad,Organic,2023-09-02,40,M
4016,customer_3015,customer3015.gmail.com,Delhi,Google Search,2023-06-08,45,F
4017,customer_3016,customer3016.gmail.com,Hyderabad,Organic,2022-10-13,52,F
4018,customer_3017,customer3017.gmail.com,Hyderabad,SMS,2022-03-14,21,F
4019,customer_3018,customer3018.gmail.com,Chennai,Email,2024-12-03,20,M
4020,customer_3019,customer3019.gmail.com,Mumbai,Google Search,2022-06-23,58,Others
4021,customer_3020,customer3020.gmail.com,Mumbai,Organic,2023-03-23,49,F
4022,customer_3021,customer3021.gmail.com,Pune,SMS,2022-01-26,34,M
4023,customer_3022,customer3022.gmail.com,Delhi,Paid Social,2024-09-19,35,F
4024,customer_3023,customer3023.gmail.com,Mumbai,SMS,2022-10-22,62,M
4025,customer_3024,customer3024.gmail.com,Chennai,Paid Social,2023-01-24,27,F
4026,customer_3025,customer3025.gmail.com,Chennai,Organic,2023-05-28,48,F
4027,customer_3026,customer3026.gmail.com,Delhi,Email,2024-12-11,53,F
4028,customer_3027,customer3027.gmail.com,Bengaluru,SMS,2024-02-15,23,M
4029,customer_3028,customer3028.gmail.com,Hyderabad,Organic,2024-07-22,23,M
4030,customer_3029,customer3029.gmail.com,Pune,Organic,2022-11-11,42,F
4031,customer_3030,customer3030.gmail.com,Delhi,Organic,2022-11-19,33,F
4032,customer_3031,customer3031.gmail.com,Chennai,Paid Social,2023-05-05,31,M
4033,customer_3032,customer3032.gmail.com,Mumbai,Email,2022-09-20,20,F
4034,customer_3033,customer3033.gmail.com,Hyderabad,SMS,2022-09-21,60,M
4035,customer_3034,customer3034.gmail.com,Hyderabad,Paid Social,2022-02-03,40,M
4036,customer_3035,customer3035.gmail.com,Hyderabad,Email,2024-03-20,62,F
4037,customer_3036,customer3036.gmail.com,Chennai,Email,2024-01-06,19,F
4038,customer_3037,customer3037.gmail.com,Pune,Paid Social,2024-10-02,18,F
4039,customer_3038,customer3038.gmail.com,Bengaluru,SMS,2023-08-26,32,F
4040,customer_3039,customer3039.gmail.com,Hyderabad,Paid Social,2022-12-28,30,F
4041,customer_3040,customer3040.gmail.com,Hyderabad,Email,2024-02-08,32,M
4042,customer_3041,customer3041.gmail.com,Hyderabad,SMS,2022-05-03,19,F
4043,customer_3042,customer3042.gmail.com,Bengaluru,Organic,2024-06-24,38,M
4044,customer_3043,customer3043.gmail.com,Mumbai,Organic,2022-06-14,42,F
4045,customer_3044,customer3044.gmail.com,Chennai,Google Search,2024-02-20,22,F
4046,customer_3045,customer3045.gmail.com,Delhi,Google Search,2022-05-31,44,F
4047,customer_3046,customer3046.gmail.com,Hyderabad,Organic,2023-05-12,35,F
4048,customer_3047,customer3047.gmail.com,Hyderabad,Paid Social,2022-11-09,45,M
4049,customer_3048,customer3048.gmail.com,Mumbai,Google Search,2022-08-22,48,F
4050,customer_3049,customer3049.gmail.com,Bengaluru,Google Search,2023-10-12,48,M
4051,customer_3050,customer3050.gmail.com,Chennai,SMS,2024-04-29,39,M
4052,customer_3051,customer3051.gmail.com,Chennai,Paid Social,2024-01-18,45,F
4053,customer_3052,customer3052.gmail.com,Bengaluru,Paid Social,2022-08-29,34,M
4054,customer_3053,customer3053.gmail.com,Delhi,Paid Social,2023-03-08,36,M
4055,customer_3054,customer3054.gmail.com,Bengaluru,SMS,2024-06-05,22,F
4056,customer_3055,customer3055.gmail.com,Bengaluru,Google Search,2023-06-19,33,M
4057,customer_3056,customer3056.gmail.com,Mumbai,SMS,2024-05-21,64,F
4058,customer_3057,customer3057.gmail.com,Mumbai,Organic,2022-11-07,48,M
4059,customer_3058,customer3058.gmail.com,Mumbai,Email,2024-10-09,35,F
4060,customer_3059,customer3059.gmail.com,Delhi,Organic,2024-02-01,18,M
4061,customer_3060,customer3060.gmail.com,Bengaluru,Organic,2022-01-23,53,M
4062,customer_3061,customer3061.gmail.com,Mumbai,Google Search,2024-08-03,32,F
4063,customer_3062,customer3062.gmail.com,Pune,Google Search,2022-07-01,21,M
4064,customer_3063,customer3063.gmail.com,Chennai,Email,2024-10-17,60,F
4065,customer_3064,customer3064.gmail.com,Hyderabad,Google Search,2023-03-05,52,M
4066,customer_3065,customer3065.gmail.com,Pune,Paid Social,2022-11-23,40,M
4067,customer_3066,customer3066.gmail.com,Delhi,Organic,2023-06-08,48,M
4068,customer_3067,customer3067.gmail.com,Bengaluru,Email,2024-01-29,58,F
4069,customer_3068,customer3068.gmail.com,Bengaluru,Email,2022-03-18,28,M
4070,customer_3069,customer3069.gmail.com,Hyderabad,Google Search,2022-12-24,44,F
4071,customer_3070,customer3070.gmail.com,Delhi,Email,2022-06-25,59,F
4072,customer_3071,customer3071.gmail.com,Chennai,Email,2023-12-12,55,F
4073,customer_3072,customer3072.gmail.com,Delhi,Paid Social,2023-07-16,22,F
4074,customer_3073,customer3073.gmail.com,Pune,Organic,2024-08-24,38,Others
4075,customer_3074,customer3074.gmail.com,Delhi,Email,2024-08-13,30,M
4076,customer_3075,customer3075.gmail.com,Bengaluru,Email,2024-02-24,29,M
4077,customer_3076,customer3076.gmail.com,Bengaluru,Email,2024-03-17,35,F
4078,customer_3077,customer3077.gmail.com,Bengaluru,SMS,2022-05-12,42,F
4079,customer_3078,customer3078.gmail.com,Bengaluru,Paid Social,2022-05-05,26,M
4080,customer_3079,customer3079.gmail.com,Pune,Organic,2022-02-28,38,F
4081,customer_3080,customer3080.gmail.com,Bengaluru,SMS,2022-08-01,31,M
4082,customer_3081,customer3081.gmail.com,Bengaluru,Email,2022-10-08,60,F
4083,customer_3082,customer3082.gmail.com,Hyderabad,Google Search,2023-04-25,32,F
4084,customer_3083,customer3083.gmail.com,Pune,Email,2024-01-11,62,M
4085,customer_3084,customer3084.gmail.com,Pune,Paid Social,2022-05-28,53,M
4086,customer_3085,customer3085.gmail.com,Delhi,Email,2022-05-19,27,F
4087,customer_3086,customer3086.gmail.com,Delhi,Google Search,2022-04-10,64,F
4088,customer_3087,customer3087.gmail.com,Mumbai,SMS,2024-03-10,55,F
4089,customer_3088,customer3088.gmail.com,Bengaluru,Paid Social,2024-04-29,21,F
4090,customer_3089,customer3089.gmail.com,Bengaluru,SMS,2023-10-02,61,M
4091,customer_3090,customer3090.gmail.com,Hyderabad,Google Search,2023-08-31,33,F
4092,customer_3091,customer3091.gmail.com,Chennai,Organic,2023-09-21,64,F
4093,customer_3092,customer3092.gmail.com,Pune,SMS,2023-10-26,56,M
4094,customer_3093,customer3093.gmail.com,Pune,SMS,2024-04-26,63,M
4095,customer_3094,customer3094.gmail.com,Hyderabad,Email,2024-10-20,62,M
4096,customer_3095,customer3095.gmail.com,Pune,Paid Social,2024-07-30,50,F
4097,customer_3096,customer3096.gmail.com,Chennai,Paid Social,2022-08-25,55,M
4098,customer_3097,customer3097.gmail.com,Hyderabad,Organic,2024-10-11,28,M
4099,customer_3098,customer3098.gmail.com,Chennai,Organic,2024-04-06,23,F
4100,customer_3099,customer3099.gmail.com,Bengaluru,SMS,2022-09-23,45,M
4101,customer_3100,customer3100.gmail.com,Bengaluru,Organic,2022-10-25,27,F
4102,customer_3101,customer3101.gmail.com,Hyderabad,Paid Social,2024-05-20,49,M
4103,customer_3102,customer3102.gmail.com,Bengaluru,Paid Social,2023-01-20,27,M
4104,customer_3103,customer3103.gmail.com,Delhi,SMS,2022-05-17,33,F
4105,customer_3104,customer3104.gmail.com,Delhi,SMS,2022-06-19,24,Others
4106,customer_3105,customer3105.gmail.com,Mumbai,Google Search,2022-10-09,47,M
4107,customer_3106,customer3106.gmail.com,Hyderabad,Paid Social,2024-01-19,50,M
4108,customer_3107,customer3107.gmail.com,Pune,Organic,2023-09-28,21,F
4109,customer_3108,customer3108.gmail.com,Pune,Google Search,2024-02-29,22,M
4110,customer_3109,customer3109.gmail.com,Mumbai,Email,2022-09-16,36,M
4111,customer_3110,customer3110.gmail.com,Delhi,Organic,2024-06-25,28,F
4112,customer_3111,customer3111.gmail.com,Hyderabad,Email,2024-04-03,53,F
4113,customer_3112,customer3112.gmail.com,Mumbai,Google Search,2022-06-17,51,F
4114,customer_3113,customer3113.gmail.com,Delhi,Paid Social,2023-04-07,28,F
4115,customer_3114,customer3114.gmail.com,Hyderabad,Paid Social,2023-05-08,56,F
4116,customer_3115,customer3115.gmail.com,Bengaluru,Email,2024-06-30,32,F
4117,customer_3116,customer3116.gmail.com,Delhi,Paid Social,2023-06-01,22,M
4118,customer_3117,customer3117.gmail.com,Hyderabad,SMS,2022-02-22,24,F
4119,customer_3118,customer3118.gmail.com,Delhi,Google Search,2023-10-13,28,F
4120,customer_3119,customer3119.gmail.com,Delhi,Organic,2022-04-25,48,F
4121,customer_3120,customer3120.gmail.com,Mumbai,Google Search,2022-04-15,38,F
4122,customer_3121,customer3121.gmail.com,Bengaluru,Email,2024-02-02,36,F
4123,customer_3122,customer3122.gmail.com,Chennai,Email,2022-02-14,30,M
4124,customer_3123,customer3123.gmail.com,Chennai,Paid Social,2022-07-09,47,M
4125,customer_3124,customer3124.gmail.com,Hyderabad,Email,2024-09-27,39,F
4126,customer_3125,customer3125.gmail.com,Delhi,Organic,2023-08-09,57,M
4127,customer_3126,customer3126.gmail.com,Pune,Google Search,2024-12-26,32,M
4128,customer_3127,customer3127.gmail.com,Bengaluru,Organic,2024-09-05,35,M
4129,customer_3128,customer3128.gmail.com,Delhi,Google Search,2024-03-07,52,F
4130,customer_3129,customer3129.gmail.com,Pune,Paid Social,2023-05-23,35,M
4131,customer_3130,customer3130.gmail.com,Mumbai,Email,2023-06-04,62,F
4132,customer_3131,customer3131.gmail.com,Hyderabad,Google Search,2022-12-11,24,F
4133,customer_3132,customer3132.gmail.com,Bengaluru,SMS,2024-10-10,48,M
4134,customer_3133,customer3133.gmail.com,Bengaluru,SMS,2024-05-19,20,M
4135,customer_3134,customer3134.gmail.com,Hyderabad,SMS,2024-12-11,52,F
4136,customer_3135,customer3135.gmail.com,Delhi,SMS,2024-02-19,25,M
4137,customer_3136,customer3136.gmail.com,Hyderabad,Organic,2024-05-20,46,M
4138,customer_3137,customer3137.gmail.com,Hyderabad,Email,2022-08-14,55,M
4139,customer_3138,customer3138.gmail.com,Bengaluru,Google Search,2022-04-07,32,M
4140,customer_3139,customer3139.gmail.com,Delhi,SMS,2024-07-14,19,Others
4141,customer_3140,customer3140.gmail.com,Hyderabad,SMS,2024-07-24,23,M
4142,customer_3141,customer3141.gmail.com,Chennai,Google Search,2022-09-26,64,F
4143,customer_3142,customer3142.gmail.com,Chennai,Paid Social,2023-02-18,30,M
4144,customer_3143,customer3143.gmail.com,Delhi,Organic,2024-02-27,32,F
4145,customer_3144,customer3144.gmail.com,Mumbai,Organic,2022-06-15,33,F
4146,customer_3145,customer3145.gmail.com,Chennai,Email,2022-07-10,40,F
4147,customer_3146,customer3146.gmail.com,Bengaluru,SMS,2023-01-08,56,F
4148,customer_3147,customer3147.gmail.com,Bengaluru,Email,2022-01-23,56,F
4149,customer_3148,customer3148.gmail.com,Mumbai,Email,2022-08-05,62,Others
4150,customer_3149,customer3149.gmail.com,Hyderabad,Email,2023-01-18,39,M
4151,customer_3150,customer3150.gmail.com,Mumbai,Email,2022-01-31,35,F
4152,customer_3151,customer3151.gmail.com,Mumbai,Google Search,2024-08-29,21,F
4153,customer_3152,customer3152.gmail.com,Bengaluru,Google Search,2023-07-07,53,F
4154,customer_3153,customer3153.gmail.com,Pune,Google Search,2022-08-14,37,M
4155,customer_3154,customer3154.gmail.com,Bengaluru,Email,2023-07-23,31,F
4156,customer_3155,customer3155.gmail.com,Mumbai,SMS,2023-08-17,37,F
4157,customer_3156,customer3156.gmail.com,Bengaluru,Organic,2024-09-17,28,F
4158,customer_3157,customer3157.gmail.com,Pune,SMS,2024-07-20,18,M
4159,customer_3158,customer3158.gmail.com,Mumbai,Email,2022-07-24,23,M
4160,customer_3159,customer3159.gmail.com,Bengaluru,Paid Social,2023-07-28,33,F
4161,customer_3160,customer3160.gmail.com,Hyderabad,Google Search,2024-07-19,63,F
4162,customer_3161,customer3161.gmail.com,Mumbai,SMS,2022-06-04,53,F
4163,customer_3162,customer3162.gmail.com,Pune,Google Search,2023-07-30,41,M
4164,customer_3163,customer3163.gmail.com,Bengaluru,SMS,2024-03-25,28,F
4165,customer_3164,customer3164.gmail.com,Mumbai,Paid Social,2022-03-12,19,F
4166,customer_3165,customer3165.gmail.com,Bengaluru,SMS,2024-12-25,41,M
4167,customer_3166,customer3166.gmail.com,Chennai,Google Search,2024-12-02,21,F
4168,customer_3167,customer3167.gmail.com,Delhi,Paid Social,2023-07-23,19,F
4169,customer_3168,customer3168.gmail.com,Chennai,Google Search,2022-08-22,57,F
4170,customer_3169,customer3169.gmail.com,Mumbai,Organic,2024-05-07,26,F
4171,customer_3170,customer3170.gmail.com,Mumbai,Email,2023-06-14,57,F
4172,customer_3171,customer3171.gmail.com,Delhi,Organic,2023-02-08,36,M
4173,customer_3172,customer3172.gmail.com,Bengaluru,Email,2024-10-07,56,F
4174,customer_3173,customer3173.gmail.com,Hyderabad,Email,2022-07-14,35,M
4175,customer_3174,customer3174.gmail.com,Hyderabad,Organic,2024-06-12,26,M
4176,customer_3175,customer3175.gmail.com,Hyderabad,Paid Social,2023-07-23,61,F
4177,customer_3176,customer3176.gmail.com,Chennai,Email,2022-12-22,46,F
4178,customer_3177,customer3177.gmail.com,Delhi,SMS,2022-11-26,34,M
4179,customer_3178,customer3178.gmail.com,Chennai,Organic,2022-04-18,57,F
4180,customer_3179,customer3179.gmail.com,Pune,SMS,2024-09-06,22,M
4181,customer_3180,customer3180.gmail.com,Mumbai,Paid Social,2024-10-28,56,F
4182,customer_3181,customer3181.gmail.com,Chennai,Paid Social,2024-03-26,44,M
4183,customer_3182,customer3182.gmail.com,Pune,Organic,2022-07-05,61,F
4184,customer_3183,customer3183.gmail.com,Chennai,SMS,2023-09-21,32,M
4185,customer_3184,customer3184.gmail.com,Mumbai,Google Search,2023-12-05,60,M
4186,customer_3185,customer3185.gmail.com,Chennai,Email,2024-12-30,42,F
4187,customer_3186,customer3186.gmail.com,Chennai,Google Search,2024-08-10,38,M
4188,customer_3187,customer3187.gmail.com,Pune,Google Search,2023-05-06,57,F
4189,customer_3188,customer3188.gmail.com,Pune,Organic,2023-07-06,44,M
4190,customer_3189,customer3189.gmail.com,Delhi,Google Search,2024-02-10,40,M
4191,customer_3190,customer3190.gmail.com,Delhi,Google Search,2023-12-04,35,F
4192,customer_3191,customer3191.gmail.com,Pune,Email,2022-01-11,31,F
4193,customer_3192,customer3192.gmail.com,Mumbai,Paid Social,2024-12-17,30,M
4194,customer_3193,customer3193.gmail.com,Bengaluru,Email,2023-12-17,58,M
4195,customer_3194,customer3194.gmail.com,Pune,Email,2022-04-16,38,M
4196,customer_3195,customer3195.gmail.com,Delhi,Organic,2024-03-24,43,F
4197,customer_3196,customer3196.gmail.com,Mumbai,Paid Social,2023-06-08,58,M
4198,customer_3197,customer3197.gmail.com,Bengaluru,SMS,2024-07-29,51,F
4199,customer_3198,customer3198.gmail.com,Pune,SMS,2023-12-27,24,F
4200,customer_3199,customer3199.gmail.com,Chennai,Google Search,2022-07-31,19,M
4201,customer_3200,customer3200.gmail.com,Chennai,Organic,2024-03-27,31,M
4202,customer_3201,customer3201.gmail.com,Delhi,Paid Social,2022-08-10,63,M
4203,customer_3202,customer3202.gmail.com,Hyderabad,Organic,2022-06-08,25,M
4204,customer_3203,customer3203.gmail.com,Mumbai,Paid Social,2022-01-20,45,F
4205,customer_3204,customer3204.gmail.com,Bengaluru,Paid Social,2023-10-04,27,Others
4206,customer_3205,customer3205.gmail.com,Delhi,Email,2022-09-19,51,F
4207,customer_3206,customer3206.gmail.com,Hyderabad,Paid Social,2023-02-14,36,M
4208,customer_3207,customer3207.gmail.com,Pune,Paid Social,2024-11-26,46,M
4209,customer_3208,customer3208.gmail.com,Mumbai,SMS,2023-04-28,33,M
4210,customer_3209,customer3209.gmail.com,Bengaluru,Google Search,2023-09-26,50,M
4211,customer_3210,customer3210.gmail.com,Delhi,SMS,2022-07-18,23,M
4212,customer_3211,customer3211.gmail.com,Chennai,Email,2023-03-26,62,F
4213,customer_3212,customer3212.gmail.com,Pune,Email,2024-09-13,29,M
4214,customer_3213,customer3213.gmail.com,Delhi,Organic,2022-05-07,44,F
4215,customer_3214,customer3214.gmail.com,Hyderabad,Email,2022-01-12,18,F
4216,customer_3215,customer3215.gmail.com,Chennai,Google Search,2023-05-15,36,F
4217,customer_3216,customer3216.gmail.com,Pune,Paid Social,2023-11-03,41,F
4218,customer_3217,customer3217.gmail.com,Delhi,SMS,2022-03-03,43,F
4219,customer_3218,customer3218.gmail.com,Mumbai,Organic,2022-01-16,24,M
4220,customer_3219,customer3219.gmail.com,Mumbai,Email,2024-03-02,24,M
4221,customer_3220,customer3220.gmail.com,Bengaluru,Email,2022-09-02,40,F
4222,customer_3221,customer3221.gmail.com,Mumbai,Google Search,2024-08-02,55,F
4223,customer_3222,customer3222.gmail.com,Mumbai,SMS,2023-12-05,25,M
4224,customer_3223,customer3223.gmail.com,Bengaluru,Organic,2022-10-25,58,F
4225,customer_3224,customer3224.gmail.com,Pune,SMS,2024-10-11,23,F
4226,customer_3225,customer3225.gmail.com,Chennai,SMS,2022-03-29,58,M
4227,customer_3226,customer3226.gmail.com,Delhi,Organic,2022-03-19,60,Others
4228,customer_3227,customer3227.gmail.com,Pune,Email,2022-08-24,18,M
4229,customer_3228,customer3228.gmail.com,Delhi,Google Search,2023-10-03,18,F
4230,customer_3229,customer3229.gmail.com,Mumbai,Google Search,2023-08-25,42,M
4231,customer_3230,customer3230.gmail.com,Hyderabad,Google Search,2024-11-15,30,M
4232,customer_3231,customer3231.gmail.com,Bengaluru,Organic,2022-03-31,60,M
4233,customer_3232,customer3232.gmail.com,Chennai,SMS,2023-09-05,42,M
4234,customer_3233,customer3233.gmail.com,Pune,Google Search,2023-12-25,54,M
4235,customer_3234,customer3234.gmail.com,Delhi,Google Search,2023-08-31,33,F
4236,customer_3235,customer3235.gmail.com,Hyderabad,SMS,2022-05-08,32,M
4237,customer_3236,customer3236.gmail.com,Delhi,Email,2023-07-28,52,M
4238,customer_3237,customer3237.gmail.com,Bengaluru,Email,2022-12-15,56,F
4239,customer_3238,customer3238.gmail.com,Pune,Google Search,2024-11-16,28,F
4240,customer_3239,customer3239.gmail.com,Chennai,SMS,2023-08-20,39,M
4241,customer_3240,customer3240.gmail.com,Bengaluru,Email,2023-05-02,36,M
4242,customer_3241,customer3241.gmail.com,Chennai,Paid Social,2022-01-29,54,F
4243,customer_3242,customer3242.gmail.com,Pune,Paid Social,2022-06-18,21,M
4244,customer_3243,customer3243.gmail.com,Bengaluru,Organic,2022-08-21,42,F
4245,customer_3244,customer3244.gmail.com,Pune,Organic,2023-01-16,57,M
4246,customer_3245,customer3245.gmail.com,Mumbai,Google Search,2024-06-26,23,F
4247,customer_3246,customer3246.gmail.com,Pune,SMS,2022-11-03,62,F
4248,customer_3247,customer3247.gmail.com,Mumbai,Organic,2022-10-07,44,F
4249,customer_3248,customer3248.gmail.com,Hyderabad,SMS,2023-06-27,19,F
4250,customer_3249,customer3249.gmail.com,Pune,Paid Social,2024-01-19,64,Others
4251,customer_3250,customer3250.gmail.com,Delhi,SMS,2023-03-19,28,M
4252,customer_3251,customer3251.gmail.com,Pune,Google Search,2022-10-23,55,F
4253,customer_3252,customer3252.gmail.com,Pune,Email,2024-12-12,27,F
4254,customer_3253,customer3253.gmail.com,Hyderabad,Organic,2024-04-12,38,M
4255,customer_3254,customer3254.gmail.com,Delhi,SMS,2023-08-19,35,M
4256,customer_3255,customer3255.gmail.com,Mumbai,Google Search,2023-12-26,53,F
4257,customer_3256,customer3256.gmail.com,Chennai,SMS,2022-08-27,23,M
4258,customer_3257,customer3257.gmail.com,Pune,Google Search,2023-09-13,62,F
4259,customer_3258,customer3258.gmail.com,Pune,Google Search,2023-01-11,33,M
4260,customer_3259,customer3259.gmail.com,Delhi,Organic,2023-06-18,36,F
4261,customer_3260,customer3260.gmail.com,Hyderabad,Email,2023-03-21,48,F
4262,customer_3261,customer3261.gmail.com,Delhi,SMS,2024-04-27,34,Others
4263,customer_3262,customer3262.gmail.com,Chennai,Paid Social,2024-04-30,29,M
4264,customer_3263,customer3263.gmail.com,Delhi,Organic,2024-01-31,37,M
4265,customer_3264,customer3264.gmail.com,Bengaluru,Organic,2022-05-23,41,F
4266,customer_3265,customer3265.gmail.com,Mumbai,Organic,2023-09-19,26,M
4267,customer_3266,customer3266.gmail.com,Hyderabad,SMS,2023-09-25,63,M
4268,customer_3267,customer3267.gmail.com,Pune,Organic,2024-06-27,39,M
4269,customer_3268,customer3268.gmail.com,Hyderabad,Organic,2023-10-26,47,F
4270,customer_3269,customer3269.gmail.com,Chennai,Organic,2024-01-28,24,M
4271,customer_3270,customer3270.gmail.com,Chennai,Organic,2022-12-09,32,F
4272,customer_3271,customer3271.gmail.com,Hyderabad,Email,2022-04-12,18,M
4273,customer_3272,customer3272.gmail.com,Chennai,SMS,2023-08-28,32,F
4274,customer_3273,customer3273.gmail.com,Delhi,Google Search,2023-10-18,35,Others
4275,customer_3274,customer3274.gmail.com,Pune,Paid Social,2024-03-10,38,M
4276,customer_3275,customer3275.gmail.com,Pune,Google Search,2023-09-12,64,F
4277,customer_3276,customer3276.gmail.com,Bengaluru,Organic,2022-08-17,18,M
4278,customer_3277,customer3277.gmail.com,Pune,SMS,2022-09-29,28,F
4279,customer_3278,customer3278.gmail.com,Bengaluru,Paid Social,2022-12-25,62,F
4280,customer_3279,customer3279.gmail.com,Chennai,Google Search,2024-03-31,33,F
4281,customer_3280,customer3280.gmail.com,Chennai,SMS,2023-03-19,51,F
4282,customer_3281,customer3281.gmail.com,Delhi,Organic,2024-12-19,33,F
4283,customer_3282,customer3282.gmail.com,Mumbai,Organic,2024-07-13,28,M
4284,customer_3283,customer3283.gmail.com,Chennai,Organic,2022-02-02,26,M
4285,customer_3284,customer3284.gmail.com,Hyderabad,Paid Social,2022-12-22,61,F
4286,customer_3285,customer3285.gmail.com,Hyderabad,Paid Social,2022-09-05,21,F
4287,customer_3286,customer3286.gmail.com,Pune,Organic,2023-02-20,19,F
4288,customer_3287,customer3287.gmail.com,Pune,Paid Social,2022-10-29,39,Others
4289,customer_3288,customer3288.gmail.com,Hyderabad,Google Search,2022-08-29,23,F
4290,customer_3289,customer3289.gmail.com,Mumbai,Email,2024-01-12,46,M
4291,customer_3290,customer3290.gmail.com,Mumbai,SMS,2022-06-25,29,M
4292,customer_3291,customer3291.gmail.com,Mumbai,Email,2022-06-24,22,F
4293,customer_3292,customer3292.gmail.com,Pune,Email,2023-07-29,35,M
4294,customer_3293,customer3293.gmail.com,Chennai,SMS,2022-10-30,50,F
4295,customer_3294,customer3294.gmail.com,Pune,Google Search,2022-12-01,19,M
4296,customer_3295,customer3295.gmail.com,Chennai,Paid Social,2023-09-02,40,M
4297,customer_3296,customer3296.gmail.com,Mumbai,Email,2023-02-07,61,M
4298,customer_3297,customer3297.gmail.com,Hyderabad,Email,2024-04-28,59,F
4299,customer_3298,customer3298.gmail.com,Bengaluru,Google Search,2022-04-30,50,F
4300,customer_3299,customer3299.gmail.com,Hyderabad,Google Search,2023-12-21,22,F
4301,customer_3300,customer3300.gmail.com,Chennai,Organic,2022-02-23,48,M
4302,customer_3301,customer3301.gmail.com,Bengaluru,Organic,2022-08-19,59,F
4303,customer_3302,customer3302.gmail.com,Chennai,Google Search,2024-01-01,31,M
4304,customer_3303,customer3303.gmail.com,Mumbai,Email,2023-04-11,22,F
4305,customer_3304,customer3304.gmail.com,Pune,SMS,2022-06-26,39,F
4306,customer_3305,customer3305.gmail.com,Mumbai,Email,2023-06-23,39,F
4307,customer_3306,customer3306.gmail.com,Delhi,Organic,2022-02-25,45,M
4308,customer_3307,customer3307.gmail.com,Pune,Email,2024-11-12,26,M
4309,customer_3308,customer3308.gmail.com,Bengaluru,Paid Social,2023-04-19,45,M
4310,customer_3309,customer3309.gmail.com,Pune,Paid Social,2022-10-25,20,M
4311,customer_3310,customer3310.gmail.com,Mumbai,Paid Social,2023-03-24,61,F
4312,customer_3311,customer3311.gmail.com,Bengaluru,Google Search,2024-10-10,56,F
4313,customer_3312,customer3312.gmail.com,Delhi,Email,2023-08-23,58,Others
4314,customer_3313,customer3313.gmail.com,Hyderabad,SMS,2022-08-12,43,M
4315,customer_3314,customer3314.gmail.com,Delhi,Organic,2022-01-02,31,F
4316,customer_3315,customer3315.gmail.com,Hyderabad,Google Search,2023-01-22,18,F
4317,customer_3316,customer3316.gmail.com,Pune,Google Search,2024-09-22,27,F
4318,customer_3317,customer3317.gmail.com,Mumbai,Paid Social,2024-02-21,48,M
4319,customer_3318,customer3318.gmail.com,Mumbai,Paid Social,2023-11-09,56,F
4320,customer_3319,customer3319.gmail.com,Hyderabad,Paid Social,2023-04-05,34,F
4321,customer_3320,customer3320.gmail.com,Mumbai,Organic,2024-11-29,54,F
4322,customer_3321,customer3321.gmail.com,Pune,Paid Social,2024-04-22,21,F
4323,customer_3322,customer3322.gmail.com,Delhi,Google Search,2022-02-19,58,F
4324,customer_3323,customer3323.gmail.com,Pune,Paid Social,2022-01-10,21,M
4325,customer_3324,customer3324.gmail.com,Pune,Google Search,2022-09-19,32,M
4326,customer_3325,customer3325.gmail.com,Delhi,Email,2023-07-13,53,F
4327,customer_3326,customer3326.gmail.com,Chennai,Organic,2022-08-07,37,M
4328,customer_3327,customer3327.gmail.com,Bengaluru,Email,2024-06-24,58,F
4329,customer_3328,customer3328.gmail.com,Bengaluru,Email,2024-03-23,51,F
4330,customer_3329,customer3329.gmail.com,Hyderabad,SMS,2022-03-01,29,F
4331,customer_3330,customer3330.gmail.com,Hyderabad,SMS,2024-01-25,25,F
4332,customer_3331,customer3331.gmail.com,Bengaluru,Paid Social,2023-08-14,53,M
4333,customer_3332,customer3332.gmail.com,Chennai,Paid Social,2024-09-06,47,F
4334,customer_3333,customer3333.gmail.com,Bengaluru,Google Search,2022-05-08,54,F
4335,customer_3334,customer3334.gmail.com,Pune,Google Search,2024-12-23,42,M
4336,customer_3335,customer3335.gmail.com,Mumbai,Organic,2023-12-21,31,M
4337,customer_3336,customer3336.gmail.com,Hyderabad,Email,2022-10-05,50,F
4338,customer_3337,customer3337.gmail.com,Mumbai,Email,2023-11-30,50,M
4339,customer_3338,customer3338.gmail.com,Delhi,Organic,2022-07-16,35,M
4340,customer_3339,customer3339.gmail.com,Bengaluru,Paid Social,2024-12-30,45,M
4341,customer_3340,customer3340.gmail.com,Pune,Paid Social,2022-05-11,23,F
4342,customer_3341,customer3341.gmail.com,Delhi,Paid Social,2023-01-25,51,F
4343,customer_3342,customer3342.gmail.com,Hyderabad,Paid Social,2022-04-01,48,M
4344,customer_3343,customer3343.gmail.com,Pune,Google Search,2023-03-25,41,M
4345,customer_3344,customer3344.gmail.com,Delhi,Paid Social,2024-01-23,41,M
4346,customer_3345,customer3345.gmail.com,Delhi,Paid Social,2023-11-25,33,F
4347,customer_3346,customer3346.gmail.com,Mumbai,Email,2022-06-11,22,M
4348,customer_3347,customer3347.gmail.com,Bengaluru,SMS,2024-10-28,23,M
4349,customer_3348,customer3348.gmail.com,Chennai,Organic,2022-02-07,58,M
4350,customer_3349,customer3349.gmail.com,Pune,Organic,2024-02-18,64,M
4351,customer_3350,customer3350.gmail.com,Pune,Organic,2022-10-10,63,F
4352,customer_3351,customer3351.gmail.com,Chennai,SMS,2022-07-24,27,F
4353,customer_3352,customer3352.gmail.com,Pune,Google Search,2024-10-31,40,F
4354,customer_3353,customer3353.gmail.com,Delhi,Organic,2024-04-05,52,F
4355,customer_3354,customer3354.gmail.com,Chennai,Organic,2023-02-23,26,F
4356,customer_3355,customer3355.gmail.com,Bengaluru,Organic,2022-12-09,55,M
4357,customer_3356,customer3356.gmail.com,Pune,Organic,2023-09-29,60,F
4358,customer_3357,customer3357.gmail.com,Delhi,Google Search,2024-07-12,51,F
4359,customer_3358,customer3358.gmail.com,Bengaluru,Paid Social,2024-02-14,22,F
4360,customer_3359,customer3359.gmail.com,Delhi,Google Search,2024-05-12,35,F
4361,customer_3360,customer3360.gmail.com,Pune,Google Search,2023-04-15,18,Others
4362,customer_3361,customer3361.gmail.com,Mumbai,Email,2024-06-20,57,M
4363,customer_3362,customer3362.gmail.com,Chennai,Google Search,2024-02-08,55,F
4364,customer_3363,customer3363.gmail.com,Chennai,Email,2024-01-24,35,M
4365,customer_3364,customer3364.gmail.com,Pune,Google Search,2023-06-12,59,F
4366,customer_3365,customer3365.gmail.com,Hyderabad,SMS,2024-06-01,58,M
4367,customer_3366,customer3366.gmail.com,Hyderabad,Email,2023-04-20,45,M
4368,customer_3367,customer3367.gmail.com,Mumbai,SMS,2023-05-17,60,F
4369,customer_3368,customer3368.gmail.com,Pune,Google Search,2023-08-18,42,F
4370,customer_3369,customer3369.gmail.com,Pune,SMS,2022-05-19,29,Others
4371,customer_3370,customer3370.gmail.com,Bengaluru,Google Search,2022-08-23,33,F
4372,customer_3371,customer3371.gmail.com,Hyderabad,Email,2024-02-15,24,F
4373,customer_3372,customer3372.gmail.com,Mumbai,SMS,2022-11-05,42,F
4374,customer_3373,customer3373.gmail.com,Bengaluru,Google Search,2023-04-24,30,M
4375,customer_3374,customer3374.gmail.com,Delhi,Paid Social,2022-09-24,36,F
4376,customer_3375,customer3375.gmail.com,Delhi,Paid Social,2022-10-30,60,M
4377,customer_3376,customer3376.gmail.com,Bengaluru,Google Search,2024-12-08,42,F
4378,customer_3377,customer3377.gmail.com,Mumbai,Email,2022-06-02,41,F
4379,customer_3378,customer3378.gmail.com,Bengaluru,Organic,2022-02-24,52,M
4380,customer_3379,customer3379.gmail.com,Mumbai,SMS,2023-01-06,53,F
4381,customer_3380,customer3380.gmail.com,Pune,Organic,2023-10-28,62,M
4382,customer_3381,customer3381.gmail.com,Delhi,SMS,2023-11-05,57,F
4383,customer_3382,customer3382.gmail.com,Chennai,SMS,2022-05-10,21,M
4384,customer_3383,customer3383.gmail.com,Delhi,Paid Social,2024-02-23,58,M
4385,customer_3384,customer3384.gmail.com,Bengaluru,SMS,2022-01-31,26,F
4386,customer_3385,customer3385.gmail.com,Hyderabad,Google Search,2022-03-27,31,M
4387,customer_3386,customer3386.gmail.com,Bengaluru,SMS,2024-03-10,42,M
4388,customer_3387,customer3387.gmail.com,Pune,Google Search,2022-07-17,31,M
4389,customer_3388,customer3388.gmail.com,Bengaluru,Google Search,2024-04-18,60,F
4390,customer_3389,customer3389.gmail.com,Chennai,Organic,2024-06-25,64,M
4391,customer_3390,customer3390.gmail.com,Mumbai,Paid Social,2022-02-20,27,F
4392,customer_3391,customer3391.gmail.com,Chennai,Email,2023-10-03,40,M
4393,customer_3392,customer3392.gmail.com,Pune,Email,2023-09-06,28,M
4394,customer_3393,customer3393.gmail.com,Chennai,Email,2022-06-16,35,M
4395,customer_3394,customer3394.gmail.com,Delhi,Google Search,2024-01-09,38,M
4396,customer_3395,customer3395.gmail.com,Mumbai,SMS,2024-04-24,47,M
4397,customer_3396,customer3396.gmail.com,Bengaluru,Organic,2024-01-16,43,F
4398,customer_3397,customer3397.gmail.com,Hyderabad,Google Search,2024-12-03,40,M
4399,customer_3398,customer3398.gmail.com,Chennai,Google Search,2022-02-07,53,F
4400,customer_3399,customer3399.gmail.com,Hyderabad,Email,2022-04-20,33,M
4401,customer_3400,customer3400.gmail.com,Mumbai,Google Search,2024-04-19,47,M
4402,customer_3401,customer3401.gmail.com,Bengaluru,Email,2022-11-16,26,F
4403,customer_3402,customer3402.gmail.com,Hyderabad,Email,2022-09-07,28,F
4404,customer_3403,customer3403.gmail.com,Chennai,Email,2024-10-24,41,M
4405,customer_3404,customer3404.gmail.com,Mumbai,Google Search,2023-04-17,25,F
4406,customer_3405,customer3405.gmail.com,Chennai,Organic,2024-12-19,42,F
4407,customer_3406,customer3406.gmail.com,Hyderabad,Paid Social,2022-01-13,26,F
4408,customer_3407,customer3407.gmail.com,Mumbai,SMS,2024-10-17,19,M
4409,customer_3408,customer3408.gmail.com,Mumbai,Email,2024-09-27,50,M
4410,customer_3409,customer3409.gmail.com,Bengaluru,Google Search,2024-04-11,54,F
4411,customer_3410,customer3410.gmail.com,Hyderabad,Paid Social,2023-02-02,57,F
4412,customer_3411,customer3411.gmail.com,Chennai,Google Search,2023-01-09,24,F
4413,customer_3412,customer3412.gmail.com,Chennai,Google Search,2022-12-08,25,F
4414,customer_3413,customer3413.gmail.com,Mumbai,SMS,2024-01-06,64,M
4415,customer_3414,customer3414.gmail.com,Delhi,Email,2022-12-18,25,F
4416,customer_3415,customer3415.gmail.com,Mumbai,Google Search,2024-04-23,39,M
4417,customer_3416,customer3416.gmail.com,Mumbai,SMS,2023-08-22,60,F
4418,customer_3417,customer3417.gmail.com,Pune,Google Search,2022-03-10,19,F
4419,customer_3418,customer3418.gmail.com,Mumbai,Paid Social,2024-03-23,21,M
4420,customer_3419,customer3419.gmail.com,Chennai,Organic,2022-01-09,36,Others
4421,customer_3420,customer3420.gmail.com,Bengaluru,Organic,2024-02-16,59,F
4422,customer_3421,customer3421.gmail.com,Bengaluru,Email,2023-08-16,22,F
4423,customer_3422,customer3422.gmail.com,Mumbai,Organic,2023-08-18,61,F
4424,customer_3423,customer3423.gmail.com,Bengaluru,SMS,2022-02-23,58,F
4425,customer_3424,customer3424.gmail.com,Chennai,SMS,2023-01-21,32,M
4426,customer_3425,customer3425.gmail.com,Chennai,Organic,2022-08-28,24,F
4427,customer_3426,customer3426.gmail.com,Mumbai,SMS,2022-11-01,29,M
4428,customer_3427,customer3427.gmail.com,Bengaluru,Google Search,2022-03-31,56,F
4429,customer_3428,customer3428.gmail.com,Delhi,Google Search,2023-05-09,63,F
4430,customer_3429,customer3429.gmail.com,Chennai,SMS,2023-10-14,29,M
4431,customer_3430,customer3430.gmail.com,Mumbai,Paid Social,2022-08-06,42,M
4432,customer_3431,customer3431.gmail.com,Mumbai,Email,2024-08-29,24,F
4433,customer_3432,customer3432.gmail.com,Delhi,SMS,2022-04-07,57,M
4434,customer_3433,customer3433.gmail.com,Bengaluru,Email,2024-05-07,26,M
4435,customer_3434,customer3434.gmail.com,Bengaluru,Organic,2022-12-09,21,F
4436,customer_3435,customer3435.gmail.com,Hyderabad,Paid Social,2023-09-26,31,F
4437,customer_3436,customer3436.gmail.com,Delhi,Google Search,2023-11-08,60,F
4438,customer_3437,customer3437.gmail.com,Chennai,SMS,2022-02-09,61,M
4439,customer_3438,customer3438.gmail.com,Delhi,Paid Social,2022-08-08,47,M
4440,customer_3439,customer3439.gmail.com,Pune,Email,2022-11-06,24,M
4441,customer_3440,customer3440.gmail.com,Bengaluru,SMS,2023-09-22,26,F
4442,customer_3441,customer3441.gmail.com,Mumbai,Google Search,2022-08-26,24,F
4443,customer_3442,customer3442.gmail.com,Delhi,Google Search,2022-08-05,64,F
4444,customer_3443,customer3443.gmail.com,Pune,SMS,2023-04-28,51,F
4445,customer_3444,customer3444.gmail.com,Bengaluru,SMS,2023-12-26,27,F
4446,customer_3445,customer3445.gmail.com,Mumbai,Paid Social,2022-04-23,19,F
4447,customer_3446,customer3446.gmail.com,Pune,Google Search,2024-02-23,28,M
4448,customer_3447,customer3447.gmail.com,Delhi,Email,2022-05-24,26,F
4449,customer_3448,customer3448.gmail.com,Mumbai,Google Search,2024-02-06,23,M
4450,customer_3449,customer3449.gmail.com,Mumbai,SMS,2023-12-15,39,M
4451,customer_3450,customer3450.gmail.com,Hyderabad,Email,2022-04-30,31,F
4452,customer_3451,customer3451.gmail.com,Pune,SMS,2024-08-01,33,F
4453,customer_3452,customer3452.gmail.com,Mumbai,Google Search,2022-01-20,36,F
4454,customer_3453,customer3453.gmail.com,Delhi,Paid Social,2024-12-14,23,F
4455,customer_3454,customer3454.gmail.com,Mumbai,Email,2023-06-22,30,M
4456,customer_3455,customer3455.gmail.com,Hyderabad,Paid Social,2022-01-29,59,F
4457,customer_3456,customer3456.gmail.com,Hyderabad,Organic,2023-09-24,49,F
4458,customer_3457,customer3457.gmail.com,Mumbai,Email,2023-02-08,20,M
4459,customer_3458,customer3458.gmail.com,Bengaluru,Google Search,2023-06-25,46,M
4460,customer_3459,customer3459.gmail.com,Mumbai,Paid Social,2022-05-05,50,M
4461,customer_3460,customer3460.gmail.com,Hyderabad,Paid Social,2022-04-22,52,M
4462,customer_3461,customer3461.gmail.com,Hyderabad,Google Search,2024-09-09,51,M
4463,customer_3462,customer3462.gmail.com,Delhi,SMS,2024-04-04,32,M
4464,customer_3463,customer3463.gmail.com,Delhi,Organic,2023-09-02,45,M
4465,customer_3464,customer3464.gmail.com,Bengaluru,Google Search,2024-04-30,62,M
4466,customer_3465,customer3465.gmail.com,Delhi,Paid Social,2022-05-08,30,F
4467,customer_3466,customer3466.gmail.com,Chennai,Email,2022-09-13,64,M
4468,customer_3467,customer3467.gmail.com,Chennai,Organic,2023-02-05,29,M
4469,customer_3468,customer3468.gmail.com,Mumbai,Google Search,2023-09-07,51,F
4470,customer_3469,customer3469.gmail.com,Mumbai,Paid Social,2023-05-26,50,M
4471,customer_3470,customer3470.gmail.com,Chennai,Organic,2023-08-21,51,F
4472,customer_3471,customer3471.gmail.com,Hyderabad,SMS,2024-06-06,38,F
4473,customer_3472,customer3472.gmail.com,Mumbai,Organic,2023-03-29,61,M
4474,customer_3473,customer3473.gmail.com,Hyderabad,Google Search,2023-12-31,63,M
4475,customer_3474,customer3474.gmail.com,Mumbai,Email,2022-06-23,64,M
4476,customer_3475,customer3475.gmail.com,Mumbai,Paid Social,2023-01-19,23,F
4477,customer_3476,customer3476.gmail.com,Mumbai,Google Search,2024-07-02,47,F
4478,customer_3477,customer3477.gmail.com,Mumbai,Email,2023-10-04,59,M
4479,customer_3478,customer3478.gmail.com,Delhi,Paid Social,2023-01-16,57,F
4480,customer_3479,customer3479.gmail.com,Delhi,Google Search,2022-10-16,31,M
4481,customer_3480,customer3480.gmail.com,Hyderabad,SMS,2022-05-09,44,F
4482,customer_3481,customer3481.gmail.com,Pune,Email,2024-08-28,22,M
4483,customer_3482,customer3482.gmail.com,Mumbai,Email,2022-10-05,37,F
4484,customer_3483,customer3483.gmail.com,Hyderabad,Organic,2023-08-03,35,M
4485,customer_3484,customer3484.gmail.com,Hyderabad,SMS,2024-02-28,30,M
4486,customer_3485,customer3485.gmail.com,Mumbai,Paid Social,2024-12-28,60,M
4487,customer_3486,customer3486.gmail.com,Mumbai,Organic,2024-12-10,31,F
4488,customer_3487,customer3487.gmail.com,Chennai,SMS,2024-11-16,49,M
4489,customer_3488,customer3488.gmail.com,Hyderabad,Google Search,2023-05-17,20,F
4490,customer_3489,customer3489.gmail.com,Hyderabad,Email,2024-07-02,50,F
4491,customer_3490,customer3490.gmail.com,Delhi,Organic,2022-10-24,26,F
4492,customer_3491,customer3491.gmail.com,Delhi,Email,2024-03-15,49,F
4493,customer_3492,customer3492.gmail.com,Mumbai,SMS,2022-05-26,25,F
4494,customer_3493,customer3493.gmail.com,Chennai,Email,2024-02-28,37,F
4495,customer_3494,customer3494.gmail.com,Hyderabad,Organic,2024-02-13,41,M
4496,customer_3495,customer3495.gmail.com,Mumbai,Google Search,2023-05-29,58,F
4497,customer_3496,customer3496.gmail.com,Bengaluru,Organic,2023-04-08,57,M
4498,customer_3497,customer3497.gmail.com,Chennai,Paid Social,2023-10-13,53,F
4499,customer_3498,customer3498.gmail.com,Mumbai,Email,2022-09-24,35,M
4500,customer_3499,customer3499.gmail.com,Chennai,Organic,2022-10-26,55,F
4501,customer_3500,customer3500.gmail.com,Mumbai,Organic,2022-03-04,40,M
4502,customer_3501,customer3501.gmail.com,Hyderabad,Google Search,2022-04-28,22,F
4503,customer_3502,customer3502.gmail.com,Hyderabad,Email,2024-03-04,34,F
4504,customer_3503,customer3503.gmail.com,Chennai,Email,2024-08-18,50,F
4505,customer_3504,customer3504.gmail.com,Delhi,Paid Social,2023-05-08,34,F
4506,customer_3505,customer3505.gmail.com,Pune,SMS,2023-08-28,40,F
4507,customer_3506,customer3506.gmail.com,Mumbai,SMS,2024-10-31,31,F
4508,customer_3507,customer3507.gmail.com,Delhi,Email,2023-06-26,25,F
4509,customer_3508,customer3508.gmail.com,Bengaluru,Organic,2023-05-10,50,F
4510,customer_3509,customer3509.gmail.com,Mumbai,SMS,2023-12-01,22,F
4511,customer_3510,customer3510.gmail.com,Chennai,SMS,2023-01-30,24,F
4512,customer_3511,customer3511.gmail.com,Chennai,Organic,2023-11-22,18,M
4513,customer_3512,customer3512.gmail.com,Pune,Paid Social,2022-09-03,25,M
4514,customer_3513,customer3513.gmail.com,Chennai,Paid Social,2022-10-25,21,F
4515,customer_3514,customer3514.gmail.com,Bengaluru,Email,2023-02-11,63,M
4516,customer_3515,customer3515.gmail.com,Mumbai,SMS,2022-03-29,60,F
4517,customer_3516,customer3516.gmail.com,Hyderabad,Organic,2023-04-03,41,F
4518,customer_3517,customer3517.gmail.com,Pune,Paid Social,2023-08-17,41,F
4519,customer_3518,customer3518.gmail.com,Chennai,Organic,2023-02-03,30,F
4520,customer_3519,customer3519.gmail.com,Hyderabad,Email,2022-06-24,53,M
4521,customer_3520,customer3520.gmail.com,Chennai,Email,2024-01-08,35,F
4522,customer_3521,customer3521.gmail.com,Bengaluru,Paid Social,2022-09-26,62,M
4523,customer_3522,customer3522.gmail.com,Delhi,SMS,2023-09-20,45,M
4524,customer_3523,customer3523.gmail.com,Hyderabad,Organic,2022-05-31,53,F
4525,customer_3524,customer3524.gmail.com,Pune,SMS,2024-02-29,31,M
4526,customer_3525,customer3525.gmail.com,Hyderabad,Paid Social,2024-12-11,46,F
4527,customer_3526,customer3526.gmail.com,Delhi,Email,2023-12-10,21,Others
4528,customer_3527,customer3527.gmail.com,Mumbai,Email,2023-02-28,46,M
4529,customer_3528,customer3528.gmail.com,Chennai,Paid Social,2022-03-08,32,M
4530,customer_3529,customer3529.gmail.com,Delhi,Email,2023-11-03,61,M
4531,customer_3530,customer3530.gmail.com,Bengaluru,Google Search,2023-01-10,37,M
4532,customer_3531,customer3531.gmail.com,Mumbai,Email,2024-11-09,56,F
4533,customer_3532,customer3532.gmail.com,Hyderabad,Google Search,2022-10-01,50,M
4534,customer_3533,customer3533.gmail.com,Hyderabad,Google Search,2024-09-20,34,F
4535,customer_3534,customer3534.gmail.com,Chennai,Google Search,2024-04-29,63,F
4536,customer_3535,customer3535.gmail.com,Delhi,SMS,2022-01-13,44,F
4537,customer_3536,customer3536.gmail.com,Mumbai,Paid Social,2024-12-15,52,F
4538,customer_3537,customer3537.gmail.com,Delhi,Paid Social,2024-02-03,55,F
4539,customer_3538,customer3538.gmail.com,Mumbai,Paid Social,2023-01-08,23,F
4540,customer_3539,customer3539.gmail.com,Delhi,Google Search,2024-08-30,38,F
4541,customer_3540,customer3540.gmail.com,Chennai,Google Search,2024-03-25,55,F
4542,customer_3541,customer3541.gmail.com,Pune,Google Search,2023-04-19,39,F
4543,customer_3542,customer3542.gmail.com,Pune,Email,2022-11-16,63,M
4544,customer_3543,customer3543.gmail.com,Mumbai,Organic,2023-01-31,62,F
4545,customer_3544,customer3544.gmail.com,Chennai,Organic,2023-01-31,18,M
4546,customer_3545,customer3545.gmail.com,Mumbai,Email,2023-09-12,49,F
4547,customer_3546,customer3546.gmail.com,Delhi,Organic,2022-01-18,25,F
4548,customer_3547,customer3547.gmail.com,Pune,Organic,2023-02-12,55,F
4549,customer_3548,customer3548.gmail.com,Delhi,SMS,2023-07-13,39,F
4550,customer_3549,customer3549.gmail.com,Hyderabad,Organic,2024-09-13,30,M
4551,customer_3550,customer3550.gmail.com,Mumbai,Email,2023-07-06,23,M
4552,customer_3551,customer3551.gmail.com,Pune,Google Search,2023-08-02,56,Others
4553,customer_3552,customer3552.gmail.com,Hyderabad,SMS,2023-09-19,46,F
4554,customer_3553,customer3553.gmail.com,Mumbai,Organic,2023-03-22,38,M
4555,customer_3554,customer3554.gmail.com,Pune,Email,2024-09-17,60,F
4556,customer_3555,customer3555.gmail.com,Hyderabad,Paid Social,2022-04-20,35,M
4557,customer_3556,customer3556.gmail.com,Delhi,Paid Social,2022-05-01,20,Others
4558,customer_3557,customer3557.gmail.com,Delhi,SMS,2023-08-27,43,M
4559,customer_3558,customer3558.gmail.com,Pune,Paid Social,2022-01-09,22,F
4560,customer_3559,customer3559.gmail.com,Bengaluru,Email,2023-06-30,30,F
4561,customer_3560,customer3560.gmail.com,Bengaluru,Paid Social,2023-07-26,50,M
4562,customer_3561,customer3561.gmail.com,Mumbai,Paid Social,2023-09-10,18,M
4563,customer_3562,customer3562.gmail.com,Mumbai,Organic,2022-03-24,23,F
4564,customer_3563,customer3563.gmail.com,Chennai,Email,2023-04-07,44,F
4565,customer_3564,customer3564.gmail.com,Chennai,Email,2024-02-01,30,M
4566,customer_3565,customer3565.gmail.com,Chennai,Email,2024-03-18,20,M
4567,customer_3566,customer3566.gmail.com,Hyderabad,Google Search,2023-08-11,34,M
4568,customer_3567,customer3567.gmail.com,Hyderabad,Email,2022-06-02,31,M
4569,customer_3568,customer3568.gmail.com,Chennai,Organic,2023-07-27,36,M
4570,customer_3569,customer3569.gmail.com,Delhi,Paid Social,2022-06-29,26,F
4571,customer_3570,customer3570.gmail.com,Bengaluru,Paid Social,2024-02-13,31,M
4572,customer_3571,customer3571.gmail.com,Mumbai,Paid Social,2024-11-03,57,F
4573,customer_3572,customer3572.gmail.com,Chennai,Email,2024-09-15,18,F
4574,customer_3573,customer3573.gmail.com,Bengaluru,Email,2023-12-31,34,M
4575,customer_3574,customer3574.gmail.com,Hyderabad,SMS,2023-11-05,24,F
4576,customer_3575,customer3575.gmail.com,Bengaluru,SMS,2022-02-05,30,M
4577,customer_3576,customer3576.gmail.com,Delhi,SMS,2024-12-10,48,F
4578,customer_3577,customer3577.gmail.com,Mumbai,Google Search,2022-03-16,36,M
4579,customer_3578,customer3578.gmail.com,Delhi,SMS,2022-07-28,62,M
4580,customer_3579,customer3579.gmail.com,Mumbai,Organic,2023-09-11,32,F
4581,customer_3580,customer3580.gmail.com,Delhi,Email,2024-01-15,46,F
4582,customer_3581,customer3581.gmail.com,Hyderabad,Google Search,2023-11-02,62,M
4583,customer_3582,customer3582.gmail.com,Pune,Organic,2022-12-04,40,M
4584,customer_3583,customer3583.gmail.com,Chennai,Paid Social,2024-08-03,40,M
4585,customer_3584,customer3584.gmail.com,Delhi,SMS,2023-06-04,21,M
4586,customer_3585,customer3585.gmail.com,Delhi,SMS,2024-08-28,33,M
4587,customer_3586,customer3586.gmail.com,Chennai,Email,2024-07-03,63,F
4588,customer_3587,customer3587.gmail.com,Bengaluru,Organic,2023-06-18,57,M
4589,customer_3588,customer3588.gmail.com,Hyderabad,Organic,2023-03-09,39,M
4590,customer_3589,customer3589.gmail.com,Pune,SMS,2022-04-01,49,F
4591,customer_3590,customer3590.gmail.com,Pune,SMS,2022-09-24,54,F
4592,customer_3591,customer3591.gmail.com,Mumbai,Organic,2022-03-01,19,M
4593,customer_3592,customer3592.gmail.com,Mumbai,Organic,2023-05-31,58,M
4594,customer_3593,customer3593.gmail.com,Pune,Paid Social,2024-12-17,44,M
4595,customer_3594,customer3594.gmail.com,Pune,SMS,2024-10-13,60,F
4596,customer_3595,customer3595.gmail.com,Chennai,SMS,2023-05-20,35,M
4597,customer_3596,customer3596.gmail.com,Hyderabad,Organic,2023-07-02,46,M
4598,customer_3597,customer3597.gmail.com,Pune,Email,2022-03-24,46,M
4599,customer_3598,customer3598.gmail.com,Mumbai,Organic,2023-05-25,25,M
4600,customer_3599,customer3599.gmail.com,Mumbai,SMS,2024-10-25,32,F
4601,customer_3600,customer3600.gmail.com,Bengaluru,Paid Social,2023-03-15,38,M
4602,customer_3601,customer3601.gmail.com,Pune,SMS,2022-01-26,20,M
4603,customer_3602,customer3602.gmail.com,Hyderabad,Google Search,2022-02-21,39,M
4604,customer_3603,customer3603.gmail.com,Chennai,SMS,2022-08-16,29,F
4605,customer_3604,customer3604.gmail.com,Delhi,SMS,2024-09-18,20,F
4606,customer_3605,customer3605.gmail.com,Mumbai,SMS,2023-07-27,54,M
4607,customer_3606,customer3606.gmail.com,Delhi,Organic,2023-08-24,36,F
4608,customer_3607,customer3607.gmail.com,Mumbai,Email,2024-11-04,56,M
4609,customer_3608,customer3608.gmail.com,Hyderabad,SMS,2024-05-20,60,F
4610,customer_3609,customer3609.gmail.com,Delhi,SMS,2023-11-24,37,F
4611,customer_3610,customer3610.gmail.com,Bengaluru,SMS,2022-08-24,57,M
4612,customer_3611,customer3611.gmail.com,Chennai,SMS,2023-10-18,41,M
4613,customer_3612,customer3612.gmail.com,Hyderabad,SMS,2022-10-30,28,F
4614,customer_3613,customer3613.gmail.com,Mumbai,Paid Social,2022-03-05,34,F
4615,customer_3614,customer3614.gmail.com,Pune,Organic,2024-09-30,36,F
4616,customer_3615,customer3615.gmail.com,Chennai,Organic,2024-06-12,55,F
4617,customer_3616,customer3616.gmail.com,Delhi,SMS,2023-12-15,41,F
4618,customer_3617,customer3617.gmail.com,Pune,Paid Social,2023-05-13,24,M
4619,customer_3618,customer3618.gmail.com,Mumbai,Google Search,2024-06-13,18,M
4620,customer_3619,customer3619.gmail.com,Delhi,Google Search,2022-07-17,19,M
4621,customer_3620,customer3620.gmail.com,Delhi,Paid Social,2022-09-07,27,M
4622,customer_3621,customer3621.gmail.com,Chennai,Google Search,2024-07-25,37,M
4623,customer_3622,customer3622.gmail.com,Delhi,Organic,2024-12-04,52,M
4624,customer_3623,customer3623.gmail.com,Hyderabad,Google Search,2024-12-08,24,F
4625,customer_3624,customer3624.gmail.com,Hyderabad,SMS,2022-05-27,38,F
4626,customer_3625,customer3625.gmail.com,Hyderabad,Email,2023-05-04,48,F
4627,customer_3626,customer3626.gmail.com,Hyderabad,Paid Social,2024-07-22,34,M
4628,customer_3627,customer3627.gmail.com,Chennai,Email,2023-02-05,29,F
4629,customer_3628,customer3628.gmail.com,Mumbai,Paid Social,2023-11-25,25,M
4630,customer_3629,customer3629.gmail.com,Bengaluru,Paid Social,2024-03-26,49,F
4631,customer_3630,customer3630.gmail.com,Mumbai,Paid Social,2023-03-04,32,M
4632,customer_3631,customer3631.gmail.com,Chennai,Organic,2022-02-28,28,F
4633,customer_3632,customer3632.gmail.com,Delhi,Organic,2023-05-12,20,M
4634,customer_3633,customer3633.gmail.com,Hyderabad,Paid Social,2024-03-12,55,F
4635,customer_3634,customer3634.gmail.com,Chennai,SMS,2023-02-03,48,F
4636,customer_3635,customer3635.gmail.com,Delhi,Google Search,2024-05-08,41,M
4637,customer_3636,customer3636.gmail.com,Hyderabad,SMS,2023-11-06,40,Others
4638,customer_3637,customer3637.gmail.com,Pune,Organic,2022-07-30,45,F
4639,customer_3638,customer3638.gmail.com,Pune,Paid Social,2023-11-15,24,M
4640,customer_3639,customer3639.gmail.com,Hyderabad,Organic,2024-11-09,49,F
4641,customer_3640,customer3640.gmail.com,Pune,Google Search,2022-06-22,47,F
4642,customer_3641,customer3641.gmail.com,Chennai,Email,2022-07-09,24,M
4643,customer_3642,customer3642.gmail.com,Hyderabad,Email,2023-12-02,52,M
4644,customer_3643,customer3643.gmail.com,Bengaluru,SMS,2023-09-01,63,F
4645,customer_3644,customer3644.gmail.com,Delhi,Paid Social,2023-03-16,57,M
4646,customer_3645,customer3645.gmail.com,Mumbai,Organic,2022-04-15,27,M
4647,customer_3646,customer3646.gmail.com,Mumbai,SMS,2023-07-22,20,F
4648,customer_3647,customer3647.gmail.com,Chennai,SMS,2023-09-18,19,Others
4649,customer_3648,customer3648.gmail.com,Mumbai,SMS,2024-07-07,55,M
4650,customer_3649,customer3649.gmail.com,Hyderabad,Google Search,2024-12-13,52,Others
4651,customer_3650,customer3650.gmail.com,Hyderabad,SMS,2023-05-27,55,F
4652,customer_3651,customer3651.gmail.com,Chennai,Paid Social,2022-11-21,63,M
4653,customer_3652,customer3652.gmail.com,Bengaluru,Google Search,2022-01-21,48,M
4654,customer_3653,customer3653.gmail.com,Hyderabad,Email,2024-10-02,36,F
4655,customer_3654,customer3654.gmail.com,Chennai,Email,2023-12-01,39,F
4656,customer_3655,customer3655.gmail.com,Chennai,Email,2023-12-21,36,F
4657,customer_3656,customer3656.gmail.com,Mumbai,Paid Social,2024-05-24,38,F
4658,customer_3657,customer3657.gmail.com,Pune,Paid Social,2024-09-21,44,M
4659,customer_3658,customer3658.gmail.com,Delhi,Google Search,2022-10-06,38,F
4660,customer_3659,customer3659.gmail.com,Hyderabad,Email,2023-07-20,33,M
4661,customer_3660,customer3660.gmail.com,Mumbai,Google Search,2022-04-23,46,M
4662,customer_3661,customer3661.gmail.com,Delhi,Email,2022-01-18,50,M
4663,customer_3662,customer3662.gmail.com,Delhi,Email,2022-05-02,28,M
4664,customer_3663,customer3663.gmail.com,Hyderabad,Email,2022-06-25,27,F
4665,customer_3664,customer3664.gmail.com,Chennai,Email,2022-05-21,38,M
4666,customer_3665,customer3665.gmail.com,Hyderabad,Google Search,2024-01-04,34,M
4667,customer_3666,customer3666.gmail.com,Hyderabad,Paid Social,2023-09-24,27,M
4668,customer_3667,customer3667.gmail.com,Chennai,Email,2024-01-09,46,M
4669,customer_3668,customer3668.gmail.com,Bengaluru,SMS,2024-01-15,23,F
4670,customer_3669,customer3669.gmail.com,Chennai,Organic,2024-11-11,27,F
4671,customer_3670,customer3670.gmail.com,Mumbai,Paid Social,2022-08-18,63,F
4672,customer_3671,customer3671.gmail.com,Hyderabad,Paid Social,2023-08-12,24,M
4673,customer_3672,customer3672.gmail.com,Chennai,Google Search,2024-10-29,28,F
4674,customer_3673,customer3673.gmail.com,Delhi,Organic,2022-12-02,60,M
4675,customer_3674,customer3674.gmail.com,Bengaluru,Google Search,2023-08-08,60,F
4676,customer_3675,customer3675.gmail.com,Mumbai,Paid Social,2023-02-07,55,F
4677,customer_3676,customer3676.gmail.com,Pune,Email,2023-05-13,57,M
4678,customer_3677,customer3677.gmail.com,Hyderabad,Email,2022-10-26,40,F
4679,customer_3678,customer3678.gmail.com,Chennai,Google Search,2022-05-08,63,M
4680,customer_3679,customer3679.gmail.com,Hyderabad,Paid Social,2022-04-02,49,M
4681,customer_3680,customer3680.gmail.com,Pune,Paid Social,2022-10-02,42,F
4682,customer_3681,customer3681.gmail.com,Hyderabad,Paid Social,2022-06-01,20,F
4683,customer_3682,customer3682.gmail.com,Chennai,SMS,2022-12-01,45,M
4684,customer_3683,customer3683.gmail.com,Chennai,Email,2024-07-07,26,F
4685,customer_3684,customer3684.gmail.com,Mumbai,Google Search,2023-08-14,21,F
4686,customer_3685,customer3685.gmail.com,Bengaluru,Google Search,2024-09-13,63,F
4687,customer_3686,customer3686.gmail.com,Chennai,Email,2024-01-26,22,F
4688,customer_3687,customer3687.gmail.com,Delhi,Google Search,2024-02-29,30,Others
4689,customer_3688,customer3688.gmail.com,Pune,Google Search,2023-02-10,26,M
4690,customer_3689,customer3689.gmail.com,Mumbai,Google Search,2023-02-08,32,F
4691,customer_3690,customer3690.gmail.com,Mumbai,Google Search,2022-05-29,59,M
4692,customer_3691,customer3691.gmail.com,Pune,Google Search,2023-06-18,38,F
4693,customer_3692,customer3692.gmail.com,Bengaluru,Paid Social,2022-06-10,37,M
4694,customer_3693,customer3693.gmail.com,Bengaluru,SMS,2022-03-19,60,F
4695,customer_3694,customer3694.gmail.com,Delhi,Organic,2023-09-18,21,M
4696,customer_3695,customer3695.gmail.com,Delhi,Paid Social,2024-02-02,61,Others
4697,customer_3696,customer3696.gmail.com,Delhi,Paid Social,2022-08-06,53,F
4698,customer_3697,customer3697.gmail.com,Bengaluru,Paid Social,2022-08-01,44,F
4699,customer_3698,customer3698.gmail.com,Hyderabad,Paid Social,2022-07-22,30,F
4700,customer_3699,customer3699.gmail.com,Hyderabad,Google Search,2024-06-11,26,F
4701,customer_3700,customer3700.gmail.com,Chennai,Organic,2022-01-06,29,Others
4702,customer_3701,customer3701.gmail.com,Hyderabad,Organic,2022-02-01,41,Others
4703,customer_3702,customer3702.gmail.com,Pune,Google Search,2024-03-02,45,M
4704,customer_3703,customer3703.gmail.com,Pune,Google Search,2022-04-08,24,F
4705,customer_3704,customer3704.gmail.com,Pune,Organic,2022-03-29,57,F
4706,customer_3705,customer3705.gmail.com,Pune,Paid Social,2022-05-04,32,M
4707,customer_3706,customer3706.gmail.com,Bengaluru,Google Search,2023-04-15,34,F
4708,customer_3707,customer3707.gmail.com,Pune,Paid Social,2022-10-06,26,F
4709,customer_3708,customer3708.gmail.com,Delhi,Paid Social,2022-12-03,51,F
4710,customer_3709,customer3709.gmail.com,Pune,Google Search,2024-08-06,55,F
4711,customer_3710,customer3710.gmail.com,Mumbai,Google Search,2023-09-29,57,M
4712,customer_3711,customer3711.gmail.com,Hyderabad,Organic,2024-03-23,20,F
4713,customer_3712,customer3712.gmail.com,Mumbai,Google Search,2024-08-09,51,M
4714,customer_3713,customer3713.gmail.com,Mumbai,Email,2024-10-21,63,F
4715,customer_3714,customer3714.gmail.com,Chennai,Paid Social,2023-07-03,23,F
4716,customer_3715,customer3715.gmail.com,Delhi,Paid Social,2024-09-12,29,M
4717,customer_3716,customer3716.gmail.com,Bengaluru,SMS,2022-12-25,25,M
4718,customer_3717,customer3717.gmail.com,Delhi,Paid Social,2023-04-01,44,M
4719,customer_3718,customer3718.gmail.com,Bengaluru,Email,2024-02-18,31,F
4720,customer_3719,customer3719.gmail.com,Delhi,Paid Social,2023-10-27,39,F
4721,customer_3720,customer3720.gmail.com,Bengaluru,Paid Social,2022-09-30,58,M
4722,customer_3721,customer3721.gmail.com,Pune,SMS,2023-08-19,23,M
4723,customer_3722,customer3722.gmail.com,Delhi,Paid Social,2022-04-30,46,F
4724,customer_3723,customer3723.gmail.com,Mumbai,Email,2023-10-07,61,F
4725,customer_3724,customer3724.gmail.com,Delhi,Google Search,2023-10-08,23,F
4726,customer_3725,customer3725.gmail.com,Mumbai,Google Search,2022-05-11,63,F
4727,customer_3726,customer3726.gmail.com,Bengaluru,Paid Social,2023-02-21,62,F
4728,customer_3727,customer3727.gmail.com,Pune,Google Search,2024-03-02,57,F
4729,customer_3728,customer3728.gmail.com,Pune,Organic,2024-03-05,21,M
4730,customer_3729,customer3729.gmail.com,Pune,Organic,2024-05-16,57,F
4731,customer_3730,customer3730.gmail.com,Mumbai,Email,2022-10-07,41,M
4732,customer_3731,customer3731.gmail.com,Hyderabad,Paid Social,2024-10-30,36,F
4733,customer_3732,customer3732.gmail.com,Hyderabad,Google Search,2023-02-10,60,Others
4734,customer_3733,customer3733.gmail.com,Delhi,Google Search,2024-12-11,36,M
4735,customer_3734,customer3734.gmail.com,Hyderabad,Email,2022-10-02,49,M
4736,customer_3735,customer3735.gmail.com,Hyderabad,Organic,2022-07-27,55,Others
4737,customer_3736,customer3736.gmail.com,Hyderabad,Paid Social,2022-03-15,57,M
4738,customer_3737,customer3737.gmail.com,Hyderabad,Organic,2023-07-14,38,M
4739,customer_3738,customer3738.gmail.com,Mumbai,Email,2022-03-11,54,F
4740,customer_3739,customer3739.gmail.com,Pune,Paid Social,2023-06-04,40,F
4741,customer_3740,customer3740.gmail.com,Bengaluru,Email,2023-06-01,64,M
4742,customer_3741,customer3741.gmail.com,Mumbai,Email,2023-12-09,34,M
4743,customer_3742,customer3742.gmail.com,Hyderabad,Google Search,2022-02-04,48,F
4744,customer_3743,customer3743.gmail.com,Hyderabad,Organic,2023-06-11,60,M
4745,customer_3744,customer3744.gmail.com,Mumbai,Email,2023-09-19,55,M
4746,customer_3745,customer3745.gmail.com,Bengaluru,Email,2022-06-10,20,M
4747,customer_3746,customer3746.gmail.com,Pune,Paid Social,2024-04-15,52,F
4748,customer_3747,customer3747.gmail.com,Hyderabad,Paid Social,2024-08-13,26,F
4749,customer_3748,customer3748.gmail.com,Delhi,Organic,2024-06-03,64,M
4750,customer_3749,customer3749.gmail.com,Chennai,Organic,2022-08-12,29,M
4751,customer_3750,customer3750.gmail.com,Bengaluru,Organic,2022-10-18,26,F
4752,customer_3751,customer3751.gmail.com,Chennai,Google Search,2022-05-09,64,F
4753,customer_3752,customer3752.gmail.com,Chennai,Google Search,2023-09-25,48,Others
4754,customer_3753,customer3753.gmail.com,Hyderabad,Email,2024-02-13,38,F
4755,customer_3754,customer3754.gmail.com,Delhi,Paid Social,2024-03-26,57,F
4756,customer_3755,customer3755.gmail.com,Mumbai,Google Search,2024-12-19,56,M
4757,customer_3756,customer3756.gmail.com,Pune,SMS,2024-12-15,53,F
4758,customer_3757,customer3757.gmail.com,Delhi,Organic,2023-01-27,59,F
4759,customer_3758,customer3758.gmail.com,Hyderabad,Paid Social,2022-03-11,52,M
4760,customer_3759,customer3759.gmail.com,Delhi,Email,2024-05-20,39,M
4761,customer_3760,customer3760.gmail.com,Mumbai,Paid Social,2023-12-09,23,F
4762,customer_3761,customer3761.gmail.com,Chennai,Paid Social,2022-05-20,32,F
4763,customer_3762,customer3762.gmail.com,Hyderabad,Email,2022-06-28,45,M
4764,customer_3763,customer3763.gmail.com,Chennai,Google Search,2023-06-26,28,F
4765,customer_3764,customer3764.gmail.com,Bengaluru,SMS,2022-04-13,27,F
4766,customer_3765,customer3765.gmail.com,Delhi,Google Search,2023-04-05,56,F
4767,customer_3766,customer3766.gmail.com,Bengaluru,Organic,2024-02-15,48,F
4768,customer_3767,customer3767.gmail.com,Mumbai,SMS,2022-07-06,37,M
4769,customer_3768,customer3768.gmail.com,Delhi,SMS,2023-03-21,21,M
4770,customer_3769,customer3769.gmail.com,Pune,Google Search,2024-04-17,63,M
4771,customer_3770,customer3770.gmail.com,Mumbai,Google Search,2024-06-12,29,M
4772,customer_3771,customer3771.gmail.com,Delhi,Organic,2024-05-14,44,M
4773,customer_3772,customer3772.gmail.com,Delhi,Organic,2022-05-15,23,M
4774,customer_3773,customer3773.gmail.com,Pune,Paid Social,2022-12-18,53,F
4775,customer_3774,customer3774.gmail.com,Chennai,Email,2022-12-15,54,M
4776,customer_3775,customer3775.gmail.com,Chennai,Google Search,2022-10-21,39,F
4777,customer_3776,customer3776.gmail.com,Delhi,Email,2022-01-30,42,F
4778,customer_3777,customer3777.gmail.com,Delhi,Google Search,2024-04-09,49,M
4779,customer_3778,customer3778.gmail.com,Bengaluru,SMS,2022-10-12,30,M
4780,customer_3779,customer3779.gmail.com,Bengaluru,Organic,2024-08-04,30,F
4781,customer_3780,customer3780.gmail.com,Hyderabad,SMS,2022-05-28,63,M
4782,customer_3781,customer3781.gmail.com,Delhi,Google Search,2023-02-19,47,M
4783,customer_3782,customer3782.gmail.com,Mumbai,Organic,2022-02-16,46,M
4784,customer_3783,customer3783.gmail.com,Mumbai,Paid Social,2022-07-24,50,F
4785,customer_3784,customer3784.gmail.com,Delhi,Organic,2022-03-11,48,M
4786,customer_3785,customer3785.gmail.com,Chennai,Organic,2024-02-08,48,M
4787,customer_3786,customer3786.gmail.com,Hyderabad,Google Search,2023-01-10,47,F
4788,customer_3787,customer3787.gmail.com,Bengaluru,Email,2024-01-24,31,F
4789,customer_3788,customer3788.gmail.com,Bengaluru,Organic,2024-06-20,40,M
4790,customer_3789,customer3789.gmail.com,Chennai,Google Search,2024-08-16,53,M
4791,customer_3790,customer3790.gmail.com,Hyderabad,Organic,2024-05-23,50,F
4792,customer_3791,customer3791.gmail.com,Delhi,Google Search,2024-04-03,45,M
4793,customer_3792,customer3792.gmail.com,Hyderabad,SMS,2024-01-17,57,F
4794,customer_3793,customer3793.gmail.com,Mumbai,Google Search,2024-08-09,49,M
4795,customer_3794,customer3794.gmail.com,Delhi,SMS,2023-09-01,62,M
4796,customer_3795,customer3795.gmail.com,Delhi,SMS,2022-06-25,58,F
4797,customer_3796,customer3796.gmail.com,Chennai,Email,2022-11-29,43,Others
4798,customer_3797,customer3797.gmail.com,Hyderabad,SMS,2022-03-21,21,M
4799,customer_3798,customer3798.gmail.com,Hyderabad,Google Search,2023-12-05,40,M
4800,customer_3799,customer3799.gmail.com,Pune,Email,2023-03-05,31,M
4801,customer_3800,customer3800.gmail.com,Chennai,Email,2023-02-05,50,M
4802,customer_3801,customer3801.gmail.com,Pune,Email,2022-07-19,22,F
4803,customer_3802,customer3802.gmail.com,Bengaluru,SMS,2023-03-24,27,F
4804,customer_3803,customer3803.gmail.com,Pune,Google Search,2023-04-24,26,M
4805,customer_3804,customer3804.gmail.com,Bengaluru,Organic,2022-06-29,25,M
4806,customer_3805,customer3805.gmail.com,Mumbai,Organic,2022-11-16,30,M
4807,customer_3806,customer3806.gmail.com,Pune,Email,2022-12-24,30,M
4808,customer_3807,customer3807.gmail.com,Hyderabad,Paid Social,2023-10-10,19,F
4809,customer_3808,customer3808.gmail.com,Bengaluru,Organic,2022-04-22,39,F
4810,customer_3809,customer3809.gmail.com,Chennai,Google Search,2024-09-30,51,F
4811,customer_3810,customer3810.gmail.com,Chennai,Email,2023-03-11,54,F
4812,customer_3811,customer3811.gmail.com,Bengaluru,Paid Social,2023-08-08,54,F
4813,customer_3812,customer3812.gmail.com,Mumbai,Google Search,2024-11-09,29,F
4814,customer_3813,customer3813.gmail.com,Pune,Paid Social,2022-03-09,22,F
4815,customer_3814,customer3814.gmail.com,Hyderabad,Organic,2022-12-21,59,M
4816,customer_3815,customer3815.gmail.com,Bengaluru,Paid Social,2024-04-07,63,M
4817,customer_3816,customer3816.gmail.com,Mumbai,SMS,2022-11-06,50,F
4818,customer_3817,customer3817.gmail.com,Mumbai,SMS,2023-03-24,39,M
4819,customer_3818,customer3818.gmail.com,Pune,Email,2024-03-21,45,M
4820,customer_3819,customer3819.gmail.com,Hyderabad,SMS,2023-05-21,28,M
4821,customer_3820,customer3820.gmail.com,Pune,Paid Social,2022-05-17,54,F
4822,customer_3821,customer3821.gmail.com,Bengaluru,SMS,2023-09-23,40,F
4823,customer_3822,customer3822.gmail.com,Chennai,Email,2024-03-08,53,M
4824,customer_3823,customer3823.gmail.com,Hyderabad,Organic,2022-09-14,28,F
4825,customer_3824,customer3824.gmail.com,Chennai,Email,2024-12-08,56,M
4826,customer_3825,customer3825.gmail.com,Pune,Email,2022-03-03,40,F
4827,customer_3826,customer3826.gmail.com,Hyderabad,Paid Social,2024-02-25,30,F
4828,customer_3827,customer3827.gmail.com,Mumbai,Paid Social,2023-07-21,40,F
4829,customer_3828,customer3828.gmail.com,Chennai,Google Search,2023-09-26,31,F
4830,customer_3829,customer3829.gmail.com,Chennai,SMS,2023-09-21,50,M
4831,customer_3830,customer3830.gmail.com,Mumbai,Organic,2023-09-30,34,F
4832,customer_3831,customer3831.gmail.com,Delhi,Google Search,2023-11-28,32,F
4833,customer_3832,customer3832.gmail.com,Mumbai,Paid Social,2024-07-23,24,M
4834,customer_3833,customer3833.gmail.com,Pune,Organic,2024-12-27,55,M
4835,customer_3834,customer3834.gmail.com,Mumbai,Paid Social,2023-10-17,47,M
4836,customer_3835,customer3835.gmail.com,Chennai,SMS,2024-12-23,45,F
4837,customer_3836,customer3836.gmail.com,Chennai,Email,2024-09-15,39,F
4838,customer_3837,customer3837.gmail.com,Bengaluru,Organic,2024-09-11,20,M
4839,customer_3838,customer3838.gmail.com,Mumbai,Organic,2022-08-31,18,F
4840,customer_3839,customer3839.gmail.com,Chennai,Google Search,2023-12-18,20,F
4841,customer_3840,customer3840.gmail.com,Chennai,Organic,2023-02-08,53,M
4842,customer_3841,customer3841.gmail.com,Chennai,Organic,2024-11-23,49,F
4843,customer_3842,customer3842.gmail.com,Pune,Paid Social,2024-06-05,31,F
4844,customer_3843,customer3843.gmail.com,Bengaluru,SMS,2022-09-11,52,F
4845,customer_3844,customer3844.gmail.com,Chennai,Google Search,2022-03-16,39,M
4846,customer_3845,customer3845.gmail.com,Delhi,Paid Social,2022-04-02,39,M
4847,customer_3846,customer3846.gmail.com,Mumbai,Google Search,2023-02-07,45,M
4848,customer_3847,customer3847.gmail.com,Delhi,Google Search,2022-07-29,22,M
4849,customer_3848,customer3848.gmail.com,Pune,SMS,2022-06-26,38,M
4850,customer_3849,customer3849.gmail.com,Hyderabad,SMS,2022-10-03,22,F
4851,customer_3850,customer3850.gmail.com,Chennai,Email,2022-05-16,22,F
4852,customer_3851,customer3851.gmail.com,Pune,Paid Social,2024-05-21,40,M
4853,customer_3852,customer3852.gmail.com,Mumbai,SMS,2022-06-23,20,F
4854,customer_3853,customer3853.gmail.com,Delhi,Google Search,2023-12-30,20,M
4855,customer_3854,customer3854.gmail.com,Pune,Google Search,2022-07-18,26,F
4856,customer_3855,customer3855.gmail.com,Delhi,Google Search,2022-01-28,26,F
4857,customer_3856,customer3856.gmail.com,Bengaluru,Paid Social,2023-03-16,43,F
4858,customer_3857,customer3857.gmail.com,Chennai,Organic,2022-08-08,28,F
4859,customer_3858,customer3858.gmail.com,Delhi,Email,2024-06-04,58,M
4860,customer_3859,customer3859.gmail.com,Pune,Google Search,2024-09-24,49,M
4861,customer_3860,customer3860.gmail.com,Bengaluru,Email,2022-08-10,36,F
4862,customer_3861,customer3861.gmail.com,Pune,Organic,2022-04-13,46,F
4863,customer_3862,customer3862.gmail.com,Hyderabad,Email,2023-08-07,39,F
4864,customer_3863,customer3863.gmail.com,Mumbai,Paid Social,2023-04-09,24,M
4865,customer_3864,customer3864.gmail.com,Chennai,Paid Social,2024-11-27,46,F
4866,customer_3865,customer3865.gmail.com,Pune,Google Search,2023-04-19,31,M
4867,customer_3866,customer3866.gmail.com,Bengaluru,Email,2023-02-06,34,M
4868,customer_3867,customer3867.gmail.com,Chennai,SMS,2024-10-02,56,M
4869,customer_3868,customer3868.gmail.com,Hyderabad,Organic,2023-08-16,29,M
4870,customer_3869,customer3869.gmail.com,Delhi,Paid Social,2022-01-30,44,F
4871,customer_3870,customer3870.gmail.com,Pune,Paid Social,2022-04-25,26,F
4872,customer_3871,customer3871.gmail.com,Chennai,Organic,2023-03-11,30,F
4873,customer_3872,customer3872.gmail.com,Chennai,SMS,2024-12-29,20,Others
4874,customer_3873,customer3873.gmail.com,Pune,SMS,2022-08-21,33,M
4875,customer_3874,customer3874.gmail.com,Delhi,Google Search,2024-09-18,50,F
4876,customer_3875,customer3875.gmail.com,Bengaluru,Organic,2024-08-08,22,F
4877,customer_3876,customer3876.gmail.com,Delhi,SMS,2022-09-30,40,M
4878,customer_3877,customer3877.gmail.com,Hyderabad,SMS,2023-05-30,56,M
4879,customer_3878,customer3878.gmail.com,Pune,Paid Social,2024-01-29,52,M
4880,customer_3879,customer3879.gmail.com,Delhi,Email,2024-10-12,32,M
4881,customer_3880,customer3880.gmail.com,Pune,Organic,2022-10-10,54,M
4882,customer_3881,customer3881.gmail.com,Pune,Organic,2022-03-17,33,M
4883,customer_3882,customer3882.gmail.com,Chennai,Paid Social,2022-12-21,22,F
4884,customer_3883,customer3883.gmail.com,Pune,Google Search,2024-10-18,57,F
4885,customer_3884,customer3884.gmail.com,Chennai,Paid Social,2024-11-03,33,M
4886,customer_3885,customer3885.gmail.com,Delhi,Google Search,2024-12-15,21,F
4887,customer_3886,customer3886.gmail.com,Delhi,Email,2022-01-22,26,F
4888,customer_3887,customer3887.gmail.com,Chennai,Paid Social,2023-05-04,30,M
4889,customer_3888,customer3888.gmail.com,Chennai,Organic,2024-07-13,40,F
4890,customer_3889,customer3889.gmail.com,Mumbai,SMS,2022-02-07,21,F
4891,customer_3890,customer3890.gmail.com,Delhi,Email,2024-09-14,41,F
4892,customer_3891,customer3891.gmail.com,Chennai,Paid Social,2022-03-31,64,F
4893,customer_3892,customer3892.gmail.com,Hyderabad,Organic,2023-08-24,46,M
4894,customer_3893,customer3893.gmail.com,Bengaluru,Organic,2023-10-02,48,M
4895,customer_3894,customer3894.gmail.com,Mumbai,Organic,2024-06-20,28,F
4896,customer_3895,customer3895.gmail.com,Pune,SMS,2023-07-26,19,M
4897,customer_3896,customer3896.gmail.com,Delhi,Organic,2024-04-06,48,M
4898,customer_3897,customer3897.gmail.com,Bengaluru,SMS,2022-08-27,30,F
4899,customer_3898,customer3898.gmail.com,Bengaluru,Paid Social,2024-10-12,48,F
4900,customer_3899,customer3899.gmail.com,Bengaluru,Google Search,2023-06-07,41,M
4901,customer_3900,customer3900.gmail.com,Pune,Email,2024-07-01,28,M
4902,customer_3901,customer3901.gmail.com,Chennai,Email,2022-02-20,64,F
4903,customer_3902,customer3902.gmail.com,Mumbai,Paid Social,2024-04-02,29,M
4904,customer_3903,customer3903.gmail.com,Bengaluru,Paid Social,2023-04-15,31,M
4905,customer_3904,customer3904.gmail.com,Mumbai,Organic,2023-12-26,41,Others
4906,customer_3905,customer3905.gmail.com,Hyderabad,Organic,2024-05-15,59,F
4907,customer_3906,customer3906.gmail.com,Hyderabad,Paid Social,2022-12-29,52,M
4908,customer_3907,customer3907.gmail.com,Bengaluru,Email,2023-11-25,24,M
4909,customer_3908,customer3908.gmail.com,Chennai,Paid Social,2023-05-21,35,F
4910,customer_3909,customer3909.gmail.com,Bengaluru,Organic,2023-05-19,44,F
4911,customer_3910,customer3910.gmail.com,Hyderabad,Paid Social,2024-02-14,43,M
4912,customer_3911,customer3911.gmail.com,Mumbai,Organic,2023-08-31,32,M
4913,customer_3912,customer3912.gmail.com,Mumbai,Email,2023-08-18,52,M
4914,customer_3913,customer3913.gmail.com,Mumbai,Google Search,2023-07-06,36,F
4915,customer_3914,customer3914.gmail.com,Delhi,Email,2022-07-16,23,M
4916,customer_3915,customer3915.gmail.com,Hyderabad,SMS,2024-03-18,60,F
4917,customer_3916,customer3916.gmail.com,Delhi,Organic,2022-04-04,55,M
4918,customer_3917,customer3917.gmail.com,Delhi,Paid Social,2024-04-06,59,M
4919,customer_3918,customer3918.gmail.com,Hyderabad,Paid Social,2022-11-02,45,M
4920,customer_3919,customer3919.gmail.com,Delhi,Organic,2022-01-11,64,M
4921,customer_3920,customer3920.gmail.com,Delhi,SMS,2024-08-13,21,M
4922,customer_3921,customer3921.gmail.com,Chennai,Organic,2023-01-29,53,F
4923,customer_3922,customer3922.gmail.com,Pune,Paid Social,2022-05-28,58,M
4924,customer_3923,customer3923.gmail.com,Hyderabad,Google Search,2023-02-18,32,M
4925,customer_3924,customer3924.gmail.com,Bengaluru,SMS,2022-06-12,22,F
4926,customer_3925,customer3925.gmail.com,Bengaluru,Paid Social,2024-01-06,26,M
4927,customer_3926,customer3926.gmail.com,Mumbai,Email,2023-07-25,41,M
4928,customer_3927,customer3927.gmail.com,Mumbai,SMS,2024-12-10,27,M
4929,customer_3928,customer3928.gmail.com,Bengaluru,Organic,2024-02-19,51,Others
4930,customer_3929,customer3929.gmail.com,Mumbai,Email,2022-02-15,55,F
4931,customer_3930,customer3930.gmail.com,Delhi,Google Search,2022-12-31,27,M
4932,customer_3931,customer3931.gmail.com,Chennai,Google Search,2023-01-30,47,M
4933,customer_3932,customer3932.gmail.com,Bengaluru,Organic,2023-09-02,64,F
4934,customer_3933,customer3933.gmail.com,Bengaluru,Organic,2024-11-04,34,M
4935,customer_3934,customer3934.gmail.com,Chennai,Email,2024-07-24,19,M
4936,customer_3935,customer3935.gmail.com,Mumbai,Paid Social,2024-11-08,63,M
4937,customer_3936,customer3936.gmail.com,Mumbai,SMS,2023-03-13,42,F
4938,customer_3937,customer3937.gmail.com,Delhi,SMS,2023-10-12,49,F
4939,customer_3938,customer3938.gmail.com,Chennai,Email,2024-07-06,48,F
4940,customer_3939,customer3939.gmail.com,Delhi,Organic,2022-01-01,21,F
4941,customer_3940,customer3940.gmail.com,Pune,Organic,2022-04-17,23,F
4942,customer_3941,customer3941.gmail.com,Bengaluru,Paid Social,2023-06-29,55,F
4943,customer_3942,customer3942.gmail.com,Delhi,Google Search,2022-07-10,47,M
4944,customer_3943,customer3943.gmail.com,Delhi,Google Search,2022-05-22,64,M
4945,customer_3944,customer3944.gmail.com,Delhi,Email,2023-04-15,50,M
4946,customer_3945,customer3945.gmail.com,Delhi,Email,2023-11-03,51,M
4947,customer_3946,customer3946.gmail.com,Bengaluru,Google Search,2024-10-31,26,M
4948,customer_3947,customer3947.gmail.com,Mumbai,Paid Social,2024-06-04,21,F
4949,customer_3948,customer3948.gmail.com,Mumbai,Paid Social,2023-05-01,41,M
4950,customer_3949,customer3949.gmail.com,Hyderabad,Email,2024-06-01,32,M
4951,customer_3950,customer3950.gmail.com,Mumbai,SMS,2022-04-26,50,Others
4952,customer_3951,customer3951.gmail.com,Mumbai,SMS,2023-07-31,37,F
4953,customer_3952,customer3952.gmail.com,Hyderabad,Google Search,2024-01-13,32,M
4954,customer_3953,customer3953.gmail.com,Pune,Organic,2023-08-29,57,M
4955,customer_3954,customer3954.gmail.com,Pune,Organic,2024-07-18,37,F
4956,customer_3955,customer3955.gmail.com,Chennai,SMS,2023-08-30,32,F
4957,customer_3956,customer3956.gmail.com,Chennai,Paid Social,2023-02-27,32,M
4958,customer_3957,customer3957.gmail.com,Hyderabad,Google Search,2023-09-10,23,F
4959,customer_3958,customer3958.gmail.com,Hyderabad,Email,2023-05-07,49,M
4960,customer_3959,customer3959.gmail.com,Bengaluru,Organic,2023-09-23,33,F
4961,customer_3960,customer3960.gmail.com,Hyderabad,SMS,2022-04-22,18,F
4962,customer_3961,customer3961.gmail.com,Bengaluru,Organic,2022-02-04,33,M
4963,customer_3962,customer3962.gmail.com,Pune,Paid Social,2023-10-27,53,F
4964,customer_3963,customer3963.gmail.com,Bengaluru,Paid Social,2022-11-05,26,M
4965,customer_3964,customer3964.gmail.com,Mumbai,Organic,2024-11-18,34,F
4966,customer_3965,customer3965.gmail.com,Mumbai,Paid Social,2023-11-24,55,F
4967,customer_3966,customer3966.gmail.com,Hyderabad,Email,2023-01-08,48,M
4968,customer_3967,customer3967.gmail.com,Pune,Email,2022-10-04,61,M
4969,customer_3968,customer3968.gmail.com,Chennai,SMS,2022-03-22,57,M
4970,customer_3969,customer3969.gmail.com,Hyderabad,Google Search,2022-09-09,27,F
4971,customer_3970,customer3970.gmail.com,Pune,Paid Social,2023-06-06,58,F
4972,customer_3971,customer3971.gmail.com,Bengaluru,Google Search,2022-11-26,25,F
4973,customer_3972,customer3972.gmail.com,Mumbai,Organic,2024-02-08,44,M
4974,customer_3973,customer3973.gmail.com,Delhi,SMS,2024-11-01,47,M
4975,customer_3974,customer3974.gmail.com,Delhi,Paid Social,2024-09-01,35,M
4976,customer_3975,customer3975.gmail.com,Bengaluru,Email,2023-02-03,38,F
4977,customer_3976,customer3976.gmail.com,Delhi,Organic,2022-12-19,25,M
4978,customer_3977,customer3977.gmail.com,Pune,Email,2024-04-17,34,F
4979,customer_3978,customer3978.gmail.com,Bengaluru,Organic,2022-01-30,59,F
4980,customer_3979,customer3979.gmail.com,Delhi,Email,2022-04-16,33,M
4981,customer_3980,customer3980.gmail.com,Delhi,Email,2022-09-30,56,M
4982,customer_3981,customer3981.gmail.com,Mumbai,SMS,2022-08-13,46,F
4983,customer_3982,customer3982.gmail.com,Pune,SMS,2023-03-09,43,M
4984,customer_3983,customer3983.gmail.com,Delhi,Paid Social,2023-10-30,31,F
4985,customer_3984,customer3984.gmail.com,Chennai,Email,2023-12-22,50,F
4986,customer_3985,customer3985.gmail.com,Mumbai,Google Search,2022-01-14,56,F
4987,customer_3986,customer3986.gmail.com,Mumbai,Organic,2023-08-24,39,M
4988,customer_3987,customer3987.gmail.com,Delhi,Paid Social,2022-07-17,21,M
4989,customer_3988,customer3988.gmail.com,Hyderabad,SMS,2023-05-18,42,Others
4990,customer_3989,customer3989.gmail.com,Chennai,Organic,2022-11-20,49,M
4991,customer_3990,customer3990.gmail.com,Chennai,Organic,2023-09-23,48,M
4992,customer_3991,customer3991.gmail.com,Delhi,SMS,2022-11-12,47,M
4993,customer_3992,customer3992.gmail.com,Mumbai,Paid Social,2022-11-20,37,F
4994,customer_3993,customer3993.gmail.com,Mumbai,Google Search,2024-01-13,51,M
4995,customer_3994,customer3994.gmail.com,Delhi,Google Search,2022-04-09,21,M
4996,customer_3995,customer3995.gmail.com,Hyderabad,SMS,2023-09-27,53,M
4997,customer_3996,customer3996.gmail.com,Bengaluru,Organic,2023-08-09,26,F
4998,customer_3997,customer3997.gmail.com,Hyderabad,SMS,2023-12-10,56,F
4999,customer_3998,customer3998.gmail.com,Hyderabad,Organic,2023-08-13,49,M
5000,customer_3999,customer3999.gmail.com,Hyderabad,Email,2024-10-22,44,F
5001,customer_4000,customer4000.gmail.com,Chennai,Organic,2023-05-25,22,M
5002,customer_4001,customer4001.gmail.com,Delhi,Email,2022-03-20,49,M
5003,customer_4002,customer4002.gmail.com,Bengaluru,Organic,2023-08-08,45,M
5004,customer_4003,customer4003.gmail.com,Hyderabad,Email,2023-06-27,61,M
5005,customer_4004,customer4004.gmail.com,Hyderabad,Paid Social,2022-11-08,37,F
5006,customer_4005,customer4005.gmail.com,Pune,Google Search,2022-03-03,63,M
5007,customer_4006,customer4006.gmail.com,Hyderabad,Email,2022-04-12,53,M
5008,customer_4007,customer4007.gmail.com,Pune,Organic,2024-11-11,39,F
5009,customer_4008,customer4008.gmail.com,Bengaluru,Email,2022-09-25,53,M
5010,customer_4009,customer4009.gmail.com,Hyderabad,Organic,2023-03-08,55,F
5011,customer_4010,customer4010.gmail.com,Mumbai,Google Search,2023-04-01,43,F
5012,customer_4011,customer4011.gmail.com,Delhi,Paid Social,2022-05-03,22,M
5013,customer_4012,customer4012.gmail.com,Mumbai,Email,2022-02-11,37,F
5014,customer_4013,customer4013.gmail.com,Chennai,Organic,2023-09-30,21,F
5015,customer_4014,customer4014.gmail.com,Chennai,Google Search,2022-11-07,37,M
5016,customer_4015,customer4015.gmail.com,Chennai,SMS,2022-12-02,42,F
5017,customer_4016,customer4016.gmail.com,Hyderabad,SMS,2023-08-16,48,F
5018,customer_4017,customer4017.gmail.com,Hyderabad,Email,2024-07-10,58,F
5019,customer_4018,customer4018.gmail.com,Pune,Google Search,2022-04-24,28,M
5020,customer_4019,customer4019.gmail.com,Bengaluru,Email,2023-07-18,29,M
5021,customer_4020,customer4020.gmail.com,Mumbai,Organic,2022-02-27,27,M
5022,customer_4021,customer4021.gmail.com,Hyderabad,Organic,2023-03-17,37,F
5023,customer_4022,customer4022.gmail.com,Delhi,SMS,2024-03-12,53,M
5024,customer_4023,customer4023.gmail.com,Delhi,Organic,2022-12-05,42,M
5025,customer_4024,customer4024.gmail.com,Bengaluru,Organic,2024-01-29,45,F
5026,customer_4025,customer4025.gmail.com,Chennai,Email,2024-01-22,50,F
5027,customer_4026,customer4026.gmail.com,Mumbai,SMS,2024-05-20,48,M
5028,customer_4027,customer4027.gmail.com,Pune,Paid Social,2023-09-14,26,M
5029,customer_4028,customer4028.gmail.com,Pune,Organic,2022-09-25,34,F
5030,customer_4029,customer4029.gmail.com,Chennai,SMS,2024-02-03,29,M
5031,customer_4030,customer4030.gmail.com,Pune,Paid Social,2024-10-13,52,M
5032,customer_4031,customer4031.gmail.com,Chennai,Paid Social,2023-04-02,48,M
5033,customer_4032,customer4032.gmail.com,Pune,SMS,2023-09-10,36,F
5034,customer_4033,customer4033.gmail.com,Delhi,Email,2022-10-05,18,M
5035,customer_4034,customer4034.gmail.com,Delhi,SMS,2023-04-17,64,M
5036,customer_4035,customer4035.gmail.com,Hyderabad,Paid Social,2022-06-28,29,M
5037,customer_4036,customer4036.gmail.com,Hyderabad,Paid Social,2022-04-01,45,M
5038,customer_4037,customer4037.gmail.com,Chennai,Paid Social,2023-02-05,61,M
5039,customer_4038,customer4038.gmail.com,Mumbai,SMS,2023-11-30,61,M
5040,customer_4039,customer4039.gmail.com,Mumbai,Organic,2023-03-04,30,F
5041,customer_4040,customer4040.gmail.com,Bengaluru,Paid Social,2023-05-08,20,Others
5042,customer_4041,customer4041.gmail.com,Chennai,SMS,2024-03-26,32,Others
5043,customer_4042,customer4042.gmail.com,Delhi,Email,2022-01-30,23,M
5044,customer_4043,customer4043.gmail.com,Bengaluru,Organic,2022-04-10,44,F
5045,customer_4044,customer4044.gmail.com,Pune,Google Search,2022-07-30,20,F
5046,customer_4045,customer4045.gmail.com,Hyderabad,Email,2024-02-25,25,F
5047,customer_4046,customer4046.gmail.com,Hyderabad,Organic,2024-07-04,26,M
5048,customer_4047,customer4047.gmail.com,Bengaluru,Email,2023-03-20,54,F
5049,customer_4048,customer4048.gmail.com,Bengaluru,Google Search,2024-01-14,40,M
5050,customer_4049,customer4049.gmail.com,Delhi,Paid Social,2024-03-12,35,F
5051,customer_4050,customer4050.gmail.com,Pune,Email,2023-11-09,36,F
5052,customer_4051,customer4051.gmail.com,Chennai,Email,2024-12-08,33,M
5053,customer_4052,customer4052.gmail.com,Mumbai,Organic,2023-08-22,57,M
5054,customer_4053,customer4053.gmail.com,Mumbai,SMS,2024-08-24,24,M
5055,customer_4054,customer4054.gmail.com,Bengaluru,Organic,2022-08-22,28,F
5056,customer_4055,customer4055.gmail.com,Bengaluru,SMS,2023-03-16,57,M
5057,customer_4056,customer4056.gmail.com,Bengaluru,Google Search,2023-05-18,22,M
5058,customer_4057,customer4057.gmail.com,Mumbai,Organic,2024-10-09,64,M
5059,customer_4058,customer4058.gmail.com,Hyderabad,Email,2023-09-22,30,M
5060,customer_4059,customer4059.gmail.com,Hyderabad,Google Search,2022-11-03,49,F
5061,customer_4060,customer4060.gmail.com,Mumbai,Organic,2023-07-17,59,F
5062,customer_4061,customer4061.gmail.com,Hyderabad,Paid Social,2023-02-04,36,M
5063,customer_4062,customer4062.gmail.com,Delhi,Google Search,2024-05-30,18,M
5064,customer_4063,customer4063.gmail.com,Chennai,Paid Social,2024-09-07,25,M
5065,customer_4064,customer4064.gmail.com,Bengaluru,Organic,2022-10-23,34,M
5066,customer_4065,customer4065.gmail.com,Chennai,Organic,2024-06-22,22,F
5067,customer_4066,customer4066.gmail.com,Pune,Organic,2024-04-18,29,F
5068,customer_4067,customer4067.gmail.com,Pune,SMS,2022-02-28,58,F
5069,customer_4068,customer4068.gmail.com,Hyderabad,Google Search,2024-02-07,57,F
5070,customer_4069,customer4069.gmail.com,Mumbai,Google Search,2023-06-20,44,F
5071,customer_4070,customer4070.gmail.com,Chennai,Paid Social,2022-09-24,22,F
5072,customer_4071,customer4071.gmail.com,Delhi,Paid Social,2024-04-18,35,F
5073,customer_4072,customer4072.gmail.com,Chennai,Paid Social,2024-01-11,63,M
5074,customer_4073,customer4073.gmail.com,Pune,Google Search,2023-10-01,23,F
5075,customer_4074,customer4074.gmail.com,Pune,Paid Social,2024-03-19,58,F
5076,customer_4075,customer4075.gmail.com,Hyderabad,Email,2024-02-11,24,F
5077,customer_4076,customer4076.gmail.com,Mumbai,Organic,2024-06-04,56,F
5078,customer_4077,customer4077.gmail.com,Pune,Paid Social,2023-09-30,63,M
5079,customer_4078,customer4078.gmail.com,Delhi,Email,2024-02-02,35,M
5080,customer_4079,customer4079.gmail.com,Bengaluru,Paid Social,2023-06-15,51,M
5081,customer_4080,customer4080.gmail.com,Mumbai,Organic,2022-03-20,40,F
5082,customer_4081,customer4081.gmail.com,Chennai,Email,2022-08-25,44,F
5083,customer_4082,customer4082.gmail.com,Bengaluru,Organic,2022-08-03,20,F
5084,customer_4083,customer4083.gmail.com,Chennai,SMS,2024-06-06,26,M
5085,customer_4084,customer4084.gmail.com,Bengaluru,Organic,2022-05-09,53,F
5086,customer_4085,customer4085.gmail.com,Mumbai,Google Search,2022-01-17,51,M
5087,customer_4086,customer4086.gmail.com,Delhi,Organic,2022-06-16,43,M
5088,customer_4087,customer4087.gmail.com,Chennai,SMS,2022-02-26,61,M
5089,customer_4088,customer4088.gmail.com,Delhi,Paid Social,2023-06-22,51,M
5090,customer_4089,customer4089.gmail.com,Chennai,Google Search,2024-03-11,57,M
5091,customer_4090,customer4090.gmail.com,Hyderabad,SMS,2023-08-29,32,F
5092,customer_4091,customer4091.gmail.com,Mumbai,Organic,2023-02-24,50,F
5093,customer_4092,customer4092.gmail.com,Mumbai,SMS,2022-01-21,21,F
5094,customer_4093,customer4093.gmail.com,Chennai,Paid Social,2023-02-25,47,M
5095,customer_4094,customer4094.gmail.com,Hyderabad,Google Search,2024-10-28,33,F
5096,customer_4095,customer4095.gmail.com,Delhi,Email,2024-02-21,23,M
5097,customer_4096,customer4096.gmail.com,Chennai,SMS,2022-03-26,44,F
5098,customer_4097,customer4097.gmail.com,Mumbai,SMS,2022-04-30,29,Others
5099,customer_4098,customer4098.gmail.com,Mumbai,Organic,2023-10-02,47,M
5100,customer_4099,customer4099.gmail.com,Chennai,Google Search,2024-06-29,49,M
5101,customer_4100,customer4100.gmail.com,Bengaluru,Email,2022-11-23,58,F
5102,customer_4101,customer4101.gmail.com,Bengaluru,SMS,2022-10-10,64,M
5103,customer_4102,customer4102.gmail.com,Delhi,Email,2022-10-18,41,F
5104,customer_4103,customer4103.gmail.com,Bengaluru,Email,2024-07-25,45,M
5105,customer_4104,customer4104.gmail.com,Bengaluru,Paid Social,2024-08-06,51,M
5106,customer_4105,customer4105.gmail.com,Delhi,Organic,2022-03-02,59,F
5107,customer_4106,customer4106.gmail.com,Delhi,Email,2022-05-05,59,M
5108,customer_4107,customer4107.gmail.com,Hyderabad,Organic,2024-01-13,39,M
5109,customer_4108,customer4108.gmail.com,Mumbai,Paid Social,2024-09-17,34,M
5110,customer_4109,customer4109.gmail.com,Mumbai,Email,2024-02-05,31,F
5111,customer_4110,customer4110.gmail.com,Delhi,Organic,2022-02-14,64,M
5112,customer_4111,customer4111.gmail.com,Delhi,Google Search,2023-10-03,32,F
5113,customer_4112,customer4112.gmail.com,Pune,Organic,2024-07-17,32,F
5114,customer_4113,customer4113.gmail.com,Chennai,Google Search,2023-01-26,25,M
5115,customer_4114,customer4114.gmail.com,Chennai,Paid Social,2023-02-10,31,F
5116,customer_4115,customer4115.gmail.com,Chennai,Paid Social,2024-03-29,18,M
5117,customer_4116,customer4116.gmail.com,Bengaluru,Google Search,2024-04-16,18,M
5118,customer_4117,customer4117.gmail.com,Pune,SMS,2024-12-14,34,F
5119,customer_4118,customer4118.gmail.com,Mumbai,Email,2022-04-24,54,F
5120,customer_4119,customer4119.gmail.com,Delhi,Email,2022-12-01,30,F
5121,customer_4120,customer4120.gmail.com,Hyderabad,Google Search,2023-08-22,31,F
5122,customer_4121,customer4121.gmail.com,Chennai,Email,2022-11-05,33,M
5123,customer_4122,customer4122.gmail.com,Mumbai,Paid Social,2024-01-04,64,M
5124,customer_4123,customer4123.gmail.com,Delhi,SMS,2024-04-13,58,M
5125,customer_4124,customer4124.gmail.com,Chennai,Google Search,2024-02-09,39,F
5126,customer_4125,customer4125.gmail.com,Mumbai,Paid Social,2022-12-19,38,F
5127,customer_4126,customer4126.gmail.com,Pune,Paid Social,2022-04-27,55,F
5128,customer_4127,customer4127.gmail.com,Delhi,Google Search,2024-10-30,52,M
5129,customer_4128,customer4128.gmail.com,Bengaluru,Google Search,2024-08-22,36,F
5130,customer_4129,customer4129.gmail.com,Hyderabad,Organic,2023-07-24,31,F
5131,customer_4130,customer4130.gmail.com,Delhi,Paid Social,2023-04-10,42,F
5132,customer_4131,customer4131.gmail.com,Mumbai,Email,2024-01-25,31,F
5133,customer_4132,customer4132.gmail.com,Chennai,SMS,2022-03-03,64,F
5134,customer_4133,customer4133.gmail.com,Chennai,Organic,2024-12-19,62,F
5135,customer_4134,customer4134.gmail.com,Delhi,Paid Social,2022-11-25,18,F
5136,customer_4135,customer4135.gmail.com,Bengaluru,Google Search,2024-10-20,55,M
5137,customer_4136,customer4136.gmail.com,Bengaluru,SMS,2023-05-27,34,M
5138,customer_4137,customer4137.gmail.com,Chennai,SMS,2023-07-05,39,F
5139,customer_4138,customer4138.gmail.com,Delhi,Paid Social,2023-03-11,43,M
5140,customer_4139,customer4139.gmail.com,Pune,Email,2023-07-20,21,F
5141,customer_4140,customer4140.gmail.com,Chennai,SMS,2024-05-21,57,M
5142,customer_4141,customer4141.gmail.com,Hyderabad,Paid Social,2023-05-03,60,F
5143,customer_4142,customer4142.gmail.com,Hyderabad,SMS,2022-11-23,57,M
5144,customer_4143,customer4143.gmail.com,Bengaluru,Email,2024-09-11,64,M
5145,customer_4144,customer4144.gmail.com,Mumbai,Organic,2023-12-01,26,M
5146,customer_4145,customer4145.gmail.com,Chennai,Paid Social,2022-04-11,44,M
5147,customer_4146,customer4146.gmail.com,Bengaluru,Paid Social,2024-08-25,42,Others
5148,customer_4147,customer4147.gmail.com,Chennai,Organic,2022-01-20,54,F
5149,customer_4148,customer4148.gmail.com,Pune,Google Search,2022-03-05,28,F
5150,customer_4149,customer4149.gmail.com,Chennai,Paid Social,2022-04-08,21,F
5151,customer_4150,customer4150.gmail.com,Bengaluru,Google Search,2022-11-20,30,M
5152,customer_4151,customer4151.gmail.com,Pune,Paid Social,2022-07-26,49,F
5153,customer_4152,customer4152.gmail.com,Pune,SMS,2023-04-06,37,Others
5154,customer_4153,customer4153.gmail.com,Mumbai,Email,2022-10-09,34,M
5155,customer_4154,customer4154.gmail.com,Delhi,SMS,2024-01-24,40,F
5156,customer_4155,customer4155.gmail.com,Mumbai,Paid Social,2024-10-16,21,M
5157,customer_4156,customer4156.gmail.com,Mumbai,Google Search,2024-10-25,39,F
5158,customer_4157,customer4157.gmail.com,Chennai,Google Search,2024-02-21,56,M
5159,customer_4158,customer4158.gmail.com,Delhi,Organic,2023-09-17,49,F
5160,customer_4159,customer4159.gmail.com,Delhi,Organic,2023-02-03,39,F
5161,customer_4160,customer4160.gmail.com,Delhi,Organic,2023-09-16,28,M
5162,customer_4161,customer4161.gmail.com,Mumbai,Email,2023-03-27,19,F
5163,customer_4162,customer4162.gmail.com,Bengaluru,Organic,2023-04-24,42,F
5164,customer_4163,customer4163.gmail.com,Bengaluru,Google Search,2023-08-01,33,Others
5165,customer_4164,customer4164.gmail.com,Mumbai,SMS,2023-06-19,47,M
5166,customer_4165,customer4165.gmail.com,Delhi,Paid Social,2022-06-10,54,M
5167,customer_4166,customer4166.gmail.com,Mumbai,Organic,2023-02-16,29,F
5168,customer_4167,customer4167.gmail.com,Bengaluru,Email,2023-01-27,62,F
5169,customer_4168,customer4168.gmail.com,Delhi,SMS,2023-02-24,49,F
5170,customer_4169,customer4169.gmail.com,Mumbai,Google Search,2023-01-21,19,F
5171,customer_4170,customer4170.gmail.com,Bengaluru,Email,2022-12-01,50,F
5172,customer_4171,customer4171.gmail.com,Delhi,Paid Social,2022-01-24,60,M
5173,customer_4172,customer4172.gmail.com,Delhi,Organic,2024-08-06,21,Others
5174,customer_4173,customer4173.gmail.com,Hyderabad,Paid Social,2023-12-22,25,M
5175,customer_4174,customer4174.gmail.com,Delhi,Paid Social,2022-07-05,45,F
5176,customer_4175,customer4175.gmail.com,Bengaluru,Google Search,2022-02-04,28,F
5177,customer_4176,customer4176.gmail.com,Bengaluru,SMS,2022-09-04,37,M
5178,customer_4177,customer4177.gmail.com,Pune,Organic,2023-03-15,51,F
5179,customer_4178,customer4178.gmail.com,Chennai,Google Search,2022-10-29,30,F
5180,customer_4179,customer4179.gmail.com,Bengaluru,SMS,2022-06-02,62,M
5181,customer_4180,customer4180.gmail.com,Bengaluru,SMS,2022-08-01,33,M
5182,customer_4181,customer4181.gmail.com,Bengaluru,Email,2024-01-30,18,F
5183,customer_4182,customer4182.gmail.com,Delhi,Google Search,2024-03-02,27,F
5184,customer_4183,customer4183.gmail.com,Pune,Google Search,2023-08-13,30,Others
5185,customer_4184,customer4184.gmail.com,Chennai,SMS,2022-11-25,50,M
5186,customer_4185,customer4185.gmail.com,Pune,Organic,2022-01-06,64,M
5187,customer_4186,customer4186.gmail.com,Mumbai,Email,2023-05-30,34,M
5188,customer_4187,customer4187.gmail.com,Mumbai,Organic,2022-05-13,57,M
5189,customer_4188,customer4188.gmail.com,Pune,Paid Social,2023-02-20,60,M
5190,customer_4189,customer4189.gmail.com,Pune,SMS,2024-01-03,33,M
5191,customer_4190,customer4190.gmail.com,Delhi,Paid Social,2023-02-24,60,M
5192,customer_4191,customer4191.gmail.com,Bengaluru,Organic,2024-06-11,33,M
5193,customer_4192,customer4192.gmail.com,Chennai,Email,2022-04-29,18,M
5194,customer_4193,customer4193.gmail.com,Pune,SMS,2024-07-09,38,F
5195,customer_4194,customer4194.gmail.com,Chennai,SMS,2024-08-09,41,M
5196,customer_4195,customer4195.gmail.com,Chennai,Email,2024-06-10,63,F
5197,customer_4196,customer4196.gmail.com,Hyderabad,Google Search,2023-05-15,37,F
5198,customer_4197,customer4197.gmail.com,Delhi,Organic,2023-01-04,59,M
5199,customer_4198,customer4198.gmail.com,Mumbai,SMS,2022-03-16,31,F
5200,customer_4199,customer4199.gmail.com,Delhi,SMS,2022-02-25,18,M
5201,customer_4200,customer4200.gmail.com,Pune,Paid Social,2022-06-04,39,F
5202,customer_4201,customer4201.gmail.com,Hyderabad,Paid Social,2023-11-13,24,F
5203,customer_4202,customer4202.gmail.com,Pune,Email,2022-02-07,54,F
5204,customer_4203,customer4203.gmail.com,Chennai,Email,2023-03-15,49,M
5205,customer_4204,customer4204.gmail.com,Mumbai,Google Search,2024-11-08,21,M
5206,customer_4205,customer4205.gmail.com,Delhi,SMS,2024-10-09,33,Others
5207,customer_4206,customer4206.gmail.com,Mumbai,Organic,2024-05-26,34,F
5208,customer_4207,customer4207.gmail.com,Pune,Google Search,2022-05-21,47,Others
5209,customer_4208,customer4208.gmail.com,Pune,Organic,2024-07-13,51,F
5210,customer_4209,customer4209.gmail.com,Delhi,Organic,2022-01-15,57,F
5211,customer_4210,customer4210.gmail.com,Pune,SMS,2022-05-20,24,F
5212,customer_4211,customer4211.gmail.com,Bengaluru,Email,2023-06-17,37,M
5213,customer_4212,customer4212.gmail.com,Delhi,Email,2024-03-03,50,M
5214,customer_4213,customer4213.gmail.com,Mumbai,Email,2024-03-16,53,F
5215,customer_4214,customer4214.gmail.com,Hyderabad,Organic,2022-09-08,29,M
5216,customer_4215,customer4215.gmail.com,Chennai,Google Search,2024-12-08,32,F
5217,customer_4216,customer4216.gmail.com,Pune,Email,2022-01-29,32,F
5218,customer_4217,customer4217.gmail.com,Hyderabad,SMS,2024-08-15,37,M
5219,customer_4218,customer4218.gmail.com,Mumbai,Paid Social,2023-11-13,34,M
5220,customer_4219,customer4219.gmail.com,Hyderabad,Paid Social,2022-09-08,59,F
5221,customer_4220,customer4220.gmail.com,Delhi,Google Search,2022-05-31,63,F
5222,customer_4221,customer4221.gmail.com,Chennai,Paid Social,2023-07-19,46,F
5223,customer_4222,customer4222.gmail.com,Mumbai,Paid Social,2024-10-09,41,F
5224,customer_4223,customer4223.gmail.com,Delhi,Paid Social,2024-10-02,58,F
5225,customer_4224,customer4224.gmail.com,Delhi,Paid Social,2024-05-31,32,M
5226,customer_4225,customer4225.gmail.com,Hyderabad,Paid Social,2023-01-18,29,F
5227,customer_4226,customer4226.gmail.com,Bengaluru,Email,2024-02-23,36,F
5228,customer_4227,customer4227.gmail.com,Delhi,Organic,2022-04-29,30,F
5229,customer_4228,customer4228.gmail.com,Delhi,SMS,2024-05-14,50,F
5230,customer_4229,customer4229.gmail.com,Mumbai,SMS,2023-07-05,47,M
5231,customer_4230,customer4230.gmail.com,Chennai,SMS,2022-03-09,24,F
5232,customer_4231,customer4231.gmail.com,Bengaluru,Paid Social,2022-10-14,61,M
5233,customer_4232,customer4232.gmail.com,Pune,Google Search,2023-02-02,35,M
5234,customer_4233,customer4233.gmail.com,Delhi,Organic,2023-09-22,59,F
5235,customer_4234,customer4234.gmail.com,Mumbai,SMS,2023-01-25,63,M
5236,customer_4235,customer4235.gmail.com,Hyderabad,SMS,2023-04-30,42,F
5237,customer_4236,customer4236.gmail.com,Mumbai,Email,2024-04-05,29,F
5238,customer_4237,customer4237.gmail.com,Bengaluru,SMS,2022-02-02,51,M
5239,customer_4238,customer4238.gmail.com,Mumbai,Organic,2024-07-14,38,F
5240,customer_4239,customer4239.gmail.com,Pune,Google Search,2023-04-21,24,Others
5241,customer_4240,customer4240.gmail.com,Hyderabad,Email,2024-05-24,47,M
5242,customer_4241,customer4241.gmail.com,Hyderabad,Organic,2024-10-21,33,F
5243,customer_4242,customer4242.gmail.com,Chennai,SMS,2023-11-28,64,F
5244,customer_4243,customer4243.gmail.com,Delhi,Email,2022-06-30,56,F
5245,customer_4244,customer4244.gmail.com,Bengaluru,Google Search,2022-05-26,39,F
5246,customer_4245,customer4245.gmail.com,Hyderabad,Organic,2024-11-13,33,F
5247,customer_4246,customer4246.gmail.com,Hyderabad,Google Search,2022-06-16,22,M
5248,customer_4247,customer4247.gmail.com,Pune,Google Search,2024-01-21,26,F
5249,customer_4248,customer4248.gmail.com,Mumbai,Paid Social,2024-07-20,45,F
5250,customer_4249,customer4249.gmail.com,Pune,Organic,2022-03-31,59,M
5251,customer_4250,customer4250.gmail.com,Bengaluru,SMS,2022-03-11,48,F
5252,customer_4251,customer4251.gmail.com,Bengaluru,Email,2024-03-17,37,M
5253,customer_4252,customer4252.gmail.com,Hyderabad,Organic,2022-03-27,35,F
5254,customer_4253,customer4253.gmail.com,Delhi,Organic,2022-02-06,34,M
5255,customer_4254,customer4254.gmail.com,Mumbai,Email,2024-08-24,47,F
5256,customer_4255,customer4255.gmail.com,Mumbai,Organic,2023-04-27,53,M
5257,customer_4256,customer4256.gmail.com,Bengaluru,Organic,2022-08-18,31,F
5258,customer_4257,customer4257.gmail.com,Pune,Email,2024-11-30,42,F
5259,customer_4258,customer4258.gmail.com,Hyderabad,Organic,2024-01-05,62,M
5260,customer_4259,customer4259.gmail.com,Chennai,Email,2024-08-31,57,F
5261,customer_4260,customer4260.gmail.com,Mumbai,Email,2024-10-29,21,M
5262,customer_4261,customer4261.gmail.com,Pune,SMS,2024-05-15,19,M
5263,customer_4262,customer4262.gmail.com,Pune,Organic,2022-06-02,47,F
5264,customer_4263,customer4263.gmail.com,Chennai,SMS,2024-06-23,59,F
5265,customer_4264,customer4264.gmail.com,Bengaluru,SMS,2024-12-23,43,F
5266,customer_4265,customer4265.gmail.com,Hyderabad,SMS,2022-12-24,28,M
5267,customer_4266,customer4266.gmail.com,Hyderabad,Paid Social,2023-04-25,23,F
5268,customer_4267,customer4267.gmail.com,Delhi,Google Search,2023-06-23,55,M
5269,customer_4268,customer4268.gmail.com,Hyderabad,Organic,2023-05-14,36,F
5270,customer_4269,customer4269.gmail.com,Bengaluru,SMS,2023-08-09,36,F
5271,customer_4270,customer4270.gmail.com,Chennai,Paid Social,2024-12-25,28,Others
5272,customer_4271,customer4271.gmail.com,Pune,Paid Social,2023-09-21,59,M
5273,customer_4272,customer4272.gmail.com,Mumbai,Organic,2024-04-29,23,F
5274,customer_4273,customer4273.gmail.com,Pune,Organic,2022-02-28,46,F
5275,customer_4274,customer4274.gmail.com,Mumbai,Google Search,2023-11-11,31,F
5276,customer_4275,customer4275.gmail.com,Delhi,Google Search,2022-05-31,27,M
5277,customer_4276,customer4276.gmail.com,Delhi,Paid Social,2024-07-25,54,M
5278,customer_4277,customer4277.gmail.com,Chennai,Email,2022-09-10,43,F
5279,customer_4278,customer4278.gmail.com,Delhi,SMS,2022-11-05,58,M
5280,customer_4279,customer4279.gmail.com,Chennai,Organic,2024-09-27,48,F
5281,customer_4280,customer4280.gmail.com,Chennai,Organic,2024-12-23,62,F
5282,customer_4281,customer4281.gmail.com,Pune,Google Search,2022-10-10,53,M
5283,customer_4282,customer4282.gmail.com,Bengaluru,SMS,2022-03-05,27,M
5284,customer_4283,customer4283.gmail.com,Hyderabad,Organic,2023-01-02,43,F
5285,customer_4284,customer4284.gmail.com,Chennai,Google Search,2024-04-07,27,F
5286,customer_4285,customer4285.gmail.com,Chennai,Email,2024-12-12,37,M
5287,customer_4286,customer4286.gmail.com,Chennai,SMS,2022-07-19,38,M
5288,customer_4287,customer4287.gmail.com,Mumbai,SMS,2024-02-07,35,M
5289,customer_4288,customer4288.gmail.com,Bengaluru,Google Search,2022-03-12,29,F
5290,customer_4289,customer4289.gmail.com,Chennai,Google Search,2022-05-21,30,M
5291,customer_4290,customer4290.gmail.com,Hyderabad,Paid Social,2023-09-19,21,F
5292,customer_4291,customer4291.gmail.com,Mumbai,Organic,2023-08-12,44,M
5293,customer_4292,customer4292.gmail.com,Pune,Email,2024-11-06,60,F
5294,customer_4293,customer4293.gmail.com,Mumbai,Google Search,2022-03-19,26,F
5295,customer_4294,customer4294.gmail.com,Pune,Paid Social,2023-02-07,45,M
5296,customer_4295,customer4295.gmail.com,Hyderabad,Organic,2022-06-12,28,Others
5297,customer_4296,customer4296.gmail.com,Bengaluru,SMS,2022-05-26,59,M
5298,customer_4297,customer4297.gmail.com,Mumbai,SMS,2023-06-13,27,F
5299,customer_4298,customer4298.gmail.com,Hyderabad,Paid Social,2022-05-31,44,F
5300,customer_4299,customer4299.gmail.com,Delhi,Email,2023-04-04,45,M
5301,customer_4300,customer4300.gmail.com,Chennai,Organic,2023-07-12,27,M
5302,customer_4301,customer4301.gmail.com,Chennai,Paid Social,2023-12-25,45,M
5303,customer_4302,customer4302.gmail.com,Chennai,SMS,2022-05-15,57,M
5304,customer_4303,customer4303.gmail.com,Bengaluru,Google Search,2023-02-11,20,F
5305,customer_4304,customer4304.gmail.com,Chennai,SMS,2023-08-26,32,Others
5306,customer_4305,customer4305.gmail.com,Delhi,Email,2022-08-01,64,F
5307,customer_4306,customer4306.gmail.com,Chennai,SMS,2022-05-29,50,F
5308,customer_4307,customer4307.gmail.com,Delhi,Email,2022-11-10,34,M
5309,customer_4308,customer4308.gmail.com,Bengaluru,SMS,2024-08-03,44,M
5310,customer_4309,customer4309.gmail.com,Mumbai,SMS,2023-10-30,53,M
5311,customer_4310,customer4310.gmail.com,Hyderabad,Email,2024-12-25,40,F
5312,customer_4311,customer4311.gmail.com,Bengaluru,Email,2023-01-05,58,F
5313,customer_4312,customer4312.gmail.com,Mumbai,Email,2023-06-05,45,M
5314,customer_4313,customer4313.gmail.com,Chennai,SMS,2024-11-24,44,M
5315,customer_4314,customer4314.gmail.com,Chennai,Email,2023-05-01,36,M
5316,customer_4315,customer4315.gmail.com,Bengaluru,Organic,2024-01-13,27,M
5317,customer_4316,customer4316.gmail.com,Bengaluru,Google Search,2022-03-02,31,F
5318,customer_4317,customer4317.gmail.com,Chennai,Paid Social,2023-08-03,59,F
5319,customer_4318,customer4318.gmail.com,Mumbai,SMS,2023-04-15,60,M
5320,customer_4319,customer4319.gmail.com,Delhi,Email,2023-01-25,35,M
5321,customer_4320,customer4320.gmail.com,Pune,Email,2022-04-10,18,F
5322,customer_4321,customer4321.gmail.com,Mumbai,Organic,2023-04-13,19,M
5323,customer_4322,customer4322.gmail.com,Pune,SMS,2023-03-29,35,F
5324,customer_4323,customer4323.gmail.com,Pune,Paid Social,2022-11-11,55,M
5325,customer_4324,customer4324.gmail.com,Bengaluru,SMS,2022-05-06,41,F
5326,customer_4325,customer4325.gmail.com,Mumbai,Google Search,2024-12-01,38,F
5327,customer_4326,customer4326.gmail.com,Mumbai,SMS,2023-11-14,31,F
5328,customer_4327,customer4327.gmail.com,Delhi,Paid Social,2023-09-24,50,F
5329,customer_4328,customer4328.gmail.com,Pune,Google Search,2022-04-06,61,M
5330,customer_4329,customer4329.gmail.com,Delhi,Google Search,2022-10-12,57,F
5331,customer_4330,customer4330.gmail.com,Hyderabad,Paid Social,2022-08-13,29,F
5332,customer_4331,customer4331.gmail.com,Pune,Organic,2024-07-10,34,Others
5333,customer_4332,customer4332.gmail.com,Delhi,Email,2022-09-10,51,M
5334,customer_4333,customer4333.gmail.com,Delhi,Organic,2022-10-28,42,F
5335,customer_4334,customer4334.gmail.com,Pune,Google Search,2024-09-12,62,F
5336,customer_4335,customer4335.gmail.com,Chennai,Paid Social,2023-02-08,48,Others
5337,customer_4336,customer4336.gmail.com,Chennai,Organic,2022-10-10,21,F
5338,customer_4337,customer4337.gmail.com,Delhi,Organic,2023-12-06,42,F
5339,customer_4338,customer4338.gmail.com,Hyderabad,Email,2024-02-16,53,M
5340,customer_4339,customer4339.gmail.com,Mumbai,Organic,2022-11-03,51,F
5341,customer_4340,customer4340.gmail.com,Hyderabad,SMS,2023-10-21,51,F
5342,customer_4341,customer4341.gmail.com,Pune,Paid Social,2023-11-15,50,F
5343,customer_4342,customer4342.gmail.com,Bengaluru,Organic,2024-04-25,54,M
5344,customer_4343,customer4343.gmail.com,Chennai,Email,2022-03-17,55,M
5345,customer_4344,customer4344.gmail.com,Chennai,Google Search,2023-10-09,62,F
5346,customer_4345,customer4345.gmail.com,Pune,SMS,2022-09-11,39,M
5347,customer_4346,customer4346.gmail.com,Chennai,SMS,2023-04-09,29,M
5348,customer_4347,customer4347.gmail.com,Chennai,Email,2023-06-11,20,F
5349,customer_4348,customer4348.gmail.com,Mumbai,Google Search,2024-07-28,21,M
5350,customer_4349,customer4349.gmail.com,Hyderabad,Organic,2023-06-07,25,F
5351,customer_4350,customer4350.gmail.com,Chennai,SMS,2023-03-03,49,F
5352,customer_4351,customer4351.gmail.com,Delhi,Paid Social,2023-06-18,61,F
5353,customer_4352,customer4352.gmail.com,Delhi,SMS,2022-11-02,22,F
5354,customer_4353,customer4353.gmail.com,Bengaluru,SMS,2024-10-19,40,M
5355,customer_4354,customer4354.gmail.com,Hyderabad,SMS,2022-08-26,56,F
5356,customer_4355,customer4355.gmail.com,Delhi,SMS,2024-01-06,31,M
5357,customer_4356,customer4356.gmail.com,Pune,Google Search,2023-01-13,36,F
5358,customer_4357,customer4357.gmail.com,Delhi,Email,2023-01-24,40,F
5359,customer_4358,customer4358.gmail.com,Chennai,SMS,2022-12-30,54,F
5360,customer_4359,customer4359.gmail.com,Mumbai,Organic,2023-10-13,38,F
5361,customer_4360,customer4360.gmail.com,Hyderabad,Email,2024-05-29,28,F
5362,customer_4361,customer4361.gmail.com,Delhi,SMS,2024-02-14,53,F
5363,customer_4362,customer4362.gmail.com,Delhi,SMS,2023-01-22,58,M
5364,customer_4363,customer4363.gmail.com,Mumbai,Paid Social,2023-04-15,57,F
5365,customer_4364,customer4364.gmail.com,Chennai,Google Search,2022-01-31,28,M
5366,customer_4365,customer4365.gmail.com,Delhi,Email,2023-01-22,42,M
5367,customer_4366,customer4366.gmail.com,Bengaluru,SMS,2022-03-20,33,F
5368,customer_4367,customer4367.gmail.com,Chennai,Email,2023-05-01,41,Others
5369,customer_4368,customer4368.gmail.com,Hyderabad,Google Search,2022-04-15,41,F
5370,customer_4369,customer4369.gmail.com,Delhi,Email,2023-08-29,28,M
5371,customer_4370,customer4370.gmail.com,Pune,Paid Social,2022-04-09,61,F
5372,customer_4371,customer4371.gmail.com,Delhi,Email,2022-06-19,63,F
5373,customer_4372,customer4372.gmail.com,Chennai,Email,2024-03-05,41,M
5374,customer_4373,customer4373.gmail.com,Bengaluru,Paid Social,2024-03-08,34,F
5375,customer_4374,customer4374.gmail.com,Chennai,Google Search,2022-03-10,59,F
5376,customer_4375,customer4375.gmail.com,Chennai,Organic,2023-05-31,54,M
5377,customer_4376,customer4376.gmail.com,Pune,Google Search,2022-05-19,57,M
5378,customer_4377,customer4377.gmail.com,Chennai,SMS,2022-07-05,58,M
5379,customer_4378,customer4378.gmail.com,Bengaluru,SMS,2022-05-21,35,M
5380,customer_4379,customer4379.gmail.com,Mumbai,Paid Social,2024-02-17,42,M
5381,customer_4380,customer4380.gmail.com,Pune,Email,2024-05-25,25,F
5382,customer_4381,customer4381.gmail.com,Pune,Paid Social,2024-10-09,56,M
5383,customer_4382,customer4382.gmail.com,Bengaluru,Email,2023-12-29,33,F
5384,customer_4383,customer4383.gmail.com,Bengaluru,SMS,2023-04-13,46,F
5385,customer_4384,customer4384.gmail.com,Mumbai,SMS,2023-09-09,26,M
5386,customer_4385,customer4385.gmail.com,Pune,Email,2023-11-13,24,M
5387,customer_4386,customer4386.gmail.com,Chennai,Organic,2022-04-17,31,F
5388,customer_4387,customer4387.gmail.com,Pune,Organic,2022-04-09,42,M
5389,customer_4388,customer4388.gmail.com,Chennai,SMS,2024-04-09,54,M
5390,customer_4389,customer4389.gmail.com,Chennai,Google Search,2024-05-08,36,M
5391,customer_4390,customer4390.gmail.com,Pune,Paid Social,2024-04-26,19,F
5392,customer_4391,customer4391.gmail.com,Pune,Paid Social,2023-03-25,36,F
5393,customer_4392,customer4392.gmail.com,Mumbai,Google Search,2024-02-04,19,F
5394,customer_4393,customer4393.gmail.com,Delhi,Paid Social,2024-12-26,41,M
5395,customer_4394,customer4394.gmail.com,Pune,Email,2023-10-06,27,M
5396,customer_4395,customer4395.gmail.com,Hyderabad,Email,2024-09-20,30,M
5397,customer_4396,customer4396.gmail.com,Mumbai,Organic,2022-01-01,54,F
5398,customer_4397,customer4397.gmail.com,Chennai,Email,2022-01-21,18,M
5399,customer_4398,customer4398.gmail.com,Delhi,Google Search,2023-01-27,32,F
5400,customer_4399,customer4399.gmail.com,Bengaluru,Paid Social,2022-05-20,24,M
5401,customer_4400,customer4400.gmail.com,Chennai,Email,2022-07-25,57,M
5402,customer_4401,customer4401.gmail.com,Chennai,Paid Social,2023-10-30,33,M
5403,customer_4402,customer4402.gmail.com,Delhi,Email,2022-07-19,24,M
5404,customer_4403,customer4403.gmail.com,Bengaluru,Organic,2024-12-23,35,M
5405,customer_4404,customer4404.gmail.com,Hyderabad,Organic,2023-12-30,45,M
5406,customer_4405,customer4405.gmail.com,Mumbai,Email,2024-12-14,31,F
5407,customer_4406,customer4406.gmail.com,Delhi,Paid Social,2022-12-09,34,F
5408,customer_4407,customer4407.gmail.com,Bengaluru,SMS,2022-08-17,40,M
5409,customer_4408,customer4408.gmail.com,Pune,Paid Social,2022-02-10,40,M
5410,customer_4409,customer4409.gmail.com,Hyderabad,Organic,2023-12-21,41,F
5411,customer_4410,customer4410.gmail.com,Hyderabad,Organic,2024-12-18,38,M
5412,customer_4411,customer4411.gmail.com,Mumbai,Organic,2024-03-11,39,M
5413,customer_4412,customer4412.gmail.com,Mumbai,Paid Social,2022-12-31,43,F
5414,customer_4413,customer4413.gmail.com,Mumbai,SMS,2023-05-08,53,F
5415,customer_4414,customer4414.gmail.com,Mumbai,Organic,2022-08-10,46,M
5416,customer_4415,customer4415.gmail.com,Pune,SMS,2024-12-04,24,F
5417,customer_4416,customer4416.gmail.com,Hyderabad,Email,2023-05-26,34,F
5418,customer_4417,customer4417.gmail.com,Pune,Paid Social,2022-03-16,28,M
5419,customer_4418,customer4418.gmail.com,Mumbai,Organic,2024-12-09,54,M
5420,customer_4419,customer4419.gmail.com,Delhi,Email,2024-12-06,42,F
5421,customer_4420,customer4420.gmail.com,Bengaluru,Google Search,2023-04-06,58,M
5422,customer_4421,customer4421.gmail.com,Delhi,SMS,2023-09-23,25,M
5423,customer_4422,customer4422.gmail.com,Hyderabad,Organic,2024-05-05,21,M
5424,customer_4423,customer4423.gmail.com,Hyderabad,SMS,2024-11-22,54,M
5425,customer_4424,customer4424.gmail.com,Pune,Email,2024-09-19,26,M
5426,customer_4425,customer4425.gmail.com,Bengaluru,Organic,2024-09-19,54,M
5427,customer_4426,customer4426.gmail.com,Mumbai,Paid Social,2023-12-14,31,F
5428,customer_4427,customer4427.gmail.com,Mumbai,Email,2024-12-21,31,M
5429,customer_4428,customer4428.gmail.com,Delhi,Google Search,2024-01-04,40,M
5430,customer_4429,customer4429.gmail.com,Bengaluru,Organic,2024-02-19,50,F
5431,customer_4430,customer4430.gmail.com,Pune,Organic,2022-02-23,35,F
5432,customer_4431,customer4431.gmail.com,Mumbai,Email,2024-05-29,59,F
5433,customer_4432,customer4432.gmail.com,Hyderabad,SMS,2023-01-28,27,F
5434,customer_4433,customer4433.gmail.com,Mumbai,Google Search,2024-07-27,30,M
5435,customer_4434,customer4434.gmail.com,Bengaluru,Google Search,2023-04-18,63,F
5436,customer_4435,customer4435.gmail.com,Chennai,Organic,2022-11-08,41,M
5437,customer_4436,customer4436.gmail.com,Hyderabad,Paid Social,2022-06-05,63,M
5438,customer_4437,customer4437.gmail.com,Pune,Organic,2023-12-28,41,M
5439,customer_4438,customer4438.gmail.com,Mumbai,Paid Social,2024-03-07,59,M
5440,customer_4439,customer4439.gmail.com,Hyderabad,Paid Social,2023-01-13,20,F
5441,customer_4440,customer4440.gmail.com,Pune,Organic,2023-03-18,37,M
5442,customer_4441,customer4441.gmail.com,Bengaluru,Email,2023-10-29,20,F
5443,customer_4442,customer4442.gmail.com,Chennai,Paid Social,2024-01-13,54,M
5444,customer_4443,customer4443.gmail.com,Pune,Email,2022-12-12,27,M
5445,customer_4444,customer4444.gmail.com,Pune,Email,2024-07-07,43,F
5446,customer_4445,customer4445.gmail.com,Hyderabad,Email,2022-04-19,54,M
5447,customer_4446,customer4446.gmail.com,Mumbai,Google Search,2024-04-06,33,M
5448,customer_4447,customer4447.gmail.com,Hyderabad,Organic,2022-03-15,59,M
5449,customer_4448,customer4448.gmail.com,Delhi,SMS,2023-03-16,21,F
5450,customer_4449,customer4449.gmail.com,Hyderabad,Email,2024-10-05,54,M
5451,customer_4450,customer4450.gmail.com,Hyderabad,Google Search,2023-07-07,58,F
5452,customer_4451,customer4451.gmail.com,Mumbai,Paid Social,2022-12-20,50,M
5453,customer_4452,customer4452.gmail.com,Chennai,Organic,2024-07-06,53,F
5454,customer_4453,customer4453.gmail.com,Bengaluru,SMS,2024-05-30,51,M
5455,customer_4454,customer4454.gmail.com,Delhi,Email,2024-08-19,27,M
5456,customer_4455,customer4455.gmail.com,Mumbai,Google Search,2022-01-28,40,M
5457,customer_4456,customer4456.gmail.com,Chennai,Organic,2024-09-27,62,Others
5458,customer_4457,customer4457.gmail.com,Mumbai,SMS,2024-01-14,34,F
5459,customer_4458,customer4458.gmail.com,Pune,Organic,2022-04-16,25,M
5460,customer_4459,customer4459.gmail.com,Delhi,SMS,2023-12-29,48,F
5461,customer_4460,customer4460.gmail.com,Pune,SMS,2024-03-16,51,F
5462,customer_4461,customer4461.gmail.com,Pune,Organic,2022-12-26,18,M
5463,customer_4462,customer4462.gmail.com,Mumbai,Organic,2022-08-02,37,F
5464,customer_4463,customer4463.gmail.com,Bengaluru,SMS,2024-04-14,53,M
5465,customer_4464,customer4464.gmail.com,Mumbai,Paid Social,2023-03-18,22,M
5466,customer_4465,customer4465.gmail.com,Hyderabad,Email,2022-06-14,44,F
5467,customer_4466,customer4466.gmail.com,Bengaluru,Email,2023-01-21,63,F
5468,customer_4467,customer4467.gmail.com,Delhi,Google Search,2023-04-06,31,M
5469,customer_4468,customer4468.gmail.com,Bengaluru,Organic,2022-10-28,51,M
5470,customer_4469,customer4469.gmail.com,Delhi,SMS,2022-02-22,43,F
5471,customer_4470,customer4470.gmail.com,Pune,SMS,2023-04-13,48,F
5472,customer_4471,customer4471.gmail.com,Mumbai,SMS,2024-10-27,61,M
5473,customer_4472,customer4472.gmail.com,Mumbai,Email,2023-01-11,19,M
5474,customer_4473,customer4473.gmail.com,Hyderabad,Google Search,2023-08-03,62,M
5475,customer_4474,customer4474.gmail.com,Mumbai,Google Search,2022-08-07,45,M
5476,customer_4475,customer4475.gmail.com,Bengaluru,SMS,2023-05-29,39,F
5477,customer_4476,customer4476.gmail.com,Hyderabad,SMS,2022-09-16,25,M
5478,customer_4477,customer4477.gmail.com,Mumbai,SMS,2024-03-13,39,M
5479,customer_4478,customer4478.gmail.com,Hyderabad,SMS,2022-06-15,28,F
5480,customer_4479,customer4479.gmail.com,Mumbai,Google Search,2023-07-30,18,M
5481,customer_4480,customer4480.gmail.com,Mumbai,Organic,2023-04-14,23,F
5482,customer_4481,customer4481.gmail.com,Chennai,Google Search,2024-12-07,39,F
5483,customer_4482,customer4482.gmail.com,Pune,SMS,2022-05-25,19,F
5484,customer_4483,customer4483.gmail.com,Chennai,Paid Social,2022-08-17,43,M
5485,customer_4484,customer4484.gmail.com,Mumbai,Organic,2023-06-27,24,F
5486,customer_4485,customer4485.gmail.com,Mumbai,Paid Social,2024-09-15,50,M
5487,customer_4486,customer4486.gmail.com,Bengaluru,Email,2024-08-30,33,F
5488,customer_4487,customer4487.gmail.com,Delhi,SMS,2022-11-12,30,F
5489,customer_4488,customer4488.gmail.com,Bengaluru,Paid Social,2024-04-13,49,F
5490,customer_4489,customer4489.gmail.com,Hyderabad,SMS,2022-03-14,20,F
5491,customer_4490,customer4490.gmail.com,Hyderabad,SMS,2022-03-27,38,M
5492,customer_4491,customer4491.gmail.com,Mumbai,Email,2022-12-28,48,F
5493,customer_4492,customer4492.gmail.com,Mumbai,Organic,2024-11-07,41,M
5494,customer_4493,customer4493.gmail.com,Pune,SMS,2022-04-12,24,M
5495,customer_4494,customer4494.gmail.com,Mumbai,Organic,2022-10-12,56,F
5496,customer_4495,customer4495.gmail.com,Bengaluru,Google Search,2024-05-05,61,M
5497,customer_4496,customer4496.gmail.com,Bengaluru,Email,2022-04-07,25,M
5498,customer_4497,customer4497.gmail.com,Bengaluru,Google Search,2024-05-31,23,M
5499,customer_4498,customer4498.gmail.com,Bengaluru,Email,2022-09-12,31,F
5500,customer_4499,customer4499.gmail.com,Delhi,Paid Social,2024-02-28,37,M
5501,customer_4500,customer4500.gmail.com,Chennai,Paid Social,2022-09-20,19,M
5502,customer_4501,customer4501.gmail.com,Bengaluru,SMS,2024-03-16,31,M
5503,customer_4502,customer4502.gmail.com,Bengaluru,Organic,2023-10-14,52,M
5504,customer_4503,customer4503.gmail.com,Hyderabad,Organic,2022-12-14,42,F
5505,customer_4504,customer4504.gmail.com,Chennai,Organic,2024-11-03,64,F
5506,customer_4505,customer4505.gmail.com,Chennai,Organic,2023-06-13,35,M
5507,customer_4506,customer4506.gmail.com,Hyderabad,Email,2024-11-09,57,F
5508,customer_4507,customer4507.gmail.com,Hyderabad,SMS,2023-05-21,25,F
5509,customer_4508,customer4508.gmail.com,Chennai,Organic,2022-09-08,23,M
5510,customer_4509,customer4509.gmail.com,Chennai,SMS,2022-05-14,45,F
5511,customer_4510,customer4510.gmail.com,Mumbai,SMS,2024-06-27,26,F
5512,customer_4511,customer4511.gmail.com,Hyderabad,Organic,2024-09-28,42,M
5513,customer_4512,customer4512.gmail.com,Mumbai,SMS,2022-06-30,24,F
5514,customer_4513,customer4513.gmail.com,Hyderabad,Email,2024-12-30,52,F
5515,customer_4514,customer4514.gmail.com,Bengaluru,SMS,2024-12-09,33,M
5516,customer_4515,customer4515.gmail.com,Hyderabad,Organic,2022-04-20,37,F
5517,customer_4516,customer4516.gmail.com,Pune,SMS,2024-09-10,24,M
5518,customer_4517,customer4517.gmail.com,Mumbai,SMS,2024-08-12,35,F
5519,customer_4518,customer4518.gmail.com,Bengaluru,Organic,2022-01-21,36,F
5520,customer_4519,customer4519.gmail.com,Chennai,Email,2022-10-21,19,F
5521,customer_4520,customer4520.gmail.com,Bengaluru,Organic,2022-10-16,46,F
5522,customer_4521,customer4521.gmail.com,Bengaluru,Paid Social,2024-02-19,45,F
5523,customer_4522,customer4522.gmail.com,Chennai,Paid Social,2023-09-10,32,F
5524,customer_4523,customer4523.gmail.com,Hyderabad,SMS,2023-12-08,47,F
5525,customer_4524,customer4524.gmail.com,Mumbai,Google Search,2024-11-23,21,F
5526,customer_4525,customer4525.gmail.com,Bengaluru,Paid Social,2022-05-12,25,F
5527,customer_4526,customer4526.gmail.com,Bengaluru,Paid Social,2022-12-30,36,F
5528,customer_4527,customer4527.gmail.com,Hyderabad,Paid Social,2024-09-18,47,M
5529,customer_4528,customer4528.gmail.com,Chennai,Google Search,2022-11-29,43,M
5530,customer_4529,customer4529.gmail.com,Bengaluru,Google Search,2024-09-07,26,M
5531,customer_4530,customer4530.gmail.com,Chennai,Email,2022-03-24,60,F
5532,customer_4531,customer4531.gmail.com,Bengaluru,Google Search,2022-11-11,45,F
5533,customer_4532,customer4532.gmail.com,Chennai,Email,2023-01-17,24,F
5534,customer_4533,customer4533.gmail.com,Delhi,Organic,2024-02-03,50,F
5535,customer_4534,customer4534.gmail.com,Hyderabad,Email,2022-01-08,21,M
5536,customer_4535,customer4535.gmail.com,Delhi,Email,2023-03-21,25,F
5537,customer_4536,customer4536.gmail.com,Chennai,Paid Social,2022-04-23,51,Others
5538,customer_4537,customer4537.gmail.com,Delhi,SMS,2023-09-08,27,F
5539,customer_4538,customer4538.gmail.com,Hyderabad,Paid Social,2022-05-24,53,F
5540,customer_4539,customer4539.gmail.com,Bengaluru,Paid Social,2022-07-09,46,F
5541,customer_4540,customer4540.gmail.com,Bengaluru,Organic,2022-02-25,60,F
5542,customer_4541,customer4541.gmail.com,Mumbai,Email,2023-12-15,21,F
5543,customer_4542,customer4542.gmail.com,Mumbai,Email,2023-09-13,52,M
5544,customer_4543,customer4543.gmail.com,Chennai,Paid Social,2022-01-21,45,M
5545,customer_4544,customer4544.gmail.com,Hyderabad,Google Search,2023-09-22,39,M
5546,customer_4545,customer4545.gmail.com,Pune,SMS,2023-09-05,43,Others
5547,customer_4546,customer4546.gmail.com,Delhi,Paid Social,2024-04-26,23,F
5548,customer_4547,customer4547.gmail.com,Chennai,SMS,2022-10-18,41,F
5549,customer_4548,customer4548.gmail.com,Hyderabad,Paid Social,2024-12-15,21,M
5550,customer_4549,customer4549.gmail.com,Bengaluru,Paid Social,2022-04-29,63,F
5551,customer_4550,customer4550.gmail.com,Delhi,Organic,2022-11-15,33,M
5552,customer_4551,customer4551.gmail.com,Mumbai,Paid Social,2024-11-23,24,M
5553,customer_4552,customer4552.gmail.com,Delhi,Google Search,2023-03-31,24,M
5554,customer_4553,customer4553.gmail.com,Mumbai,Google Search,2023-11-03,54,M
5555,customer_4554,customer4554.gmail.com,Hyderabad,Email,2023-06-06,21,F
5556,customer_4555,customer4555.gmail.com,Mumbai,Paid Social,2024-09-25,40,M
5557,customer_4556,customer4556.gmail.com,Hyderabad,Email,2023-09-12,49,M
5558,customer_4557,customer4557.gmail.com,Hyderabad,Email,2024-04-26,38,M
5559,customer_4558,customer4558.gmail.com,Bengaluru,SMS,2023-05-11,28,F
5560,customer_4559,customer4559.gmail.com,Pune,Organic,2024-11-24,33,M
5561,customer_4560,customer4560.gmail.com,Chennai,SMS,2023-06-29,57,M
5562,customer_4561,customer4561.gmail.com,Pune,Google Search,2022-01-25,38,M
5563,customer_4562,customer4562.gmail.com,Chennai,SMS,2022-06-24,22,F
5564,customer_4563,customer4563.gmail.com,Pune,Organic,2024-10-03,64,F
5565,customer_4564,customer4564.gmail.com,Hyderabad,Google Search,2023-06-07,28,F
5566,customer_4565,customer4565.gmail.com,Chennai,SMS,2023-02-05,61,F
5567,customer_4566,customer4566.gmail.com,Chennai,Organic,2022-07-27,41,F
5568,customer_4567,customer4567.gmail.com,Hyderabad,Paid Social,2023-09-01,52,F
5569,customer_4568,customer4568.gmail.com,Chennai,Paid Social,2022-04-29,64,M
5570,customer_4569,customer4569.gmail.com,Bengaluru,Email,2022-10-09,43,F
5571,customer_4570,customer4570.gmail.com,Chennai,SMS,2022-09-26,46,Others
5572,customer_4571,customer4571.gmail.com,Bengaluru,Google Search,2023-12-23,32,F
5573,customer_4572,customer4572.gmail.com,Mumbai,Email,2023-12-26,24,F
5574,customer_4573,customer4573.gmail.com,Mumbai,SMS,2024-09-28,34,F
5575,customer_4574,customer4574.gmail.com,Hyderabad,Google Search,2024-05-04,54,M
5576,customer_4575,customer4575.gmail.com,Pune,Paid Social,2023-11-07,25,F
5577,customer_4576,customer4576.gmail.com,Delhi,Email,2022-12-25,58,F
5578,customer_4577,customer4577.gmail.com,Bengaluru,Google Search,2022-12-01,18,F
5579,customer_4578,customer4578.gmail.com,Delhi,SMS,2024-01-07,49,Others
5580,customer_4579,customer4579.gmail.com,Chennai,Email,2022-04-24,20,M
5581,customer_4580,customer4580.gmail.com,Delhi,Google Search,2024-07-22,50,M
5582,customer_4581,customer4581.gmail.com,Hyderabad,SMS,2023-04-06,33,M
5583,customer_4582,customer4582.gmail.com,Mumbai,Google Search,2024-10-18,45,M
5584,customer_4583,customer4583.gmail.com,Pune,Email,2023-08-11,60,F
5585,customer_4584,customer4584.gmail.com,Delhi,SMS,2023-10-22,41,F
5586,customer_4585,customer4585.gmail.com,Bengaluru,Organic,2022-02-09,53,M
5587,customer_4586,customer4586.gmail.com,Bengaluru,Email,2024-11-23,51,M
5588,customer_4587,customer4587.gmail.com,Bengaluru,Google Search,2023-09-01,53,M
5589,customer_4588,customer4588.gmail.com,Chennai,Organic,2022-06-12,27,F
5590,customer_4589,customer4589.gmail.com,Delhi,SMS,2023-11-02,43,M
5591,customer_4590,customer4590.gmail.com,Chennai,Paid Social,2024-09-16,30,F
5592,customer_4591,customer4591.gmail.com,Mumbai,Google Search,2024-10-20,25,M
5593,customer_4592,customer4592.gmail.com,Pune,Google Search,2022-12-10,49,M
5594,customer_4593,customer4593.gmail.com,Delhi,Email,2023-11-28,29,M
5595,customer_4594,customer4594.gmail.com,Mumbai,Paid Social,2024-12-24,59,M
5596,customer_4595,customer4595.gmail.com,Pune,Email,2022-08-31,18,F
5597,customer_4596,customer4596.gmail.com,Pune,Organic,2024-07-22,60,F
5598,customer_4597,customer4597.gmail.com,Chennai,Paid Social,2022-12-25,64,F
5599,customer_4598,customer4598.gmail.com,Pune,Paid Social,2023-12-27,44,F
5600,customer_4599,customer4599.gmail.com,Chennai,Email,2023-10-12,35,M
5601,customer_4600,customer4600.gmail.com,Pune,Paid Social,2023-07-12,27,F
5602,customer_4601,customer4601.gmail.com,Pune,Google Search,2022-10-10,34,F
5603,customer_4602,customer4602.gmail.com,Chennai,SMS,2023-07-08,37,M
5604,customer_4603,customer4603.gmail.com,Mumbai,Email,2024-08-15,29,F
5605,customer_4604,customer4604.gmail.com,Pune,Organic,2022-09-01,34,M
5606,customer_4605,customer4605.gmail.com,Delhi,Email,2023-05-10,38,M
5607,customer_4606,customer4606.gmail.com,Mumbai,Email,2023-02-02,59,M
5608,customer_4607,customer4607.gmail.com,Pune,Organic,2024-12-03,60,F
5609,customer_4608,customer4608.gmail.com,Mumbai,Organic,2022-08-21,46,F
5610,customer_4609,customer4609.gmail.com,Mumbai,Organic,2024-05-30,62,F
5611,customer_4610,customer4610.gmail.com,Bengaluru,SMS,2024-11-19,33,F
5612,customer_4611,customer4611.gmail.com,Mumbai,Organic,2023-05-30,20,M
5613,customer_4612,customer4612.gmail.com,Bengaluru,Organic,2023-06-28,29,M
5614,customer_4613,customer4613.gmail.com,Hyderabad,Paid Social,2022-04-08,26,M
5615,customer_4614,customer4614.gmail.com,Bengaluru,Email,2023-03-06,63,M
5616,customer_4615,customer4615.gmail.com,Hyderabad,Organic,2023-01-25,29,F
5617,customer_4616,customer4616.gmail.com,Hyderabad,Organic,2023-08-15,53,F
5618,customer_4617,customer4617.gmail.com,Hyderabad,SMS,2024-10-02,39,F
5619,customer_4618,customer4618.gmail.com,Bengaluru,Organic,2024-12-08,57,M
5620,customer_4619,customer4619.gmail.com,Mumbai,SMS,2024-03-06,58,M
5621,customer_4620,customer4620.gmail.com,Pune,Organic,2022-06-03,40,F
5622,customer_4621,customer4621.gmail.com,Chennai,Google Search,2023-03-19,34,F
5623,customer_4622,customer4622.gmail.com,Hyderabad,Google Search,2024-11-01,33,Others
5624,customer_4623,customer4623.gmail.com,Pune,Paid Social,2023-04-07,36,F
5625,customer_4624,customer4624.gmail.com,Mumbai,Paid Social,2022-10-22,31,M
5626,customer_4625,customer4625.gmail.com,Hyderabad,SMS,2022-09-01,51,F
5627,customer_4626,customer4626.gmail.com,Hyderabad,Google Search,2024-10-20,45,F
5628,customer_4627,customer4627.gmail.com,Hyderabad,SMS,2022-11-29,42,M
5629,customer_4628,customer4628.gmail.com,Hyderabad,Google Search,2022-06-21,58,F
5630,customer_4629,customer4629.gmail.com,Bengaluru,Organic,2024-02-26,59,F
5631,customer_4630,customer4630.gmail.com,Bengaluru,Paid Social,2023-09-02,22,F
5632,customer_4631,customer4631.gmail.com,Delhi,Organic,2023-01-28,19,F
5633,customer_4632,customer4632.gmail.com,Pune,SMS,2022-12-01,43,M
5634,customer_4633,customer4633.gmail.com,Pune,Google Search,2022-05-12,47,F
5635,customer_4634,customer4634.gmail.com,Delhi,SMS,2024-01-21,49,F
5636,customer_4635,customer4635.gmail.com,Bengaluru,SMS,2023-11-17,24,M
5637,customer_4636,customer4636.gmail.com,Delhi,Google Search,2022-06-09,51,F
5638,customer_4637,customer4637.gmail.com,Hyderabad,Paid Social,2022-12-03,37,F
5639,customer_4638,customer4638.gmail.com,Bengaluru,Google Search,2023-02-27,20,F
5640,customer_4639,customer4639.gmail.com,Hyderabad,Paid Social,2024-05-14,56,M
5641,customer_4640,customer4640.gmail.com,Delhi,Organic,2024-01-02,28,M
5642,customer_4641,customer4641.gmail.com,Pune,SMS,2022-09-26,22,M
5643,customer_4642,customer4642.gmail.com,Mumbai,Organic,2023-03-28,38,M
5644,customer_4643,customer4643.gmail.com,Chennai,Paid Social,2024-07-12,35,M
5645,customer_4644,customer4644.gmail.com,Mumbai,Organic,2024-05-26,21,F
5646,customer_4645,customer4645.gmail.com,Chennai,Email,2022-12-26,28,M
5647,customer_4646,customer4646.gmail.com,Hyderabad,Paid Social,2022-10-07,38,M
5648,customer_4647,customer4647.gmail.com,Chennai,Paid Social,2022-01-09,60,M
5649,customer_4648,customer4648.gmail.com,Mumbai,Google Search,2022-01-07,27,M
5650,customer_4649,customer4649.gmail.com,Hyderabad,Paid Social,2024-06-08,60,F
5651,customer_4650,customer4650.gmail.com,Delhi,Organic,2022-12-22,36,F
5652,customer_4651,customer4651.gmail.com,Bengaluru,SMS,2024-02-29,56,M
5653,customer_4652,customer4652.gmail.com,Pune,SMS,2022-05-11,42,F
5654,customer_4653,customer4653.gmail.com,Hyderabad,Google Search,2023-08-07,46,M
5655,customer_4654,customer4654.gmail.com,Bengaluru,Email,2022-01-04,24,M
5656,customer_4655,customer4655.gmail.com,Bengaluru,Organic,2024-09-29,51,M
5657,customer_4656,customer4656.gmail.com,Hyderabad,Email,2022-06-19,21,M
5658,customer_4657,customer4657.gmail.com,Pune,Email,2024-03-24,59,M
5659,customer_4658,customer4658.gmail.com,Pune,Paid Social,2023-09-08,37,F
5660,customer_4659,customer4659.gmail.com,Bengaluru,SMS,2023-07-23,44,M
5661,customer_4660,customer4660.gmail.com,Mumbai,Paid Social,2023-08-21,32,F
5662,customer_4661,customer4661.gmail.com,Bengaluru,Organic,2023-06-13,45,M
5663,customer_4662,customer4662.gmail.com,Delhi,Email,2022-11-26,63,M
5664,customer_4663,customer4663.gmail.com,Chennai,Google Search,2022-03-29,41,F
5665,customer_4664,customer4664.gmail.com,Chennai,Google Search,2022-08-27,54,F
5666,customer_4665,customer4665.gmail.com,Hyderabad,Email,2024-04-07,27,M
5667,customer_4666,customer4666.gmail.com,Bengaluru,Email,2022-12-26,58,F
5668,customer_4667,customer4667.gmail.com,Pune,Email,2022-02-08,22,F
5669,customer_4668,customer4668.gmail.com,Delhi,Google Search,2023-10-30,59,M
5670,customer_4669,customer4669.gmail.com,Bengaluru,Google Search,2023-05-25,27,F
5671,customer_4670,customer4670.gmail.com,Hyderabad,Paid Social,2024-01-13,19,F
5672,customer_4671,customer4671.gmail.com,Hyderabad,Google Search,2024-06-13,35,F
5673,customer_4672,customer4672.gmail.com,Hyderabad,Paid Social,2024-03-23,35,M
5674,customer_4673,customer4673.gmail.com,Pune,Organic,2023-01-16,39,M
5675,customer_4674,customer4674.gmail.com,Chennai,Email,2024-01-20,45,M
5676,customer_4675,customer4675.gmail.com,Hyderabad,Organic,2022-04-07,64,M
5677,customer_4676,customer4676.gmail.com,Delhi,Google Search,2022-01-16,21,F
5678,customer_4677,customer4677.gmail.com,Mumbai,SMS,2024-02-01,64,Others
5679,customer_4678,customer4678.gmail.com,Delhi,SMS,2022-07-02,37,F
5680,customer_4679,customer4679.gmail.com,Pune,Google Search,2024-09-19,55,F
5681,customer_4680,customer4680.gmail.com,Pune,SMS,2023-11-07,44,F
5682,customer_4681,customer4681.gmail.com,Delhi,Organic,2023-08-30,18,F
5683,customer_4682,customer4682.gmail.com,Delhi,Paid Social,2022-06-24,30,F
5684,customer_4683,customer4683.gmail.com,Delhi,SMS,2024-03-26,40,M
5685,customer_4684,customer4684.gmail.com,Pune,Organic,2023-01-29,53,M
5686,customer_4685,customer4685.gmail.com,Hyderabad,Paid Social,2024-11-17,52,M
5687,customer_4686,customer4686.gmail.com,Chennai,SMS,2023-09-14,24,M
5688,customer_4687,customer4687.gmail.com,Pune,Organic,2023-06-09,49,F
5689,customer_4688,customer4688.gmail.com,Hyderabad,SMS,2023-11-05,57,M
5690,customer_4689,customer4689.gmail.com,Delhi,Organic,2023-03-23,49,M
5691,customer_4690,customer4690.gmail.com,Chennai,Organic,2024-12-24,27,F
5692,customer_4691,customer4691.gmail.com,Chennai,Google Search,2023-11-02,36,M
5693,customer_4692,customer4692.gmail.com,Chennai,Email,2023-03-08,63,M
5694,customer_4693,customer4693.gmail.com,Chennai,Google Search,2024-01-03,21,F
5695,customer_4694,customer4694.gmail.com,Hyderabad,Google Search,2022-11-07,23,F
5696,customer_4695,customer4695.gmail.com,Bengaluru,SMS,2023-11-11,31,M
5697,customer_4696,customer4696.gmail.com,Mumbai,Google Search,2024-03-21,57,M
5698,customer_4697,customer4697.gmail.com,Hyderabad,Google Search,2024-06-07,47,F
5699,customer_4698,customer4698.gmail.com,Mumbai,SMS,2024-04-12,48,F
5700,customer_4699,customer4699.gmail.com,Delhi,Organic,2023-09-17,62,M
5701,customer_4700,customer4700.gmail.com,Mumbai,Email,2022-05-10,32,M
5702,customer_4701,customer4701.gmail.com,Bengaluru,SMS,2024-09-04,35,F
5703,customer_4702,customer4702.gmail.com,Chennai,SMS,2023-12-26,39,F
5704,customer_4703,customer4703.gmail.com,Pune,Organic,2022-03-18,21,F
5705,customer_4704,customer4704.gmail.com,Mumbai,Email,2024-12-08,38,F
5706,customer_4705,customer4705.gmail.com,Pune,Google Search,2023-03-27,42,F
5707,customer_4706,customer4706.gmail.com,Pune,Paid Social,2024-08-22,28,F
5708,customer_4707,customer4707.gmail.com,Hyderabad,Google Search,2022-09-10,58,M
5709,customer_4708,customer4708.gmail.com,Mumbai,Organic,2023-09-06,31,M
5710,customer_4709,customer4709.gmail.com,Chennai,Email,2024-08-19,29,F
5711,customer_4710,customer4710.gmail.com,Hyderabad,SMS,2024-01-04,36,F
5712,customer_4711,customer4711.gmail.com,Chennai,Email,2022-01-05,29,M
5713,customer_4712,customer4712.gmail.com,Chennai,Organic,2023-11-29,25,F
5714,customer_4713,customer4713.gmail.com,Mumbai,Email,2022-04-01,19,F
5715,customer_4714,customer4714.gmail.com,Bengaluru,Organic,2024-04-09,50,F
5716,customer_4715,customer4715.gmail.com,Bengaluru,Email,2023-03-08,45,F
5717,customer_4716,customer4716.gmail.com,Hyderabad,Email,2023-08-06,28,F
5718,customer_4717,customer4717.gmail.com,Delhi,Email,2023-08-02,43,F
5719,customer_4718,customer4718.gmail.com,Pune,Paid Social,2022-05-23,49,M
5720,customer_4719,customer4719.gmail.com,Pune,SMS,2022-11-13,39,F
5721,customer_4720,customer4720.gmail.com,Mumbai,Paid Social,2024-07-08,30,M
5722,customer_4721,customer4721.gmail.com,Bengaluru,Email,2024-01-05,54,M
5723,customer_4722,customer4722.gmail.com,Hyderabad,SMS,2023-04-29,21,Others
5724,customer_4723,customer4723.gmail.com,Delhi,Google Search,2022-10-27,22,F
5725,customer_4724,customer4724.gmail.com,Mumbai,Email,2023-03-31,25,F
5726,customer_4725,customer4725.gmail.com,Bengaluru,Email,2022-05-07,57,M
5727,customer_4726,customer4726.gmail.com,Delhi,SMS,2022-08-23,44,F
5728,customer_4727,customer4727.gmail.com,Delhi,Google Search,2024-02-27,58,M
5729,customer_4728,customer4728.gmail.com,Hyderabad,Email,2022-08-05,30,M
5730,customer_4729,customer4729.gmail.com,Hyderabad,Email,2023-08-01,37,M
5731,customer_4730,customer4730.gmail.com,Bengaluru,Organic,2024-12-25,39,M
5732,customer_4731,customer4731.gmail.com,Hyderabad,Paid Social,2023-10-12,37,M
5733,customer_4732,customer4732.gmail.com,Mumbai,SMS,2024-03-28,64,F
5734,customer_4733,customer4733.gmail.com,Pune,Paid Social,2023-01-30,49,F
5735,customer_4734,customer4734.gmail.com,Mumbai,Email,2024-05-30,36,M
5736,customer_4735,customer4735.gmail.com,Chennai,Paid Social,2023-10-29,45,M
5737,customer_4736,customer4736.gmail.com,Mumbai,Google Search,2024-12-01,57,Others
5738,customer_4737,customer4737.gmail.com,Delhi,Email,2022-02-05,53,F
5739,customer_4738,customer4738.gmail.com,Bengaluru,SMS,2022-09-12,47,F
5740,customer_4739,customer4739.gmail.com,Bengaluru,Organic,2022-11-08,54,F
5741,customer_4740,customer4740.gmail.com,Delhi,Email,2022-02-08,46,F
5742,customer_4741,customer4741.gmail.com,Mumbai,SMS,2024-06-22,63,F
5743,customer_4742,customer4742.gmail.com,Mumbai,Google Search,2023-12-08,55,F
5744,customer_4743,customer4743.gmail.com,Pune,Organic,2023-07-20,21,M
5745,customer_4744,customer4744.gmail.com,Pune,Email,2022-05-20,45,F
5746,customer_4745,customer4745.gmail.com,Bengaluru,Paid Social,2023-07-06,30,F
5747,customer_4746,customer4746.gmail.com,Mumbai,Paid Social,2024-02-10,37,M
5748,customer_4747,customer4747.gmail.com,Chennai,Email,2022-12-19,55,M
5749,customer_4748,customer4748.gmail.com,Pune,SMS,2022-03-18,41,M
5750,customer_4749,customer4749.gmail.com,Delhi,Google Search,2024-02-19,51,M
5751,customer_4750,customer4750.gmail.com,Mumbai,SMS,2022-03-11,28,F
5752,customer_4751,customer4751.gmail.com,Chennai,SMS,2023-04-16,20,M
5753,customer_4752,customer4752.gmail.com,Hyderabad,Paid Social,2023-11-09,56,F
5754,customer_4753,customer4753.gmail.com,Pune,Email,2023-09-27,58,F
5755,customer_4754,customer4754.gmail.com,Delhi,Organic,2024-08-11,19,M
5756,customer_4755,customer4755.gmail.com,Delhi,Paid Social,2023-01-13,27,M
5757,customer_4756,customer4756.gmail.com,Hyderabad,Paid Social,2022-07-12,46,F
5758,customer_4757,customer4757.gmail.com,Pune,Email,2022-02-08,63,M
5759,customer_4758,customer4758.gmail.com,Bengaluru,Organic,2023-02-06,21,F
5760,customer_4759,customer4759.gmail.com,Delhi,Organic,2024-01-29,29,M
5761,customer_4760,customer4760.gmail.com,Mumbai,SMS,2022-08-18,31,Others
5762,customer_4761,customer4761.gmail.com,Bengaluru,Paid Social,2024-04-18,30,M
5763,customer_4762,customer4762.gmail.com,Chennai,SMS,2024-02-23,42,M
5764,customer_4763,customer4763.gmail.com,Delhi,Organic,2022-05-14,48,M
5765,customer_4764,customer4764.gmail.com,Delhi,Email,2022-12-29,46,F
5766,customer_4765,customer4765.gmail.com,Hyderabad,SMS,2023-09-03,23,M
5767,customer_4766,customer4766.gmail.com,Pune,Email,2023-08-15,61,F
5768,customer_4767,customer4767.gmail.com,Pune,SMS,2023-02-07,62,F
5769,customer_4768,customer4768.gmail.com,Chennai,Email,2024-09-05,24,M
5770,customer_4769,customer4769.gmail.com,Hyderabad,Email,2023-12-06,18,M
5771,customer_4770,customer4770.gmail.com,Hyderabad,Paid Social,2023-10-24,34,Others
5772,customer_4771,customer4771.gmail.com,Chennai,Email,2024-05-12,47,M
5773,customer_4772,customer4772.gmail.com,Bengaluru,Organic,2024-03-29,47,M
5774,customer_4773,customer4773.gmail.com,Bengaluru,Email,2023-11-03,34,M
5775,customer_4774,customer4774.gmail.com,Chennai,Email,2024-12-02,49,F
5776,customer_4775,customer4775.gmail.com,Hyderabad,Google Search,2024-01-26,19,F
5777,customer_4776,customer4776.gmail.com,Bengaluru,Paid Social,2024-11-06,62,M
5778,customer_4777,customer4777.gmail.com,Mumbai,Paid Social,2024-09-14,64,M
5779,customer_4778,customer4778.gmail.com,Chennai,Paid Social,2024-10-04,40,F
5780,customer_4779,customer4779.gmail.com,Hyderabad,Paid Social,2022-12-15,63,F
5781,customer_4780,customer4780.gmail.com,Chennai,Paid Social,2024-10-29,55,F
5782,customer_4781,customer4781.gmail.com,Pune,Google Search,2023-02-19,40,M
5783,customer_4782,customer4782.gmail.com,Pune,Email,2023-02-18,27,M
5784,customer_4783,customer4783.gmail.com,Hyderabad,SMS,2024-12-18,45,F
5785,customer_4784,customer4784.gmail.com,Pune,Email,2024-04-20,20,F
5786,customer_4785,customer4785.gmail.com,Delhi,Paid Social,2024-04-11,47,F
5787,customer_4786,customer4786.gmail.com,Mumbai,Organic,2024-10-23,53,M
5788,customer_4787,customer4787.gmail.com,Delhi,Google Search,2022-08-09,31,F
5789,customer_4788,customer4788.gmail.com,Hyderabad,SMS,2024-03-31,27,F
5790,customer_4789,customer4789.gmail.com,Pune,Paid Social,2024-06-10,54,M
5791,customer_4790,customer4790.gmail.com,Chennai,SMS,2022-10-24,60,M
5792,customer_4791,customer4791.gmail.com,Bengaluru,Google Search,2022-09-28,34,F
5793,customer_4792,customer4792.gmail.com,Delhi,Paid Social,2022-09-04,35,M
5794,customer_4793,customer4793.gmail.com,Delhi,Google Search,2023-05-14,40,M
5795,customer_4794,customer4794.gmail.com,Pune,Google Search,2024-09-19,20,F
5796,customer_4795,customer4795.gmail.com,Bengaluru,Email,2024-07-23,57,F
5797,customer_4796,customer4796.gmail.com,Hyderabad,Paid Social,2024-02-20,63,M
5798,customer_4797,customer4797.gmail.com,Pune,Paid Social,2023-12-24,59,F
5799,customer_4798,customer4798.gmail.com,Mumbai,Organic,2022-09-24,62,M
5800,customer_4799,customer4799.gmail.com,Mumbai,Email,2022-05-21,63,F
5801,customer_4800,customer4800.gmail.com,Hyderabad,Paid Social,2023-11-30,32,F
5802,customer_4801,customer4801.gmail.com,Hyderabad,Paid Social,2022-08-12,23,F
5803,customer_4802,customer4802.gmail.com,Mumbai,SMS,2022-03-02,18,F
5804,customer_4803,customer4803.gmail.com,Chennai,Organic,2022-12-12,33,M
5805,customer_4804,customer4804.gmail.com,Chennai,Google Search,2023-11-30,58,F
5806,customer_4805,customer4805.gmail.com,Bengaluru,Organic,2024-05-23,41,M
5807,customer_4806,customer4806.gmail.com,Hyderabad,Email,2023-08-15,53,F
5808,customer_4807,customer4807.gmail.com,Mumbai,Organic,2023-05-12,35,M
5809,customer_4808,customer4808.gmail.com,Bengaluru,Organic,2022-05-21,21,F
5810,customer_4809,customer4809.gmail.com,Chennai,Organic,2024-02-08,22,M
5811,customer_4810,customer4810.gmail.com,Bengaluru,SMS,2023-07-01,63,F
5812,customer_4811,customer4811.gmail.com,Hyderabad,Email,2023-01-15,54,F
5813,customer_4812,customer4812.gmail.com,Delhi,Google Search,2022-06-21,23,F
5814,customer_4813,customer4813.gmail.com,Bengaluru,Email,2022-02-27,19,F
5815,customer_4814,customer4814.gmail.com,Hyderabad,Google Search,2024-06-15,26,M
5816,customer_4815,customer4815.gmail.com,Bengaluru,SMS,2023-04-15,41,F
5817,customer_4816,customer4816.gmail.com,Pune,Email,2022-06-29,49,M
5818,customer_4817,customer4817.gmail.com,Bengaluru,SMS,2023-11-24,38,M
5819,customer_4818,customer4818.gmail.com,Delhi,SMS,2024-04-29,60,M
5820,customer_4819,customer4819.gmail.com,Chennai,Paid Social,2022-07-12,21,M
5821,customer_4820,customer4820.gmail.com,Bengaluru,Organic,2023-09-26,49,M
5822,customer_4821,customer4821.gmail.com,Delhi,Google Search,2023-10-17,63,F
5823,customer_4822,customer4822.gmail.com,Mumbai,Paid Social,2024-12-26,33,M
5824,customer_4823,customer4823.gmail.com,Delhi,SMS,2024-12-21,50,M
5825,customer_4824,customer4824.gmail.com,Bengaluru,SMS,2024-09-10,56,F
5826,customer_4825,customer4825.gmail.com,Mumbai,Paid Social,2024-10-18,19,M
5827,customer_4826,customer4826.gmail.com,Chennai,Google Search,2022-01-15,30,F
5828,customer_4827,customer4827.gmail.com,Chennai,Organic,2023-11-05,19,M
5829,customer_4828,customer4828.gmail.com,Mumbai,Email,2024-09-25,28,M
5830,customer_4829,customer4829.gmail.com,Mumbai,Organic,2024-01-08,36,F
5831,customer_4830,customer4830.gmail.com,Mumbai,Organic,2022-04-09,36,M
5832,customer_4831,customer4831.gmail.com,Bengaluru,Paid Social,2024-03-01,27,M
5833,customer_4832,customer4832.gmail.com,Hyderabad,Paid Social,2023-02-20,25,M
5834,customer_4833,customer4833.gmail.com,Delhi,Paid Social,2023-11-21,54,F
5835,customer_4834,customer4834.gmail.com,Hyderabad,Google Search,2024-03-28,30,F
5836,customer_4835,customer4835.gmail.com,Hyderabad,Paid Social,2023-02-28,54,M
5837,customer_4836,customer4836.gmail.com,Delhi,Paid Social,2023-06-08,51,M
5838,customer_4837,customer4837.gmail.com,Pune,Paid Social,2023-08-03,51,M
5839,customer_4838,customer4838.gmail.com,Delhi,SMS,2024-11-11,58,M
5840,customer_4839,customer4839.gmail.com,Pune,Google Search,2023-01-06,27,M
5841,customer_4840,customer4840.gmail.com,Delhi,Email,2023-11-22,58,F
5842,customer_4841,customer4841.gmail.com,Chennai,Organic,2022-11-12,31,F
5843,customer_4842,customer4842.gmail.com,Hyderabad,Email,2022-06-14,18,F
5844,customer_4843,customer4843.gmail.com,Hyderabad,Google Search,2024-11-15,32,M
5845,customer_4844,customer4844.gmail.com,Chennai,SMS,2024-12-03,18,M
5846,customer_4845,customer4845.gmail.com,Delhi,Organic,2022-11-07,60,F
5847,customer_4846,customer4846.gmail.com,Mumbai,Paid Social,2024-06-12,57,F
5848,customer_4847,customer4847.gmail.com,Pune,Google Search,2023-01-18,19,F
5849,customer_4848,customer4848.gmail.com,Mumbai,Organic,2022-03-01,50,M
5850,customer_4849,customer4849.gmail.com,Pune,Organic,2024-08-12,23,M
5851,customer_4850,customer4850.gmail.com,Chennai,Email,2024-08-02,47,M
5852,customer_4851,customer4851.gmail.com,Hyderabad,Organic,2022-10-03,43,M
5853,customer_4852,customer4852.gmail.com,Pune,Organic,2023-09-14,38,F
5854,customer_4853,customer4853.gmail.com,Hyderabad,Email,2022-07-01,41,M
5855,customer_4854,customer4854.gmail.com,Delhi,SMS,2022-11-30,27,F
5856,customer_4855,customer4855.gmail.com,Chennai,SMS,2023-02-01,20,M
5857,customer_4856,customer4856.gmail.com,Delhi,Organic,2022-04-21,36,M
5858,customer_4857,customer4857.gmail.com,Bengaluru,Google Search,2024-09-19,43,F
5859,customer_4858,customer4858.gmail.com,Bengaluru,Google Search,2024-09-16,59,F
5860,customer_4859,customer4859.gmail.com,Delhi,Organic,2023-12-19,60,M
5861,customer_4860,customer4860.gmail.com,Bengaluru,Organic,2024-03-17,48,M
5862,customer_4861,customer4861.gmail.com,Chennai,Organic,2022-11-09,25,F
5863,customer_4862,customer4862.gmail.com,Delhi,SMS,2022-07-18,39,F
5864,customer_4863,customer4863.gmail.com,Mumbai,Organic,2023-12-25,18,M
5865,customer_4864,customer4864.gmail.com,Hyderabad,Google Search,2023-01-03,58,F
5866,customer_4865,customer4865.gmail.com,Delhi,Paid Social,2022-08-24,24,M
5867,customer_4866,customer4866.gmail.com,Bengaluru,Email,2024-10-17,18,M
5868,customer_4867,customer4867.gmail.com,Chennai,Paid Social,2024-11-11,18,Others
5869,customer_4868,customer4868.gmail.com,Bengaluru,Google Search,2024-03-14,29,F
5870,customer_4869,customer4869.gmail.com,Bengaluru,Google Search,2023-01-22,45,F
5871,customer_4870,customer4870.gmail.com,Mumbai,Organic,2023-03-18,50,F
5872,customer_4871,customer4871.gmail.com,Chennai,Paid Social,2023-12-16,61,F
5873,customer_4872,customer4872.gmail.com,Mumbai,Paid Social,2023-05-19,18,M
5874,customer_4873,customer4873.gmail.com,Chennai,SMS,2023-11-09,47,M
5875,customer_4874,customer4874.gmail.com,Mumbai,SMS,2024-08-26,55,M
5876,customer_4875,customer4875.gmail.com,Delhi,SMS,2023-09-08,34,F
5877,customer_4876,customer4876.gmail.com,Hyderabad,Paid Social,2024-08-06,36,M
5878,customer_4877,customer4877.gmail.com,Mumbai,Organic,2023-07-22,62,M
5879,customer_4878,customer4878.gmail.com,Bengaluru,Email,2023-07-06,28,F
5880,customer_4879,customer4879.gmail.com,Bengaluru,Paid Social,2024-02-25,62,M
5881,customer_4880,customer4880.gmail.com,Mumbai,Organic,2022-10-19,51,M
5882,customer_4881,customer4881.gmail.com,Chennai,Email,2024-10-07,49,M
5883,customer_4882,customer4882.gmail.com,Hyderabad,Organic,2024-11-03,48,F
5884,customer_4883,customer4883.gmail.com,Hyderabad,Organic,2024-05-02,32,F
5885,customer_4884,customer4884.gmail.com,Chennai,SMS,2022-02-15,22,F
5886,customer_4885,customer4885.gmail.com,Hyderabad,Paid Social,2023-10-05,44,M
5887,customer_4886,customer4886.gmail.com,Chennai,Email,2022-09-20,56,F
5888,customer_4887,customer4887.gmail.com,Bengaluru,SMS,2024-02-24,60,F
5889,customer_4888,customer4888.gmail.com,Delhi,Email,2023-03-28,35,F
5890,customer_4889,customer4889.gmail.com,Pune,Email,2024-05-26,53,F
5891,customer_4890,customer4890.gmail.com,Mumbai,Google Search,2023-09-03,61,F
5892,customer_4891,customer4891.gmail.com,Mumbai,Email,2023-04-25,58,F
5893,customer_4892,customer4892.gmail.com,Pune,Organic,2024-12-05,20,F
5894,customer_4893,customer4893.gmail.com,Pune,Email,2023-04-20,39,M
5895,customer_4894,customer4894.gmail.com,Bengaluru,SMS,2024-07-12,37,M
5896,customer_4895,customer4895.gmail.com,Bengaluru,Google Search,2022-05-10,43,Others
5897,customer_4896,customer4896.gmail.com,Mumbai,Google Search,2023-11-30,41,M
5898,customer_4897,customer4897.gmail.com,Chennai,Organic,2022-03-07,43,M
5899,customer_4898,customer4898.gmail.com,Delhi,SMS,2024-08-16,31,M
5900,customer_4899,customer4899.gmail.com,Chennai,Google Search,2024-10-02,22,F
5901,customer_4900,customer4900.gmail.com,Mumbai,Google Search,2024-07-11,46,M
5902,customer_4901,customer4901.gmail.com,Mumbai,Google Search,2022-09-21,43,M
5903,customer_4902,customer4902.gmail.com,Mumbai,Paid Social,2023-10-11,49,M
5904,customer_4903,customer4903.gmail.com,Bengaluru,SMS,2023-10-20,61,M
5905,customer_4904,customer4904.gmail.com,Mumbai,Google Search,2024-01-13,53,F
5906,customer_4905,customer4905.gmail.com,Delhi,SMS,2024-06-12,64,M
5907,customer_4906,customer4906.gmail.com,Delhi,Organic,2023-03-30,40,F
5908,customer_4907,customer4907.gmail.com,Delhi,SMS,2022-08-11,55,F
5909,customer_4908,customer4908.gmail.com,Mumbai,Organic,2022-09-28,57,M
5910,customer_4909,customer4909.gmail.com,Pune,Paid Social,2022-09-02,36,M
5911,customer_4910,customer4910.gmail.com,Mumbai,Organic,2024-01-23,20,F
5912,customer_4911,customer4911.gmail.com,Pune,Organic,2024-02-01,64,M
5913,customer_4912,customer4912.gmail.com,Mumbai,Email,2024-03-05,33,F
5914,customer_4913,customer4913.gmail.com,Delhi,Organic,2023-07-11,28,F
5915,customer_4914,customer4914.gmail.com,Pune,Paid Social,2023-03-18,50,F
5916,customer_4915,customer4915.gmail.com,Delhi,Organic,2024-11-08,59,M
5917,customer_4916,customer4916.gmail.com,Mumbai,Organic,2024-09-25,25,M
5918,customer_4917,customer4917.gmail.com,Bengaluru,Paid Social,2024-01-04,25,M
5919,customer_4918,customer4918.gmail.com,Pune,Organic,2024-04-09,24,F
5920,customer_4919,customer4919.gmail.com,Mumbai,Organic,2024-03-19,33,M
5921,customer_4920,customer4920.gmail.com,Delhi,SMS,2023-12-06,43,F
5922,customer_4921,customer4921.gmail.com,Hyderabad,Email,2024-10-09,33,F
5923,customer_4922,customer4922.gmail.com,Chennai,Organic,2023-04-25,63,M
5924,customer_4923,customer4923.gmail.com,Bengaluru,Google Search,2022-06-03,45,F
5925,customer_4924,customer4924.gmail.com,Hyderabad,Paid Social,2023-03-29,43,F
5926,customer_4925,customer4925.gmail.com,Chennai,Google Search,2023-04-07,56,F
5927,customer_4926,customer4926.gmail.com,Hyderabad,Google Search,2022-11-06,21,F
5928,customer_4927,customer4927.gmail.com,Bengaluru,Google Search,2022-07-02,38,F
5929,customer_4928,customer4928.gmail.com,Delhi,Google Search,2023-08-03,46,F
5930,customer_4929,customer4929.gmail.com,Hyderabad,Paid Social,2024-09-27,49,F
5931,customer_4930,customer4930.gmail.com,Hyderabad,Email,2023-10-10,43,M
5932,customer_4931,customer4931.gmail.com,Mumbai,Google Search,2023-08-30,35,F
5933,customer_4932,customer4932.gmail.com,Bengaluru,SMS,2023-01-22,63,M
5934,customer_4933,customer4933.gmail.com,Chennai,Organic,2023-06-23,20,M
5935,customer_4934,customer4934.gmail.com,Pune,Google Search,2024-09-15,54,M
5936,customer_4935,customer4935.gmail.com,Hyderabad,Google Search,2023-04-27,19,Others
5937,customer_4936,customer4936.gmail.com,Mumbai,Organic,2023-10-31,47,M
5938,customer_4937,customer4937.gmail.com,Bengaluru,Organic,2022-04-21,43,F
5939,customer_4938,customer4938.gmail.com,Chennai,Paid Social,2024-04-21,52,M
5940,customer_4939,customer4939.gmail.com,Chennai,Organic,2024-12-24,24,M
5941,customer_4940,customer4940.gmail.com,Pune,Email,2022-03-19,61,F
5942,customer_4941,customer4941.gmail.com,Pune,SMS,2024-01-06,58,M
5943,customer_4942,customer4942.gmail.com,Hyderabad,Google Search,2022-01-26,40,Others
5944,customer_4943,customer4943.gmail.com,Delhi,Paid Social,2023-09-23,37,M
5945,customer_4944,customer4944.gmail.com,Bengaluru,Google Search,2022-02-02,43,M
5946,customer_4945,customer4945.gmail.com,Mumbai,Email,2024-06-10,50,F
5947,customer_4946,customer4946.gmail.com,Bengaluru,Google Search,2022-10-10,20,F
5948,customer_4947,customer4947.gmail.com,Mumbai,SMS,2024-03-15,38,F
5949,customer_4948,customer4948.gmail.com,Hyderabad,Email,2022-10-07,23,F
5950,customer_4949,customer4949.gmail.com,Bengaluru,Google Search,2022-10-27,59,F
5951,customer_4950,customer4950.gmail.com,Hyderabad,Organic,2023-08-23,48,F
5952,customer_4951,customer4951.gmail.com,Delhi,Organic,2024-02-13,25,F
5953,customer_4952,customer4952.gmail.com,Mumbai,SMS,2024-08-18,50,Others
5954,customer_4953,customer4953.gmail.com,Delhi,Email,2023-08-28,18,F
5955,customer_4954,customer4954.gmail.com,Mumbai,Paid Social,2022-09-28,59,M
5956,customer_4955,customer4955.gmail.com,Chennai,Organic,2023-12-05,37,F
5957,customer_4956,customer4956.gmail.com,Delhi,Organic,2024-08-29,36,M
5958,customer_4957,customer4957.gmail.com,Bengaluru,Google Search,2024-07-29,18,M
5959,customer_4958,customer4958.gmail.com,Chennai,Email,2022-11-03,49,F
5960,customer_4959,customer4959.gmail.com,Mumbai,Organic,2024-11-27,51,F
5961,customer_4960,customer4960.gmail.com,Hyderabad,Google Search,2023-07-08,37,F
5962,customer_4961,customer4961.gmail.com,Mumbai,Paid Social,2024-09-07,55,F
5963,customer_4962,customer4962.gmail.com,Pune,Paid Social,2023-01-02,57,F
5964,customer_4963,customer4963.gmail.com,Mumbai,Organic,2022-01-09,45,M
5965,customer_4964,customer4964.gmail.com,Mumbai,Organic,2024-09-02,25,F
5966,customer_4965,customer4965.gmail.com,Chennai,Organic,2023-09-19,51,F
5967,customer_4966,customer4966.gmail.com,Pune,Email,2023-10-07,59,F
5968,customer_4967,customer4967.gmail.com,Delhi,Organic,2023-02-26,36,M
5969,customer_4968,customer4968.gmail.com,Delhi,Google Search,2022-11-22,26,M
5970,customer_4969,customer4969.gmail.com,Mumbai,Paid Social,2023-12-23,30,Others
5971,customer_4970,customer4970.gmail.com,Delhi,Email,2022-03-10,19,F
5972,customer_4971,customer4971.gmail.com,Pune,Paid Social,2024-10-16,51,M
5973,customer_4972,customer4972.gmail.com,Hyderabad,Email,2022-03-15,18,F
5974,customer_4973,customer4973.gmail.com,Delhi,Paid Social,2024-01-19,48,F
5975,customer_4974,customer4974.gmail.com,Mumbai,Organic,2024-05-30,19,F
5976,customer_4975,customer4975.gmail.com,Hyderabad,Organic,2023-11-11,39,F
5977,customer_4976,customer4976.gmail.com,Hyderabad,Google Search,2024-05-09,25,F
5978,customer_4977,customer4977.gmail.com,Hyderabad,Organic,2024-04-22,54,F
5979,customer_4978,customer4978.gmail.com,Mumbai,Paid Social,2024-12-27,53,M
5980,customer_4979,customer4979.gmail.com,Hyderabad,Google Search,2022-10-12,60,M
5981,customer_4980,customer4980.gmail.com,Pune,Paid Social,2024-10-13,64,F
5982,customer_4981,customer4981.gmail.com,Hyderabad,SMS,2022-11-10,20,F
5983,customer_4982,customer4982.gmail.com,Chennai,Google Search,2024-01-19,52,Others
5984,customer_4983,customer4983.gmail.com,Chennai,Google Search,2023-12-02,28,M
5985,customer_4984,customer4984.gmail.com,Pune,Email,2024-07-19,53,F
5986,customer_4985,customer4985.gmail.com,Mumbai,Paid Social,2022-08-05,59,M
5987,customer_4986,customer4986.gmail.com,Mumbai,Paid Social,2024-04-02,41,F
5988,customer_4987,customer4987.gmail.com,Chennai,Paid Social,2023-02-23,27,M
5989,customer_4988,customer4988.gmail.com,Mumbai,Organic,2024-03-20,24,F
5990,customer_4989,customer4989.gmail.com,Hyderabad,Email,2022-11-28,38,M
5991,customer_4990,customer4990.gmail.com,Delhi,Email,2024-08-07,62,M
5992,customer_4991,customer4991.gmail.com,Delhi,Paid Social,2024-07-22,21,F
5993,customer_4992,customer4992.gmail.com,Hyderabad,Organic,2022-08-13,40,F
5994,customer_4993,customer4993.gmail.com,Bengaluru,Paid Social,2024-05-29,33,F
5995,customer_4994,customer4994.gmail.com,Bengaluru,Organic,2023-01-15,28,F
5996,customer_4995,customer4995.gmail.com,Pune,SMS,2022-11-11,35,F
5997,customer_4996,customer4996.gmail.com,Delhi,Email,2024-05-17,33,F
5998,customer_4997,customer4997.gmail.com,Hyderabad,SMS,2022-07-17,32,M
5999,customer_4998,customer4998.gmail.com,Mumbai,Google Search,2023-10-06,18,M
6000,customer_4999,customer4999.gmail.com,Delhi,Email,2022-05-15,31,M
