reponses_id,campaign_id,customer_id,sent,opended,clicked,converted,revenue_generated
1,5,2071,1,1,1,0,0.0
2,1,4770,1,1,0,0,159.39
3,5,1294,1,1,0,0,0.0
4,7,2750,1,1,0,1,0.0
5,1,5432,1,1,1,0,0.0
6,4,4371,1,1,0,0,0.0
7,4,3554,1,0,1,0,0.0
8,7,2547,1,0,0,0,0.0
9,8,3778,1,1,0,0,113.36
10,2,3692,1,1,0,0,121.36
11,6,1515,1,1,0,0,307.91
12,3,4973,1,0,0,0,0.0
13,5,1042,1,1,1,0,0.0
14,5,4955,1,1,0,0,234.05
15,2,3742,1,1,0,0,0.0
16,7,1780,1,1,0,1,0.0
17,8,5492,1,0,0,0,0.0
18,4,2224,1,0,0,0,0.0
19,1,5816,1,1,1,0,0.0
20,3,4155,1,0,1,0,0.0
21,2,2117,1,1,1,0,0.0
22,3,5216,1,1,1,1,0.0
23,5,2349,1,1,1,0,0.0
24,5,3327,1,0,1,0,0.0
25,5,5315,1,1,0,0,0.0
26,1,1901,1,0,0,0,0.0
27,4,3416,1,0,0,0,0.0
28,8,2419,1,0,0,0,0.0
29,7,3034,1,1,0,0,0.0
30,6,5424,1,0,0,1,0.0
31,6,2819,1,1,0,0,0.0
32,3,2584,1,1,0,0,0.0
33,6,4741,1,1,0,0,0.0
34,1,5298,1,1,0,0,0.0
35,2,3446,1,1,0,0,0.0
36,4,1737,1,1,0,1,0.0
37,7,2490,1,1,1,0,0.0
38,6,2525,1,1,0,0,0.0
39,8,2484,1,0,1,0,0.0
40,4,2868,1,1,0,0,156.47
41,3,1902,1,1,0,0,148.9
42,7,1517,1,0,0,1,0.0
43,8,2534,1,1,0,0,0.0
44,1,1011,1,0,0,0,0.0
45,4,4321,1,1,0,0,0.0
46,8,1342,1,1,1,0,0.0
47,5,3486,1,0,0,0,0.0
48,5,3897,1,1,0,1,137.07
49,1,4020,1,0,0,0,192.1
50,2,5710,1,1,0,0,0.0
51,5,1607,1,0,1,1,0.0
52,4,5942,1,1,1,0,0.0
53,3,2442,1,1,0,0,0.0
54,4,2729,1,0,1,0,0.0
55,3,4969,1,0,1,0,0.0
56,5,2940,1,1,1,0,0.0
57,8,1955,1,1,0,0,0.0
58,4,1167,1,1,0,0,0.0
59,5,5752,1,1,1,0,0.0
60,8,1048,1,1,0,1,0.0
61,5,3303,1,1,0,1,0.0
62,1,5349,1,1,1,0,0.0
63,1,1251,1,0,0,1,0.0
64,2,1647,1,1,1,0,0.0
65,7,2241,1,0,0,0,0.0
66,8,3307,1,0,0,0,0.0
67,6,3274,1,1,1,1,0.0
68,5,3695,1,0,0,0,381.69
69,5,3259,1,1,0,0,0.0
70,2,3363,1,0,0,0,185.02
71,7,4645,1,1,0,0,0.0
72,6,4814,1,1,0,0,0.0
73,4,1454,1,1,1,0,0.0
74,7,4512,1,1,0,0,0.0
75,8,2683,1,1,0,0,0.0
76,6,2636,1,1,1,0,0.0
77,4,5839,1,0,0,0,0.0
78,4,3870,1,1,0,0,0.0
79,1,3987,1,1,0,1,0.0
80,7,2421,1,1,0,0,0.0
81,2,4405,1,0,0,1,0.0
82,1,3638,1,1,1,0,0.0
83,3,4924,1,0,0,0,0.0
84,2,3975,1,0,0,0,0.0
85,3,1130,1,1,1,0,0.0
86,1,1098,1,1,0,0,0.0
87,3,1331,1,1,0,1,0.0
88,3,2447,1,1,0,0,0.0
89,3,1212,1,0,0,0,0.0
90,2,2500,1,1,1,0,0.0
91,8,4796,1,0,0,0,0.0
92,6,2529,1,0,0,0,0.0
93,5,4454,1,0,1,0,0.0
94,6,2462,1,1,1,0,0.0
95,7,1377,1,1,0,0,0.0
96,8,5361,1,0,0,0,0.0
97,6,1553,1,1,0,0,149.44
98,2,2498,1,1,0,0,0.0
99,7,3735,1,1,0,0,0.0
100,3,1739,1,1,0,0,0.0
101,8,2131,1,1,1,1,0.0
102,1,2028,1,0,0,0,0.0
103,2,2462,1,1,0,0,0.0
104,5,1688,1,1,1,0,0.0
105,2,1872,1,0,0,0,0.0
106,4,5240,1,1,0,0,0.0
107,3,4885,1,0,1,0,0.0
108,4,4209,1,1,0,0,466.99
109,2,2567,1,0,0,0,0.0
110,7,5274,1,1,0,0,0.0
111,5,5328,1,0,0,0,330.33
112,3,4520,1,0,1,0,0.0
113,1,5490,1,0,0,0,0.0
114,7,5300,1,1,0,0,0.0
115,5,2064,1,0,0,0,0.0
116,5,5949,1,1,0,0,0.0
117,1,1396,1,0,0,1,116.64
118,4,3502,1,1,0,0,270.24
119,6,5468,1,1,0,0,0.0
120,5,4016,1,1,0,0,125.34
121,4,5903,1,1,0,0,0.0
122,1,4132,1,1,1,0,259.95
123,7,5717,1,1,1,0,0.0
124,3,1268,1,0,0,0,186.82
125,6,2219,1,0,1,0,181.91
126,2,4972,1,1,0,0,55.34
127,1,3738,1,1,1,0,0.0
128,3,2871,1,1,0,1,0.0
129,2,2291,1,1,0,0,0.0
130,1,3398,1,1,1,0,0.0
131,6,2945,1,0,0,0,406.89
132,7,3165,1,1,0,0,0.0
133,6,5593,1,1,0,0,0.0
134,1,5308,1,1,0,0,138.49
135,1,1945,1,0,1,1,0.0
136,7,4120,1,1,1,1,0.0
137,3,4703,1,0,0,0,0.0
138,2,5077,1,1,0,0,77.19
139,4,1844,1,1,0,0,0.0
140,4,1564,1,1,1,0,0.0
141,4,5683,1,1,0,0,0.0
142,8,1524,1,1,0,0,0.0
143,8,5424,1,0,0,0,0.0
144,6,4259,1,1,1,0,0.0
145,2,3072,1,1,0,0,0.0
146,8,1791,1,1,1,0,0.0
147,6,5274,1,1,0,0,106.62
148,4,4481,1,1,0,0,79.36
149,7,1846,1,1,0,0,598.9
150,4,2794,1,1,0,0,70.93
151,1,3194,1,0,0,0,0.0
152,5,3057,1,1,0,0,0.0
153,2,3840,1,1,0,0,0.0
154,5,3851,1,1,0,0,0.0
155,3,3025,1,1,1,0,0.0
156,3,4885,1,1,1,0,0.0
157,1,1605,1,0,0,0,0.0
158,6,4480,1,1,0,1,0.0
159,6,4965,1,1,1,0,0.0
160,7,1576,1,1,0,0,0.0
161,7,4006,1,1,0,0,0.0
162,6,5656,1,1,1,1,0.0
163,2,3891,1,0,0,0,0.0
164,1,5887,1,1,1,1,0.0
165,1,5930,1,0,0,0,256.91
166,4,5767,1,1,0,0,0.0
167,6,5123,1,1,1,0,0.0
168,4,1710,1,1,0,0,152.34
169,1,2688,1,1,0,0,0.0
170,6,4065,1,1,1,1,0.0
171,6,2310,1,0,0,0,0.0
172,6,2830,1,1,1,0,181.82
173,1,1770,1,1,0,0,172.2
174,1,4172,1,1,0,0,65.69
175,1,2779,1,0,0,0,0.0
176,4,5482,1,1,0,0,0.0
177,1,4257,1,0,0,0,0.0
178,6,1239,1,0,0,0,0.0
179,7,3729,1,1,0,0,0.0
180,4,1423,1,1,0,0,78.74
181,5,1207,1,1,1,0,0.0
182,7,5646,1,0,0,0,0.0
183,8,1626,1,1,0,0,0.0
184,6,3194,1,0,0,0,0.0
185,3,5710,1,1,0,1,0.0
186,6,4313,1,1,0,0,439.91
187,8,2563,1,1,0,0,0.0
188,6,1338,1,1,0,0,0.0
189,8,2613,1,0,0,0,0.0
190,1,2518,1,1,0,0,0.0
191,5,1167,1,1,0,1,0.0
192,1,3293,1,0,1,1,0.0
193,3,1444,1,1,0,1,0.0
194,1,4733,1,0,0,0,0.0
195,6,2388,1,0,0,0,0.0
196,3,4254,1,1,0,0,0.0
197,8,4545,1,1,0,0,0.0
198,4,2796,1,1,1,0,0.0
199,6,5410,1,0,0,0,66.91
200,8,1556,1,0,1,0,0.0
201,4,4989,1,0,0,1,81.15
202,8,3404,1,0,0,0,0.0
203,1,3327,1,1,0,0,57.03
204,4,1353,1,1,0,0,0.0
205,1,3994,1,1,0,0,0.0
206,3,1935,1,0,0,0,0.0
207,3,5891,1,0,0,1,0.0
208,5,1863,1,1,0,0,0.0
209,5,4513,1,0,0,0,0.0
210,2,4040,1,1,0,0,334.16
211,7,2403,1,1,0,0,0.0
212,7,4430,1,0,1,0,42.29
213,3,3749,1,1,0,0,0.0
214,8,4975,1,0,0,0,638.7
215,8,3894,1,1,0,0,252.1
216,2,2705,1,1,1,0,0.0
217,3,3599,1,0,0,1,142.95
218,4,3333,1,0,0,1,0.0
219,3,1764,1,0,0,0,0.0
220,4,5983,1,0,1,0,0.0
221,7,4513,1,1,0,0,0.0
222,8,2691,1,1,0,0,0.0
223,6,1966,1,1,0,0,0.0
224,3,2355,1,0,0,1,175.48
225,7,4839,1,0,0,0,0.0
226,1,2192,1,1,0,0,0.0
227,7,3907,1,0,0,0,0.0
228,1,4842,1,1,0,0,0.0
229,4,1813,1,0,0,1,0.0
230,7,2624,1,1,1,0,0.0
231,3,1055,1,0,0,1,0.0
232,1,4437,1,1,0,0,0.0
233,2,1329,1,1,1,0,0.0
234,7,5572,1,1,0,0,0.0
235,6,5363,1,1,0,0,443.23
236,8,2832,1,0,0,0,0.0
237,1,2519,1,1,0,1,0.0
238,8,4987,1,0,0,0,0.0
239,2,2410,1,0,0,1,168.64
240,2,5931,1,1,1,1,0.0
241,1,1354,1,1,0,1,0.0
242,5,2868,1,0,0,0,0.0
243,5,3620,1,0,0,0,0.0
244,1,2804,1,0,0,1,216.16
245,1,5821,1,1,0,0,0.0
246,8,5708,1,1,0,0,460.89
247,7,1717,1,1,0,1,0.0
248,4,1350,1,1,0,0,0.0
249,1,5619,1,1,0,1,0.0
250,4,4913,1,1,0,0,0.0
251,4,2819,1,1,0,0,0.0
252,7,4499,1,1,0,0,0.0
253,4,5623,1,1,0,0,164.9
254,2,3410,1,1,1,0,0.0
255,6,2252,1,0,0,0,0.0
256,2,5653,1,0,0,0,0.0
257,2,5243,1,1,1,0,0.0
258,4,5717,1,1,1,0,0.0
259,8,2851,1,0,0,0,0.0
260,6,4831,1,1,0,0,0.0
261,3,3354,1,0,0,0,0.0
262,6,1582,1,1,1,0,132.52
263,8,1677,1,0,0,0,0.0
264,2,5166,1,0,0,0,250.52
265,5,4739,1,0,0,0,0.0
266,7,5241,1,0,1,0,0.0
267,4,1945,1,1,0,1,0.0
268,6,4348,1,1,0,0,0.0
269,7,1453,1,0,1,0,0.0
270,5,4203,1,1,1,0,0.0
271,7,4930,1,1,0,0,0.0
272,4,4636,1,1,0,0,51.86
273,7,2335,1,0,0,1,0.0
274,6,3039,1,1,0,0,0.0
275,1,4194,1,0,0,1,0.0
276,4,2467,1,1,1,0,0.0
277,7,1833,1,0,0,0,0.0
278,8,4722,1,1,1,0,0.0
279,7,2440,1,1,1,0,0.0
280,6,2851,1,1,0,0,0.0
281,1,2945,1,1,0,0,0.0
282,2,2793,1,1,0,1,0.0
283,5,4017,1,1,0,0,0.0
284,5,2400,1,1,0,1,0.0
285,8,2556,1,0,1,1,0.0
286,8,3678,1,1,1,0,69.37
287,5,1562,1,1,0,0,124.84
288,8,5526,1,0,1,0,0.0
289,3,5688,1,1,1,0,0.0
290,6,3425,1,1,1,0,0.0
291,6,5837,1,0,0,0,0.0
292,3,5612,1,1,1,0,0.0
293,1,2526,1,0,0,1,0.0
294,1,3390,1,1,1,0,0.0
295,8,4101,1,1,0,0,0.0
296,1,2786,1,0,0,0,0.0
297,1,2554,1,1,1,0,218.41
298,7,3726,1,0,0,0,0.0
299,8,2811,1,1,0,0,0.0
300,4,2710,1,1,0,0,0.0
301,4,2904,1,0,0,1,0.0
302,5,5715,1,1,1,0,79.68
303,4,5754,1,1,0,0,0.0
304,5,2444,1,0,1,0,0.0
305,8,1909,1,0,1,1,0.0
306,2,2846,1,1,0,0,0.0
307,6,4163,1,1,0,0,0.0
308,1,2722,1,0,0,0,0.0
309,6,3076,1,0,0,0,193.2
310,6,1555,1,1,0,0,0.0
311,7,4021,1,1,1,0,0.0
312,5,1605,1,0,0,0,0.0
313,7,4546,1,1,0,0,0.0
314,1,5709,1,1,0,0,0.0
315,1,5352,1,0,1,0,0.0
316,1,5231,1,0,0,0,0.0
317,4,5133,1,0,1,0,0.0
318,1,4843,1,0,0,1,69.74
319,2,1072,1,0,0,0,0.0
320,1,4362,1,0,1,0,0.0
321,1,1596,1,1,0,0,306.77
322,8,2750,1,0,0,0,0.0
323,4,1734,1,1,1,0,0.0
324,7,2341,1,0,1,0,0.0
325,7,2985,1,1,1,0,0.0
326,7,2906,1,1,0,0,208.58
327,4,3299,1,0,1,0,0.0
328,2,2612,1,1,1,0,0.0
329,3,5424,1,1,0,0,0.0
330,6,2965,1,1,1,0,0.0
331,6,5941,1,1,0,0,0.0
332,3,2477,1,1,0,0,0.0
333,1,2918,1,0,1,0,0.0
334,4,4314,1,1,0,0,0.0
335,7,1066,1,1,0,0,0.0
336,2,4459,1,1,0,0,0.0
337,7,3337,1,1,1,0,0.0
338,6,1108,1,1,1,0,50.25
339,2,1027,1,1,1,0,0.0
340,2,4401,1,0,1,0,0.0
341,5,5399,1,1,1,0,0.0
342,1,2790,1,0,1,0,289.11
343,8,2978,1,1,0,1,0.0
344,7,5571,1,0,1,0,0.0
345,3,4901,1,1,0,0,0.0
346,6,5186,1,0,0,0,0.0
347,6,1366,1,1,0,1,0.0
348,1,4538,1,1,0,0,0.0
349,3,2983,1,0,0,0,0.0
350,6,2118,1,1,0,0,0.0
351,2,5592,1,0,0,0,76.05
352,8,3267,1,1,0,0,0.0
353,8,4036,1,1,1,0,0.0
354,2,3806,1,1,1,0,274.09
355,3,2775,1,1,0,0,88.36
356,2,1646,1,1,0,0,0.0
357,7,5929,1,1,0,0,0.0
358,2,1286,1,1,0,1,0.0
359,8,4139,1,1,1,0,0.0
360,6,1013,1,1,0,0,0.0
361,7,5311,1,1,0,1,0.0
362,1,3912,1,1,0,0,0.0
363,5,1545,1,1,0,0,118.33
364,2,5826,1,1,1,0,0.0
365,7,5940,1,1,0,0,0.0
366,4,1713,1,0,1,0,0.0
367,1,3547,1,1,0,0,0.0
368,2,4731,1,1,0,1,0.0
369,4,1477,1,0,0,0,0.0
370,7,1957,1,0,1,0,0.0
371,4,3868,1,1,0,0,0.0
372,7,5083,1,0,0,0,0.0
373,4,5935,1,0,1,0,0.0
374,8,4560,1,1,0,0,0.0
375,4,5381,1,1,0,1,143.81
376,1,4046,1,1,0,0,430.17
377,5,1910,1,0,0,0,0.0
378,3,3030,1,1,1,0,0.0
379,8,2348,1,0,0,1,0.0
380,6,2195,1,1,0,0,0.0
381,5,1031,1,1,0,0,0.0
382,1,4654,1,1,0,0,69.04
383,6,4309,1,0,1,0,0.0
384,8,2294,1,1,1,0,0.0
385,6,1901,1,1,0,1,0.0
386,6,3061,1,1,0,0,0.0
387,8,4122,1,0,0,0,0.0
388,7,1230,1,1,1,0,0.0
389,3,3505,1,0,0,0,0.0
390,5,4525,1,0,1,0,0.0
391,5,3527,1,1,1,0,0.0
392,5,2320,1,1,0,0,453.92
393,2,5980,1,0,0,0,0.0
394,7,1757,1,1,0,0,0.0
395,8,2752,1,1,0,0,0.0
396,7,2881,1,1,1,0,124.26
397,3,2698,1,1,0,0,0.0
398,8,1574,1,1,0,0,154.57
399,3,2218,1,1,0,0,0.0
400,6,4623,1,1,0,0,0.0
401,5,2428,1,1,1,0,0.0
402,3,4894,1,0,0,0,0.0
403,4,2859,1,0,0,0,0.0
404,5,5726,1,0,0,0,0.0
405,1,1365,1,0,0,1,0.0
406,4,3623,1,1,0,0,0.0
407,8,2219,1,1,0,0,129.03
408,3,5237,1,1,1,1,0.0
409,4,3576,1,0,0,0,0.0
410,8,5616,1,1,0,0,0.0
411,1,4615,1,1,0,0,90.29
412,1,3321,1,1,0,0,564.97
413,8,1927,1,1,1,0,0.0
414,4,5332,1,1,0,0,346.47
415,6,1646,1,1,0,0,0.0
416,4,5923,1,0,1,1,107.44
417,2,5945,1,0,0,1,0.0
418,8,2270,1,0,0,0,0.0
419,1,3566,1,0,0,0,91.81
420,8,4258,1,1,0,0,0.0
421,4,1731,1,1,0,0,0.0
422,5,5701,1,0,0,0,0.0
423,5,5593,1,1,0,0,0.0
424,5,4822,1,1,0,0,0.0
425,8,2383,1,1,0,0,0.0
426,4,1379,1,0,0,0,223.02
427,5,4490,1,0,0,0,0.0
428,8,5201,1,1,0,1,0.0
429,1,5872,1,0,0,0,0.0
430,2,2322,1,1,0,0,0.0
431,5,1243,1,1,0,1,262.66
432,7,5820,1,1,0,0,0.0
433,3,3651,1,1,1,0,0.0
434,5,3879,1,0,1,0,0.0
435,1,1299,1,1,0,0,0.0
436,8,4078,1,0,0,1,0.0
437,8,1792,1,1,0,0,0.0
438,3,4360,1,1,1,0,0.0
439,3,1500,1,1,0,0,820.75
440,6,1914,1,0,1,1,79.92
441,2,3175,1,1,1,0,0.0
442,6,1189,1,0,0,1,0.0
443,5,2570,1,0,1,0,0.0
444,3,1582,1,0,0,0,0.0
445,3,3931,1,1,1,1,0.0
446,5,3662,1,0,0,0,0.0
447,2,4875,1,0,0,0,0.0
448,8,2145,1,0,0,0,0.0
449,5,4194,1,1,0,0,0.0
450,3,5522,1,1,1,0,0.0
451,3,2073,1,0,1,0,0.0
452,7,2936,1,0,1,0,0.0
453,6,5663,1,1,0,0,1292.2
454,6,3967,1,0,0,0,75.91
455,6,5833,1,1,0,0,0.0
456,7,1247,1,0,0,0,0.0
457,1,4704,1,1,1,0,0.0
458,8,2126,1,1,0,1,0.0
459,5,5578,1,0,0,0,0.0
460,4,1584,1,1,0,0,0.0
461,4,4818,1,1,0,0,0.0
462,6,4862,1,1,0,0,0.0
463,5,3315,1,1,0,0,0.0
464,5,2730,1,1,0,0,122.79
465,7,3685,1,1,0,0,0.0
466,2,2706,1,1,0,0,425.6
467,2,5968,1,1,0,0,0.0
468,7,4172,1,0,0,1,0.0
469,2,5055,1,1,0,0,0.0
470,2,4816,1,0,1,0,0.0
471,7,4738,1,0,1,0,0.0
472,8,1167,1,1,0,0,0.0
473,7,2974,1,1,0,0,0.0
474,6,2268,1,0,0,0,0.0
475,2,4770,1,1,1,0,0.0
476,8,5830,1,1,0,1,0.0
477,5,2156,1,1,0,1,0.0
478,7,5714,1,0,0,1,0.0
479,5,3000,1,1,0,0,438.82
480,4,4156,1,1,1,0,0.0
481,5,1829,1,0,0,0,0.0
482,7,2377,1,1,1,0,0.0
483,4,1380,1,1,0,0,0.0
484,8,2954,1,1,0,0,112.32
485,6,1160,1,1,1,0,0.0
486,3,2093,1,1,0,1,115.08
487,5,2103,1,1,1,1,0.0
488,4,4893,1,1,0,0,0.0
489,6,5659,1,0,1,0,0.0
490,1,1632,1,0,0,0,91.48
491,5,4564,1,0,0,0,0.0
492,5,2482,1,0,0,0,0.0
493,3,5672,1,0,0,0,343.75
494,7,2464,1,1,1,0,0.0
495,6,2453,1,1,0,0,95.07
496,1,3689,1,0,0,0,0.0
497,6,2095,1,1,0,0,0.0
498,4,5880,1,0,1,0,0.0
499,5,3171,1,1,0,0,0.0
500,8,3316,1,1,0,0,0.0
501,5,1675,1,1,1,0,0.0
502,8,1065,1,0,0,0,0.0
503,5,3467,1,1,0,0,0.0
504,3,2818,1,1,1,0,0.0
505,8,3622,1,0,0,0,0.0
506,2,5904,1,1,0,0,0.0
507,6,3259,1,0,0,0,85.49
508,4,5470,1,0,0,0,173.42
509,2,4829,1,1,1,1,0.0
510,5,5927,1,1,1,0,0.0
511,4,1217,1,1,0,0,342.62
512,6,4573,1,1,0,1,69.95
513,6,3801,1,1,0,0,149.34
514,5,5740,1,0,1,0,0.0
515,8,1332,1,0,0,0,0.0
516,6,5134,1,0,1,0,0.0
517,6,3979,1,0,0,1,0.0
518,1,4516,1,0,0,0,0.0
519,1,2047,1,0,1,0,0.0
520,4,3730,1,0,0,0,192.26
521,3,3295,1,1,0,0,0.0
522,2,4754,1,0,0,1,0.0
523,2,5673,1,1,0,1,0.0
524,6,4529,1,0,1,0,0.0
525,8,2782,1,0,0,1,264.69
526,2,1559,1,1,0,0,0.0
527,5,4666,1,1,0,1,0.0
528,1,2518,1,1,1,0,0.0
529,4,4227,1,0,0,1,0.0
530,3,1800,1,1,1,0,0.0
531,5,2907,1,0,1,0,0.0
532,4,1916,1,0,0,0,0.0
533,6,5587,1,1,0,0,0.0
534,1,5586,1,0,1,0,0.0
535,8,3180,1,0,0,0,0.0
536,8,4858,1,1,0,1,0.0
537,6,3237,1,1,0,0,0.0
538,4,4479,1,0,0,0,0.0
539,5,1218,1,1,0,0,49.48
540,8,2375,1,1,0,0,95.37
541,7,5237,1,0,0,0,0.0
542,4,5759,1,1,1,0,0.0
543,1,5474,1,1,0,0,0.0
544,7,3723,1,0,0,1,0.0
545,7,4132,1,0,1,0,0.0
546,6,2976,1,0,0,0,0.0
547,7,1580,1,1,1,1,0.0
548,5,1102,1,1,0,0,0.0
549,4,3446,1,1,1,0,0.0
550,6,4920,1,0,0,0,0.0
551,3,4163,1,0,0,0,0.0
552,6,2282,1,1,0,0,188.36
553,4,3723,1,0,0,0,0.0
554,8,2483,1,1,1,0,0.0
555,8,2286,1,1,1,0,0.0
556,8,3003,1,1,0,0,0.0
557,6,3487,1,0,1,0,0.0
558,4,4798,1,0,0,0,0.0
559,1,5396,1,1,0,0,0.0
560,4,3382,1,0,0,0,0.0
561,4,5692,1,0,0,0,0.0
562,4,5880,1,0,0,0,547.27
563,7,1434,1,1,0,0,0.0
564,8,1542,1,0,1,0,0.0
565,5,1522,1,1,1,0,0.0
566,3,4230,1,0,1,0,0.0
567,5,5587,1,1,0,1,0.0
568,2,2360,1,1,1,0,0.0
569,2,1076,1,1,1,0,0.0
570,5,2006,1,1,1,1,0.0
571,4,1035,1,0,0,0,0.0
572,6,1301,1,1,0,0,162.6
573,8,5673,1,0,1,1,0.0
574,2,3611,1,0,0,0,0.0
575,8,5477,1,0,0,0,166.67
576,4,2828,1,1,0,1,0.0
577,1,1516,1,1,0,0,0.0
578,8,1189,1,0,0,1,0.0
579,7,5886,1,0,1,1,0.0
580,1,4558,1,1,0,1,313.76
581,5,4569,1,0,0,0,0.0
582,4,4900,1,0,0,0,0.0
583,1,3916,1,1,1,0,0.0
584,3,1950,1,1,1,0,0.0
585,2,1887,1,1,1,0,0.0
586,6,2070,1,0,0,0,0.0
587,3,3360,1,0,0,0,0.0
588,5,1420,1,0,0,0,0.0
589,7,5152,1,1,0,0,0.0
590,7,4097,1,1,0,0,0.0
591,8,5376,1,1,0,0,0.0
592,2,1108,1,1,0,0,0.0
593,5,2169,1,1,0,0,0.0
594,4,3716,1,1,1,0,0.0
595,7,5146,1,0,1,0,0.0
596,7,4037,1,1,0,0,0.0
597,7,2160,1,1,1,0,0.0
598,1,3313,1,1,1,1,236.33
599,1,3921,1,1,0,0,0.0
600,2,4460,1,1,1,0,0.0
601,7,4513,1,1,1,0,0.0
602,2,4443,1,0,0,1,0.0
603,7,2008,1,1,0,0,0.0
604,7,1630,1,1,0,1,0.0
605,2,5763,1,1,0,0,0.0
606,4,5746,1,1,1,0,0.0
607,5,5200,1,1,0,1,462.2
608,4,1211,1,1,0,0,0.0
609,4,5443,1,1,1,0,0.0
610,8,5092,1,0,1,1,0.0
611,8,4602,1,0,0,0,0.0
612,1,1761,1,1,0,0,0.0
613,1,4620,1,0,0,0,0.0
614,4,1242,1,1,0,0,0.0
615,2,5944,1,1,1,1,0.0
616,7,2777,1,1,1,0,0.0
617,8,4188,1,1,0,1,0.0
618,4,5776,1,1,1,0,280.61
619,2,4507,1,0,0,0,0.0
620,6,3143,1,1,0,0,0.0
621,5,2780,1,0,1,0,242.22
622,6,2189,1,1,0,0,0.0
623,2,2755,1,1,1,0,0.0
624,7,5130,1,0,0,0,0.0
625,5,4351,1,1,0,0,0.0
626,8,1313,1,0,0,0,0.0
627,6,3868,1,1,1,1,155.15
628,8,5290,1,0,0,1,0.0
629,7,5187,1,1,1,1,0.0
630,7,2926,1,1,1,0,0.0
631,5,2837,1,0,1,0,0.0
632,6,2295,1,1,1,0,0.0
633,4,3516,1,1,0,0,0.0
634,5,5540,1,0,0,0,0.0
635,2,3892,1,1,1,0,0.0
636,1,1957,1,1,1,0,0.0
637,6,2703,1,1,0,0,0.0
638,5,5724,1,0,1,1,0.0
639,3,4438,1,1,1,0,0.0
640,5,1614,1,1,0,1,0.0
641,4,5505,1,0,0,0,0.0
642,5,4584,1,1,1,0,0.0
643,7,2405,1,1,0,0,0.0
644,5,5236,1,1,0,0,0.0
645,3,3980,1,1,0,0,0.0
646,1,2009,1,0,1,0,0.0
647,6,1863,1,0,0,0,243.55
648,8,2621,1,1,0,0,0.0
649,6,4846,1,0,1,1,0.0
650,2,3239,1,1,0,0,0.0
651,2,2247,1,1,0,0,0.0
652,1,5415,1,0,1,0,0.0
653,6,1633,1,1,1,0,0.0
654,8,5851,1,0,1,0,187.5
655,7,4275,1,1,1,1,0.0
656,7,5085,1,0,0,0,150.3
657,5,4357,1,0,1,0,0.0
658,4,4189,1,1,0,0,90.42
659,2,1498,1,1,1,0,0.0
660,3,5426,1,0,0,1,0.0
661,1,3251,1,1,1,0,168.75
662,4,5802,1,1,0,0,0.0
663,4,5863,1,1,0,0,0.0
664,4,2697,1,1,0,0,0.0
665,3,5315,1,1,1,0,538.94
666,5,1333,1,1,1,0,0.0
667,6,5441,1,1,0,0,0.0
668,6,2169,1,1,1,0,0.0
669,4,2148,1,1,1,0,233.78
670,6,5674,1,1,1,0,124.83
671,2,1107,1,1,0,0,0.0
672,2,5766,1,0,1,0,0.0
673,4,4178,1,1,0,1,413.47
674,6,3109,1,1,0,0,0.0
675,7,2718,1,1,0,0,0.0
676,2,5366,1,1,1,0,0.0
677,7,4177,1,0,0,0,0.0
678,7,2144,1,1,1,0,0.0
679,6,2442,1,0,1,0,0.0
680,3,5623,1,0,0,0,0.0
681,1,3499,1,1,0,0,138.6
682,7,5325,1,1,0,0,0.0
683,3,3468,1,0,0,0,0.0
684,6,1482,1,1,0,0,0.0
685,3,4276,1,1,0,1,0.0
686,3,2456,1,0,0,0,0.0
687,4,3514,1,0,0,0,0.0
688,8,3220,1,1,0,0,0.0
689,1,5122,1,1,1,0,0.0
690,4,1734,1,0,0,0,0.0
691,8,3020,1,1,0,0,0.0
692,6,2299,1,1,0,0,0.0
693,1,4081,1,1,0,0,0.0
694,5,3015,1,0,0,0,221.39
695,3,1542,1,1,0,0,102.93
696,3,5477,1,0,0,0,0.0
697,6,5870,1,1,1,0,0.0
698,4,2662,1,0,0,0,0.0
699,4,2203,1,1,0,0,0.0
700,7,5542,1,0,1,0,0.0
701,1,1432,1,0,0,0,0.0
702,2,2078,1,1,0,0,0.0
703,2,3582,1,1,0,0,0.0
704,3,3747,1,0,0,0,0.0
705,7,3421,1,0,1,0,0.0
706,1,3379,1,1,0,0,0.0
707,4,1547,1,1,0,0,0.0
708,3,4699,1,1,0,0,0.0
709,4,5677,1,1,0,1,0.0
710,2,3554,1,1,1,0,0.0
711,3,2132,1,1,1,0,311.98
712,5,4094,1,1,1,0,0.0
713,4,2586,1,0,0,0,253.68
714,8,5371,1,1,1,0,0.0
715,6,1536,1,1,1,0,0.0
716,4,5085,1,1,1,0,0.0
717,6,2336,1,1,1,0,0.0
718,8,4179,1,1,1,0,0.0
719,3,4939,1,0,0,0,833.9
720,3,1342,1,1,1,1,0.0
721,7,5512,1,1,0,0,0.0
722,4,2372,1,1,0,0,141.36
723,6,2046,1,1,1,1,0.0
724,7,2010,1,0,0,0,0.0
725,2,2144,1,0,0,1,304.15
726,6,3890,1,0,0,0,0.0
727,3,1098,1,1,0,1,0.0
728,7,1004,1,1,0,0,0.0
729,7,1004,1,0,0,0,0.0
730,1,4545,1,1,0,0,0.0
731,2,1458,1,1,1,1,117.98
732,5,1302,1,0,0,0,0.0
733,5,3437,1,1,0,0,0.0
734,6,2903,1,1,0,0,0.0
735,1,5130,1,1,1,0,0.0
736,3,1907,1,0,0,0,0.0
737,7,1931,1,1,1,0,0.0
738,5,2060,1,0,1,0,0.0
739,7,1011,1,1,0,0,0.0
740,1,2002,1,0,1,0,0.0
741,3,5390,1,1,0,0,0.0
742,6,3330,1,1,0,0,0.0
743,1,5801,1,0,0,1,86.5
744,4,3327,1,1,0,0,0.0
745,1,5855,1,0,0,0,0.0
746,2,4832,1,1,0,0,0.0
747,6,2060,1,1,1,0,0.0
748,2,4122,1,0,0,1,0.0
749,4,2614,1,1,1,0,0.0
750,7,2971,1,1,1,0,0.0
751,6,2354,1,1,1,0,0.0
752,3,3268,1,1,1,0,336.71
753,6,3150,1,1,0,1,81.51
754,3,5128,1,1,0,0,0.0
755,7,3020,1,1,0,0,0.0
756,7,4841,1,0,0,0,0.0
757,5,2818,1,1,0,0,0.0
758,1,5246,1,0,0,0,299.8
759,8,4985,1,1,0,0,0.0
760,4,2457,1,1,1,0,0.0
761,4,4455,1,0,0,1,0.0
762,6,5085,1,1,1,0,0.0
763,3,4065,1,0,0,0,87.64
764,7,5811,1,0,0,0,0.0
765,8,3130,1,1,0,1,0.0
766,7,1477,1,1,0,0,0.0
767,5,4838,1,0,1,0,0.0
768,6,5670,1,1,0,0,0.0
769,1,1194,1,1,0,0,0.0
770,4,1361,1,0,0,0,0.0
771,1,1295,1,0,0,0,104.54
772,3,4340,1,1,1,0,180.07
773,4,1119,1,1,0,0,0.0
774,7,1874,1,0,1,1,0.0
775,3,1538,1,0,1,0,129.23
776,5,2113,1,1,0,0,0.0
777,4,1214,1,1,0,0,0.0
778,7,3397,1,0,0,0,0.0
779,1,1494,1,1,1,0,0.0
780,2,5329,1,0,0,0,0.0
781,4,3504,1,1,0,0,0.0
782,3,5674,1,1,0,0,82.94
783,5,2208,1,0,1,0,0.0
784,6,1195,1,1,0,0,0.0
785,1,4635,1,1,0,0,0.0
786,4,1812,1,1,0,0,0.0
787,2,2456,1,1,0,0,0.0
788,1,4048,1,1,0,0,0.0
789,5,2540,1,0,0,0,0.0
790,4,2843,1,1,0,0,0.0
791,1,4467,1,1,0,0,0.0
792,8,1811,1,1,0,1,385.39
793,7,5210,1,1,1,0,0.0
794,5,5507,1,1,0,0,0.0
795,8,3323,1,1,0,0,0.0
796,3,4738,1,1,1,0,0.0
797,1,4619,1,1,1,0,0.0
798,6,5235,1,1,0,0,504.78
799,1,2509,1,0,0,0,0.0
800,4,1476,1,1,1,0,0.0
801,8,5281,1,1,1,0,0.0
802,4,4928,1,1,0,0,0.0
803,6,1824,1,1,0,0,0.0
804,5,1836,1,1,0,1,0.0
805,2,1269,1,0,0,0,0.0
806,8,4225,1,1,1,1,0.0
807,6,1090,1,1,0,0,206.82
808,8,1795,1,1,0,1,0.0
809,1,4194,1,1,0,0,0.0
810,5,5248,1,1,1,0,0.0
811,8,2485,1,0,0,0,0.0
812,4,3645,1,0,0,0,0.0
813,2,3022,1,0,0,0,0.0
814,8,1669,1,0,1,0,0.0
815,3,1803,1,1,0,0,0.0
816,1,1767,1,0,0,0,0.0
817,2,1909,1,1,0,0,0.0
818,8,5818,1,1,0,0,0.0
819,4,5726,1,0,0,1,0.0
820,2,2079,1,1,1,0,0.0
821,8,1251,1,0,0,0,0.0
822,7,1575,1,1,0,0,0.0
823,5,1364,1,0,0,0,0.0
824,2,5018,1,1,0,0,0.0
825,4,1742,1,1,0,0,244.53
826,4,3719,1,0,1,1,0.0
827,7,1749,1,1,1,0,0.0
828,1,4988,1,0,0,1,203.98
829,4,5374,1,1,0,1,0.0
830,3,5783,1,1,0,0,0.0
831,5,1509,1,0,0,1,0.0
832,5,5453,1,1,0,0,0.0
833,1,2968,1,1,0,0,0.0
834,3,4770,1,0,0,0,0.0
835,2,2136,1,1,0,0,0.0
836,2,2150,1,1,0,0,0.0
837,5,4149,1,0,0,0,0.0
838,4,3783,1,1,1,0,426.99
839,1,1010,1,0,0,0,0.0
840,4,2118,1,1,1,0,55.34
841,5,3600,1,0,1,0,0.0
842,6,3820,1,1,0,0,0.0
843,8,4228,1,0,0,0,0.0
844,4,3237,1,0,0,0,89.97
845,5,1931,1,0,0,0,0.0
846,7,1919,1,1,0,0,510.15
847,6,2949,1,1,1,0,0.0
848,1,1804,1,1,1,0,0.0
849,1,2916,1,1,0,0,0.0
850,1,3508,1,1,0,0,0.0
851,2,3198,1,1,1,0,0.0
852,2,4131,1,0,1,0,0.0
853,1,5457,1,1,0,0,0.0
854,2,1681,1,1,0,0,0.0
855,5,2722,1,1,0,0,0.0
856,1,5907,1,0,1,0,0.0
857,8,5714,1,0,1,0,75.33
858,8,3098,1,0,1,0,0.0
859,5,2509,1,0,0,0,0.0
860,4,5718,1,0,0,0,0.0
861,8,2604,1,1,0,0,0.0
862,8,5926,1,0,0,0,0.0
863,7,2609,1,0,1,1,0.0
864,5,1448,1,0,0,0,37.83
865,2,3878,1,1,1,0,0.0
866,4,4148,1,0,0,0,0.0
867,3,2527,1,0,1,0,0.0
868,7,2466,1,0,1,0,93.45
869,2,4522,1,1,1,1,0.0
870,1,1620,1,1,1,1,0.0
871,6,5478,1,1,0,1,0.0
872,6,5391,1,1,1,1,399.93
873,3,2279,1,0,0,0,0.0
874,8,4900,1,1,0,0,0.0
875,1,5719,1,0,1,0,0.0
876,1,1573,1,1,0,1,0.0
877,4,1289,1,1,0,0,0.0
878,7,4600,1,0,0,1,0.0
879,8,5078,1,1,0,0,229.76
880,4,4304,1,0,0,1,488.77
881,8,4550,1,0,0,0,0.0
882,2,1545,1,1,0,0,0.0
883,3,4050,1,0,1,0,97.27
884,4,5877,1,1,0,0,0.0
885,1,3944,1,0,0,0,0.0
886,7,3665,1,0,0,0,0.0
887,6,2184,1,1,1,0,0.0
888,5,3967,1,0,0,0,0.0
889,3,1712,1,0,1,0,80.21
890,2,4038,1,1,0,0,0.0
891,1,2847,1,1,0,0,0.0
892,4,4857,1,1,0,0,281.85
893,8,3156,1,0,0,1,0.0
894,3,3395,1,1,0,0,0.0
895,7,1493,1,1,0,1,0.0
896,7,3195,1,1,0,0,0.0
897,8,1396,1,1,0,0,0.0
898,6,3666,1,1,0,0,0.0
899,4,1503,1,1,0,0,0.0
900,8,1296,1,1,1,0,207.86
901,6,4521,1,0,0,0,0.0
902,1,2728,1,1,0,0,0.0
903,2,5144,1,1,0,0,0.0
904,6,5974,1,1,0,0,299.06
905,2,3374,1,1,1,0,0.0
906,2,5115,1,0,1,0,140.89
907,2,3168,1,0,1,0,0.0
908,2,4243,1,1,0,1,56.46
909,1,3532,1,0,1,0,0.0
910,7,1428,1,1,0,0,0.0
911,7,4984,1,0,1,0,0.0
912,5,4516,1,1,0,0,0.0
913,2,1156,1,1,1,0,0.0
914,7,1677,1,1,0,0,0.0
915,4,4521,1,0,0,0,0.0
916,4,2598,1,1,0,0,0.0
917,7,4025,1,1,0,1,0.0
918,8,4592,1,0,0,0,0.0
919,5,2817,1,1,0,0,472.6
920,5,1925,1,0,0,0,0.0
921,8,4188,1,0,0,0,0.0
922,8,1202,1,1,0,1,0.0
923,3,2595,1,1,1,0,186.79
924,2,3667,1,1,0,0,0.0
925,4,2189,1,1,1,0,0.0
926,1,3075,1,1,0,0,0.0
927,2,4543,1,1,1,0,0.0
928,6,1153,1,1,0,0,178.72
929,6,2230,1,0,0,0,104.51
930,3,2240,1,1,0,0,0.0
931,6,5999,1,1,1,1,0.0
932,3,1361,1,0,0,0,246.1
933,5,4681,1,1,0,1,231.87
934,4,3570,1,1,0,0,62.28
935,2,3117,1,1,0,0,0.0
936,8,5563,1,1,0,0,0.0
937,7,1771,1,1,0,0,0.0
938,1,4479,1,0,0,0,0.0
939,4,2378,1,1,0,0,0.0
940,3,1076,1,1,1,0,0.0
941,6,2246,1,0,0,0,0.0
942,6,1370,1,1,0,0,0.0
943,3,3410,1,1,0,0,0.0
944,2,3738,1,1,1,0,0.0
945,6,3106,1,1,0,0,0.0
946,4,3115,1,0,1,1,0.0
947,7,3915,1,0,0,0,161.01
948,4,3426,1,0,0,0,0.0
949,7,5363,1,1,0,0,0.0
950,8,1516,1,1,0,0,0.0
951,6,5378,1,1,0,1,0.0
952,2,1457,1,1,1,0,0.0
953,5,5537,1,0,0,0,0.0
954,6,5873,1,0,0,0,0.0
955,4,2383,1,1,0,0,0.0
956,6,1777,1,1,0,0,0.0
957,6,4313,1,1,0,0,283.29
958,8,4637,1,0,0,0,0.0
959,4,1200,1,0,1,0,845.05
960,3,4994,1,1,0,0,0.0
961,1,3492,1,1,0,1,60.28
962,4,5522,1,1,0,0,0.0
963,2,5783,1,1,0,0,0.0
964,8,3667,1,1,1,0,0.0
965,8,4928,1,0,0,0,0.0
966,7,3491,1,1,0,0,0.0
967,4,1403,1,1,0,0,296.18
968,5,5108,1,0,0,0,0.0
969,6,2443,1,1,1,0,0.0
970,8,5737,1,0,0,0,0.0
971,2,1581,1,1,0,1,0.0
972,5,4727,1,1,1,1,66.81
973,5,5677,1,1,0,0,0.0
974,7,4388,1,1,1,0,0.0
975,1,2837,1,1,1,0,0.0
976,8,2584,1,1,0,0,0.0
977,8,3097,1,0,0,0,0.0
978,7,3591,1,1,1,0,0.0
979,8,4413,1,1,0,1,0.0
980,4,3103,1,1,0,0,122.16
981,4,1419,1,1,0,0,380.83
982,2,4298,1,1,0,0,0.0
983,1,3806,1,0,0,0,0.0
984,2,1500,1,1,0,0,0.0
985,6,5055,1,0,0,0,0.0
986,6,4598,1,0,0,0,0.0
987,7,3731,1,1,0,0,115.61
988,6,1202,1,1,0,0,0.0
989,8,1617,1,1,1,0,0.0
990,1,3549,1,0,0,0,0.0
991,1,5306,1,1,0,0,0.0
992,2,1008,1,1,0,0,0.0
993,1,4527,1,1,0,0,0.0
994,2,1959,1,1,0,0,0.0
995,4,2752,1,0,0,0,0.0
996,8,5421,1,1,0,0,0.0
997,7,2983,1,0,0,0,0.0
998,2,2759,1,0,0,0,0.0
999,2,3939,1,1,0,1,0.0
1000,3,2973,1,1,0,0,0.0
1001,8,1129,1,0,1,0,0.0
1002,5,3032,1,0,0,0,0.0
1003,1,5217,1,1,0,0,0.0
1004,1,3767,1,0,0,1,0.0
1005,6,4598,1,1,0,0,0.0
1006,6,1160,1,1,0,0,0.0
1007,8,4336,1,1,0,1,0.0
1008,7,1280,1,1,0,0,0.0
1009,1,2247,1,1,0,0,0.0
1010,1,4121,1,1,0,0,0.0
1011,2,2705,1,1,0,0,0.0
1012,5,5775,1,1,0,0,20.51
1013,3,5537,1,1,0,0,0.0
1014,5,3104,1,1,0,0,0.0
1015,3,2908,1,0,1,0,366.02
1016,8,2751,1,1,0,0,194.07
1017,6,4123,1,1,0,0,0.0
1018,4,1082,1,1,0,1,234.32
1019,2,4836,1,0,1,0,0.0
1020,2,4027,1,1,1,0,0.0
1021,8,2806,1,1,1,1,0.0
1022,2,4587,1,1,0,0,0.0
1023,3,2748,1,1,0,0,0.0
1024,7,4444,1,1,0,0,12.66
1025,6,1393,1,1,0,0,0.0
1026,3,1503,1,1,0,1,0.0
1027,7,5191,1,0,1,1,294.48
1028,8,2046,1,0,0,1,560.4
1029,3,1712,1,0,0,0,0.0
1030,1,3696,1,1,0,1,0.0
1031,7,4344,1,1,0,0,0.0
1032,5,2476,1,1,0,0,0.0
1033,2,2403,1,1,0,0,376.03
1034,5,5377,1,0,0,0,305.39
1035,1,1709,1,0,0,0,0.0
1036,4,5496,1,0,1,0,0.0
1037,8,4496,1,1,0,0,0.0
1038,3,3209,1,0,0,0,0.0
1039,4,2822,1,1,0,0,0.0
1040,6,2467,1,1,1,0,0.0
1041,4,2609,1,0,0,0,0.0
1042,6,3943,1,0,0,0,0.0
1043,4,1297,1,1,0,0,0.0
1044,2,5629,1,1,0,1,387.16
1045,7,1969,1,0,0,0,0.0
1046,7,2684,1,1,0,0,275.53
1047,4,2089,1,0,0,0,0.0
1048,4,4739,1,0,0,1,0.0
1049,3,4658,1,1,0,0,0.0
1050,2,4742,1,1,1,0,0.0
1051,2,4719,1,0,1,1,204.58
1052,7,5109,1,0,1,0,157.71
1053,8,1759,1,1,1,0,0.0
1054,5,4390,1,0,0,0,0.0
1055,1,3729,1,1,1,0,0.0
1056,5,2485,1,1,0,0,0.0
1057,6,1969,1,0,0,0,0.0
1058,7,3844,1,1,1,0,163.07
1059,3,2085,1,1,0,1,0.0
1060,4,5589,1,0,0,0,0.0
1061,1,1797,1,1,1,0,82.78
1062,5,2701,1,1,1,0,0.0
1063,1,5934,1,1,1,0,0.0
1064,7,4399,1,0,0,1,0.0
1065,2,3579,1,0,1,0,0.0
1066,8,1620,1,0,0,0,0.0
1067,6,2429,1,1,0,1,273.91
1068,4,5000,1,1,1,0,156.31
1069,2,3361,1,0,0,0,0.0
1070,1,1443,1,1,0,0,48.36
1071,3,1655,1,1,0,0,0.0
1072,2,4497,1,1,0,0,195.18
1073,7,2134,1,1,0,0,0.0
1074,5,4352,1,0,1,0,0.0
1075,2,2137,1,1,0,0,0.0
1076,5,3212,1,1,0,0,58.23
1077,4,1877,1,1,0,0,0.0
1078,5,4273,1,1,0,0,0.0
1079,4,1197,1,1,0,0,0.0
1080,3,4740,1,0,0,1,70.67
1081,3,5510,1,1,0,0,0.0
1082,4,4215,1,0,0,0,0.0
1083,5,3898,1,0,0,0,156.82
1084,6,2530,1,1,0,0,0.0
1085,6,2551,1,1,0,0,0.0
1086,4,4187,1,0,0,0,0.0
1087,1,5141,1,1,1,0,0.0
1088,2,1917,1,1,0,0,0.0
1089,2,1691,1,0,0,0,0.0
1090,3,3095,1,0,0,1,682.71
1091,8,4250,1,1,1,0,0.0
1092,2,2885,1,1,1,0,0.0
1093,5,4734,1,1,1,1,0.0
1094,1,1266,1,0,1,0,0.0
1095,7,5531,1,1,0,0,0.0
1096,2,1486,1,0,0,0,0.0
1097,8,5784,1,1,1,0,0.0
1098,6,4647,1,0,0,0,773.05
1099,1,4845,1,0,1,0,0.0
1100,4,5999,1,0,0,1,0.0
1101,8,3515,1,1,0,0,0.0
1102,5,2373,1,1,0,0,0.0
1103,5,5104,1,1,1,1,0.0
1104,5,5703,1,1,0,0,0.0
1105,4,5621,1,1,1,1,351.65
1106,3,1465,1,1,0,0,72.25
1107,7,2410,1,1,0,0,379.1
1108,1,5525,1,0,0,0,0.0
1109,4,5726,1,0,0,0,0.0
1110,5,5462,1,0,0,0,0.0
1111,7,2053,1,1,0,0,0.0
1112,1,1753,1,0,1,0,0.0
1113,4,1674,1,0,1,0,0.0
1114,7,2636,1,1,1,1,0.0
1115,3,2145,1,0,0,0,0.0
1116,7,3301,1,1,0,0,46.08
1117,6,5918,1,1,0,0,154.46
1118,7,2662,1,0,1,0,0.0
1119,3,3560,1,1,1,0,213.49
1120,5,1227,1,1,0,0,0.0
1121,8,4019,1,0,0,0,0.0
1122,3,2487,1,1,0,0,0.0
1123,5,5157,1,1,0,0,179.08
1124,1,4943,1,0,0,0,0.0
1125,7,1656,1,1,0,0,0.0
1126,2,4765,1,0,1,0,0.0
1127,7,4940,1,1,0,0,0.0
1128,3,1362,1,1,0,0,0.0
1129,6,5541,1,1,0,0,0.0
1130,1,5355,1,1,0,0,0.0
1131,4,2681,1,1,0,0,0.0
1132,8,3653,1,1,0,0,0.0
1133,5,3883,1,0,0,0,0.0
1134,5,3670,1,1,0,0,136.83
1135,1,3261,1,0,1,0,132.78
1136,3,1057,1,1,0,0,0.0
1137,6,4898,1,1,0,1,0.0
1138,8,5854,1,1,1,0,0.0
1139,6,2068,1,1,0,0,0.0
1140,4,2137,1,0,1,0,0.0
1141,3,4507,1,1,0,0,245.5
1142,3,3065,1,1,1,0,0.0
1143,2,5131,1,1,0,0,304.49
1144,3,4504,1,1,0,1,0.0
1145,8,1445,1,1,1,0,0.0
1146,2,5781,1,1,0,1,0.0
1147,5,5655,1,1,0,0,214.05
1148,7,3657,1,1,0,0,0.0
1149,4,2128,1,1,0,0,0.0
1150,4,2098,1,1,1,0,0.0
1151,4,5769,1,1,1,0,0.0
1152,5,5959,1,1,0,0,0.0
1153,1,5183,1,1,1,0,0.0
1154,8,3552,1,0,0,0,72.25
1155,8,2278,1,0,0,1,0.0
1156,3,3837,1,1,1,0,0.0
1157,4,3321,1,1,0,0,0.0
1158,7,1674,1,0,1,0,145.59
1159,7,5366,1,0,1,1,0.0
1160,8,3678,1,0,1,0,0.0
1161,2,1646,1,1,1,0,44.05
1162,1,4636,1,1,0,1,0.0
1163,3,5317,1,1,0,0,0.0
1164,4,3214,1,1,0,1,0.0
1165,5,2535,1,1,0,1,0.0
1166,6,5975,1,1,0,0,0.0
1167,3,1705,1,0,0,1,250.71
1168,4,4929,1,0,0,0,0.0
1169,6,5512,1,1,1,0,0.0
1170,8,4181,1,1,1,0,0.0
1171,7,2833,1,0,0,0,0.0
1172,6,5662,1,0,0,0,0.0
1173,6,1499,1,1,1,0,0.0
1174,2,4459,1,0,0,0,0.0
1175,4,1670,1,1,0,1,209.17
1176,7,3186,1,1,0,0,0.0
1177,8,1805,1,1,0,0,0.0
1178,5,1367,1,1,0,1,0.0
1179,5,2983,1,1,0,0,0.0
1180,1,4248,1,1,1,0,0.0
1181,5,5176,1,1,0,0,543.4
1182,1,2628,1,0,0,1,0.0
1183,8,5582,1,0,0,0,0.0
1184,2,2294,1,1,0,0,0.0
1185,1,3160,1,0,1,0,211.54
1186,2,5483,1,1,0,0,0.0
1187,3,4835,1,1,0,0,0.0
1188,6,3025,1,1,1,0,78.02
1189,5,5053,1,1,0,0,0.0
1190,3,5162,1,0,0,0,0.0
1191,2,3786,1,0,0,0,0.0
1192,5,3343,1,1,1,0,0.0
1193,2,1187,1,1,0,0,0.0
1194,5,5066,1,1,1,0,0.0
1195,7,5827,1,1,1,0,0.0
1196,4,1862,1,0,0,0,0.0
1197,3,3478,1,0,0,0,56.71
1198,7,4466,1,1,0,0,0.0
1199,6,1659,1,0,1,1,0.0
1200,1,1534,1,1,1,0,0.0
1201,1,1986,1,1,0,0,0.0
1202,3,4057,1,1,1,0,0.0
1203,6,3797,1,1,0,0,0.0
1204,8,2102,1,0,0,1,113.56
1205,6,4601,1,1,1,0,0.0
1206,7,4537,1,0,0,0,0.0
1207,2,4369,1,1,1,0,0.0
1208,7,3588,1,1,0,0,90.93
1209,7,3659,1,1,0,1,206.83
1210,7,1246,1,0,0,0,49.54
1211,4,2720,1,1,0,0,0.0
1212,3,5491,1,1,0,0,0.0
1213,7,1473,1,0,1,0,0.0
1214,2,4724,1,0,0,0,0.0
1215,5,1902,1,0,0,0,0.0
1216,7,5528,1,1,0,0,0.0
1217,4,5097,1,1,1,0,505.6
1218,8,2513,1,1,0,0,0.0
1219,7,2278,1,0,0,0,0.0
1220,2,3266,1,0,0,0,473.98
1221,8,2530,1,1,0,0,0.0
1222,2,1424,1,1,0,0,771.39
1223,5,4963,1,1,0,0,0.0
1224,8,5858,1,0,0,0,0.0
1225,8,1544,1,1,0,0,0.0
1226,8,3263,1,0,1,0,0.0
1227,6,5958,1,1,0,0,156.62
1228,6,3591,1,1,1,0,219.66
1229,6,1450,1,1,0,0,0.0
1230,4,2973,1,1,0,0,130.66
1231,7,4292,1,1,0,0,0.0
1232,6,4674,1,0,1,0,487.96
1233,1,1748,1,0,0,0,0.0
1234,4,1630,1,0,0,0,0.0
1235,4,4337,1,1,0,1,0.0
1236,3,1195,1,0,1,0,0.0
1237,2,2410,1,1,0,0,283.67
1238,7,3594,1,0,0,0,0.0
1239,4,1792,1,1,0,0,82.06
1240,1,5583,1,1,0,0,84.24
1241,4,5576,1,1,0,0,0.0
1242,5,1592,1,1,0,0,0.0
1243,6,5836,1,1,0,1,0.0
1244,3,3119,1,1,0,0,0.0
1245,7,5118,1,0,1,0,0.0
1246,7,4058,1,1,0,0,0.0
1247,5,2282,1,0,0,0,0.0
1248,6,3417,1,1,1,0,209.54
1249,3,4731,1,1,0,1,0.0
1250,7,5897,1,1,0,0,161.83
1251,7,2679,1,1,0,0,0.0
1252,8,1955,1,1,1,0,0.0
1253,3,5776,1,1,1,0,0.0
1254,7,4133,1,0,0,0,766.94
1255,7,5200,1,1,1,0,245.02
1256,7,1106,1,0,0,0,0.0
1257,3,3834,1,1,0,0,0.0
1258,6,2312,1,1,0,0,0.0
1259,5,4462,1,0,0,0,0.0
1260,5,2860,1,1,0,0,0.0
1261,6,1092,1,1,0,0,157.79
1262,8,2838,1,1,1,0,0.0
1263,7,5825,1,1,1,0,0.0
1264,6,5740,1,1,0,0,457.69
1265,1,4331,1,0,1,1,0.0
1266,2,1297,1,1,1,0,0.0
1267,5,1917,1,1,0,0,0.0
1268,6,3768,1,1,1,0,0.0
1269,4,1932,1,1,0,1,0.0
1270,2,2506,1,0,0,0,0.0
1271,4,5572,1,1,0,0,247.93
1272,1,2059,1,0,0,0,0.0
1273,4,3765,1,1,0,0,84.18
1274,6,4289,1,1,0,0,262.6
1275,2,2785,1,0,0,0,0.0
1276,1,5534,1,1,1,0,0.0
1277,8,5717,1,1,0,0,556.08
1278,8,3798,1,1,0,0,0.0
1279,7,5847,1,1,0,0,574.12
1280,7,2992,1,0,0,0,0.0
1281,8,4887,1,0,0,1,123.17
1282,3,4281,1,0,0,0,0.0
1283,6,4364,1,0,1,0,0.0
1284,6,1431,1,1,0,0,0.0
1285,8,5482,1,1,0,0,0.0
1286,7,1534,1,0,1,0,0.0
1287,5,2903,1,1,0,0,0.0
1288,8,1186,1,1,0,0,0.0
1289,1,3529,1,1,0,0,0.0
1290,4,1841,1,1,1,0,227.85
1291,1,4675,1,0,0,0,0.0
1292,4,1051,1,0,0,1,108.41
1293,8,5087,1,1,0,0,0.0
1294,2,2083,1,0,0,1,143.78
1295,3,3995,1,0,1,0,0.0
1296,7,4704,1,1,0,0,0.0
1297,7,1553,1,1,1,0,0.0
1298,7,5849,1,1,0,0,0.0
1299,3,4350,1,0,0,1,0.0
1300,8,2982,1,0,0,1,0.0
1301,2,2618,1,1,1,0,0.0
1302,5,1325,1,0,1,0,0.0
1303,8,3653,1,1,1,0,0.0
1304,6,4785,1,0,0,1,0.0
1305,7,2400,1,1,0,0,49.95
1306,8,2603,1,0,0,0,0.0
1307,5,3645,1,0,0,0,0.0
1308,2,3606,1,1,1,0,0.0
1309,4,4710,1,1,0,0,0.0
1310,8,1557,1,0,0,0,0.0
1311,1,2923,1,0,0,0,0.0
1312,7,5135,1,1,1,0,145.81
1313,1,3510,1,0,0,0,175.19
1314,4,4721,1,1,0,0,0.0
1315,5,2115,1,1,0,0,0.0
1316,5,1675,1,1,0,0,0.0
1317,2,3619,1,1,0,0,0.0
1318,7,1540,1,1,0,0,98.87
1319,2,2202,1,0,1,0,0.0
1320,4,5239,1,1,0,1,0.0
1321,6,3151,1,1,1,0,44.55
1322,4,3673,1,1,1,0,0.0
1323,8,5520,1,0,0,0,0.0
1324,5,1035,1,0,1,0,0.0
1325,8,3499,1,0,0,0,0.0
1326,1,4530,1,1,0,0,98.49
1327,2,4856,1,0,0,0,0.0
1328,5,2904,1,0,0,0,0.0
1329,4,1204,1,0,0,0,0.0
1330,7,1190,1,0,1,0,0.0
1331,1,5205,1,1,0,0,361.71
1332,4,5685,1,1,0,0,0.0
1333,5,1962,1,1,0,1,0.0
1334,5,3861,1,0,1,0,0.0
1335,4,1890,1,1,0,0,0.0
1336,7,5593,1,1,1,1,0.0
1337,6,4855,1,1,1,1,0.0
1338,2,5699,1,1,0,0,0.0
1339,6,3218,1,1,0,0,215.77
1340,4,2311,1,0,0,0,0.0
1341,1,1628,1,0,1,0,0.0
1342,6,1381,1,0,1,0,0.0
1343,3,4120,1,0,1,0,0.0
1344,7,3736,1,1,0,0,0.0
1345,1,4746,1,1,0,0,0.0
1346,3,1270,1,0,1,0,0.0
1347,8,2751,1,1,0,0,98.15
1348,2,4823,1,1,1,0,0.0
1349,5,3371,1,1,0,0,0.0
1350,1,5887,1,0,1,0,0.0
1351,2,2798,1,0,0,1,0.0
1352,7,5312,1,0,0,0,0.0
1353,4,4033,1,1,0,1,0.0
1354,1,3057,1,0,0,0,0.0
1355,1,5788,1,0,0,0,0.0
1356,7,1469,1,0,1,1,0.0
1357,5,4392,1,1,1,0,0.0
1358,5,4179,1,0,1,0,0.0
1359,2,2587,1,0,1,0,0.0
1360,4,2573,1,1,1,0,0.0
1361,2,5993,1,1,1,0,230.06
1362,1,2971,1,1,1,0,0.0
1363,8,4157,1,1,1,0,194.41
1364,2,2771,1,0,1,0,178.83
1365,5,2182,1,1,1,0,0.0
1366,6,4180,1,1,1,0,0.0
1367,1,4282,1,0,0,0,0.0
1368,2,5138,1,1,1,1,102.46
1369,1,4336,1,1,0,0,44.15
1370,7,3164,1,1,0,0,453.66
1371,2,5364,1,1,0,0,0.0
1372,1,1697,1,1,1,0,0.0
1373,5,4986,1,1,1,0,96.8
1374,3,1039,1,1,0,0,0.0
1375,6,3534,1,1,0,0,0.0
1376,3,5493,1,1,0,0,84.8
1377,8,5262,1,1,1,0,0.0
1378,1,4163,1,0,0,0,0.0
1379,6,4278,1,1,1,1,0.0
1380,8,1650,1,1,0,0,0.0
1381,1,1325,1,0,0,1,579.35
1382,8,4978,1,1,0,0,0.0
1383,7,1355,1,0,1,0,0.0
1384,6,5194,1,0,1,0,357.75
1385,7,3639,1,1,0,0,0.0
1386,5,2331,1,1,1,0,241.61
1387,2,5383,1,1,1,0,0.0
1388,5,4505,1,0,0,0,0.0
1389,6,4426,1,1,0,0,0.0
1390,6,3917,1,1,0,0,0.0
1391,6,2478,1,1,0,0,0.0
1392,8,5396,1,1,0,0,0.0
1393,7,4287,1,0,1,1,0.0
1394,7,2775,1,1,1,0,0.0
1395,1,3652,1,0,0,0,255.09
1396,5,4633,1,1,0,0,0.0
1397,2,1698,1,1,1,1,0.0
1398,2,2174,1,1,0,1,0.0
1399,7,3191,1,1,1,1,0.0
1400,6,4269,1,1,0,0,0.0
1401,8,4121,1,1,1,0,0.0
1402,8,4174,1,1,1,0,263.94
1403,3,3495,1,1,0,0,0.0
1404,2,4994,1,0,0,0,0.0
1405,1,4552,1,0,0,0,138.33
1406,4,5215,1,1,0,0,0.0
1407,3,4964,1,1,0,0,0.0
1408,6,3494,1,0,1,0,357.4
1409,6,1397,1,1,1,0,0.0
1410,1,4778,1,1,1,0,0.0
1411,8,5092,1,1,0,0,194.38
1412,1,1431,1,1,0,1,0.0
1413,1,5131,1,1,0,0,0.0
1414,7,4362,1,1,0,0,0.0
1415,1,2615,1,0,0,0,0.0
1416,6,2463,1,0,1,1,0.0
1417,3,2105,1,0,0,0,0.0
1418,2,5354,1,1,0,0,648.59
1419,5,2258,1,1,1,0,0.0
1420,5,3966,1,0,1,0,0.0
1421,3,2077,1,1,0,0,0.0
1422,4,3613,1,0,0,1,0.0
1423,8,2547,1,1,0,1,0.0
1424,4,4076,1,0,1,0,0.0
1425,7,4868,1,0,1,0,0.0
1426,1,3558,1,0,0,0,0.0
1427,5,2538,1,1,1,0,0.0
1428,5,3340,1,1,0,1,0.0
1429,1,4222,1,0,1,0,0.0
1430,3,5196,1,1,1,0,0.0
1431,1,1280,1,0,1,0,0.0
1432,6,2964,1,1,0,0,0.0
1433,3,4831,1,1,0,0,0.0
1434,3,3556,1,1,1,0,0.0
1435,5,3623,1,0,0,0,122.88
1436,2,3319,1,1,1,0,0.0
1437,8,3149,1,1,0,1,0.0
1438,3,1963,1,0,0,1,261.46
1439,3,4194,1,1,1,0,0.0
1440,6,4467,1,1,0,0,0.0
1441,3,4639,1,1,0,0,0.0
1442,1,4637,1,0,0,0,0.0
1443,5,5890,1,0,0,0,0.0
1444,8,3451,1,1,0,0,0.0
1445,5,3312,1,1,0,0,0.0
1446,8,1888,1,1,0,0,0.0
1447,8,2089,1,1,0,0,0.0
1448,1,1053,1,1,0,0,638.8
1449,3,5557,1,1,0,0,0.0
1450,1,1460,1,0,1,0,0.0
1451,4,1865,1,0,0,0,0.0
1452,4,1416,1,0,0,0,0.0
1453,2,5557,1,1,0,0,0.0
1454,8,2183,1,1,0,0,0.0
1455,4,1484,1,1,0,0,0.0
1456,5,4467,1,0,0,0,0.0
1457,6,1677,1,1,0,0,0.0
1458,1,1171,1,1,0,0,0.0
1459,8,1470,1,1,0,0,208.89
1460,3,1097,1,1,0,0,0.0
1461,5,3259,1,0,0,0,111.26
1462,5,1703,1,1,0,0,0.0
1463,1,3006,1,1,0,0,91.44
1464,5,3557,1,0,0,1,0.0
1465,1,5240,1,0,0,0,35.63
1466,7,4794,1,1,1,0,0.0
1467,5,4740,1,1,0,0,167.55
1468,7,5809,1,0,1,0,0.0
1469,6,2999,1,1,0,0,0.0
1470,5,3517,1,1,1,0,0.0
1471,6,2881,1,1,0,0,0.0
1472,4,3288,1,1,0,0,0.0
1473,4,3235,1,0,1,0,0.0
1474,2,2677,1,1,0,1,0.0
1475,7,5945,1,0,1,0,0.0
1476,3,2797,1,1,0,0,0.0
1477,5,2460,1,0,0,0,0.0
1478,8,2323,1,1,0,0,271.16
1479,2,4761,1,1,1,1,0.0
1480,2,4769,1,0,0,0,0.0
1481,3,2002,1,1,0,0,58.83
1482,1,1405,1,0,0,0,329.66
1483,3,1325,1,0,0,1,0.0
1484,7,1024,1,0,1,1,0.0
1485,5,2396,1,1,0,0,0.0
1486,6,4173,1,0,0,0,0.0
1487,8,1041,1,0,0,1,73.32
1488,3,1417,1,0,0,1,0.0
1489,3,5699,1,1,0,0,0.0
1490,2,1086,1,1,0,0,0.0
1491,2,4161,1,1,0,0,0.0
1492,1,3329,1,1,1,0,0.0
1493,3,1250,1,1,0,0,0.0
1494,5,2012,1,0,0,0,0.0
1495,2,4053,1,1,1,0,0.0
1496,5,4065,1,0,0,0,0.0
1497,6,3542,1,1,0,0,0.0
1498,7,4853,1,0,1,0,0.0
1499,8,4293,1,1,1,1,0.0
1500,6,4977,1,0,0,0,516.23
1501,5,4587,1,0,0,0,173.39
1502,1,2846,1,0,1,0,0.0
1503,5,5738,1,1,0,1,118.44
1504,2,4925,1,1,1,0,0.0
1505,2,4264,1,0,0,0,0.0
1506,4,4109,1,1,0,0,0.0
1507,3,2375,1,1,0,0,0.0
1508,1,3533,1,1,1,0,0.0
1509,4,4636,1,1,1,0,0.0
1510,7,2436,1,0,0,0,0.0
1511,5,5495,1,1,0,1,0.0
1512,1,3538,1,1,0,0,0.0
1513,5,3127,1,1,0,0,0.0
1514,1,2739,1,0,1,0,444.62
1515,6,5375,1,1,0,0,81.61
1516,3,3498,1,0,0,1,0.0
1517,5,3517,1,0,0,0,0.0
1518,4,2643,1,1,0,0,0.0
1519,3,3043,1,0,0,0,0.0
1520,8,5934,1,1,1,0,116.89
1521,5,5802,1,0,0,0,0.0
1522,8,5159,1,1,0,0,0.0
1523,4,3636,1,0,0,0,0.0
1524,6,4891,1,0,0,0,0.0
1525,1,2362,1,1,1,1,0.0
1526,1,1597,1,1,0,0,0.0
1527,2,1226,1,1,0,0,0.0
1528,3,3184,1,0,1,0,0.0
1529,2,3288,1,1,1,0,0.0
1530,5,4036,1,1,1,0,0.0
1531,2,5444,1,1,0,0,0.0
1532,5,3683,1,0,0,0,0.0
1533,7,2154,1,1,0,1,0.0
1534,8,1280,1,1,1,1,0.0
1535,5,1819,1,1,0,0,119.54
1536,3,1748,1,1,0,0,0.0
1537,7,3420,1,1,0,0,0.0
1538,4,5592,1,1,0,0,462.81
1539,3,1388,1,1,1,1,494.26
1540,4,3631,1,1,1,0,0.0
1541,3,3895,1,1,1,0,0.0
1542,8,5640,1,1,0,0,0.0
1543,3,2050,1,1,1,1,0.0
1544,8,5994,1,1,0,0,0.0
1545,6,3497,1,1,0,0,82.67
1546,1,2959,1,1,1,0,0.0
1547,1,4664,1,0,0,0,0.0
1548,8,5442,1,0,0,0,0.0
1549,2,4313,1,1,0,0,0.0
1550,2,1244,1,1,0,1,0.0
1551,2,2196,1,1,0,0,47.0
1552,5,5731,1,0,0,0,0.0
1553,5,1823,1,1,1,1,239.21
1554,2,3029,1,1,1,0,0.0
1555,6,5289,1,1,0,1,0.0
1556,6,4396,1,1,0,0,0.0
1557,8,2576,1,0,1,1,120.62
1558,7,2169,1,1,0,0,0.0
1559,7,4784,1,1,1,0,64.58
1560,4,3129,1,1,0,1,0.0
1561,4,4316,1,1,0,0,0.0
1562,5,1090,1,1,0,1,0.0
1563,4,1528,1,0,1,1,0.0
1564,2,4979,1,1,0,0,0.0
1565,1,4093,1,1,1,0,0.0
1566,6,4681,1,1,1,0,0.0
1567,8,1521,1,1,0,0,0.0
1568,7,4181,1,1,0,0,0.0
1569,5,5119,1,1,0,1,0.0
1570,2,4669,1,0,0,0,0.0
1571,3,2165,1,0,0,0,0.0
1572,8,2196,1,0,0,0,0.0
1573,5,1042,1,1,0,0,0.0
1574,1,3615,1,1,0,0,0.0
1575,7,5280,1,1,0,0,265.42
1576,6,2370,1,1,1,0,0.0
1577,2,3128,1,0,0,0,0.0
1578,6,3360,1,1,0,1,0.0
1579,8,2156,1,0,1,0,0.0
1580,3,3661,1,1,0,0,0.0
1581,7,3524,1,1,0,0,0.0
1582,1,4164,1,1,0,0,0.0
1583,5,1454,1,1,1,0,0.0
1584,3,5023,1,1,0,0,0.0
1585,8,2911,1,1,0,0,0.0
1586,6,2042,1,1,0,0,0.0
1587,2,1687,1,0,1,0,0.0
1588,1,5221,1,0,0,1,0.0
1589,7,5940,1,1,1,0,0.0
1590,3,2963,1,1,0,0,0.0
1591,2,2736,1,0,0,0,0.0
1592,2,4785,1,1,0,0,0.0
1593,1,5822,1,1,0,0,0.0
1594,2,5061,1,1,1,0,0.0
1595,2,2277,1,1,1,0,0.0
1596,8,4011,1,0,0,0,0.0
1597,4,4679,1,1,0,0,567.39
1598,2,4285,1,0,0,0,0.0
1599,3,3051,1,1,0,0,0.0
1600,4,5621,1,0,0,0,1271.85
1601,8,3544,1,1,0,0,0.0
1602,7,4895,1,0,0,0,0.0
1603,6,3531,1,0,1,1,0.0
1604,6,5983,1,0,1,0,0.0
1605,1,1832,1,1,0,0,233.88
1606,3,3817,1,1,0,0,0.0
1607,2,3998,1,1,1,0,287.51
1608,3,2356,1,1,0,0,0.0
1609,1,3018,1,1,1,0,0.0
1610,6,5336,1,0,0,0,236.41
1611,1,2311,1,1,0,0,0.0
1612,4,5712,1,1,0,1,0.0
1613,3,5703,1,1,0,1,0.0
1614,4,3723,1,1,0,0,0.0
1615,8,4455,1,1,1,0,0.0
1616,8,3513,1,0,0,0,0.0
1617,1,4099,1,1,1,0,0.0
1618,4,4352,1,1,1,1,0.0
1619,3,4603,1,1,0,0,0.0
1620,2,5099,1,0,0,0,0.0
1621,4,3373,1,0,0,0,0.0
1622,3,2503,1,1,1,0,0.0
1623,3,2608,1,0,1,0,0.0
1624,7,1636,1,1,1,0,0.0
1625,1,1175,1,1,0,0,154.38
1626,3,3522,1,0,0,0,0.0
1627,1,2372,1,1,1,0,0.0
1628,3,4881,1,1,0,0,0.0
1629,1,3164,1,0,0,0,0.0
1630,7,1192,1,0,0,0,0.0
1631,1,1885,1,0,0,0,0.0
1632,8,1495,1,1,0,0,0.0
1633,5,5721,1,0,0,0,0.0
1634,6,5242,1,1,0,0,0.0
1635,1,3618,1,1,0,0,67.64
1636,7,1974,1,1,0,0,0.0
1637,5,5155,1,0,1,0,0.0
1638,7,1190,1,1,1,0,0.0
1639,1,4679,1,1,0,0,0.0
1640,8,2290,1,0,0,0,255.38
1641,5,1343,1,1,0,0,0.0
1642,8,5935,1,1,1,0,0.0
1643,5,4948,1,1,0,0,0.0
1644,1,4904,1,0,0,0,142.86
1645,5,2363,1,0,1,0,0.0
1646,1,2816,1,0,0,1,0.0
1647,6,2185,1,1,1,0,162.77
1648,5,3395,1,1,0,0,0.0
1649,8,3309,1,0,0,0,0.0
1650,6,4799,1,1,0,1,0.0
1651,8,1774,1,1,0,0,0.0
1652,7,4458,1,0,1,1,0.0
1653,7,4947,1,1,0,0,0.0
1654,3,3119,1,1,0,0,130.41
1655,3,1629,1,1,0,0,0.0
1656,7,1952,1,1,0,0,300.21
1657,1,2088,1,1,0,0,0.0
1658,6,2754,1,1,1,0,0.0
1659,4,3902,1,1,0,0,202.51
1660,5,2009,1,0,0,0,0.0
1661,3,3676,1,1,0,0,0.0
1662,3,3539,1,1,1,0,0.0
1663,8,5546,1,1,1,1,0.0
1664,2,1356,1,1,0,0,0.0
1665,2,3301,1,1,1,0,99.9
1666,1,3701,1,1,0,0,78.37
1667,1,4787,1,1,1,0,0.0
1668,6,1752,1,1,0,0,0.0
1669,5,3911,1,1,0,1,177.99
1670,7,5817,1,1,1,0,0.0
1671,5,3116,1,0,0,0,0.0
1672,5,2867,1,0,0,0,0.0
1673,1,4299,1,0,1,0,24.82
1674,2,5153,1,1,0,0,0.0
1675,8,3547,1,1,0,0,0.0
1676,4,4799,1,1,1,1,136.57
1677,5,3088,1,1,1,1,0.0
1678,2,3486,1,1,0,0,0.0
1679,5,5559,1,1,1,0,0.0
1680,4,4713,1,1,0,0,0.0
1681,2,3873,1,1,1,0,0.0
1682,3,1489,1,1,1,1,0.0
1683,7,4632,1,1,0,0,399.31
1684,2,1183,1,0,0,0,421.48
1685,6,3000,1,0,0,0,0.0
1686,2,4223,1,0,0,0,0.0
1687,7,2800,1,1,1,0,0.0
1688,7,3471,1,1,0,0,81.71
1689,1,1319,1,0,1,0,0.0
1690,7,4039,1,0,0,0,0.0
1691,3,1552,1,1,0,0,0.0
1692,6,2676,1,1,0,0,0.0
1693,6,2402,1,0,0,0,0.0
1694,2,4160,1,0,1,0,127.45
1695,6,2328,1,0,0,0,94.72
1696,3,1838,1,1,0,0,0.0
1697,1,5730,1,1,0,0,0.0
1698,7,1105,1,0,0,0,0.0
1699,3,1108,1,1,0,0,0.0
1700,2,5280,1,0,0,0,0.0
1701,5,2515,1,1,0,0,553.54
1702,4,3811,1,1,0,0,0.0
1703,8,4387,1,0,0,0,0.0
1704,3,5085,1,1,0,0,0.0
1705,6,3473,1,1,0,0,0.0
1706,7,2092,1,1,0,0,0.0
1707,6,3498,1,0,1,1,0.0
1708,7,1269,1,1,0,0,0.0
1709,3,2507,1,1,1,0,0.0
1710,2,3014,1,0,0,0,0.0
1711,4,1206,1,1,0,0,296.2
1712,3,1524,1,1,0,0,0.0
1713,6,2576,1,0,0,0,0.0
1714,2,5277,1,1,0,0,89.36
1715,7,5745,1,1,0,1,0.0
1716,6,4155,1,1,0,0,173.02
1717,7,5369,1,1,0,1,0.0
1718,8,1972,1,1,0,0,0.0
1719,7,4341,1,1,0,1,0.0
1720,5,2028,1,1,0,0,0.0
1721,5,2569,1,1,0,0,0.0
1722,7,1954,1,1,1,1,0.0
1723,1,1641,1,1,0,0,0.0
1724,4,5403,1,1,0,0,0.0
1725,1,3045,1,1,0,0,0.0
1726,7,4514,1,1,0,0,0.0
1727,2,1196,1,1,0,0,415.71
1728,8,2595,1,0,0,0,0.0
1729,2,3698,1,1,0,0,0.0
1730,1,3185,1,1,0,0,0.0
1731,2,4755,1,0,0,0,0.0
1732,1,5768,1,1,0,0,0.0
1733,1,1339,1,1,1,0,0.0
1734,5,4872,1,0,0,1,392.76
1735,4,4720,1,1,0,0,0.0
1736,5,3831,1,1,0,1,0.0
1737,3,5654,1,1,0,0,0.0
1738,4,5574,1,1,1,0,0.0
1739,6,5220,1,1,1,0,0.0
1740,3,5139,1,1,0,0,0.0
1741,3,1612,1,1,0,0,0.0
1742,8,5652,1,1,0,0,0.0
1743,6,5914,1,1,0,0,0.0
1744,7,4970,1,1,0,0,64.61
1745,1,2697,1,0,1,0,0.0
1746,6,1211,1,1,0,0,0.0
1747,5,5699,1,1,1,0,0.0
1748,3,5308,1,1,0,0,0.0
1749,5,2708,1,1,0,0,0.0
1750,7,2541,1,1,1,0,0.0
1751,2,1003,1,0,0,0,0.0
1752,3,5442,1,1,0,0,59.8
1753,6,2738,1,1,1,0,0.0
1754,5,3834,1,0,0,1,0.0
1755,7,3643,1,1,0,0,45.46
1756,3,5017,1,1,1,0,0.0
1757,7,4670,1,0,0,0,0.0
1758,6,1903,1,0,0,1,0.0
1759,5,1423,1,1,0,1,43.63
1760,5,2484,1,1,0,0,0.0
1761,7,3281,1,1,1,0,0.0
1762,7,2275,1,1,1,0,0.0
1763,7,3303,1,1,0,0,0.0
1764,6,4744,1,0,1,1,0.0
1765,4,1675,1,0,1,0,0.0
1766,1,1453,1,0,0,0,0.0
1767,7,5589,1,1,0,1,281.84
1768,1,5714,1,1,1,0,0.0
1769,6,3238,1,1,0,0,0.0
1770,2,3303,1,0,0,0,144.8
1771,2,2245,1,1,0,0,0.0
1772,4,1252,1,1,0,1,0.0
1773,4,5717,1,1,0,0,0.0
1774,7,3014,1,0,1,0,0.0
1775,5,4150,1,0,0,1,0.0
1776,1,4116,1,0,1,0,66.75
1777,8,4232,1,1,1,1,0.0
1778,6,2415,1,1,0,0,0.0
1779,6,3403,1,0,1,0,0.0
1780,1,4633,1,1,0,0,81.54
1781,4,2574,1,0,0,0,0.0
1782,6,2502,1,0,0,0,0.0
1783,1,3733,1,0,0,1,0.0
1784,1,2432,1,0,0,0,0.0
1785,5,2348,1,0,0,0,0.0
1786,8,4844,1,0,0,0,202.87
1787,7,3409,1,0,0,1,0.0
1788,7,4391,1,1,0,1,0.0
1789,7,3266,1,1,0,1,0.0
1790,3,4905,1,1,0,0,0.0
1791,5,3962,1,1,0,0,272.73
1792,7,4243,1,1,0,0,0.0
1793,2,1468,1,0,0,0,152.13
1794,2,1899,1,1,0,0,0.0
1795,2,5067,1,0,0,0,0.0
1796,4,4033,1,1,1,0,0.0
1797,5,2298,1,1,1,0,0.0
1798,7,4389,1,1,1,0,0.0
1799,1,1707,1,0,0,0,0.0
1800,5,1644,1,0,0,0,0.0
1801,5,3408,1,1,1,0,0.0
1802,2,5545,1,1,0,0,0.0
1803,5,2834,1,0,0,0,0.0
1804,4,4360,1,1,1,0,0.0
1805,6,4081,1,1,1,0,0.0
1806,3,3620,1,0,0,1,0.0
1807,3,5566,1,1,0,1,0.0
1808,4,4069,1,1,1,0,0.0
1809,2,2002,1,1,0,0,0.0
1810,7,5506,1,0,0,0,85.75
1811,5,3205,1,0,0,1,0.0
1812,3,5746,1,1,0,0,0.0
1813,2,1414,1,1,1,0,0.0
1814,6,1006,1,0,0,0,270.87
1815,3,5599,1,0,0,0,0.0
1816,7,1299,1,0,0,0,0.0
1817,7,3595,1,0,1,0,0.0
1818,7,3807,1,1,0,0,0.0
1819,2,5118,1,1,0,0,0.0
1820,3,2360,1,1,1,0,0.0
1821,3,5345,1,1,0,1,0.0
1822,3,5481,1,1,0,0,0.0
1823,7,1295,1,1,1,0,0.0
1824,8,1667,1,1,1,0,0.0
1825,3,3434,1,1,0,1,0.0
1826,4,2023,1,1,0,0,0.0
1827,5,2068,1,1,0,0,0.0
1828,6,5356,1,1,0,1,0.0
1829,8,5420,1,1,0,0,0.0
1830,7,3998,1,0,0,0,0.0
1831,8,4067,1,1,0,0,0.0
1832,3,3925,1,1,1,1,0.0
1833,2,2763,1,1,0,0,692.92
1834,8,3100,1,0,1,0,189.39
1835,4,2369,1,1,0,0,0.0
1836,7,5727,1,0,0,0,136.57
1837,2,2542,1,1,0,1,0.0
1838,7,4178,1,1,0,0,55.46
1839,1,2383,1,1,0,0,0.0
1840,7,1415,1,0,1,0,0.0
1841,3,4465,1,0,0,0,0.0
1842,8,5517,1,0,0,0,0.0
1843,1,4616,1,1,0,0,0.0
1844,1,1873,1,0,1,0,0.0
1845,4,3840,1,0,0,0,0.0
1846,5,3551,1,1,1,0,0.0
1847,1,4478,1,1,0,0,0.0
1848,3,2981,1,1,0,0,0.0
1849,5,5838,1,1,0,0,0.0
1850,6,5842,1,0,1,0,0.0
1851,3,1725,1,1,0,0,0.0
1852,4,2502,1,0,0,0,0.0
1853,7,3263,1,0,0,0,0.0
1854,2,5092,1,0,0,0,141.16
1855,3,1215,1,0,0,0,0.0
1856,8,5807,1,0,0,0,195.92
1857,5,5064,1,0,0,0,0.0
1858,7,5199,1,0,0,0,0.0
1859,1,3467,1,1,0,0,0.0
1860,7,4855,1,1,1,0,0.0
1861,5,2791,1,0,0,0,0.0
1862,5,5528,1,1,0,0,0.0
1863,1,2394,1,0,0,0,139.58
1864,6,5118,1,1,0,0,0.0
1865,2,2656,1,1,0,1,0.0
1866,2,4158,1,0,1,0,0.0
1867,8,3225,1,0,1,0,0.0
1868,5,1797,1,1,1,0,160.36
1869,2,1743,1,1,1,0,0.0
1870,5,2792,1,0,0,0,327.75
1871,3,5289,1,0,0,1,0.0
1872,5,4234,1,1,0,0,265.26
1873,7,4703,1,1,0,0,0.0
1874,4,1375,1,1,0,1,78.97
1875,3,5686,1,0,0,0,0.0
1876,7,4203,1,1,1,0,0.0
1877,3,2589,1,0,1,1,0.0
1878,5,5611,1,0,0,0,0.0
1879,1,5538,1,1,0,0,0.0
1880,2,3146,1,1,0,0,110.26
1881,6,1410,1,0,1,1,0.0
1882,5,5595,1,0,0,0,0.0
1883,7,1177,1,1,0,0,0.0
1884,6,3527,1,1,0,0,0.0
1885,6,2183,1,1,0,0,542.92
1886,5,5384,1,1,0,0,0.0
1887,6,4811,1,1,0,0,0.0
1888,6,3090,1,1,1,1,0.0
1889,4,2813,1,1,0,0,0.0
1890,8,1211,1,0,1,0,0.0
1891,7,3489,1,1,0,1,0.0
1892,5,5384,1,0,1,0,0.0
1893,5,5887,1,1,1,0,0.0
1894,4,2561,1,1,1,0,0.0
1895,2,3897,1,1,0,0,0.0
1896,2,5993,1,1,1,1,0.0
1897,6,4043,1,1,0,0,0.0
1898,3,5866,1,1,1,0,0.0
1899,6,5009,1,1,0,0,0.0
1900,7,3388,1,0,1,0,125.03
1901,7,2605,1,0,0,0,0.0
1902,5,2586,1,1,1,1,0.0
1903,3,4236,1,1,1,0,0.0
1904,2,2180,1,1,0,0,0.0
1905,5,4031,1,1,0,0,0.0
1906,4,5567,1,0,0,0,0.0
1907,4,5295,1,1,0,0,0.0
1908,7,3991,1,1,1,0,248.52
1909,4,4028,1,1,0,1,0.0
1910,4,4887,1,1,0,0,145.4
1911,5,5343,1,1,1,0,0.0
1912,4,3854,1,1,1,0,0.0
1913,2,3868,1,1,0,0,460.21
1914,3,1202,1,0,0,0,0.0
1915,2,1179,1,0,1,0,0.0
1916,5,4100,1,0,0,0,0.0
1917,5,5255,1,1,0,1,0.0
1918,5,1656,1,1,0,0,0.0
1919,3,5348,1,0,0,0,0.0
1920,1,5570,1,0,0,0,0.0
1921,4,4717,1,0,0,0,0.0
1922,8,5797,1,1,0,1,130.63
1923,5,3316,1,0,0,0,0.0
1924,1,5818,1,1,0,0,0.0
1925,7,5679,1,1,0,0,0.0
1926,1,4491,1,1,0,0,0.0
1927,1,4920,1,1,0,0,0.0
1928,6,3283,1,1,0,0,41.87
1929,1,2830,1,1,0,1,386.44
1930,2,4005,1,0,1,0,0.0
1931,7,4056,1,1,1,0,0.0
1932,4,1354,1,0,0,0,0.0
1933,1,4002,1,0,1,0,0.0
1934,6,4085,1,1,1,0,0.0
1935,2,2669,1,0,0,0,84.97
1936,1,2654,1,0,1,0,0.0
1937,7,3637,1,1,0,0,0.0
1938,6,4374,1,1,0,0,0.0
1939,4,3301,1,1,0,1,101.78
1940,5,5715,1,1,1,0,0.0
1941,4,3843,1,1,0,0,154.86
1942,1,4298,1,1,0,1,0.0
1943,7,2537,1,0,0,0,36.18
1944,7,2694,1,1,1,0,0.0
1945,5,4631,1,1,0,0,0.0
1946,2,1424,1,1,1,1,0.0
1947,2,3895,1,1,0,0,256.54
1948,4,5831,1,1,0,1,126.01
1949,8,5373,1,1,1,1,0.0
1950,1,3419,1,0,0,0,0.0
1951,7,4102,1,1,0,1,0.0
1952,6,1816,1,1,1,0,0.0
1953,6,3878,1,1,1,0,132.31
1954,3,2174,1,1,1,0,0.0
1955,6,2735,1,1,0,1,0.0
1956,5,2995,1,1,0,0,0.0
1957,6,4169,1,1,0,0,323.79
1958,5,3074,1,1,0,0,55.83
1959,8,3042,1,0,0,1,0.0
1960,6,5122,1,0,1,0,0.0
1961,5,4460,1,1,0,0,0.0
1962,1,3115,1,0,1,0,0.0
1963,7,2538,1,0,0,0,268.54
1964,8,2257,1,1,0,0,0.0
1965,3,1231,1,0,0,0,0.0
1966,8,5065,1,0,0,0,0.0
1967,8,4748,1,1,0,0,0.0
1968,2,1245,1,0,1,0,0.0
1969,8,5660,1,0,0,0,0.0
1970,3,3084,1,1,0,0,0.0
1971,8,3122,1,0,0,0,0.0
1972,6,4569,1,0,0,0,0.0
1973,6,4409,1,0,0,0,0.0
1974,7,2626,1,0,0,0,0.0
1975,1,1568,1,0,0,0,0.0
1976,5,5246,1,1,0,0,0.0
1977,5,3297,1,1,0,0,0.0
1978,7,3094,1,1,0,0,465.54
1979,7,4490,1,1,1,0,0.0
1980,1,1447,1,1,1,0,154.85
1981,3,5176,1,0,0,0,0.0
1982,3,5196,1,1,0,0,0.0
1983,6,2116,1,1,1,0,0.0
1984,4,2632,1,1,0,0,205.06
1985,1,3564,1,1,0,0,40.58
1986,5,1332,1,1,1,0,0.0
1987,3,5100,1,1,0,0,0.0
1988,1,4117,1,0,1,1,0.0
1989,6,5868,1,0,0,0,0.0
1990,4,1586,1,1,0,1,139.95
1991,6,5803,1,1,0,0,85.07
1992,6,1017,1,1,0,0,0.0
1993,6,1327,1,1,0,1,0.0
1994,2,3328,1,0,1,0,208.78
1995,6,5375,1,1,0,0,283.85
1996,3,2496,1,1,0,1,0.0
1997,8,5375,1,1,1,1,0.0
1998,7,1844,1,0,1,0,0.0
1999,5,4803,1,1,0,1,274.22
2000,7,1232,1,0,1,0,0.0
2001,4,2034,1,0,0,0,96.27
2002,2,2817,1,1,0,0,0.0
2003,1,1534,1,1,0,0,0.0
2004,2,1036,1,1,1,1,0.0
2005,1,4609,1,1,0,0,0.0
2006,5,5109,1,0,1,1,0.0
2007,1,4702,1,1,0,0,0.0
2008,3,3099,1,1,1,0,251.28
2009,8,3843,1,1,0,0,0.0
2010,3,3234,1,1,0,0,0.0
2011,6,5915,1,1,0,0,0.0
2012,3,2133,1,1,1,0,0.0
2013,3,5473,1,0,0,1,0.0
2014,5,1072,1,1,1,0,0.0
2015,8,2099,1,1,1,0,0.0
2016,3,4412,1,1,1,0,0.0
2017,3,3550,1,1,0,0,1392.88
2018,7,4921,1,0,0,0,0.0
2019,4,2370,1,1,0,1,0.0
2020,6,5152,1,0,1,1,0.0
2021,4,1099,1,1,0,0,0.0
2022,6,3910,1,1,0,0,0.0
2023,6,1347,1,1,0,0,0.0
2024,3,1736,1,1,0,0,0.0
2025,2,2379,1,1,0,0,0.0
2026,3,4081,1,0,0,0,451.34
2027,6,4424,1,0,0,0,452.23
2028,4,4523,1,0,0,0,0.0
2029,2,3594,1,0,0,0,0.0
2030,2,3136,1,0,0,0,0.0
2031,7,1810,1,1,0,0,0.0
2032,6,5934,1,0,0,0,190.07
2033,6,3295,1,0,0,1,0.0
2034,8,5010,1,1,0,0,0.0
2035,6,4299,1,0,1,0,0.0
2036,1,3892,1,1,0,1,0.0
2037,6,5794,1,0,0,1,0.0
2038,2,5981,1,1,0,0,65.19
2039,4,1482,1,1,0,0,0.0
2040,1,3347,1,1,0,0,0.0
2041,2,4291,1,1,1,0,0.0
2042,1,1535,1,0,0,0,0.0
2043,3,3188,1,0,0,1,111.65
2044,4,3999,1,0,0,1,0.0
2045,3,2386,1,0,0,0,0.0
2046,1,4790,1,1,1,0,0.0
2047,1,2073,1,1,0,1,266.19
2048,2,4645,1,1,0,0,0.0
2049,3,2854,1,1,0,0,0.0
2050,2,4449,1,1,1,0,0.0
2051,6,5474,1,0,0,1,0.0
2052,7,5859,1,0,0,0,67.87
2053,6,2692,1,0,1,0,0.0
2054,3,2319,1,1,0,1,0.0
2055,7,4689,1,1,0,0,0.0
2056,7,4456,1,1,0,0,0.0
2057,8,2387,1,0,0,0,0.0
2058,3,4478,1,0,0,1,0.0
2059,2,4866,1,0,0,1,0.0
2060,5,1164,1,1,0,0,191.76
2061,4,3070,1,1,0,0,119.79
2062,1,5986,1,1,1,1,0.0
2063,5,5531,1,1,1,0,0.0
2064,2,1423,1,0,0,0,0.0
2065,2,3727,1,1,0,0,0.0
2066,7,5855,1,1,1,0,171.06
2067,6,1173,1,1,1,0,0.0
2068,3,1043,1,1,0,1,0.0
2069,1,4378,1,1,0,0,0.0
2070,7,5484,1,0,0,0,0.0
2071,8,3552,1,1,0,0,0.0
2072,6,4469,1,1,0,0,146.34
2073,2,2634,1,0,1,0,0.0
2074,7,4647,1,1,1,0,0.0
2075,7,2335,1,0,0,0,0.0
2076,3,5434,1,1,0,0,0.0
2077,2,4065,1,1,0,0,0.0
2078,5,5800,1,1,0,0,0.0
2079,3,4260,1,1,1,0,0.0
2080,6,5146,1,1,0,0,195.33
2081,7,1245,1,1,1,0,0.0
2082,1,2866,1,0,0,1,0.0
2083,6,3106,1,0,0,0,0.0
2084,4,4995,1,0,0,0,0.0
2085,1,4188,1,1,0,1,0.0
2086,8,1155,1,0,0,1,231.51
2087,6,1432,1,1,0,1,0.0
2088,4,5451,1,1,1,0,0.0
2089,8,2176,1,1,0,0,267.07
2090,3,2407,1,1,0,0,0.0
2091,7,2289,1,1,0,1,0.0
2092,1,5074,1,0,0,0,0.0
2093,3,5190,1,1,1,0,0.0
2094,2,3671,1,0,0,0,0.0
2095,7,3996,1,0,1,0,0.0
2096,8,5944,1,1,0,0,0.0
2097,2,1765,1,1,0,0,0.0
2098,1,2017,1,0,0,0,0.0
2099,3,2059,1,1,0,1,88.54
2100,7,3326,1,0,0,0,0.0
2101,2,1316,1,1,1,0,0.0
2102,7,2414,1,1,0,0,0.0
2103,4,3364,1,1,1,0,0.0
2104,5,3249,1,1,1,1,0.0
2105,5,3792,1,1,0,0,0.0
2106,1,1953,1,0,0,0,208.6
2107,1,5761,1,1,0,0,0.0
2108,6,2545,1,1,0,0,0.0
2109,1,1896,1,1,0,0,169.3
2110,2,2360,1,1,1,1,0.0
2111,3,5838,1,1,1,1,0.0
2112,8,3787,1,0,0,0,0.0
2113,1,3727,1,1,0,0,0.0
2114,2,2769,1,1,0,1,0.0
2115,8,1007,1,1,0,1,0.0
2116,7,2003,1,0,0,0,0.0
2117,2,2163,1,1,0,0,0.0
2118,1,5223,1,1,0,0,0.0
2119,6,3076,1,1,1,0,0.0
2120,3,1273,1,0,0,0,0.0
2121,8,3802,1,1,0,1,0.0
2122,1,5606,1,1,1,0,0.0
2123,5,2629,1,1,0,0,0.0
2124,1,5668,1,0,0,0,512.02
2125,5,5363,1,1,1,0,0.0
2126,8,4447,1,1,0,0,120.2
2127,3,3578,1,1,0,0,0.0
2128,3,2272,1,0,1,0,0.0
2129,2,4159,1,0,0,0,0.0
2130,6,1754,1,0,0,0,0.0
2131,3,4341,1,0,0,0,0.0
2132,8,5334,1,1,0,0,0.0
2133,6,4144,1,1,0,0,0.0
2134,4,1972,1,0,0,1,0.0
2135,8,5569,1,1,1,0,0.0
2136,3,1296,1,0,0,1,2049.44
2137,8,1151,1,1,1,0,0.0
2138,4,4425,1,1,0,0,0.0
2139,7,1326,1,1,0,0,0.0
2140,1,1548,1,1,0,0,0.0
2141,8,2213,1,1,0,0,0.0
2142,3,1284,1,0,0,1,100.42
2143,6,4992,1,1,1,0,0.0
2144,3,1222,1,1,1,0,0.0
2145,3,3073,1,0,1,0,0.0
2146,4,2360,1,1,0,0,0.0
2147,1,2637,1,0,1,1,0.0
2148,6,4779,1,1,1,0,0.0
2149,8,1131,1,1,0,0,0.0
2150,5,4159,1,1,0,1,0.0
2151,5,4884,1,0,0,0,0.0
2152,2,3712,1,1,1,0,0.0
2153,7,3710,1,1,0,1,0.0
2154,3,4719,1,1,0,0,72.34
2155,8,3387,1,0,0,0,0.0
2156,2,2910,1,1,1,0,0.0
2157,2,1631,1,1,1,1,0.0
2158,8,2181,1,1,0,0,0.0
2159,8,1749,1,0,0,0,0.0
2160,6,5147,1,1,0,1,0.0
2161,1,2496,1,1,0,0,0.0
2162,5,2840,1,1,1,0,47.89
2163,8,3628,1,1,1,1,0.0
2164,7,5578,1,0,0,1,278.33
2165,2,5015,1,1,1,1,169.73
2166,8,2282,1,0,0,0,0.0
2167,6,4781,1,1,1,0,0.0
2168,4,2184,1,1,1,1,79.35
2169,6,2884,1,1,0,0,0.0
2170,1,3324,1,1,0,0,171.11
2171,2,5858,1,1,0,1,0.0
2172,5,1363,1,0,0,0,61.47
2173,8,4207,1,1,0,0,0.0
2174,7,1897,1,1,0,1,0.0
2175,3,2352,1,0,1,1,0.0
2176,7,5142,1,1,0,0,0.0
2177,8,3368,1,1,1,0,0.0
2178,4,2377,1,1,0,0,0.0
2179,8,4569,1,0,0,0,0.0
2180,4,5100,1,1,1,0,0.0
2181,8,3066,1,1,1,0,0.0
2182,2,1662,1,0,0,0,0.0
2183,5,3028,1,1,0,0,396.49
2184,3,5921,1,1,0,0,0.0
2185,4,2859,1,1,1,0,0.0
2186,7,5738,1,0,1,1,116.66
2187,8,5212,1,0,0,0,0.0
2188,3,1402,1,1,0,0,0.0
2189,7,5162,1,1,1,0,0.0
2190,4,4034,1,1,0,0,0.0
2191,3,4294,1,1,0,1,0.0
2192,4,5122,1,1,0,0,0.0
2193,6,5019,1,1,0,0,0.0
2194,1,2144,1,1,1,0,127.59
2195,5,5976,1,1,0,1,0.0
2196,7,5656,1,0,0,1,0.0
2197,4,2062,1,0,0,0,0.0
2198,7,2548,1,1,0,1,0.0
2199,1,5850,1,1,0,0,0.0
2200,8,1924,1,1,0,0,0.0
2201,6,4508,1,0,0,0,0.0
2202,3,5258,1,0,1,0,0.0
2203,1,4555,1,1,0,0,0.0
2204,6,3946,1,1,1,0,0.0
2205,8,1736,1,1,0,0,0.0
2206,4,2858,1,1,1,0,0.0
2207,4,4012,1,0,0,0,0.0
2208,8,5565,1,1,1,0,0.0
2209,2,2352,1,1,0,0,71.34
2210,7,2634,1,1,0,0,0.0
2211,1,4480,1,1,0,0,0.0
2212,4,4817,1,1,0,0,0.0
2213,6,5982,1,1,0,0,1348.73
2214,2,5079,1,0,0,0,0.0
2215,3,3725,1,0,1,0,0.0
2216,7,4225,1,1,0,0,0.0
2217,2,1388,1,0,0,0,0.0
2218,2,2683,1,1,0,0,0.0
2219,4,4071,1,1,0,0,138.26
2220,1,5265,1,0,1,0,332.55
2221,8,3138,1,1,0,1,164.88
2222,3,2742,1,0,1,1,0.0
2223,1,5497,1,1,1,1,0.0
2224,7,4640,1,1,0,0,91.35
2225,8,1708,1,0,0,0,0.0
2226,3,2771,1,1,0,0,0.0
2227,1,5268,1,1,0,0,0.0
2228,7,2644,1,0,1,0,239.51
2229,8,2070,1,1,1,1,0.0
2230,6,1765,1,1,1,0,0.0
2231,6,5879,1,0,0,1,0.0
2232,3,1254,1,1,1,0,0.0
2233,6,1591,1,1,0,0,0.0
2234,7,2244,1,0,0,0,0.0
2235,7,1398,1,1,0,0,0.0
2236,6,4579,1,1,0,0,0.0
2237,7,4108,1,0,1,1,0.0
2238,6,1110,1,1,1,0,0.0
2239,8,5061,1,1,1,0,0.0
2240,8,4812,1,0,1,1,192.33
2241,8,5078,1,0,1,0,0.0
2242,7,4265,1,1,0,0,0.0
2243,6,3416,1,1,1,1,0.0
2244,4,1159,1,1,0,0,288.91
2245,8,2624,1,0,0,0,0.0
2246,8,5155,1,1,0,0,0.0
2247,2,4871,1,1,1,0,0.0
2248,3,5555,1,1,0,1,0.0
2249,8,5617,1,0,0,1,0.0
2250,6,5526,1,1,0,0,0.0
2251,7,3574,1,1,1,0,283.21
2252,6,3002,1,0,0,0,0.0
2253,4,4511,1,1,0,0,0.0
2254,1,3119,1,1,0,0,0.0
2255,1,3106,1,1,0,0,0.0
2256,8,1629,1,1,1,0,0.0
2257,2,5249,1,1,0,0,0.0
2258,1,3210,1,1,0,0,486.27
2259,6,2591,1,0,0,0,157.56
2260,7,3432,1,1,1,1,0.0
2261,3,3901,1,0,1,0,0.0
2262,5,1482,1,1,1,0,0.0
2263,3,1532,1,1,0,0,0.0
2264,2,3333,1,1,0,0,0.0
2265,8,1624,1,1,0,0,0.0
2266,4,5858,1,1,1,0,0.0
2267,5,4558,1,1,0,0,0.0
2268,5,1784,1,1,1,0,0.0
2269,4,5142,1,1,0,0,0.0
2270,6,4662,1,1,0,0,0.0
2271,2,4399,1,1,0,0,0.0
2272,1,5673,1,1,1,0,133.12
2273,4,2272,1,1,1,0,0.0
2274,4,5754,1,0,0,0,0.0
2275,8,3306,1,0,1,0,0.0
2276,4,5490,1,1,0,0,0.0
2277,5,2169,1,1,0,1,174.55
2278,2,5431,1,1,0,0,121.44
2279,4,3555,1,1,0,0,0.0
2280,7,3580,1,1,0,0,0.0
2281,1,4227,1,0,0,0,237.78
2282,7,1252,1,0,0,0,0.0
2283,6,4010,1,1,1,0,0.0
2284,4,3351,1,0,0,0,0.0
2285,2,3682,1,1,1,0,0.0
2286,3,2841,1,0,0,0,0.0
2287,6,2274,1,1,0,0,0.0
2288,5,3280,1,1,0,0,0.0
2289,2,1219,1,0,0,0,0.0
2290,2,2180,1,1,1,0,0.0
2291,2,2661,1,1,0,0,0.0
2292,7,1774,1,1,1,0,0.0
2293,6,1954,1,1,1,0,0.0
2294,7,3886,1,1,0,0,0.0
2295,3,3610,1,1,0,0,0.0
2296,8,2815,1,1,0,0,351.89
2297,2,4347,1,0,1,1,0.0
2298,2,2186,1,1,1,0,522.98
2299,3,5052,1,1,1,0,0.0
2300,4,4164,1,1,0,0,0.0
2301,3,3792,1,1,0,0,0.0
2302,7,1014,1,0,0,0,0.0
2303,5,4388,1,1,1,0,94.32
2304,8,5131,1,0,0,0,0.0
2305,2,4841,1,1,0,0,0.0
2306,1,5168,1,0,0,0,0.0
2307,3,4869,1,1,0,0,0.0
2308,6,1514,1,1,0,0,0.0
2309,8,5369,1,1,1,0,0.0
2310,6,1366,1,1,1,0,0.0
2311,4,5801,1,0,0,0,0.0
2312,4,3943,1,1,0,1,0.0
2313,1,2474,1,1,1,0,0.0
2314,3,1740,1,1,1,0,288.3
2315,2,3252,1,1,0,0,0.0
2316,2,3639,1,0,0,1,0.0
2317,6,2797,1,1,1,0,0.0
2318,5,4224,1,1,0,0,0.0
2319,3,4730,1,1,1,0,0.0
2320,1,3465,1,0,0,1,0.0
2321,6,4794,1,1,0,0,0.0
2322,2,4239,1,1,0,0,0.0
2323,8,5666,1,1,0,0,0.0
2324,7,4526,1,1,1,0,0.0
2325,4,2658,1,0,0,0,193.96
2326,4,5886,1,1,0,0,0.0
2327,4,3448,1,0,0,0,0.0
2328,3,5628,1,1,0,0,0.0
2329,2,1129,1,1,0,0,0.0
2330,3,1563,1,0,1,1,0.0
2331,4,4984,1,1,0,0,0.0
2332,4,3305,1,1,1,0,0.0
2333,7,5447,1,0,0,0,381.94
2334,1,2754,1,1,1,0,0.0
2335,1,5618,1,1,0,1,0.0
2336,2,4608,1,1,0,0,0.0
2337,2,1381,1,1,0,0,0.0
2338,8,2773,1,1,0,1,0.0
2339,8,2200,1,1,0,0,0.0
2340,7,4013,1,1,0,0,0.0
2341,1,2775,1,1,0,0,0.0
2342,6,1184,1,0,0,1,0.0
2343,3,2884,1,1,0,0,0.0
2344,2,3205,1,1,0,0,80.6
2345,7,5780,1,1,0,0,0.0
2346,8,3707,1,0,0,1,0.0
2347,6,2473,1,1,1,0,0.0
2348,4,1152,1,0,0,0,0.0
2349,2,3596,1,0,1,0,0.0
2350,7,4598,1,1,1,0,0.0
2351,7,5422,1,1,0,0,0.0
2352,2,3461,1,1,0,0,0.0
2353,8,2734,1,1,0,0,0.0
2354,4,5873,1,0,1,1,0.0
2355,3,1046,1,0,0,0,0.0
2356,7,5703,1,1,0,0,143.18
2357,2,1824,1,1,0,0,0.0
2358,4,2873,1,0,1,0,0.0
2359,2,3873,1,1,0,0,0.0
2360,5,2261,1,0,0,1,0.0
2361,4,4238,1,0,0,0,673.02
2362,4,4063,1,1,0,0,0.0
2363,2,2496,1,0,0,0,0.0
2364,1,4567,1,1,0,0,0.0
2365,6,2765,1,1,1,0,0.0
2366,5,4511,1,0,1,0,0.0
2367,2,2961,1,0,1,0,0.0
2368,8,1640,1,1,0,0,321.27
2369,2,5360,1,0,0,0,0.0
2370,8,5251,1,0,0,0,236.71
2371,5,1472,1,1,0,0,0.0
2372,6,3967,1,1,0,0,0.0
2373,7,2825,1,1,1,1,0.0
2374,6,4691,1,0,0,0,0.0
2375,7,5461,1,1,0,0,0.0
2376,6,1796,1,1,0,0,0.0
2377,2,3999,1,1,0,0,0.0
2378,5,1264,1,0,1,0,0.0
2379,2,4757,1,0,1,0,0.0
2380,6,1734,1,1,0,0,133.43
2381,4,5957,1,1,1,0,0.0
2382,3,5853,1,1,0,0,0.0
2383,6,4778,1,1,0,0,0.0
2384,3,4981,1,1,0,1,0.0
2385,6,4241,1,1,0,0,0.0
2386,6,5149,1,1,0,0,0.0
2387,8,2863,1,1,0,0,0.0
2388,7,1101,1,1,1,0,0.0
2389,6,5886,1,1,0,0,0.0
2390,5,4653,1,1,0,0,0.0
2391,7,5786,1,0,0,1,0.0
2392,6,4064,1,0,0,1,0.0
2393,8,1318,1,0,0,0,0.0
2394,2,3556,1,0,1,1,0.0
2395,6,1684,1,1,0,0,0.0
2396,1,3566,1,0,0,0,0.0
2397,3,1296,1,1,1,0,0.0
2398,3,3784,1,0,0,0,0.0
2399,3,5786,1,1,0,0,221.62
2400,1,3087,1,1,1,0,0.0
2401,3,3596,1,0,0,0,0.0
2402,6,1317,1,1,0,1,0.0
2403,3,5549,1,1,0,0,0.0
2404,3,2108,1,1,0,0,1134.24
2405,1,1624,1,1,0,0,69.57
2406,4,4162,1,1,0,1,0.0
2407,7,5690,1,0,1,1,0.0
2408,8,3220,1,0,0,0,0.0
2409,5,2804,1,0,0,0,0.0
2410,3,1311,1,0,0,0,0.0
2411,4,4657,1,1,0,0,0.0
2412,3,4672,1,1,0,0,0.0
2413,3,5071,1,0,1,0,0.0
2414,1,5729,1,1,1,0,0.0
2415,4,3868,1,1,1,1,652.9
2416,2,4939,1,1,0,0,0.0
2417,8,5386,1,1,1,0,0.0
2418,3,4937,1,1,0,0,252.08
2419,2,4902,1,0,0,1,250.88
2420,5,3082,1,0,0,0,641.42
2421,5,3427,1,1,0,0,0.0
2422,3,2353,1,1,0,0,0.0
2423,2,5607,1,0,0,0,0.0
2424,8,5275,1,1,0,0,0.0
2425,7,1840,1,1,1,0,0.0
2426,6,3271,1,1,0,0,0.0
2427,6,3571,1,0,0,0,413.64
2428,3,4053,1,0,0,1,0.0
2429,6,1994,1,1,0,0,0.0
2430,4,5668,1,1,0,0,0.0
2431,2,4075,1,1,0,0,0.0
2432,6,4391,1,1,0,0,0.0
2433,5,5802,1,1,1,0,164.53
2434,8,4317,1,1,0,0,0.0
2435,8,3763,1,0,0,0,0.0
2436,1,4016,1,1,0,0,599.96
2437,1,3338,1,0,1,0,0.0
2438,7,2179,1,0,1,0,0.0
2439,8,1704,1,1,0,0,0.0
2440,2,3161,1,0,0,0,0.0
2441,3,3288,1,0,0,0,0.0
2442,6,4197,1,0,0,0,0.0
2443,4,2971,1,1,0,0,0.0
2444,1,5436,1,0,0,0,0.0
2445,7,5077,1,0,0,0,143.23
2446,1,3415,1,1,0,0,0.0
2447,6,2297,1,1,0,0,0.0
2448,5,2619,1,0,0,1,0.0
2449,7,1453,1,1,0,0,0.0
2450,6,5950,1,1,1,0,0.0
2451,7,4020,1,1,0,0,0.0
2452,8,4141,1,0,0,0,410.3
2453,2,1450,1,1,0,1,0.0
2454,8,5628,1,1,0,0,154.13
2455,3,5619,1,1,0,0,0.0
2456,3,4894,1,0,0,0,86.33
2457,7,3421,1,1,0,0,0.0
2458,8,1417,1,1,0,1,0.0
2459,1,3720,1,1,1,0,0.0
2460,8,2219,1,1,0,0,0.0
2461,6,1130,1,1,0,0,464.18
2462,8,2090,1,1,0,0,99.76
2463,1,4129,1,1,0,0,0.0
2464,5,5058,1,1,0,0,0.0
2465,3,2414,1,1,0,0,0.0
2466,8,5474,1,1,0,0,0.0
2467,3,4545,1,1,0,0,0.0
2468,5,1226,1,0,1,0,95.62
2469,2,4033,1,1,0,0,0.0
2470,8,2399,1,1,0,0,0.0
2471,8,3458,1,1,1,0,0.0
2472,3,2202,1,1,0,0,0.0
2473,5,5551,1,1,0,0,116.28
2474,4,2970,1,1,0,1,0.0
2475,3,3766,1,1,1,0,184.58
2476,2,3957,1,0,0,0,0.0
2477,3,5479,1,0,0,0,340.18
2478,4,5018,1,1,0,0,162.02
2479,3,5780,1,0,1,0,0.0
2480,2,3624,1,0,0,0,0.0
2481,2,3741,1,1,0,1,0.0
2482,8,5826,1,1,0,0,119.21
2483,1,4904,1,1,0,0,0.0
2484,1,2611,1,1,1,0,0.0
2485,4,4080,1,0,0,0,0.0
2486,4,4763,1,0,0,0,0.0
2487,4,4300,1,1,1,1,0.0
2488,7,1715,1,1,0,0,0.0
2489,6,5027,1,1,0,0,0.0
2490,7,3136,1,1,0,0,0.0
2491,8,5233,1,1,0,0,0.0
2492,2,5582,1,1,0,0,149.42
2493,3,4436,1,1,0,0,0.0
2494,4,3981,1,0,0,0,0.0
2495,4,3103,1,1,0,0,0.0
2496,5,1434,1,0,1,0,0.0
2497,8,5416,1,1,1,0,0.0
2498,8,3524,1,0,0,0,0.0
2499,7,5981,1,1,1,0,180.43
2500,8,4065,1,0,0,1,0.0
2501,7,5156,1,1,0,1,0.0
2502,4,2113,1,1,0,1,0.0
2503,2,1103,1,1,0,1,0.0
2504,8,2037,1,1,0,0,0.0
2505,2,3608,1,0,0,0,0.0
2506,7,3221,1,1,1,0,0.0
2507,8,4940,1,1,1,1,0.0
2508,2,2271,1,1,0,0,0.0
2509,2,5212,1,1,1,0,0.0
2510,2,3131,1,1,1,0,0.0
2511,8,1413,1,0,0,0,0.0
2512,5,3401,1,1,0,0,0.0
2513,7,3016,1,0,0,0,0.0
2514,7,4466,1,1,0,0,273.73
2515,1,5286,1,1,1,0,0.0
2516,3,1881,1,1,1,0,0.0
2517,5,2210,1,1,0,1,0.0
2518,7,5371,1,1,0,0,0.0
2519,5,4548,1,0,0,1,0.0
2520,1,5802,1,0,0,1,0.0
2521,8,1731,1,1,0,0,131.54
2522,4,1884,1,1,1,0,0.0
2523,5,5248,1,1,0,1,0.0
2524,7,2189,1,0,0,1,0.0
2525,2,2533,1,0,0,0,0.0
2526,1,5267,1,1,0,0,0.0
2527,2,2384,1,0,0,1,0.0
2528,8,4745,1,0,0,0,0.0
2529,5,5381,1,1,0,0,0.0
2530,8,2584,1,0,0,0,0.0
2531,8,2949,1,1,0,0,169.93
2532,1,1921,1,0,1,1,0.0
2533,2,2118,1,1,0,0,120.13
2534,1,1624,1,0,1,0,0.0
2535,7,5221,1,0,1,0,0.0
2536,6,2039,1,1,1,0,125.53
2537,6,2210,1,0,0,0,0.0
2538,3,1741,1,1,0,0,0.0
2539,7,5435,1,1,0,1,0.0
2540,5,3914,1,0,0,0,0.0
2541,4,2072,1,1,0,0,0.0
2542,7,2280,1,1,0,0,0.0
2543,7,3865,1,1,0,0,0.0
2544,6,4729,1,1,0,0,0.0
2545,1,3904,1,1,0,0,0.0
2546,2,2021,1,0,0,0,0.0
2547,4,2261,1,1,0,1,0.0
2548,7,3363,1,0,1,0,202.27
2549,6,4925,1,1,0,0,0.0
2550,4,2668,1,1,0,1,0.0
2551,5,2826,1,1,1,0,0.0
2552,7,1566,1,1,1,0,0.0
2553,2,3590,1,0,0,0,250.56
2554,3,5656,1,0,1,0,0.0
2555,7,3033,1,0,0,0,0.0
2556,5,1001,1,1,0,0,0.0
2557,3,3895,1,0,0,0,378.85
2558,4,2272,1,1,0,0,0.0
2559,7,5799,1,1,1,0,0.0
2560,2,2334,1,0,0,0,0.0
2561,4,1865,1,1,0,0,0.0
2562,4,2533,1,1,0,0,0.0
2563,3,3005,1,1,0,1,0.0
2564,6,3546,1,0,0,0,206.31
2565,6,3999,1,0,0,0,106.31
2566,2,1970,1,1,0,0,0.0
2567,2,3344,1,1,1,0,0.0
2568,8,5145,1,1,0,0,0.0
2569,5,1316,1,1,0,0,0.0
2570,7,4603,1,0,0,0,262.3
2571,7,4579,1,1,1,1,0.0
2572,3,2697,1,1,0,0,0.0
2573,1,2655,1,1,0,0,0.0
2574,1,1354,1,1,0,0,299.35
2575,7,4869,1,1,0,0,0.0
2576,5,2805,1,1,0,0,0.0
2577,2,4669,1,1,1,0,0.0
2578,2,2573,1,1,1,0,0.0
2579,3,1700,1,1,0,1,0.0
2580,4,1049,1,1,0,0,0.0
2581,6,2302,1,0,0,1,0.0
2582,7,2236,1,1,1,1,0.0
2583,6,2724,1,0,0,0,0.0
2584,7,3083,1,1,0,0,0.0
2585,7,5070,1,0,1,0,0.0
2586,6,4039,1,1,0,1,0.0
2587,6,4842,1,1,1,0,0.0
2588,1,5100,1,1,1,0,0.0
2589,8,2428,1,1,1,1,0.0
2590,8,1792,1,0,1,0,0.0
2591,2,4789,1,1,0,0,0.0
2592,4,1011,1,1,1,0,0.0
2593,3,4881,1,1,0,1,0.0
2594,8,5255,1,0,1,0,0.0
2595,2,4370,1,1,0,0,0.0
2596,2,1954,1,1,1,1,0.0
2597,5,3242,1,1,0,0,0.0
2598,7,2234,1,1,0,0,0.0
2599,7,3384,1,1,1,0,0.0
2600,7,3644,1,1,1,0,0.0
2601,6,4532,1,0,0,0,0.0
2602,6,4251,1,1,0,0,0.0
2603,5,2765,1,1,0,0,0.0
2604,4,3620,1,0,1,0,0.0
2605,4,4276,1,1,1,0,0.0
2606,2,5899,1,0,0,0,0.0
2607,2,4540,1,1,0,0,0.0
2608,8,2662,1,0,0,0,265.08
2609,1,3594,1,0,1,0,0.0
2610,2,5399,1,0,0,1,0.0
2611,5,2337,1,1,0,0,0.0
2612,5,1299,1,1,1,1,0.0
2613,2,4658,1,1,0,0,0.0
2614,4,2484,1,0,1,0,0.0
2615,2,5534,1,1,1,0,0.0
2616,8,1831,1,1,0,0,0.0
2617,1,1217,1,1,0,0,0.0
2618,8,2558,1,1,0,0,0.0
2619,2,5673,1,1,0,0,0.0
2620,5,1772,1,1,0,0,56.23
2621,3,2413,1,1,0,0,82.31
2622,1,3504,1,1,1,0,0.0
2623,5,4727,1,1,1,1,0.0
2624,3,3861,1,1,0,0,151.64
2625,4,4085,1,1,0,0,225.2
2626,8,3531,1,1,1,0,0.0
2627,5,1095,1,1,1,0,0.0
2628,4,3981,1,0,1,0,0.0
2629,4,2430,1,0,0,0,189.32
2630,4,1019,1,1,0,1,0.0
2631,7,4601,1,0,0,1,208.77
2632,6,5308,1,1,0,1,0.0
2633,8,1730,1,1,1,0,0.0
2634,8,2018,1,1,1,0,0.0
2635,2,4412,1,0,0,0,0.0
2636,7,3321,1,1,1,0,0.0
2637,3,1440,1,1,0,0,0.0
2638,6,2878,1,0,0,0,0.0
2639,3,2185,1,1,0,0,0.0
2640,4,2090,1,0,1,0,0.0
2641,1,4263,1,0,1,0,0.0
2642,8,5939,1,1,0,0,0.0
2643,8,3939,1,0,0,0,0.0
2644,6,1657,1,1,0,0,0.0
2645,5,3847,1,1,1,0,0.0
2646,1,2712,1,1,1,1,87.12
2647,5,1503,1,0,1,1,0.0
2648,7,4588,1,1,1,0,211.37
2649,3,3186,1,0,0,0,0.0
2650,3,3960,1,0,1,0,0.0
2651,3,4940,1,0,0,0,0.0
2652,2,4184,1,1,1,0,0.0
2653,6,5589,1,1,1,0,71.39
2654,3,4415,1,1,0,0,0.0
2655,1,5242,1,1,0,0,0.0
2656,5,5044,1,0,0,0,0.0
2657,2,2101,1,0,0,0,0.0
2658,7,3680,1,1,0,0,0.0
2659,4,1087,1,1,1,0,0.0
2660,3,5207,1,1,1,0,0.0
2661,3,4706,1,1,0,0,114.34
2662,7,2232,1,0,1,0,0.0
2663,3,5574,1,0,0,0,0.0
2664,7,4347,1,1,1,0,100.85
2665,6,3281,1,0,0,0,0.0
2666,8,5819,1,1,1,0,0.0
2667,6,1313,1,1,0,0,0.0
2668,4,5757,1,1,0,0,0.0
2669,1,2931,1,1,0,0,0.0
2670,7,1857,1,0,0,1,161.66
2671,8,1606,1,1,0,0,0.0
2672,2,2248,1,0,0,0,0.0
2673,1,3064,1,1,0,0,0.0
2674,3,5569,1,1,0,0,0.0
2675,5,3535,1,0,0,0,0.0
2676,5,1261,1,1,0,0,0.0
2677,1,1629,1,1,0,0,383.39
2678,7,4035,1,1,1,0,0.0
2679,7,3600,1,1,0,1,83.98
2680,5,1659,1,1,0,0,0.0
2681,7,4542,1,1,1,0,201.55
2682,7,3150,1,1,1,0,160.37
2683,7,5445,1,0,1,0,0.0
2684,7,3942,1,0,1,0,0.0
2685,6,1608,1,0,1,0,0.0
2686,7,1144,1,1,1,0,0.0
2687,2,3143,1,0,0,1,0.0
2688,2,5767,1,1,0,0,0.0
2689,5,5087,1,1,0,0,0.0
2690,2,3775,1,1,0,0,0.0
2691,2,3558,1,1,0,0,0.0
2692,6,3960,1,1,0,0,0.0
2693,6,4138,1,0,0,0,0.0
2694,3,1944,1,1,1,0,0.0
2695,6,3742,1,0,0,0,0.0
2696,8,2988,1,1,0,1,0.0
2697,5,4112,1,0,1,0,0.0
2698,6,5337,1,1,1,0,0.0
2699,4,2702,1,1,0,0,0.0
2700,3,3385,1,1,0,1,101.75
2701,3,4164,1,1,1,0,0.0
2702,5,2555,1,0,0,0,0.0
2703,8,4988,1,0,1,0,0.0
2704,4,3474,1,0,1,0,0.0
2705,8,4041,1,1,1,0,0.0
2706,7,4213,1,1,0,1,593.44
2707,7,1484,1,1,0,0,0.0
2708,3,5350,1,1,0,0,0.0
2709,7,2959,1,1,0,0,0.0
2710,6,5437,1,1,1,0,0.0
2711,2,1248,1,1,1,0,0.0
2712,4,2072,1,1,1,0,0.0
2713,1,3011,1,1,0,1,205.81
2714,7,3332,1,1,1,0,204.83
2715,5,5314,1,0,1,0,0.0
2716,1,2234,1,1,0,1,0.0
2717,8,1779,1,0,1,0,0.0
2718,7,2448,1,0,1,0,0.0
2719,4,2973,1,1,1,0,0.0
2720,4,2028,1,0,0,1,140.59
2721,5,1423,1,0,0,0,248.72
2722,2,4029,1,1,0,0,0.0
2723,6,3071,1,1,1,0,0.0
2724,7,4755,1,0,0,0,0.0
2725,5,4858,1,0,0,0,0.0
2726,8,5559,1,1,0,1,0.0
2727,8,5938,1,1,1,0,0.0
2728,3,1029,1,1,1,0,0.0
2729,6,2074,1,0,1,0,0.0
2730,7,3473,1,1,1,0,197.23
2731,4,5558,1,1,0,0,0.0
2732,5,1410,1,0,0,1,105.3
2733,3,1924,1,0,0,0,0.0
2734,4,5042,1,1,0,0,0.0
2735,3,4468,1,1,0,1,0.0
2736,7,3010,1,1,0,0,197.22
2737,2,3595,1,0,1,0,0.0
2738,7,1651,1,0,0,0,0.0
2739,5,3867,1,1,0,0,163.1
2740,5,2913,1,1,0,0,0.0
2741,4,5678,1,1,0,0,264.63
2742,3,2323,1,0,0,1,0.0
2743,3,3330,1,1,0,0,0.0
2744,7,5156,1,0,1,0,0.0
2745,4,2773,1,0,0,0,0.0
2746,8,5937,1,1,0,0,0.0
2747,3,2928,1,1,0,0,0.0
2748,7,4153,1,0,0,0,0.0
2749,4,1356,1,0,0,0,0.0
2750,8,4126,1,1,0,0,0.0
2751,8,5489,1,1,1,1,0.0
2752,4,4805,1,1,0,0,0.0
2753,6,2222,1,1,0,0,0.0
2754,2,4728,1,1,1,0,0.0
2755,7,2298,1,1,0,0,0.0
2756,7,1213,1,1,0,1,0.0
2757,3,3736,1,1,1,0,0.0
2758,4,1554,1,0,0,0,0.0
2759,3,3314,1,0,0,1,0.0
2760,4,1892,1,0,1,0,0.0
2761,7,4276,1,1,0,0,0.0
2762,8,2655,1,1,1,0,0.0
2763,8,4209,1,0,0,0,0.0
2764,4,2426,1,1,1,0,0.0
2765,8,3614,1,0,0,0,165.08
2766,7,5554,1,1,0,0,360.9
2767,7,1253,1,1,0,0,308.54
2768,2,1601,1,1,0,0,0.0
2769,5,3913,1,1,0,0,0.0
2770,7,2805,1,0,1,0,0.0
2771,7,5939,1,0,0,0,262.12
2772,5,4216,1,0,1,0,0.0
2773,1,5878,1,0,1,1,54.45
2774,2,5676,1,0,0,0,0.0
2775,3,5279,1,1,0,0,0.0
2776,8,4851,1,0,0,0,0.0
2777,5,5587,1,1,1,0,0.0
2778,2,4227,1,0,0,0,0.0
2779,2,1204,1,1,0,0,0.0
2780,2,4262,1,0,1,0,0.0
2781,7,4288,1,1,0,0,0.0
2782,6,4106,1,1,0,0,0.0
2783,7,4310,1,1,1,0,0.0
2784,1,5697,1,0,0,1,0.0
2785,1,1367,1,0,1,0,0.0
2786,6,5546,1,1,1,1,0.0
2787,5,3943,1,1,0,1,0.0
2788,4,3507,1,1,0,0,0.0
2789,7,5418,1,0,0,0,0.0
2790,8,4303,1,1,0,0,0.0
2791,7,1229,1,1,1,0,0.0
2792,1,1850,1,1,0,0,152.7
2793,8,5665,1,1,0,0,0.0
2794,5,1175,1,1,0,0,0.0
2795,6,1476,1,1,0,0,51.4
2796,7,1847,1,0,0,0,0.0
2797,7,5421,1,0,0,0,0.0
2798,6,3647,1,1,0,0,0.0
2799,1,3959,1,1,1,0,0.0
2800,8,5206,1,1,0,0,217.66
2801,1,5291,1,0,1,0,0.0
2802,3,3234,1,0,0,0,0.0
2803,7,4034,1,1,0,1,0.0
2804,5,2065,1,1,1,1,144.92
2805,3,2137,1,0,1,0,0.0
2806,1,4684,1,1,0,0,0.0
2807,2,3458,1,0,1,0,276.69
2808,4,2781,1,0,0,0,0.0
2809,4,4709,1,1,0,0,0.0
2810,7,2357,1,1,0,1,0.0
2811,2,4862,1,1,0,0,0.0
2812,4,1798,1,1,0,0,0.0
2813,1,3887,1,1,1,0,0.0
2814,7,3790,1,0,1,0,0.0
2815,8,4700,1,1,1,0,0.0
2816,6,4458,1,0,0,0,0.0
2817,7,5076,1,0,0,0,0.0
2818,4,4330,1,1,0,0,0.0
2819,8,4244,1,1,0,0,0.0
2820,2,1744,1,1,1,0,0.0
2821,5,4519,1,0,0,0,0.0
2822,4,2407,1,0,0,0,0.0
2823,7,4556,1,0,0,0,106.21
2824,6,5328,1,1,0,0,216.31
2825,7,1806,1,0,1,0,278.52
2826,1,3276,1,0,0,0,0.0
2827,6,4023,1,1,1,1,0.0
2828,6,5016,1,1,1,0,0.0
2829,2,5798,1,1,0,0,0.0
2830,2,3264,1,1,0,1,0.0
2831,3,5622,1,1,0,0,0.0
2832,7,2164,1,1,0,0,0.0
2833,2,5163,1,0,0,1,0.0
2834,5,1623,1,1,0,1,0.0
2835,5,4808,1,1,0,0,0.0
2836,5,4134,1,0,0,0,0.0
2837,4,2548,1,1,0,0,0.0
2838,1,4038,1,1,0,0,0.0
2839,8,4526,1,1,0,0,0.0
2840,7,1160,1,1,0,0,0.0
2841,3,1867,1,0,1,0,87.19
2842,8,1290,1,1,1,0,0.0
2843,1,4726,1,0,0,0,0.0
2844,6,3334,1,1,0,0,0.0
2845,5,2225,1,1,0,0,0.0
2846,4,1237,1,1,1,0,0.0
2847,6,3329,1,0,0,0,0.0
2848,7,3928,1,1,0,1,0.0
2849,5,3500,1,1,0,0,142.2
2850,7,3510,1,0,1,0,0.0
2851,2,1420,1,1,1,0,0.0
2852,5,3891,1,0,0,0,0.0
2853,6,4688,1,1,0,0,0.0
2854,5,4781,1,0,0,0,0.0
2855,4,4462,1,1,1,1,0.0
2856,2,2034,1,0,1,1,0.0
2857,7,4438,1,0,0,1,0.0
2858,3,1712,1,1,0,0,0.0
2859,4,3029,1,1,0,0,0.0
2860,7,4677,1,1,0,0,0.0
2861,4,5222,1,0,1,0,0.0
2862,6,3181,1,0,1,0,0.0
2863,3,2875,1,1,0,0,0.0
2864,8,2840,1,1,1,0,0.0
2865,8,1101,1,0,1,0,315.26
2866,8,6000,1,0,0,0,0.0
2867,5,3308,1,1,0,1,0.0
2868,4,3776,1,0,0,0,0.0
2869,7,3443,1,0,0,0,0.0
2870,5,1462,1,0,0,0,0.0
2871,1,4698,1,1,0,0,0.0
2872,8,4448,1,0,0,0,0.0
2873,5,4185,1,1,0,0,0.0
2874,8,1497,1,0,0,1,0.0
2875,7,2334,1,0,0,0,0.0
2876,6,3353,1,1,1,0,205.63
2877,2,5948,1,1,1,0,0.0
2878,8,3357,1,0,0,0,0.0
2879,6,2548,1,1,0,0,0.0
2880,4,1358,1,0,0,0,0.0
2881,1,3328,1,0,0,0,0.0
2882,3,1200,1,1,0,0,41.32
2883,7,3690,1,0,1,1,245.88
2884,7,1553,1,0,0,1,0.0
2885,1,5665,1,1,0,0,0.0
2886,7,3770,1,0,0,0,0.0
2887,5,1898,1,0,1,1,0.0
2888,3,5146,1,0,0,0,0.0
2889,1,1069,1,1,0,0,0.0
2890,3,4654,1,1,1,0,0.0
2891,5,4204,1,0,0,0,0.0
2892,3,2457,1,1,0,0,0.0
2893,8,5764,1,1,0,0,0.0
2894,4,1478,1,0,1,0,0.0
2895,8,2973,1,1,1,0,0.0
2896,3,3821,1,0,0,0,0.0
2897,6,4559,1,0,0,0,0.0
2898,5,2042,1,1,0,0,0.0
2899,6,2007,1,1,0,0,0.0
2900,4,5642,1,0,0,0,0.0
2901,1,3629,1,1,0,0,0.0
2902,4,1633,1,1,1,0,0.0
2903,4,2489,1,1,1,0,0.0
2904,3,3682,1,0,1,0,0.0
2905,2,4823,1,0,0,1,0.0
2906,4,1811,1,1,1,0,0.0
2907,2,5338,1,1,1,0,0.0
2908,5,1703,1,0,0,0,0.0
2909,7,4455,1,0,0,0,0.0
2910,6,2675,1,1,0,0,0.0
2911,5,5492,1,0,1,0,0.0
2912,3,3724,1,0,0,0,0.0
2913,3,5140,1,1,0,0,0.0
2914,8,4901,1,1,0,0,0.0
2915,2,1095,1,1,0,0,0.0
2916,2,3732,1,0,1,0,0.0
2917,3,2816,1,0,0,0,0.0
2918,4,1638,1,1,0,0,0.0
2919,5,4397,1,0,0,0,0.0
2920,8,1716,1,0,0,1,298.61
2921,5,4649,1,1,0,0,0.0
2922,8,5548,1,1,0,0,0.0
2923,7,5174,1,0,1,0,0.0
2924,7,1862,1,1,0,0,0.0
2925,7,4958,1,1,0,0,0.0
2926,6,2344,1,1,1,0,0.0
2927,5,5352,1,1,0,1,0.0
2928,8,1832,1,0,0,0,0.0
2929,5,2205,1,1,0,0,0.0
2930,5,2427,1,1,0,0,0.0
2931,1,5214,1,1,0,0,0.0
2932,5,3490,1,0,0,0,0.0
2933,6,4662,1,0,0,0,132.01
2934,3,3020,1,1,0,0,0.0
2935,1,2522,1,1,0,0,0.0
2936,3,2765,1,1,0,0,0.0
2937,2,1155,1,1,0,0,360.86
2938,1,3722,1,0,1,0,0.0
2939,4,4858,1,0,0,0,0.0
2940,1,5608,1,1,0,0,0.0
2941,1,3039,1,1,0,0,0.0
2942,6,1388,1,0,0,0,0.0
2943,8,4577,1,0,0,0,0.0
2944,7,1536,1,1,1,0,0.0
2945,3,3147,1,1,1,0,181.08
2946,6,4596,1,1,1,1,0.0
2947,2,5978,1,1,0,0,0.0
2948,7,4499,1,1,0,0,244.88
2949,2,2495,1,0,0,0,0.0
2950,8,3209,1,1,1,0,0.0
2951,1,2824,1,0,0,0,118.7
2952,7,2555,1,1,0,1,0.0
2953,2,2715,1,0,0,0,0.0
2954,3,5053,1,0,1,0,0.0
2955,4,2598,1,1,0,0,150.88
2956,4,2178,1,0,0,0,0.0
2957,5,3557,1,1,0,0,0.0
2958,3,3826,1,1,1,0,0.0
2959,4,1705,1,1,0,0,0.0
2960,2,2727,1,1,1,0,0.0
2961,8,4920,1,0,1,1,0.0
2962,4,2346,1,1,0,0,0.0
2963,1,1609,1,0,0,1,0.0
2964,8,4132,1,1,0,0,0.0
2965,3,2508,1,1,0,1,0.0
2966,4,4252,1,1,0,0,0.0
2967,2,3353,1,1,0,0,0.0
2968,4,3760,1,0,0,1,0.0
2969,4,5248,1,1,0,0,0.0
2970,2,5146,1,1,1,0,0.0
2971,1,5673,1,1,1,0,0.0
2972,2,4000,1,0,1,0,0.0
2973,2,3556,1,1,1,0,0.0
2974,8,5499,1,0,0,1,178.06
2975,7,4074,1,0,1,0,0.0
2976,8,1815,1,1,0,0,0.0
2977,5,2081,1,0,0,0,0.0
2978,1,1107,1,1,0,0,0.0
2979,2,1996,1,1,0,0,356.0
2980,6,4361,1,1,0,0,0.0
2981,2,2719,1,1,0,0,0.0
2982,7,1538,1,0,0,0,0.0
2983,2,4263,1,1,0,0,0.0
2984,3,1260,1,1,0,0,0.0
2985,5,3958,1,0,0,0,0.0
2986,4,2271,1,1,0,0,0.0
2987,2,4907,1,1,0,0,0.0
2988,2,2815,1,1,1,0,287.77
2989,7,2668,1,0,0,1,0.0
2990,7,2747,1,1,1,1,0.0
2991,8,4470,1,1,0,0,0.0
2992,7,2275,1,1,0,0,0.0
2993,5,2995,1,1,0,0,0.0
2994,6,2954,1,0,1,1,0.0
2995,2,3087,1,1,0,0,125.17
2996,8,2234,1,1,0,0,137.33
2997,8,4684,1,0,1,1,0.0
2998,6,2634,1,1,0,1,0.0
2999,5,5573,1,0,1,0,271.64
3000,2,3071,1,1,1,0,206.68
3001,2,5705,1,0,1,0,0.0
3002,6,1084,1,0,1,0,0.0
3003,6,5280,1,1,0,0,0.0
3004,1,2040,1,1,1,1,0.0
3005,6,4302,1,0,0,1,0.0
3006,3,1293,1,0,0,1,0.0
3007,6,4036,1,1,1,0,0.0
3008,3,5202,1,0,0,0,0.0
3009,2,2625,1,1,1,0,0.0
3010,3,1212,1,1,0,0,0.0
3011,3,2574,1,1,0,0,280.54
3012,3,5967,1,1,1,0,181.24
3013,2,5663,1,1,1,0,0.0
3014,3,4620,1,0,1,0,0.0
3015,2,3226,1,1,1,0,0.0
3016,7,5310,1,1,1,0,0.0
3017,1,2152,1,1,0,0,0.0
3018,1,2230,1,1,0,1,0.0
3019,8,2045,1,0,1,0,0.0
3020,8,3671,1,0,0,0,0.0
3021,2,4785,1,1,0,1,0.0
3022,4,5468,1,1,0,0,0.0
3023,3,1980,1,1,0,0,0.0
3024,3,4119,1,0,1,0,0.0
3025,8,5588,1,1,1,1,0.0
3026,2,1308,1,1,1,0,136.93
3027,8,1023,1,1,0,0,0.0
3028,8,3518,1,0,0,0,0.0
3029,7,4244,1,0,1,0,0.0
3030,7,5388,1,1,1,0,101.06
3031,6,2129,1,1,0,0,0.0
3032,6,1724,1,1,0,0,0.0
3033,7,4862,1,0,0,0,223.14
3034,8,4151,1,1,1,0,0.0
3035,6,2675,1,0,0,0,0.0
3036,1,3098,1,1,0,0,318.24
3037,2,4801,1,1,0,0,0.0
3038,1,5428,1,1,1,0,0.0
3039,1,5493,1,1,0,0,0.0
3040,4,2302,1,1,0,0,126.95
3041,4,1437,1,1,0,0,108.65
3042,8,2786,1,1,1,0,0.0
3043,7,4409,1,0,1,0,0.0
3044,7,3088,1,1,1,0,0.0
3045,6,4565,1,0,0,0,0.0
3046,4,4354,1,1,0,0,0.0
3047,6,1994,1,0,0,1,0.0
3048,7,4330,1,0,0,0,0.0
3049,1,4010,1,1,1,0,0.0
3050,6,5617,1,1,1,1,0.0
3051,7,2435,1,0,0,0,315.99
3052,2,5563,1,1,0,0,0.0
3053,1,5091,1,0,0,0,0.0
3054,1,3173,1,0,0,0,0.0
3055,1,4379,1,0,0,0,294.9
3056,2,5491,1,1,0,1,0.0
3057,3,5032,1,1,1,0,0.0
3058,2,2792,1,0,1,1,0.0
3059,7,3366,1,1,0,0,0.0
3060,3,4592,1,0,0,0,0.0
3061,6,4285,1,1,0,0,0.0
3062,4,4181,1,1,1,0,0.0
3063,8,1694,1,1,0,0,0.0
3064,5,5080,1,0,0,0,0.0
3065,6,5333,1,1,0,0,237.88
3066,7,5488,1,1,0,0,113.74
3067,8,5833,1,1,0,0,170.07
3068,2,1814,1,0,1,0,50.08
3069,8,3270,1,1,0,0,0.0
3070,1,3006,1,0,0,0,0.0
3071,5,2499,1,1,0,0,0.0
3072,4,2141,1,1,0,0,0.0
3073,8,4735,1,1,1,0,79.96
3074,1,3109,1,0,0,0,0.0
3075,7,2665,1,1,1,0,62.68
3076,3,3034,1,1,0,0,0.0
3077,7,5227,1,1,0,0,0.0
3078,5,4592,1,0,0,0,0.0
3079,7,5430,1,1,0,0,0.0
3080,3,4100,1,0,1,0,478.11
3081,6,1018,1,1,1,1,0.0
3082,6,4447,1,0,0,0,0.0
3083,3,3236,1,0,0,0,0.0
3084,1,3749,1,0,1,0,0.0
3085,2,2852,1,1,0,0,0.0
3086,5,4440,1,1,0,0,0.0
3087,2,3869,1,0,1,1,48.59
3088,8,5427,1,1,1,0,0.0
3089,3,3560,1,1,0,0,0.0
3090,8,4765,1,1,0,0,0.0
3091,3,3877,1,1,0,1,0.0
3092,1,4894,1,1,1,0,150.72
3093,8,5270,1,1,0,0,0.0
3094,6,3021,1,0,0,0,0.0
3095,6,4299,1,0,0,0,0.0
3096,1,5589,1,0,1,0,174.66
3097,6,1803,1,0,0,0,134.18
3098,1,1477,1,1,1,0,0.0
3099,5,5181,1,1,1,1,0.0
3100,3,5023,1,1,1,0,0.0
3101,3,4446,1,0,1,0,0.0
3102,1,3602,1,1,0,1,0.0
3103,1,4907,1,1,1,1,0.0
3104,8,4455,1,0,0,0,0.0
3105,2,1131,1,1,1,0,0.0
3106,4,1295,1,0,0,0,0.0
3107,8,5709,1,1,1,1,0.0
3108,3,3336,1,1,1,0,0.0
3109,8,3651,1,0,0,0,0.0
3110,1,2101,1,1,0,0,98.31
3111,1,3919,1,1,1,0,70.56
3112,5,4609,1,0,0,0,0.0
3113,2,1388,1,0,0,0,0.0
3114,3,1753,1,0,0,0,0.0
3115,7,3540,1,1,0,0,0.0
3116,2,3291,1,1,0,0,0.0
3117,4,4737,1,1,1,0,0.0
3118,3,2371,1,1,0,0,0.0
3119,6,4256,1,1,0,0,0.0
3120,3,5122,1,1,0,0,0.0
3121,6,5298,1,1,0,0,0.0
3122,1,1650,1,0,0,0,0.0
3123,5,3106,1,0,0,1,0.0
3124,4,4380,1,0,0,0,0.0
3125,5,4242,1,1,1,0,0.0
3126,6,1316,1,0,0,0,145.09
3127,5,3138,1,1,0,0,391.57
3128,7,3649,1,0,0,0,0.0
3129,6,4807,1,1,0,0,0.0
3130,4,3917,1,0,0,0,0.0
3131,7,3563,1,1,0,0,0.0
3132,7,5924,1,1,1,0,305.85
3133,2,4555,1,1,1,0,0.0
3134,6,4310,1,1,0,0,0.0
3135,5,5675,1,1,0,1,0.0
3136,2,4029,1,0,0,0,0.0
3137,7,5322,1,1,0,0,200.73
3138,8,5167,1,1,1,0,0.0
3139,8,4929,1,1,0,1,0.0
3140,3,3279,1,0,0,0,0.0
3141,6,3116,1,1,1,1,96.2
3142,3,2265,1,1,0,0,0.0
3143,7,4476,1,1,1,1,0.0
3144,8,3923,1,1,1,0,0.0
3145,1,5167,1,1,0,0,0.0
3146,2,5135,1,0,0,0,0.0
3147,3,4296,1,1,0,0,0.0
3148,1,3410,1,1,0,0,251.75
3149,6,5918,1,1,1,0,0.0
3150,3,3631,1,0,0,0,170.31
3151,5,1244,1,1,0,0,0.0
3152,4,1022,1,0,0,0,0.0
3153,5,1485,1,0,0,0,0.0
3154,4,5601,1,0,1,0,0.0
3155,5,2561,1,0,0,0,474.85
3156,8,5345,1,1,1,0,0.0
3157,5,1641,1,0,0,0,0.0
3158,2,2094,1,1,0,0,0.0
3159,3,4764,1,1,0,1,0.0
3160,8,5854,1,1,0,0,0.0
3161,5,1719,1,1,0,0,0.0
3162,2,5837,1,1,0,0,0.0
3163,7,5082,1,1,0,0,0.0
3164,5,1199,1,1,1,0,0.0
3165,6,4406,1,1,0,0,62.15
3166,3,5803,1,0,0,0,178.6
3167,6,1968,1,0,0,0,0.0
3168,2,4429,1,1,0,1,182.66
3169,7,4700,1,1,0,1,0.0
3170,1,2367,1,1,0,0,0.0
3171,5,1868,1,1,1,0,0.0
3172,3,1277,1,1,0,1,0.0
3173,3,3513,1,1,0,0,0.0
3174,4,2134,1,0,0,0,0.0
3175,8,3692,1,1,0,0,0.0
3176,8,2976,1,0,0,1,0.0
3177,4,1196,1,0,0,0,0.0
3178,7,2572,1,1,1,0,315.2
3179,3,4634,1,1,1,1,0.0
3180,4,2953,1,0,0,0,0.0
3181,8,3746,1,0,0,0,0.0
3182,8,3987,1,1,0,0,0.0
3183,5,1623,1,1,1,0,0.0
3184,2,4419,1,0,1,0,0.0
3185,1,1718,1,1,0,0,0.0
3186,5,5006,1,1,0,1,0.0
3187,8,1352,1,0,1,0,0.0
3188,2,2298,1,1,1,0,0.0
3189,8,4659,1,0,0,0,0.0
3190,8,1189,1,1,1,1,0.0
3191,1,1311,1,1,1,0,0.0
3192,5,2661,1,1,0,1,0.0
3193,1,2220,1,1,1,0,0.0
3194,3,1616,1,1,0,0,0.0
3195,3,5113,1,1,0,0,0.0
3196,8,1751,1,0,0,0,0.0
3197,6,4628,1,1,0,0,0.0
3198,5,5160,1,1,0,0,0.0
3199,3,1864,1,1,1,0,0.0
3200,7,5899,1,0,0,0,111.26
3201,6,3293,1,1,1,0,0.0
3202,7,1948,1,0,0,0,254.25
3203,7,3439,1,0,1,0,0.0
3204,3,5424,1,0,0,0,273.87
3205,3,1520,1,1,0,0,0.0
3206,6,5794,1,1,0,0,0.0
3207,5,5396,1,1,0,0,0.0
3208,4,3913,1,0,1,0,240.92
3209,5,4291,1,1,1,1,284.49
3210,3,5182,1,1,0,0,0.0
3211,3,4588,1,1,0,0,133.88
3212,5,2918,1,0,0,1,0.0
3213,3,2527,1,0,0,0,0.0
3214,3,3411,1,0,1,0,0.0
3215,1,4545,1,1,1,0,0.0
3216,8,4175,1,0,0,0,0.0
3217,6,3940,1,0,0,1,0.0
3218,7,4365,1,0,1,0,0.0
3219,8,5711,1,1,0,0,0.0
3220,8,4518,1,1,0,0,0.0
3221,1,1120,1,1,0,1,0.0
3222,4,4298,1,1,0,1,92.65
3223,1,2188,1,1,0,0,0.0
3224,2,1652,1,0,1,0,0.0
3225,4,1857,1,0,0,0,0.0
3226,6,3091,1,0,0,0,0.0
3227,5,3312,1,1,0,0,432.9
3228,7,5712,1,1,0,1,0.0
3229,1,5929,1,1,1,1,0.0
3230,7,5570,1,1,0,0,0.0
3231,7,4646,1,1,1,0,60.87
3232,6,3577,1,1,0,1,0.0
3233,1,2046,1,1,0,1,0.0
3234,5,2484,1,1,0,0,151.72
3235,4,4343,1,1,0,0,202.62
3236,1,1570,1,1,0,0,0.0
3237,4,2390,1,1,0,0,0.0
3238,5,2576,1,0,0,0,0.0
3239,4,4003,1,1,0,1,0.0
3240,8,4068,1,1,1,0,194.36
3241,7,3025,1,1,0,0,0.0
3242,7,4589,1,0,0,0,0.0
3243,7,1661,1,1,0,0,171.09
3244,1,1128,1,1,0,0,0.0
3245,7,1465,1,1,0,0,676.95
3246,8,5355,1,1,0,1,0.0
3247,6,3491,1,0,0,0,0.0
3248,2,4016,1,0,0,0,0.0
3249,8,1999,1,1,0,0,0.0
3250,6,5859,1,1,1,0,0.0
3251,6,4228,1,1,1,0,0.0
3252,6,5773,1,0,1,1,0.0
3253,2,5894,1,1,1,0,0.0
3254,8,3030,1,1,0,0,641.09
3255,4,1417,1,1,0,0,75.13
3256,6,3001,1,0,0,0,0.0
3257,8,2095,1,1,0,0,0.0
3258,5,2199,1,1,0,0,0.0
3259,2,5222,1,0,0,0,0.0
3260,5,3543,1,1,0,0,0.0
3261,1,3677,1,1,0,0,0.0
3262,7,2211,1,1,1,0,0.0
3263,6,2838,1,1,0,1,0.0
3264,3,5421,1,0,0,1,0.0
3265,3,4624,1,1,0,1,0.0
3266,8,1156,1,0,0,1,0.0
3267,6,1882,1,1,0,0,0.0
3268,1,3486,1,1,0,0,0.0
3269,4,5575,1,1,0,0,152.65
3270,5,1789,1,0,0,1,110.74
3271,1,5337,1,1,0,0,0.0
3272,2,4222,1,1,0,0,185.15
3273,1,2610,1,1,0,1,0.0
3274,3,2891,1,1,0,0,0.0
3275,6,1761,1,1,0,0,0.0
3276,6,2234,1,1,1,0,0.0
3277,3,4467,1,1,1,0,253.15
3278,5,5737,1,1,0,1,0.0
3279,6,4467,1,1,1,0,0.0
3280,6,3464,1,1,1,0,0.0
3281,1,2190,1,0,1,0,0.0
3282,1,5403,1,0,0,0,0.0
3283,2,4886,1,1,1,0,0.0
3284,3,2226,1,0,0,0,37.96
3285,2,1336,1,0,0,0,0.0
3286,3,4399,1,1,0,0,0.0
3287,4,4269,1,1,0,0,0.0
3288,5,4545,1,0,0,0,0.0
3289,4,5585,1,0,0,0,0.0
3290,8,4917,1,1,0,0,0.0
3291,4,3505,1,1,0,0,0.0
3292,6,1275,1,1,0,0,0.0
3293,5,1726,1,1,1,0,0.0
3294,2,5100,1,1,0,0,0.0
3295,7,2620,1,1,0,0,0.0
3296,5,3393,1,0,1,0,0.0
3297,1,5133,1,0,0,0,0.0
3298,4,2469,1,0,0,0,215.63
3299,5,2828,1,1,1,1,0.0
3300,8,1532,1,1,0,0,0.0
3301,8,5073,1,1,0,0,0.0
3302,7,2112,1,1,0,0,188.64
3303,1,2984,1,1,1,0,0.0
3304,5,5960,1,1,0,0,0.0
3305,2,5263,1,1,1,0,326.81
3306,2,4491,1,1,0,0,116.58
3307,1,5493,1,1,0,0,185.27
3308,3,1221,1,1,1,0,0.0
3309,2,2290,1,1,0,0,0.0
3310,4,4169,1,1,1,0,0.0
3311,8,1215,1,0,1,0,73.19
3312,2,3289,1,1,0,0,0.0
3313,5,2742,1,1,1,0,182.14
3314,7,5685,1,0,0,1,0.0
3315,1,5609,1,1,1,0,0.0
3316,5,2933,1,1,0,0,178.37
3317,4,3087,1,0,1,0,0.0
3318,2,5202,1,1,1,0,0.0
3319,4,1582,1,1,0,0,111.08
3320,1,1524,1,1,0,0,0.0
3321,5,3814,1,1,1,1,0.0
3322,6,1895,1,0,1,0,178.23
3323,1,2295,1,1,1,0,0.0
3324,1,4738,1,0,1,0,0.0
3325,7,3949,1,1,0,1,0.0
3326,5,4796,1,1,0,0,131.66
3327,5,4963,1,1,0,0,0.0
3328,3,5237,1,1,0,0,218.01
3329,3,4063,1,0,0,0,0.0
3330,1,2674,1,1,0,0,353.21
3331,6,4121,1,1,0,0,0.0
3332,7,1598,1,0,1,1,0.0
3333,5,3861,1,1,1,0,0.0
3334,1,1134,1,1,0,0,0.0
3335,1,1622,1,0,0,0,296.05
3336,1,4387,1,0,0,0,0.0
3337,8,3386,1,0,0,0,0.0
3338,2,2197,1,1,1,0,0.0
3339,4,2580,1,0,0,0,0.0
3340,5,5379,1,1,0,0,251.31
3341,3,2158,1,1,0,1,0.0
3342,7,4292,1,0,0,0,231.0
3343,2,1145,1,1,0,1,193.74
3344,2,4053,1,0,0,0,0.0
3345,5,5091,1,0,1,0,0.0
3346,4,4464,1,1,1,0,0.0
3347,8,5140,1,1,0,0,0.0
3348,1,1504,1,1,0,0,631.13
3349,5,5773,1,1,0,0,0.0
3350,7,2667,1,1,0,1,0.0
3351,3,5364,1,1,0,1,439.69
3352,1,2888,1,0,0,0,150.4
3353,6,3639,1,0,0,1,0.0
3354,2,2453,1,1,0,0,223.6
3355,6,5006,1,0,0,0,0.0
3356,7,1504,1,1,0,0,0.0
3357,2,2645,1,0,0,0,0.0
3358,2,5863,1,1,0,0,397.71
3359,3,2320,1,1,0,0,0.0
3360,7,1098,1,1,1,1,0.0
3361,5,3368,1,1,1,1,0.0
3362,8,1542,1,1,0,0,0.0
3363,4,4955,1,0,1,1,0.0
3364,2,4219,1,0,1,0,0.0
3365,6,1060,1,0,0,0,0.0
3366,3,2656,1,1,0,0,0.0
3367,6,1563,1,1,0,0,93.94
3368,1,1863,1,0,1,0,0.0
3369,7,4344,1,0,1,0,0.0
3370,8,2961,1,0,0,0,0.0
3371,7,3324,1,1,1,0,0.0
3372,7,3132,1,0,1,0,0.0
3373,6,1925,1,1,0,0,0.0
3374,7,2929,1,1,1,0,0.0
3375,2,3211,1,1,0,0,0.0
3376,2,4888,1,0,1,0,0.0
3377,4,3340,1,0,0,1,0.0
3378,5,1316,1,0,0,0,0.0
3379,1,3099,1,0,1,0,0.0
3380,6,2542,1,0,1,0,243.59
3381,5,1114,1,1,0,1,0.0
3382,6,5745,1,1,0,0,0.0
3383,6,3726,1,1,0,0,0.0
3384,5,2706,1,1,0,0,0.0
3385,4,3100,1,1,0,0,0.0
3386,5,1042,1,1,0,1,0.0
3387,2,2490,1,1,0,1,0.0
3388,2,5961,1,0,0,0,0.0
3389,6,1398,1,1,0,0,0.0
3390,2,2100,1,0,0,1,0.0
3391,4,1247,1,1,1,0,0.0
3392,7,5269,1,0,0,1,0.0
3393,2,1778,1,1,1,0,0.0
3394,4,5374,1,1,1,0,0.0
3395,3,3694,1,1,0,1,321.67
3396,4,2722,1,1,0,0,0.0
3397,2,4658,1,1,1,0,0.0
3398,4,3955,1,1,1,0,0.0
3399,5,5722,1,1,0,0,0.0
3400,2,4622,1,1,1,0,0.0
3401,2,1746,1,1,0,0,0.0
3402,8,4432,1,1,1,0,0.0
3403,5,4486,1,1,1,0,0.0
3404,1,2947,1,1,0,1,427.02
3405,1,5288,1,1,0,0,0.0
3406,5,5317,1,1,1,0,0.0
3407,4,5883,1,1,1,0,0.0
3408,6,3112,1,0,0,0,244.16
3409,3,2365,1,0,1,0,0.0
3410,3,3861,1,1,0,0,0.0
3411,1,4201,1,1,1,0,0.0
3412,8,2746,1,0,0,1,0.0
3413,1,2211,1,1,1,1,0.0
3414,2,4571,1,1,0,0,89.73
3415,6,2443,1,0,0,0,0.0
3416,1,4952,1,1,0,0,0.0
3417,1,2209,1,1,0,0,0.0
3418,7,4783,1,1,0,0,356.33
3419,6,3147,1,1,0,0,0.0
3420,4,3518,1,1,1,0,0.0
3421,3,2706,1,0,1,0,0.0
3422,3,3164,1,1,1,1,449.32
3423,7,2901,1,0,0,0,0.0
3424,7,3325,1,0,0,0,0.0
3425,8,2650,1,1,1,0,0.0
3426,2,3881,1,1,0,0,0.0
3427,8,5623,1,1,0,0,365.23
3428,5,3587,1,1,0,0,0.0
3429,1,5428,1,1,1,0,0.0
3430,4,4724,1,0,0,0,0.0
3431,7,5452,1,0,1,0,92.55
3432,5,3207,1,1,1,1,0.0
3433,4,4269,1,1,0,0,0.0
3434,5,1608,1,1,0,1,0.0
3435,1,1075,1,1,0,0,0.0
3436,4,3773,1,1,0,1,0.0
3437,5,2451,1,1,0,1,84.78
3438,8,5372,1,0,0,0,0.0
3439,5,5211,1,1,0,0,128.55
3440,6,1129,1,1,0,0,0.0
3441,2,1298,1,0,1,0,0.0
3442,3,3691,1,1,0,0,0.0
3443,2,2717,1,0,0,0,0.0
3444,7,1942,1,1,0,1,0.0
3445,7,1180,1,1,1,0,574.51
3446,8,5661,1,1,1,0,0.0
3447,7,5432,1,0,1,0,63.8
3448,8,5136,1,0,0,0,408.48
3449,7,1950,1,1,0,0,0.0
3450,2,1526,1,1,1,0,0.0
3451,5,3639,1,1,0,0,177.94
3452,8,2156,1,1,1,0,0.0
3453,2,3373,1,1,1,0,0.0
3454,1,2962,1,1,0,0,0.0
3455,8,5888,1,0,1,0,0.0
3456,1,3541,1,0,0,0,114.93
3457,2,5757,1,1,0,0,0.0
3458,5,2187,1,1,0,0,0.0
3459,7,1372,1,1,1,0,0.0
3460,4,4060,1,1,0,0,0.0
3461,3,3363,1,1,0,1,0.0
3462,6,3786,1,0,1,0,0.0
3463,1,5857,1,1,0,1,0.0
3464,1,3455,1,1,0,0,0.0
3465,1,5114,1,1,1,1,92.88
3466,5,1814,1,0,0,0,0.0
3467,8,1075,1,0,0,0,154.22
3468,8,5102,1,0,0,0,0.0
3469,2,3159,1,1,0,0,105.1
3470,4,2700,1,1,1,1,0.0
3471,7,3216,1,0,0,0,0.0
3472,1,1073,1,1,0,0,0.0
3473,8,2293,1,1,1,0,0.0
3474,5,3985,1,1,0,0,0.0
3475,3,1035,1,1,0,0,0.0
3476,5,3776,1,0,0,0,106.41
3477,3,2259,1,0,0,1,287.18
3478,3,4262,1,1,1,0,0.0
3479,2,2864,1,1,0,0,177.28
3480,5,5615,1,0,1,0,0.0
3481,6,5042,1,0,0,1,0.0
3482,3,5384,1,1,1,0,0.0
3483,2,4336,1,1,0,0,0.0
3484,1,1111,1,1,1,0,0.0
3485,3,4669,1,1,0,0,436.03
3486,5,3179,1,1,0,0,184.1
3487,6,4082,1,1,0,0,0.0
3488,4,1384,1,0,1,0,0.0
3489,3,1908,1,1,1,0,0.0
3490,7,4601,1,1,0,0,0.0
3491,7,3928,1,1,0,0,0.0
3492,5,5305,1,0,0,1,0.0
3493,5,3778,1,1,0,0,0.0
3494,4,1455,1,1,0,1,0.0
3495,5,4261,1,1,1,0,0.0
3496,6,3754,1,1,0,1,0.0
3497,6,1272,1,1,0,0,0.0
3498,2,3005,1,1,0,0,0.0
3499,3,3405,1,1,1,0,0.0
3500,4,3729,1,1,1,0,0.0
3501,2,2782,1,0,1,0,0.0
3502,4,3282,1,1,0,0,0.0
3503,6,2046,1,0,0,0,0.0
3504,4,1680,1,0,0,0,251.32
3505,2,1282,1,1,0,0,0.0
3506,5,2698,1,0,0,1,0.0
3507,6,2282,1,1,1,0,0.0
3508,1,1774,1,0,1,0,0.0
3509,6,5374,1,1,1,0,54.86
3510,6,1838,1,1,0,0,0.0
3511,5,4489,1,1,0,0,0.0
3512,4,2045,1,1,0,0,0.0
3513,1,3050,1,1,0,0,0.0
3514,7,4587,1,1,1,0,0.0
3515,1,4802,1,0,0,1,0.0
3516,7,1639,1,1,0,0,89.6
3517,7,1586,1,1,1,0,226.91
3518,8,2002,1,0,0,1,0.0
3519,5,1351,1,1,1,0,0.0
3520,4,3065,1,1,0,0,0.0
3521,8,4933,1,0,0,0,0.0
3522,3,4043,1,0,0,0,0.0
3523,8,3999,1,0,0,1,0.0
3524,8,5979,1,1,1,0,0.0
3525,3,1629,1,0,1,1,0.0
3526,8,1106,1,0,0,0,0.0
3527,7,2242,1,1,0,1,148.59
3528,2,4734,1,1,0,1,58.55
3529,3,4060,1,0,1,0,215.64
3530,7,4387,1,1,0,0,0.0
3531,2,5423,1,1,1,0,0.0
3532,8,3985,1,0,0,0,0.0
3533,3,2791,1,1,1,0,0.0
3534,5,5551,1,1,1,0,298.43
3535,5,5309,1,1,0,0,0.0
3536,6,4233,1,1,0,1,0.0
3537,6,3796,1,1,1,0,0.0
3538,8,5688,1,0,0,0,296.11
3539,8,4120,1,0,0,0,0.0
3540,4,4049,1,0,0,0,0.0
3541,4,1263,1,1,0,0,0.0
3542,3,3843,1,0,0,0,0.0
3543,4,1680,1,1,0,0,0.0
3544,4,4730,1,1,1,0,0.0
3545,3,1258,1,0,0,0,0.0
3546,2,3993,1,1,0,0,0.0
3547,3,3811,1,0,0,0,0.0
3548,1,4463,1,1,1,0,0.0
3549,6,2161,1,1,1,0,0.0
3550,5,5792,1,1,0,0,0.0
3551,1,1753,1,1,0,0,0.0
3552,4,5584,1,1,1,0,384.63
3553,4,1250,1,1,0,0,0.0
3554,4,4402,1,0,1,0,169.46
3555,5,1072,1,1,0,0,117.69
3556,6,2107,1,1,0,0,0.0
3557,6,3003,1,1,0,0,0.0
3558,3,3130,1,0,1,0,0.0
3559,6,1139,1,1,0,0,0.0
3560,8,4059,1,1,0,0,0.0
3561,7,4672,1,0,0,1,0.0
3562,5,5969,1,0,0,0,47.88
3563,2,4764,1,1,1,0,0.0
3564,3,5281,1,1,1,0,583.25
3565,7,1822,1,0,0,1,422.34
3566,1,2639,1,0,1,0,0.0
3567,8,5021,1,1,0,0,0.0
3568,1,2180,1,1,1,1,0.0
3569,8,4899,1,1,0,0,0.0
3570,4,4329,1,0,1,1,0.0
3571,2,4059,1,0,0,0,0.0
3572,6,1718,1,0,0,0,381.9
3573,4,4543,1,0,0,0,0.0
3574,1,3061,1,1,0,0,0.0
3575,4,5631,1,0,0,0,325.22
3576,6,1811,1,1,0,0,96.9
3577,6,1467,1,0,1,1,0.0
3578,5,4235,1,1,0,0,0.0
3579,7,2193,1,0,0,0,337.74
3580,8,2615,1,0,0,0,0.0
3581,4,2137,1,0,0,0,106.25
3582,1,5758,1,1,0,0,223.66
3583,8,5158,1,1,1,0,0.0
3584,6,3091,1,0,0,1,237.53
3585,1,5338,1,0,0,1,0.0
3586,2,1835,1,0,1,0,717.92
3587,1,3784,1,0,0,1,0.0
3588,3,5648,1,0,1,1,0.0
3589,2,5402,1,1,0,0,0.0
3590,5,5159,1,1,0,0,89.45
3591,1,3021,1,0,1,0,80.21
3592,1,3344,1,1,0,0,0.0
3593,2,4792,1,1,1,0,0.0
3594,5,3561,1,0,1,0,0.0
3595,8,1273,1,0,0,1,0.0
3596,5,2032,1,1,1,1,80.44
3597,7,5536,1,1,0,1,0.0
3598,7,3901,1,0,1,0,66.13
3599,7,1443,1,0,1,0,0.0
3600,4,5253,1,0,0,1,1209.98
3601,1,5960,1,1,1,0,0.0
3602,2,2795,1,1,1,0,0.0
3603,5,5525,1,1,0,0,0.0
3604,1,3609,1,1,0,0,0.0
3605,3,2942,1,0,0,0,0.0
3606,1,2533,1,0,0,0,0.0
3607,7,1905,1,1,0,0,0.0
3608,3,4110,1,1,0,0,0.0
3609,6,4101,1,1,0,1,0.0
3610,5,1346,1,0,0,0,0.0
3611,6,5522,1,1,1,0,0.0
3612,2,4812,1,1,0,1,181.53
3613,6,2301,1,1,0,1,0.0
3614,6,3894,1,1,0,0,0.0
3615,6,2574,1,0,0,1,0.0
3616,5,5313,1,1,0,0,0.0
3617,6,4147,1,1,1,0,0.0
3618,1,5880,1,0,1,0,0.0
3619,4,4478,1,1,0,0,0.0
3620,4,1424,1,1,0,0,0.0
3621,2,4710,1,0,1,0,0.0
3622,7,4634,1,1,0,0,0.0
3623,6,2790,1,1,1,0,0.0
3624,4,4385,1,1,1,0,67.88
3625,1,4807,1,1,0,0,0.0
3626,8,4098,1,1,0,0,0.0
3627,4,3955,1,1,0,0,0.0
3628,4,3838,1,1,0,0,0.0
3629,1,4177,1,1,0,0,0.0
3630,1,3405,1,0,1,0,0.0
3631,4,4721,1,1,0,0,0.0
3632,1,5382,1,1,1,0,0.0
3633,7,2462,1,1,0,0,0.0
3634,3,2442,1,1,0,0,0.0
3635,5,5677,1,1,0,0,0.0
3636,5,4705,1,0,0,0,0.0
3637,4,1070,1,1,0,0,0.0
3638,3,5177,1,1,0,1,0.0
3639,3,4558,1,1,0,0,181.62
3640,2,5781,1,1,1,0,507.61
3641,5,2361,1,0,0,0,0.0
3642,2,1510,1,1,0,0,0.0
3643,3,5974,1,0,0,0,0.0
3644,7,3028,1,1,1,1,0.0
3645,8,3680,1,1,1,0,0.0
3646,2,3959,1,1,0,1,0.0
3647,2,5908,1,1,0,0,0.0
3648,4,3293,1,0,0,0,0.0
3649,2,2474,1,1,0,0,216.62
3650,1,1567,1,0,1,0,229.55
3651,8,5378,1,1,0,0,536.91
3652,3,2537,1,1,0,0,207.4
3653,7,1846,1,1,0,0,0.0
3654,4,3773,1,1,0,1,0.0
3655,4,3644,1,0,0,0,0.0
3656,3,2047,1,1,1,1,0.0
3657,3,5852,1,1,0,0,0.0
3658,7,5956,1,0,0,1,0.0
3659,1,4074,1,1,0,0,0.0
3660,5,5391,1,0,1,0,140.01
3661,8,2520,1,0,0,0,0.0
3662,7,3757,1,0,0,0,0.0
3663,6,5839,1,1,1,0,0.0
3664,2,4778,1,1,0,0,0.0
3665,6,5575,1,1,1,0,0.0
3666,4,3071,1,1,0,0,0.0
3667,1,1187,1,0,1,0,0.0
3668,8,3986,1,0,0,0,0.0
3669,2,4402,1,1,0,0,0.0
3670,7,4561,1,0,0,0,0.0
3671,2,4562,1,1,0,0,293.08
3672,6,1352,1,1,0,0,132.19
3673,3,5592,1,1,0,0,0.0
3674,4,2736,1,1,1,0,100.59
3675,6,5971,1,1,0,0,0.0
3676,3,3825,1,1,0,0,0.0
3677,1,1109,1,1,1,0,236.61
3678,1,4126,1,1,0,0,0.0
3679,8,3859,1,1,0,0,0.0
3680,8,1352,1,1,1,0,0.0
3681,7,1030,1,1,0,0,74.73
3682,2,4186,1,1,0,1,0.0
3683,4,4374,1,1,0,0,105.87
3684,6,3764,1,1,0,0,266.66
3685,1,3127,1,1,0,0,0.0
3686,8,1300,1,1,0,0,0.0
3687,1,3304,1,0,0,1,0.0
3688,3,1367,1,1,0,0,371.16
3689,5,3901,1,1,0,0,437.62
3690,4,5973,1,1,1,1,0.0
3691,1,2825,1,1,0,0,268.02
3692,8,5922,1,1,0,0,65.41
3693,1,2311,1,1,1,0,0.0
3694,1,2007,1,0,0,0,0.0
3695,6,4101,1,0,0,0,0.0
3696,2,3496,1,1,0,0,0.0
3697,1,5442,1,1,0,1,199.29
3698,8,1079,1,1,0,0,25.99
3699,3,4644,1,0,0,1,202.11
3700,8,2065,1,1,0,1,0.0
3701,4,1538,1,0,0,0,0.0
3702,4,3536,1,1,1,0,0.0
3703,4,1395,1,1,0,0,0.0
3704,1,2788,1,1,0,0,0.0
3705,6,5370,1,1,0,0,0.0
3706,7,5316,1,1,0,0,185.88
3707,8,1599,1,1,0,0,0.0
3708,4,5042,1,0,1,1,0.0
3709,2,4827,1,0,0,0,0.0
3710,3,1302,1,0,0,0,0.0
3711,6,3414,1,1,0,0,0.0
3712,1,2215,1,0,1,0,0.0
3713,1,5191,1,1,1,0,0.0
3714,4,1960,1,0,1,0,69.39
3715,3,1624,1,1,0,0,0.0
3716,5,3967,1,1,0,1,0.0
3717,1,2274,1,0,0,0,0.0
3718,8,2149,1,1,0,0,0.0
3719,8,2351,1,0,1,0,0.0
3720,2,5853,1,1,0,0,0.0
3721,4,2020,1,1,0,0,0.0
3722,6,4012,1,1,1,0,0.0
3723,3,1269,1,1,1,0,0.0
3724,2,5445,1,0,0,0,0.0
3725,5,3989,1,1,0,0,0.0
3726,1,2077,1,0,0,1,0.0
3727,5,5215,1,1,0,1,0.0
3728,6,3695,1,1,1,0,0.0
3729,4,4564,1,1,1,0,0.0
3730,5,5943,1,0,0,0,0.0
3731,7,4208,1,1,1,0,0.0
3732,1,1028,1,1,1,0,0.0
3733,3,2734,1,1,1,0,298.7
3734,5,2333,1,1,0,0,0.0
3735,3,5477,1,0,1,0,0.0
3736,1,4798,1,0,1,0,0.0
3737,3,3527,1,0,0,0,811.31
3738,4,2829,1,1,0,0,0.0
3739,8,1635,1,1,0,0,0.0
3740,6,5579,1,0,0,1,0.0
3741,6,4613,1,1,0,0,0.0
3742,8,1230,1,1,0,0,0.0
3743,8,3354,1,0,1,0,0.0
3744,5,4470,1,1,1,0,0.0
3745,5,5712,1,1,1,1,388.49
3746,1,1423,1,0,0,0,233.1
3747,4,3326,1,1,1,0,233.24
3748,6,3400,1,1,1,0,0.0
3749,1,3110,1,1,0,0,0.0
3750,5,1188,1,1,1,1,0.0
3751,3,1969,1,0,0,0,0.0
3752,5,5035,1,1,0,0,167.0
3753,6,3843,1,1,0,0,0.0
3754,7,2359,1,1,1,0,0.0
3755,6,5328,1,1,0,1,0.0
3756,8,3593,1,0,0,0,0.0
3757,7,2525,1,1,0,0,0.0
3758,5,2816,1,1,0,0,205.47
3759,3,3660,1,0,0,0,0.0
3760,5,5124,1,1,0,0,0.0
3761,4,3730,1,0,1,0,0.0
3762,5,1720,1,0,0,0,0.0
3763,3,4270,1,1,0,0,0.0
3764,1,4763,1,0,0,0,0.0
3765,3,1228,1,1,1,0,0.0
3766,2,2415,1,0,1,0,0.0
3767,3,2438,1,0,1,0,0.0
3768,8,3404,1,1,0,0,0.0
3769,8,1525,1,1,0,0,0.0
3770,5,1766,1,1,1,0,0.0
3771,3,2440,1,1,1,1,0.0
3772,7,1708,1,0,0,0,63.1
3773,7,1290,1,0,1,0,0.0
3774,8,4639,1,0,1,0,0.0
3775,3,1380,1,1,0,1,0.0
3776,5,4407,1,0,0,0,0.0
3777,3,2405,1,1,0,0,0.0
3778,7,4642,1,1,0,0,0.0
3779,4,3217,1,1,1,0,0.0
3780,1,3682,1,0,0,0,325.42
3781,1,2611,1,0,0,0,0.0
3782,4,4520,1,1,1,0,0.0
3783,6,4610,1,1,1,0,0.0
3784,5,1552,1,0,0,0,0.0
3785,7,4940,1,0,0,0,0.0
3786,8,1214,1,1,1,1,0.0
3787,6,5153,1,0,0,1,0.0
3788,3,1503,1,0,0,0,0.0
3789,3,4747,1,1,0,0,0.0
3790,6,1004,1,1,0,0,0.0
3791,2,4954,1,1,1,0,0.0
3792,8,3397,1,0,0,0,0.0
3793,2,3674,1,1,0,0,0.0
3794,7,5291,1,0,0,0,86.65
3795,8,3574,1,1,0,0,0.0
3796,6,1882,1,0,0,1,0.0
3797,2,3483,1,1,0,0,0.0
3798,4,1509,1,1,1,1,0.0
3799,2,3518,1,0,0,0,0.0
3800,3,1328,1,0,0,0,0.0
3801,6,5139,1,1,1,0,0.0
3802,2,4806,1,1,0,1,0.0
3803,3,1693,1,1,0,0,0.0
3804,3,4825,1,0,1,0,0.0
3805,4,4578,1,1,0,0,0.0
3806,4,5088,1,1,0,0,0.0
3807,1,4507,1,1,0,0,0.0
3808,3,4263,1,1,0,0,0.0
3809,2,4440,1,1,0,1,0.0
3810,4,1494,1,0,1,0,167.37
3811,5,1804,1,0,0,0,0.0
3812,1,3493,1,0,0,1,0.0
3813,3,2647,1,0,1,0,0.0
3814,3,2298,1,0,0,0,0.0
3815,5,5167,1,1,0,1,0.0
3816,4,3760,1,1,0,0,0.0
3817,5,2989,1,1,1,0,288.73
3818,3,4224,1,0,0,0,0.0
3819,3,1719,1,1,0,0,61.0
3820,5,5704,1,0,1,1,0.0
3821,3,3618,1,1,0,0,0.0
3822,5,2867,1,1,0,0,0.0
3823,7,5909,1,0,0,0,299.23
3824,5,5798,1,1,0,0,0.0
3825,7,4787,1,1,0,0,0.0
3826,1,4498,1,0,1,0,0.0
3827,4,1695,1,1,1,0,118.17
3828,2,3832,1,1,0,0,0.0
3829,8,3456,1,0,1,0,0.0
3830,3,4999,1,1,0,0,0.0
3831,5,4751,1,1,0,0,0.0
3832,2,1729,1,1,0,1,0.0
3833,3,4416,1,1,1,0,0.0
3834,1,5069,1,1,0,0,0.0
3835,6,1743,1,1,0,0,0.0
3836,5,5880,1,0,0,1,99.2
3837,7,3460,1,0,1,0,0.0
3838,8,2828,1,1,0,0,0.0
3839,5,2308,1,1,0,0,147.3
3840,3,2201,1,1,0,0,546.5
3841,2,2118,1,1,0,0,0.0
3842,1,3961,1,1,0,0,0.0
3843,3,3823,1,0,0,0,0.0
3844,8,2417,1,1,0,0,96.74
3845,1,2473,1,0,0,0,0.0
3846,7,1785,1,1,0,0,0.0
3847,3,4091,1,1,1,0,0.0
3848,8,2824,1,0,1,0,0.0
3849,1,3460,1,1,0,0,198.36
3850,7,3380,1,0,0,1,0.0
3851,7,4865,1,0,0,0,0.0
3852,1,2249,1,1,0,0,0.0
3853,2,1939,1,1,1,0,0.0
3854,8,3081,1,1,0,0,190.72
3855,2,1253,1,1,0,1,0.0
3856,7,4561,1,0,0,0,0.0
3857,1,5629,1,0,0,0,0.0
3858,7,4130,1,0,1,0,0.0
3859,6,3911,1,1,0,1,0.0
3860,4,3602,1,1,0,0,0.0
3861,3,4742,1,0,0,0,0.0
3862,7,5239,1,0,0,0,0.0
3863,7,4583,1,0,1,0,0.0
3864,8,5782,1,0,1,0,209.04
3865,8,3298,1,1,0,0,439.9
3866,7,3337,1,1,0,0,0.0
3867,5,3282,1,1,1,0,340.6
3868,5,1808,1,1,0,0,0.0
3869,3,4792,1,0,1,0,117.21
3870,8,5814,1,1,0,1,0.0
3871,3,5443,1,1,1,1,0.0
3872,8,4725,1,0,0,1,0.0
3873,5,1303,1,0,0,0,0.0
3874,2,3179,1,0,0,0,0.0
3875,4,1443,1,1,0,0,0.0
3876,8,2454,1,1,0,0,308.7
3877,2,1345,1,1,1,1,490.09
3878,7,4177,1,1,1,0,0.0
3879,2,4241,1,1,0,0,0.0
3880,3,2475,1,0,1,0,0.0
3881,7,4544,1,1,0,0,371.61
3882,3,2301,1,1,1,0,0.0
3883,3,5015,1,1,1,1,0.0
3884,1,2698,1,1,0,0,0.0
3885,2,1709,1,0,0,0,0.0
3886,1,5261,1,1,0,0,0.0
3887,7,1662,1,1,1,0,0.0
3888,6,4343,1,0,1,0,223.38
3889,2,3071,1,0,1,1,200.69
3890,6,3643,1,0,1,0,0.0
3891,5,3716,1,1,1,0,0.0
3892,6,2229,1,0,0,0,0.0
3893,2,3374,1,1,1,0,0.0
3894,4,2059,1,1,0,0,0.0
3895,8,1469,1,1,0,0,618.15
3896,4,4718,1,1,0,0,0.0
3897,7,4151,1,1,0,1,0.0
3898,6,1461,1,0,0,0,0.0
3899,1,2822,1,1,0,0,0.0
3900,5,3927,1,1,0,1,0.0
3901,8,2672,1,1,0,0,0.0
3902,3,2840,1,1,0,0,0.0
3903,6,2035,1,1,0,1,0.0
3904,2,5995,1,1,1,1,377.93
3905,8,4642,1,0,0,0,0.0
3906,3,4112,1,1,0,0,0.0
3907,6,3412,1,0,0,1,0.0
3908,7,1523,1,0,1,0,0.0
3909,5,5403,1,0,0,1,152.77
3910,4,2500,1,0,0,0,266.57
3911,2,3967,1,0,1,0,0.0
3912,3,4415,1,1,0,0,0.0
3913,7,3394,1,0,0,0,0.0
3914,1,2974,1,1,0,1,0.0
3915,7,2122,1,1,0,0,0.0
3916,6,2607,1,1,1,0,136.92
3917,1,3722,1,1,0,1,0.0
3918,4,2026,1,1,0,0,0.0
3919,7,5189,1,1,0,0,0.0
3920,6,3681,1,1,1,1,0.0
3921,6,2206,1,1,0,0,162.1
3922,5,1142,1,1,0,0,0.0
3923,4,3917,1,1,1,0,242.18
3924,6,5573,1,0,1,1,0.0
3925,6,4013,1,1,0,0,194.17
3926,1,4105,1,0,0,0,0.0
3927,7,1879,1,0,1,1,0.0
3928,6,3779,1,0,0,0,0.0
3929,5,5634,1,1,1,0,0.0
3930,1,3106,1,1,0,1,0.0
3931,5,4677,1,0,0,0,0.0
3932,1,3530,1,1,1,0,0.0
3933,5,4721,1,1,0,0,0.0
3934,1,1116,1,1,1,1,0.0
3935,7,5606,1,1,0,0,0.0
3936,2,1090,1,0,0,0,0.0
3937,6,4804,1,1,0,1,0.0
3938,3,2002,1,0,0,0,122.01
3939,3,2901,1,1,0,1,0.0
3940,4,5690,1,1,1,0,0.0
3941,5,5898,1,1,1,0,0.0
3942,8,3244,1,1,0,1,0.0
3943,4,4532,1,1,1,0,0.0
3944,4,1390,1,0,1,0,0.0
3945,6,4098,1,1,1,0,0.0
3946,8,4099,1,1,0,0,0.0
3947,3,3795,1,0,0,0,0.0
3948,2,3876,1,0,0,0,193.74
3949,2,1293,1,1,0,0,0.0
3950,6,2358,1,1,0,0,0.0
3951,8,2321,1,0,0,0,0.0
3952,1,1691,1,0,0,0,635.04
3953,1,3430,1,1,0,1,210.46
3954,8,5498,1,0,1,0,0.0
3955,1,1335,1,0,1,0,0.0
3956,4,1912,1,1,0,0,386.38
3957,6,4306,1,1,0,0,0.0
3958,3,1526,1,0,0,0,0.0
3959,2,4726,1,1,0,1,0.0
3960,2,5449,1,0,0,1,338.34
3961,5,1988,1,1,0,0,311.96
3962,2,5137,1,1,1,0,0.0
3963,2,3030,1,1,1,0,0.0
3964,4,4963,1,0,1,0,0.0
3965,3,2006,1,1,1,0,0.0
3966,6,3169,1,0,0,0,0.0
3967,7,3855,1,1,0,1,0.0
3968,3,2371,1,1,0,1,474.54
3969,3,3192,1,1,0,0,0.0
3970,1,3085,1,1,0,0,0.0
3971,6,5000,1,1,0,0,0.0
3972,4,1305,1,0,0,0,0.0
3973,6,3084,1,0,1,0,0.0
3974,6,5699,1,1,0,0,0.0
3975,7,5815,1,1,0,0,250.07
3976,8,4756,1,1,0,0,0.0
3977,1,4569,1,1,1,0,0.0
3978,3,2616,1,1,0,0,361.51
3979,4,2647,1,0,0,0,0.0
3980,5,3172,1,1,1,0,531.29
3981,3,4514,1,1,1,0,0.0
3982,8,5987,1,0,0,0,0.0
3983,8,2338,1,1,1,0,0.0
3984,7,2954,1,0,0,1,0.0
3985,5,5020,1,1,0,0,83.1
3986,3,4475,1,1,0,0,0.0
3987,5,5465,1,1,0,0,0.0
3988,4,3603,1,1,0,0,0.0
3989,6,5341,1,0,0,0,0.0
3990,4,3290,1,1,0,1,0.0
3991,8,3143,1,0,0,0,0.0
3992,6,3167,1,1,1,0,0.0
3993,5,2530,1,0,1,0,0.0
3994,3,1237,1,1,0,0,0.0
3995,4,4198,1,1,1,0,0.0
3996,5,4462,1,1,0,0,0.0
3997,5,5551,1,1,0,1,449.38
3998,1,4433,1,1,0,0,0.0
3999,4,2634,1,1,1,0,0.0
4000,7,4028,1,1,0,0,0.0
4001,2,5196,1,1,1,0,0.0
4002,6,2435,1,0,1,0,0.0
4003,2,1539,1,1,0,0,0.0
4004,5,2141,1,1,1,0,0.0
4005,6,1946,1,1,0,0,0.0
4006,3,4096,1,0,0,0,106.88
4007,8,4915,1,0,0,0,0.0
4008,1,5486,1,0,0,1,0.0
4009,1,5997,1,1,0,0,0.0
4010,5,3673,1,1,0,0,0.0
4011,1,3195,1,0,0,0,0.0
4012,1,4227,1,1,0,0,270.92
4013,4,4215,1,1,1,0,49.33
4014,7,5913,1,1,1,1,0.0
4015,8,2885,1,1,1,0,0.0
4016,2,5649,1,1,0,0,0.0
4017,1,1690,1,1,0,0,223.01
4018,7,5376,1,0,0,1,0.0
4019,4,3765,1,0,1,1,93.38
4020,1,2465,1,1,0,0,122.43
4021,5,5248,1,1,0,0,0.0
4022,4,1908,1,1,0,0,0.0
4023,7,1546,1,1,0,0,0.0
4024,7,2485,1,1,0,0,0.0
4025,4,3329,1,1,0,0,0.0
4026,1,3956,1,0,1,0,150.7
4027,7,4797,1,1,1,0,0.0
4028,3,5632,1,1,0,0,0.0
4029,1,5983,1,1,0,1,0.0
4030,3,4403,1,0,0,0,0.0
4031,8,4938,1,0,0,0,0.0
4032,7,1274,1,1,0,0,0.0
4033,6,4371,1,1,0,0,0.0
4034,7,3031,1,0,0,0,0.0
4035,4,5748,1,1,0,0,241.62
4036,8,3145,1,1,1,0,44.85
4037,8,1088,1,1,0,0,0.0
4038,1,2569,1,0,0,1,0.0
4039,7,4212,1,1,0,1,0.0
4040,1,2032,1,1,0,0,0.0
4041,4,2729,1,1,0,0,205.44
4042,4,2935,1,0,0,0,0.0
4043,7,5653,1,1,0,0,0.0
4044,2,2581,1,1,0,1,0.0
4045,8,5410,1,1,0,1,0.0
4046,2,1719,1,1,0,0,120.97
4047,5,1349,1,1,0,0,0.0
4048,7,2533,1,1,1,0,0.0
4049,5,4203,1,1,0,0,0.0
4050,4,5012,1,1,0,1,0.0
4051,3,2986,1,0,0,0,272.52
4052,4,4192,1,0,0,0,0.0
4053,8,5653,1,0,0,0,0.0
4054,2,2168,1,1,0,0,0.0
4055,1,4026,1,1,1,0,0.0
4056,1,1286,1,1,0,0,48.92
4057,2,3035,1,1,0,0,0.0
4058,1,2781,1,1,0,0,0.0
4059,5,5711,1,1,1,0,0.0
4060,6,2290,1,1,0,0,0.0
4061,1,5419,1,1,0,0,0.0
4062,5,2472,1,1,1,0,258.02
4063,6,5758,1,1,0,0,0.0
4064,4,2723,1,1,0,0,0.0
4065,8,1427,1,1,0,0,0.0
4066,7,2675,1,0,0,0,187.59
4067,4,2807,1,1,0,1,0.0
4068,2,3954,1,0,0,1,0.0
4069,4,4274,1,1,0,1,0.0
4070,2,5715,1,0,1,0,199.53
4071,8,2344,1,1,0,0,0.0
4072,7,2075,1,1,0,1,0.0
4073,8,5574,1,1,0,0,0.0
4074,4,2401,1,0,1,0,0.0
4075,3,5546,1,1,0,0,0.0
4076,8,1143,1,0,0,0,273.9
4077,6,1747,1,0,0,0,0.0
4078,4,2120,1,1,0,1,0.0
4079,1,2042,1,1,0,0,243.74
4080,6,2613,1,1,1,0,0.0
4081,8,4165,1,1,0,1,126.34
4082,2,1048,1,0,0,0,290.19
4083,3,2923,1,1,0,0,0.0
4084,1,3263,1,0,1,0,0.0
4085,2,5966,1,0,0,1,0.0
4086,4,2301,1,1,1,0,0.0
4087,5,2666,1,1,0,0,193.35
4088,6,2296,1,0,0,0,0.0
4089,7,2347,1,1,1,0,0.0
4090,1,4413,1,1,0,1,0.0
4091,8,2449,1,1,1,1,0.0
4092,5,3157,1,1,1,1,0.0
4093,1,5655,1,1,1,0,173.19
4094,7,3937,1,1,0,1,0.0
4095,8,4436,1,1,0,0,0.0
4096,2,4920,1,0,1,0,0.0
4097,6,3914,1,0,0,0,0.0
4098,2,1964,1,1,0,1,780.61
4099,2,3510,1,0,0,1,0.0
4100,7,3685,1,1,1,0,0.0
4101,4,3827,1,0,0,0,0.0
4102,2,5621,1,0,0,0,0.0
4103,2,3177,1,1,0,0,0.0
4104,4,1631,1,1,0,0,0.0
4105,2,5048,1,1,1,1,0.0
4106,4,2083,1,1,1,0,0.0
4107,4,1371,1,1,0,0,0.0
4108,3,3648,1,1,0,1,0.0
4109,7,4799,1,0,1,0,0.0
4110,8,1092,1,1,0,0,0.0
4111,8,5396,1,0,0,0,98.25
4112,6,1017,1,1,1,1,0.0
4113,1,4841,1,1,1,0,0.0
4114,6,2325,1,1,1,0,0.0
4115,2,4246,1,1,0,0,0.0
4116,7,1590,1,0,0,1,0.0
4117,6,5382,1,1,0,0,0.0
4118,5,4134,1,0,0,0,0.0
4119,1,5718,1,1,0,1,0.0
4120,3,4889,1,0,0,0,0.0
4121,7,2379,1,1,0,1,0.0
4122,1,4234,1,1,1,0,0.0
4123,7,1529,1,0,0,0,0.0
4124,1,5504,1,0,0,0,0.0
4125,6,3142,1,0,1,0,87.18
4126,5,2278,1,0,0,0,0.0
4127,2,1466,1,1,0,0,0.0
4128,6,3369,1,1,0,0,524.22
4129,2,3551,1,1,0,0,0.0
4130,8,2787,1,1,1,0,0.0
4131,3,3915,1,0,0,0,0.0
4132,1,1832,1,1,1,0,0.0
4133,7,4158,1,1,0,0,0.0
4134,1,5992,1,1,0,0,0.0
4135,7,2983,1,0,0,0,0.0
4136,7,4083,1,0,1,1,0.0
4137,5,4823,1,1,0,0,829.01
4138,3,3229,1,1,0,0,0.0
4139,7,5670,1,0,1,0,0.0
4140,6,1334,1,1,0,0,0.0
4141,7,1045,1,0,0,0,0.0
4142,2,5100,1,1,1,0,0.0
4143,4,3520,1,1,0,0,0.0
4144,6,1924,1,1,0,0,0.0
4145,8,3611,1,0,0,0,0.0
4146,8,3753,1,1,0,0,0.0
4147,5,1186,1,1,1,0,0.0
4148,7,4659,1,1,0,0,0.0
4149,1,4562,1,0,1,0,0.0
4150,7,2250,1,0,0,0,0.0
4151,8,3426,1,1,0,1,0.0
4152,1,2169,1,0,1,0,194.46
4153,2,5349,1,1,1,1,0.0
4154,7,5775,1,1,1,0,0.0
4155,8,4238,1,1,1,0,0.0
4156,2,2731,1,1,0,1,468.69
4157,3,3395,1,1,1,0,0.0
4158,5,5244,1,1,0,0,0.0
4159,5,5768,1,0,0,0,0.0
4160,8,4670,1,0,0,0,0.0
4161,1,2761,1,1,0,0,0.0
4162,5,3739,1,1,0,0,0.0
4163,5,2232,1,1,0,0,0.0
4164,4,1941,1,0,1,0,0.0
4165,2,1400,1,1,0,0,161.64
4166,6,2275,1,0,0,0,0.0
4167,1,2415,1,1,0,0,0.0
4168,1,3981,1,0,0,0,0.0
4169,5,1921,1,0,0,0,0.0
4170,6,3224,1,1,0,0,0.0
4171,5,3607,1,1,0,0,0.0
4172,8,4229,1,0,0,0,0.0
4173,5,4295,1,1,0,0,0.0
4174,6,1254,1,1,0,0,0.0
4175,4,4946,1,0,1,0,0.0
4176,3,4714,1,1,1,0,0.0
4177,4,3600,1,1,0,0,0.0
4178,3,1142,1,0,0,0,0.0
4179,3,1237,1,0,0,0,0.0
4180,5,3594,1,1,0,0,0.0
4181,8,3282,1,1,0,0,0.0
4182,8,3920,1,0,0,0,0.0
4183,1,5092,1,0,0,0,0.0
4184,8,2229,1,1,1,0,0.0
4185,7,4301,1,1,1,0,0.0
4186,5,1576,1,1,0,0,0.0
4187,8,4229,1,1,1,0,0.0
4188,6,2991,1,0,0,0,163.68
4189,8,1069,1,0,0,1,114.88
4190,8,5610,1,1,1,0,0.0
4191,4,2688,1,1,0,0,0.0
4192,1,1561,1,0,0,0,0.0
4193,7,1147,1,1,0,0,77.94
4194,6,2900,1,1,0,0,0.0
4195,7,4664,1,1,0,0,0.0
4196,8,2092,1,0,0,0,130.02
4197,2,4276,1,0,1,1,235.06
4198,5,5357,1,1,0,0,0.0
4199,3,3301,1,0,1,0,0.0
4200,8,3052,1,0,0,0,0.0
4201,7,2825,1,0,1,0,0.0
4202,4,2755,1,1,0,0,188.0
4203,6,3925,1,0,0,0,0.0
4204,8,3070,1,1,0,0,0.0
4205,8,1069,1,1,0,0,0.0
4206,6,5616,1,1,0,0,0.0
4207,5,3506,1,1,0,0,0.0
4208,8,1296,1,1,0,0,0.0
4209,2,2592,1,0,0,0,0.0
4210,7,3042,1,0,0,0,211.25
4211,5,5232,1,0,0,1,0.0
4212,5,4502,1,1,1,0,61.23
4213,1,1010,1,1,0,0,0.0
4214,8,5074,1,0,0,0,0.0
4215,7,5327,1,1,1,0,0.0
4216,3,1951,1,0,0,0,0.0
4217,8,3793,1,1,0,1,86.35
4218,1,4037,1,0,0,0,0.0
4219,7,3331,1,0,1,0,0.0
4220,7,2778,1,1,1,0,0.0
4221,7,5997,1,1,1,0,0.0
4222,5,3469,1,1,0,0,0.0
4223,6,1585,1,1,1,0,0.0
4224,8,2345,1,1,0,0,0.0
4225,8,1639,1,0,0,1,63.33
4226,8,5711,1,0,1,1,0.0
4227,7,2349,1,0,0,1,158.31
4228,4,3302,1,1,0,0,129.73
4229,6,2563,1,1,0,0,238.82
4230,4,2657,1,0,0,0,0.0
4231,2,3334,1,1,0,0,0.0
4232,6,5594,1,0,0,1,0.0
4233,1,1036,1,1,0,0,180.94
4234,6,5737,1,0,0,0,0.0
4235,6,1258,1,1,1,0,0.0
4236,4,5001,1,1,0,0,0.0
4237,2,1825,1,0,1,0,0.0
4238,1,3622,1,1,1,0,266.73
4239,1,3270,1,0,0,1,193.31
4240,1,5271,1,1,1,0,0.0
4241,2,2481,1,0,0,0,0.0
4242,8,4228,1,1,0,0,0.0
4243,8,2621,1,1,0,0,0.0
4244,1,4743,1,1,1,0,0.0
4245,4,1601,1,0,0,0,0.0
4246,7,1858,1,1,0,0,411.27
4247,7,3971,1,0,0,0,0.0
4248,7,1002,1,0,0,0,0.0
4249,4,3237,1,1,0,0,0.0
4250,1,1811,1,1,0,0,0.0
4251,6,4788,1,1,0,1,0.0
4252,8,5163,1,0,1,0,0.0
4253,2,3521,1,1,1,0,0.0
4254,7,1881,1,1,0,1,0.0
4255,8,4560,1,0,0,0,0.0
4256,8,3399,1,1,1,0,56.99
4257,5,4298,1,0,0,0,254.85
4258,1,1095,1,1,0,0,0.0
4259,1,1120,1,0,0,0,90.95
4260,6,1452,1,1,0,1,0.0
4261,7,5499,1,1,1,1,0.0
4262,8,4839,1,0,0,0,0.0
4263,5,5360,1,0,1,0,0.0
4264,3,2731,1,1,0,0,0.0
4265,1,1882,1,0,0,0,0.0
4266,7,1024,1,0,0,0,0.0
4267,2,1874,1,0,0,0,281.46
4268,8,4765,1,1,0,0,0.0
4269,1,3410,1,1,0,0,136.82
4270,5,4420,1,1,1,1,0.0
4271,4,2063,1,1,1,0,0.0
4272,7,1968,1,0,1,1,0.0
4273,5,4974,1,0,1,0,0.0
4274,4,2267,1,1,1,0,65.79
4275,6,1771,1,1,1,0,0.0
4276,1,2761,1,0,1,0,0.0
4277,4,1381,1,1,1,0,0.0
4278,8,2951,1,1,1,0,46.22
4279,8,2051,1,1,0,1,0.0
4280,1,5865,1,1,0,0,0.0
4281,5,3028,1,0,0,0,0.0
4282,5,4844,1,0,0,0,0.0
4283,2,2887,1,1,0,0,0.0
4284,4,3031,1,0,1,0,0.0
4285,8,1842,1,1,0,0,0.0
4286,8,5673,1,1,0,0,0.0
4287,5,1900,1,0,1,0,0.0
4288,4,4265,1,0,0,0,0.0
4289,6,3564,1,1,0,0,0.0
4290,1,5441,1,1,0,0,298.2
4291,1,3786,1,1,1,1,211.72
4292,5,5924,1,0,1,0,0.0
4293,2,3156,1,1,0,1,0.0
4294,7,4289,1,1,0,0,0.0
4295,1,5474,1,0,0,0,0.0
4296,3,2744,1,1,1,1,0.0
4297,4,4173,1,0,0,0,0.0
4298,2,1317,1,1,0,1,157.48
4299,5,1325,1,1,0,0,201.18
4300,4,5184,1,1,0,0,0.0
4301,5,5934,1,0,0,1,362.13
4302,4,3071,1,1,1,0,79.19
4303,7,3034,1,0,0,0,0.0
4304,4,4430,1,1,1,0,0.0
4305,7,1721,1,1,0,0,95.72
4306,6,4595,1,0,1,1,0.0
4307,3,5634,1,1,0,1,0.0
4308,1,3874,1,1,1,0,0.0
4309,4,2216,1,0,0,0,0.0
4310,6,1288,1,0,0,0,0.0
4311,4,5816,1,0,0,0,0.0
4312,8,2903,1,0,0,0,0.0
4313,3,3859,1,1,0,0,0.0
4314,7,2998,1,1,1,1,0.0
4315,4,1025,1,1,0,1,0.0
4316,5,2491,1,1,0,1,0.0
4317,5,2161,1,0,1,0,0.0
4318,1,2168,1,1,0,0,0.0
4319,2,1129,1,1,0,1,0.0
4320,3,2668,1,1,0,0,0.0
4321,7,5791,1,1,0,1,0.0
4322,3,4116,1,0,0,0,0.0
4323,3,5630,1,0,0,1,0.0
4324,5,3095,1,1,0,0,0.0
4325,2,1437,1,1,0,1,0.0
4326,1,3036,1,1,1,0,118.8
4327,4,3031,1,0,1,0,0.0
4328,5,1726,1,1,0,0,0.0
4329,5,4554,1,1,1,0,0.0
4330,8,4914,1,0,0,0,0.0
4331,2,5911,1,1,0,0,0.0
4332,1,3552,1,1,0,0,467.24
4333,2,1579,1,1,0,0,0.0
4334,1,1460,1,1,1,0,0.0
4335,4,2368,1,1,0,0,0.0
4336,5,5378,1,1,0,0,0.0
4337,3,2579,1,0,1,0,0.0
4338,1,4845,1,1,0,0,0.0
4339,8,1915,1,1,0,0,0.0
4340,4,4600,1,1,1,0,0.0
4341,4,5135,1,1,0,0,0.0
4342,7,1337,1,1,0,0,118.93
4343,3,5211,1,0,1,0,0.0
4344,5,4452,1,1,0,0,115.78
4345,4,3941,1,1,0,0,0.0
4346,6,2891,1,0,0,0,0.0
4347,5,2508,1,1,1,0,0.0
4348,7,3907,1,1,0,0,0.0
4349,7,1186,1,1,0,0,0.0
4350,7,5918,1,1,0,1,0.0
4351,2,2527,1,1,1,0,0.0
4352,3,4976,1,1,0,0,45.44
4353,6,2780,1,1,0,0,369.35
4354,4,2709,1,0,0,0,0.0
4355,3,4467,1,0,0,0,369.38
4356,3,2778,1,0,1,1,0.0
4357,4,1688,1,1,0,0,0.0
4358,1,1779,1,1,1,0,119.89
4359,3,5036,1,1,1,0,55.94
4360,8,1255,1,1,0,0,209.65
4361,5,3854,1,0,0,0,152.5
4362,6,3967,1,1,0,0,64.68
4363,1,3154,1,1,0,1,0.0
4364,1,1571,1,1,1,1,62.61
4365,7,1971,1,0,1,0,0.0
4366,7,2862,1,0,0,1,0.0
4367,2,1264,1,0,0,0,0.0
4368,1,1930,1,0,0,0,0.0
4369,1,3068,1,1,0,0,98.13
4370,7,3997,1,0,0,0,0.0
4371,4,3872,1,0,0,0,0.0
4372,6,1234,1,0,0,1,0.0
4373,6,1311,1,1,0,0,0.0
4374,7,3341,1,0,0,0,0.0
4375,5,1370,1,1,0,0,0.0
4376,5,5858,1,1,0,0,117.29
4377,1,3990,1,1,0,0,0.0
4378,1,2789,1,1,1,0,0.0
4379,7,2409,1,0,0,0,0.0
4380,6,4383,1,1,0,0,0.0
4381,4,2881,1,1,1,0,0.0
4382,8,2397,1,1,0,0,0.0
4383,4,2940,1,1,0,1,0.0
4384,1,2086,1,1,0,0,0.0
4385,7,1667,1,0,0,0,0.0
4386,5,1425,1,1,0,0,0.0
4387,2,4387,1,0,0,0,0.0
4388,4,4366,1,0,0,0,0.0
4389,6,4731,1,0,1,0,225.41
4390,7,1805,1,0,0,0,0.0
4391,5,5397,1,1,0,0,0.0
4392,8,1860,1,1,0,0,0.0
4393,4,4654,1,1,0,1,0.0
4394,2,3577,1,0,0,0,0.0
4395,3,3525,1,1,0,0,0.0
4396,1,1001,1,0,0,0,0.0
4397,3,5815,1,0,0,0,0.0
4398,6,1666,1,1,1,0,0.0
4399,8,3629,1,1,0,1,0.0
4400,8,5922,1,1,1,0,0.0
4401,4,4886,1,1,0,0,0.0
4402,4,5926,1,1,1,0,0.0
4403,5,5447,1,1,0,1,0.0
4404,2,1343,1,1,0,0,0.0
4405,5,5120,1,1,0,0,0.0
4406,6,2191,1,1,1,1,0.0
4407,6,3726,1,1,1,0,210.03
4408,8,4493,1,0,0,0,0.0
4409,7,4440,1,1,0,0,0.0
4410,5,2868,1,1,0,0,0.0
4411,8,5383,1,1,0,0,0.0
4412,2,5575,1,0,1,0,0.0
4413,3,2457,1,1,0,0,0.0
4414,8,2667,1,1,0,0,100.3
4415,3,1632,1,1,0,0,0.0
4416,4,5417,1,0,1,0,0.0
4417,4,1341,1,1,0,0,0.0
4418,2,4602,1,1,0,0,0.0
4419,4,4100,1,1,0,1,0.0
4420,1,5847,1,0,1,0,0.0
4421,4,1733,1,1,0,0,0.0
4422,2,2822,1,0,0,0,0.0
4423,5,5957,1,1,0,0,238.67
4424,7,5728,1,0,0,0,0.0
4425,6,5716,1,1,0,0,0.0
4426,6,4765,1,1,1,0,0.0
4427,7,1309,1,1,1,0,0.0
4428,1,4661,1,1,1,0,0.0
4429,7,4725,1,1,0,0,0.0
4430,8,2788,1,0,1,0,0.0
4431,5,3696,1,1,0,0,0.0
4432,7,2903,1,1,0,0,0.0
4433,6,4792,1,1,0,0,0.0
4434,8,5905,1,1,0,0,0.0
4435,4,4493,1,1,0,0,0.0
4436,2,2361,1,1,0,0,0.0
4437,3,2612,1,1,0,0,0.0
4438,2,4809,1,1,0,0,0.0
4439,4,3601,1,0,1,0,0.0
4440,7,1631,1,1,0,0,0.0
4441,2,4638,1,1,1,0,0.0
4442,1,5779,1,1,0,0,0.0
4443,6,5019,1,1,0,0,0.0
4444,4,3342,1,1,0,1,431.89
4445,8,5333,1,0,0,0,0.0
4446,5,4281,1,1,0,0,0.0
4447,8,1714,1,1,1,0,0.0
4448,8,5924,1,1,0,1,0.0
4449,1,5734,1,1,1,0,0.0
4450,2,1291,1,1,0,1,0.0
4451,8,1103,1,1,1,0,0.0
4452,8,2256,1,1,0,0,0.0
4453,7,2271,1,1,0,0,0.0
4454,5,5985,1,1,0,0,0.0
4455,7,3797,1,1,0,0,0.0
4456,1,3673,1,0,0,0,0.0
4457,7,2362,1,1,0,0,0.0
4458,3,1556,1,1,0,0,0.0
4459,7,1826,1,1,0,0,0.0
4460,8,2800,1,1,1,0,0.0
4461,8,3424,1,1,0,0,0.0
4462,6,5672,1,1,1,1,0.0
4463,6,2118,1,1,0,0,0.0
4464,3,4367,1,1,1,0,0.0
4465,5,2924,1,1,0,0,0.0
4466,2,3504,1,0,0,1,0.0
4467,1,5965,1,1,1,0,672.71
4468,7,5601,1,1,0,0,0.0
4469,8,3604,1,0,0,1,0.0
4470,5,3335,1,0,0,0,0.0
4471,8,2031,1,1,0,0,0.0
4472,8,3838,1,0,1,0,0.0
4473,6,3595,1,0,0,0,0.0
4474,4,4636,1,0,0,1,0.0
4475,7,5257,1,1,0,0,144.78
4476,5,2588,1,1,0,0,0.0
4477,7,5193,1,1,0,0,0.0
4478,6,5963,1,0,0,0,0.0
4479,4,3635,1,0,1,1,0.0
4480,1,3582,1,1,0,0,0.0
4481,8,4233,1,1,0,0,0.0
4482,5,2737,1,1,1,0,0.0
4483,3,4142,1,1,0,0,0.0
4484,2,3295,1,0,0,0,0.0
4485,5,1168,1,1,0,0,0.0
4486,8,5226,1,1,0,0,0.0
4487,5,4000,1,1,1,0,0.0
4488,3,5248,1,1,0,1,0.0
4489,5,2442,1,1,0,0,0.0
4490,4,2518,1,1,0,0,0.0
4491,1,1485,1,1,0,1,158.35
4492,8,1361,1,1,0,0,0.0
4493,7,5553,1,1,0,0,0.0
4494,6,1799,1,0,1,0,180.52
4495,4,5159,1,1,0,0,0.0
4496,6,3711,1,1,0,0,0.0
4497,6,4783,1,0,0,0,0.0
4498,5,2249,1,0,0,0,0.0
4499,1,1178,1,0,0,0,0.0
4500,7,1274,1,1,0,0,0.0
4501,3,1567,1,0,1,0,0.0
4502,2,2500,1,1,0,1,0.0
4503,6,1984,1,1,0,0,0.0
4504,8,5931,1,1,0,0,0.0
4505,2,4887,1,1,1,0,599.68
4506,8,5123,1,1,1,0,0.0
4507,4,3871,1,1,1,0,0.0
4508,7,2139,1,0,0,0,0.0
4509,7,3708,1,0,0,1,0.0
4510,3,4993,1,1,1,0,0.0
4511,1,1808,1,1,1,0,0.0
4512,1,5104,1,1,0,0,0.0
4513,1,5039,1,1,0,0,0.0
4514,4,2102,1,1,0,0,0.0
4515,6,5580,1,1,0,1,0.0
4516,7,1479,1,1,0,0,0.0
4517,8,3885,1,0,0,0,0.0
4518,3,2874,1,1,1,0,0.0
4519,1,1517,1,0,1,0,0.0
4520,5,3903,1,1,1,0,0.0
4521,2,5250,1,0,0,0,315.42
4522,1,2743,1,1,0,0,0.0
4523,6,2840,1,1,0,0,0.0
4524,3,1740,1,1,0,0,0.0
4525,1,2349,1,1,0,0,0.0
4526,4,5863,1,1,1,0,0.0
4527,7,4840,1,1,0,0,208.52
4528,7,4314,1,0,0,0,0.0
4529,7,4974,1,1,1,0,0.0
4530,4,2182,1,1,0,0,0.0
4531,3,2408,1,1,1,0,0.0
4532,2,5636,1,1,0,1,168.76
4533,5,2098,1,0,0,0,0.0
4534,7,5566,1,1,1,0,0.0
4535,2,2887,1,0,0,0,150.82
4536,4,2243,1,1,1,0,0.0
4537,6,1877,1,1,1,0,0.0
4538,1,1564,1,0,0,1,0.0
4539,6,3647,1,1,0,0,0.0
4540,3,3261,1,1,0,1,281.58
4541,1,4124,1,1,1,1,0.0
4542,8,1722,1,1,1,0,0.0
4543,6,2388,1,0,0,0,0.0
4544,1,1967,1,1,0,0,0.0
4545,8,2206,1,1,1,1,0.0
4546,4,5915,1,1,0,0,0.0
4547,4,2983,1,0,0,0,0.0
4548,5,4514,1,0,0,0,152.33
4549,5,5969,1,0,0,0,0.0
4550,4,5919,1,1,0,0,0.0
4551,2,1188,1,1,0,1,0.0
4552,7,2703,1,1,0,0,0.0
4553,8,3728,1,0,0,0,0.0
4554,4,1671,1,0,1,0,0.0
4555,2,1872,1,0,1,0,0.0
4556,7,1160,1,1,0,1,0.0
4557,3,5007,1,1,1,1,354.93
4558,3,3950,1,0,0,0,0.0
4559,8,1217,1,1,0,0,72.84
4560,2,1425,1,0,0,0,0.0
4561,6,4372,1,1,0,0,0.0
4562,3,5746,1,1,0,0,0.0
4563,6,1451,1,0,0,0,108.14
4564,5,4869,1,1,1,0,0.0
4565,5,5233,1,1,1,0,0.0
4566,3,4602,1,1,1,0,0.0
4567,1,4257,1,1,0,0,0.0
4568,7,3065,1,1,0,0,0.0
4569,1,5562,1,1,0,0,358.98
4570,7,1412,1,1,1,0,188.45
4571,5,2586,1,1,0,0,0.0
4572,1,3629,1,0,1,0,0.0
4573,6,2297,1,1,1,0,166.85
4574,8,5440,1,1,0,0,0.0
4575,1,5336,1,1,0,0,0.0
4576,2,4873,1,0,0,0,0.0
4577,7,5368,1,0,0,0,213.62
4578,3,3437,1,1,1,0,0.0
4579,7,4715,1,1,1,0,0.0
4580,5,4937,1,1,0,1,0.0
4581,1,4285,1,0,0,0,0.0
4582,7,5318,1,1,1,1,0.0
4583,4,3537,1,1,1,1,0.0
4584,3,3675,1,0,0,0,0.0
4585,2,4451,1,1,0,0,188.1
4586,2,3301,1,1,0,0,278.16
4587,6,5976,1,0,0,0,0.0
4588,7,4943,1,1,0,1,0.0
4589,3,4087,1,1,0,0,0.0
4590,1,5918,1,1,0,0,69.26
4591,7,5921,1,0,0,0,0.0
4592,4,3846,1,1,0,0,0.0
4593,5,2444,1,0,0,1,0.0
4594,2,4494,1,1,1,0,0.0
4595,4,3037,1,1,1,0,0.0
4596,8,4661,1,1,1,0,0.0
4597,4,4552,1,1,1,0,245.46
4598,4,5844,1,1,0,1,0.0
4599,1,2070,1,1,0,0,0.0
4600,4,1851,1,1,0,0,418.68
4601,8,1638,1,1,0,0,0.0
4602,7,2533,1,1,1,0,127.53
4603,3,5089,1,1,0,0,0.0
4604,2,5914,1,1,0,1,0.0
4605,6,2401,1,1,1,0,0.0
4606,5,4057,1,1,0,0,0.0
4607,6,3731,1,0,0,0,0.0
4608,4,5235,1,1,0,0,0.0
4609,3,2131,1,0,1,0,60.32
4610,2,2231,1,1,1,0,83.58
4611,5,5773,1,1,0,0,0.0
4612,6,2169,1,1,0,0,0.0
4613,3,3237,1,1,0,0,0.0
4614,8,2302,1,0,0,0,0.0
4615,4,3681,1,0,1,0,0.0
4616,4,1939,1,1,1,0,136.26
4617,7,5157,1,1,0,0,0.0
4618,4,4867,1,0,1,1,222.93
4619,6,2635,1,1,1,1,0.0
4620,8,5282,1,1,0,0,233.53
4621,8,5814,1,1,0,0,241.93
4622,3,4976,1,1,0,0,0.0
4623,8,4450,1,1,0,0,0.0
4624,4,5270,1,1,0,0,458.11
4625,5,3838,1,1,1,0,0.0
4626,5,1045,1,1,1,0,0.0
4627,5,4076,1,0,1,1,0.0
4628,2,1267,1,0,0,0,0.0
4629,5,1435,1,1,0,0,0.0
4630,3,5083,1,1,0,0,0.0
4631,3,2775,1,1,0,0,0.0
4632,8,1393,1,1,0,1,0.0
4633,1,4967,1,0,0,1,0.0
4634,5,1745,1,1,1,1,0.0
4635,7,4288,1,1,1,1,0.0
4636,6,3293,1,1,0,1,0.0
4637,4,3486,1,1,0,0,117.64
4638,3,4004,1,1,0,0,0.0
4639,7,4869,1,1,1,0,0.0
4640,7,4072,1,1,0,0,0.0
4641,2,3742,1,1,1,0,0.0
4642,2,3742,1,1,1,0,0.0
4643,7,2049,1,1,1,0,0.0
4644,3,4362,1,1,0,0,0.0
4645,7,1720,1,1,0,0,132.7
4646,4,2908,1,1,0,1,0.0
4647,5,1173,1,1,0,1,0.0
4648,5,3362,1,1,1,0,0.0
4649,7,5078,1,0,0,0,0.0
4650,3,1758,1,0,0,0,0.0
4651,4,1019,1,1,1,0,0.0
4652,8,4398,1,1,0,0,0.0
4653,7,1793,1,0,1,0,168.3
4654,7,1043,1,1,1,0,0.0
4655,2,1782,1,0,0,0,0.0
4656,7,3291,1,1,1,0,0.0
4657,8,3382,1,1,1,1,0.0
4658,8,4961,1,1,0,0,0.0
4659,7,2489,1,0,0,0,0.0
4660,8,2345,1,0,0,0,0.0
4661,2,3620,1,0,0,1,0.0
4662,1,3960,1,1,0,0,0.0
4663,3,5545,1,0,1,0,0.0
4664,1,2778,1,1,0,0,0.0
4665,5,1564,1,0,0,1,0.0
4666,4,4838,1,1,0,0,0.0
4667,1,5626,1,0,1,0,0.0
4668,5,4716,1,1,1,0,0.0
4669,8,3281,1,0,1,0,0.0
4670,2,2489,1,1,0,0,0.0
4671,2,3067,1,1,0,1,117.19
4672,5,4321,1,0,1,0,0.0
4673,5,2985,1,1,0,0,0.0
4674,5,4204,1,1,0,0,0.0
4675,5,4446,1,1,0,0,201.27
4676,6,1683,1,1,1,0,0.0
4677,5,3614,1,1,1,0,219.44
4678,7,5744,1,1,0,0,187.56
4679,8,5440,1,0,1,0,0.0
4680,6,2513,1,1,0,1,0.0
4681,3,1008,1,1,1,0,0.0
4682,8,5137,1,1,0,1,0.0
4683,2,2385,1,1,0,0,0.0
4684,2,3547,1,1,0,1,0.0
4685,5,4914,1,0,0,0,0.0
4686,1,3081,1,1,0,0,0.0
4687,6,3750,1,0,0,0,0.0
4688,5,3216,1,1,0,0,0.0
4689,2,5979,1,0,1,0,0.0
4690,4,1530,1,1,0,0,0.0
4691,3,1069,1,1,0,1,0.0
4692,3,1852,1,0,1,1,0.0
4693,8,1029,1,1,0,0,0.0
4694,3,1191,1,0,0,1,0.0
4695,8,5413,1,1,1,0,0.0
4696,5,1228,1,1,0,0,0.0
4697,3,1131,1,1,0,0,0.0
4698,6,4115,1,1,0,0,0.0
4699,1,4615,1,0,0,0,441.61
4700,1,3684,1,0,0,0,0.0
4701,6,4212,1,1,1,0,0.0
4702,3,2578,1,1,0,1,0.0
4703,5,5867,1,0,0,0,0.0
4704,4,1912,1,1,0,0,0.0
4705,6,2493,1,1,0,0,0.0
4706,3,3081,1,0,0,0,501.77
4707,7,1824,1,1,0,0,0.0
4708,4,1711,1,0,1,0,0.0
4709,8,4412,1,0,0,1,0.0
4710,1,2563,1,1,1,0,0.0
4711,3,3241,1,1,0,0,0.0
4712,4,4552,1,0,0,0,0.0
4713,6,5046,1,0,0,0,0.0
4714,4,5690,1,1,0,0,0.0
4715,6,4957,1,1,0,0,0.0
4716,6,1050,1,1,1,0,284.31
4717,2,4704,1,1,0,0,0.0
4718,5,5234,1,1,1,0,131.58
4719,6,4145,1,1,0,0,0.0
4720,4,3841,1,0,0,0,0.0
4721,5,3868,1,0,0,0,0.0
4722,5,1153,1,0,0,0,0.0
4723,8,2216,1,1,0,0,0.0
4724,2,4921,1,0,0,0,0.0
4725,6,3358,1,1,0,0,0.0
4726,5,5250,1,0,1,0,0.0
4727,6,1015,1,1,0,1,0.0
4728,6,3377,1,0,1,1,144.79
4729,2,5361,1,1,0,1,0.0
4730,4,3453,1,0,1,1,0.0
4731,1,6000,1,1,0,0,163.57
4732,3,4634,1,1,0,0,0.0
4733,5,3405,1,1,0,1,0.0
4734,6,2710,1,0,1,0,0.0
4735,8,1401,1,0,1,0,0.0
4736,3,3227,1,1,0,0,0.0
4737,3,3956,1,0,0,0,0.0
4738,8,5668,1,0,0,1,0.0
4739,4,2195,1,1,1,0,0.0
4740,2,5728,1,1,1,0,0.0
4741,6,4389,1,1,0,1,0.0
4742,7,5952,1,0,0,0,491.25
4743,4,5600,1,1,0,0,0.0
4744,2,2468,1,0,0,0,0.0
4745,2,1999,1,1,1,0,0.0
4746,6,4575,1,1,1,0,0.0
4747,6,1738,1,1,1,0,0.0
4748,3,3306,1,1,0,0,0.0
4749,5,4946,1,0,0,0,0.0
4750,5,2163,1,0,1,0,0.0
4751,2,1421,1,0,1,0,0.0
4752,6,3589,1,0,1,0,0.0
4753,5,3722,1,0,0,0,0.0
4754,6,1442,1,1,1,0,0.0
4755,2,4160,1,0,0,0,0.0
4756,1,1259,1,1,0,0,0.0
4757,5,1700,1,1,0,0,0.0
4758,6,2415,1,1,0,1,0.0
4759,5,1803,1,0,0,0,0.0
4760,7,4960,1,1,0,0,0.0
4761,2,2623,1,1,1,0,98.05
4762,4,4625,1,0,0,1,0.0
4763,4,3538,1,0,0,0,557.41
4764,8,5771,1,0,1,0,0.0
4765,5,2117,1,0,0,0,107.57
4766,8,2773,1,1,1,1,0.0
4767,7,1870,1,0,0,0,0.0
4768,8,2427,1,1,0,0,0.0
4769,4,3732,1,1,0,1,0.0
4770,4,5410,1,1,0,0,0.0
4771,2,4299,1,1,1,0,0.0
4772,4,4118,1,1,0,0,0.0
4773,5,4476,1,1,0,0,0.0
4774,7,2229,1,1,0,0,144.15
4775,1,1153,1,1,0,0,0.0
4776,1,1544,1,1,0,0,0.0
4777,7,4983,1,0,0,0,0.0
4778,8,4642,1,1,0,0,0.0
4779,7,5703,1,1,0,0,0.0
4780,6,5490,1,1,0,0,0.0
4781,8,4882,1,1,0,1,0.0
4782,1,3206,1,0,0,1,262.46
4783,1,5125,1,0,0,0,0.0
4784,6,2189,1,1,1,0,0.0
4785,7,3854,1,1,0,1,175.54
4786,8,1522,1,1,0,0,0.0
4787,3,1925,1,1,0,0,390.32
4788,2,3847,1,1,0,0,0.0
4789,8,1214,1,1,0,0,0.0
4790,7,2288,1,1,0,0,0.0
4791,1,5964,1,1,1,1,416.73
4792,4,3227,1,1,0,0,180.71
4793,7,2223,1,1,0,0,0.0
4794,5,4083,1,1,0,1,0.0
4795,3,1081,1,0,0,0,0.0
4796,3,4727,1,1,1,0,0.0
4797,4,5195,1,0,0,0,0.0
4798,4,2706,1,1,1,0,110.06
4799,6,5965,1,1,1,0,0.0
4800,8,2906,1,0,0,0,458.54
4801,4,5730,1,1,1,0,0.0
4802,4,4017,1,0,0,0,0.0
4803,1,4416,1,1,0,0,0.0
4804,6,2262,1,1,0,0,0.0
4805,8,1621,1,1,1,1,0.0
4806,6,2711,1,0,0,0,0.0
4807,5,4096,1,1,0,0,0.0
4808,6,3047,1,0,0,0,0.0
4809,4,2751,1,1,0,0,0.0
4810,7,5197,1,0,0,0,0.0
4811,3,5822,1,1,1,0,0.0
4812,4,4817,1,0,0,1,0.0
4813,6,1395,1,0,0,0,0.0
4814,7,3569,1,0,0,1,0.0
4815,3,1428,1,0,0,0,614.0
4816,5,4928,1,1,0,0,0.0
4817,2,1400,1,1,0,0,0.0
4818,8,2845,1,1,0,0,0.0
4819,7,1804,1,1,0,1,271.74
4820,8,5757,1,0,0,0,0.0
4821,2,5177,1,1,1,0,56.61
4822,2,2364,1,1,0,0,0.0
4823,7,2767,1,0,0,0,0.0
4824,7,1352,1,0,1,0,0.0
4825,5,5153,1,1,1,0,0.0
4826,7,1657,1,0,0,0,0.0
4827,7,3509,1,1,0,0,0.0
4828,4,2078,1,1,0,0,0.0
4829,3,4313,1,0,0,1,0.0
4830,7,4709,1,1,1,0,0.0
4831,5,3504,1,1,0,0,0.0
4832,1,1722,1,1,0,0,0.0
4833,3,5175,1,1,0,1,0.0
4834,5,5380,1,1,1,0,0.0
4835,4,1715,1,0,1,1,0.0
4836,2,4017,1,1,0,0,0.0
4837,2,2275,1,1,1,0,0.0
4838,5,3504,1,1,1,0,0.0
4839,6,5653,1,0,1,0,0.0
4840,8,4308,1,0,0,0,0.0
4841,7,1139,1,1,0,0,0.0
4842,1,2264,1,0,0,0,0.0
4843,7,5553,1,0,0,0,101.79
4844,4,5998,1,0,0,0,0.0
4845,2,4984,1,0,0,0,0.0
4846,4,2189,1,1,0,0,0.0
4847,3,1416,1,1,1,0,0.0
4848,4,5798,1,1,0,0,0.0
4849,3,2167,1,0,0,0,0.0
4850,6,5268,1,0,0,0,0.0
4851,2,1238,1,0,1,0,0.0
4852,5,4607,1,1,0,0,0.0
4853,6,1634,1,1,0,0,473.08
4854,6,2168,1,0,1,0,0.0
4855,8,1533,1,0,0,1,0.0
4856,2,5580,1,1,0,0,0.0
4857,8,1202,1,1,0,0,0.0
4858,6,1303,1,1,0,0,0.0
4859,8,4912,1,1,0,0,0.0
4860,5,5798,1,1,1,0,0.0
4861,8,3409,1,1,1,0,0.0
4862,1,1279,1,1,0,1,0.0
4863,2,1218,1,1,0,0,0.0
4864,6,2093,1,1,0,0,0.0
4865,5,1736,1,1,0,0,0.0
4866,4,2666,1,0,0,1,0.0
4867,3,5081,1,0,0,0,0.0
4868,2,4783,1,0,0,1,0.0
4869,3,2011,1,1,1,0,0.0
4870,4,5692,1,0,0,0,0.0
4871,5,1572,1,1,0,0,0.0
4872,7,3718,1,1,0,0,0.0
4873,1,1147,1,0,0,1,0.0
4874,8,3690,1,1,0,0,0.0
4875,5,2388,1,0,1,0,0.0
4876,7,2513,1,1,0,1,236.19
4877,3,1786,1,1,0,0,133.3
4878,7,4207,1,1,0,0,0.0
4879,7,4325,1,1,0,0,949.71
4880,3,5374,1,1,1,0,0.0
4881,7,2361,1,1,1,0,0.0
4882,5,2150,1,1,0,0,0.0
4883,2,5932,1,0,0,0,0.0
4884,7,1022,1,1,0,0,0.0
4885,8,2400,1,0,1,0,0.0
4886,6,2623,1,1,1,1,0.0
4887,7,2132,1,1,1,0,0.0
4888,8,5483,1,0,0,0,0.0
4889,6,2832,1,0,0,0,0.0
4890,7,4601,1,1,0,0,628.07
4891,1,2718,1,0,0,0,630.86
4892,2,1644,1,0,0,0,0.0
4893,6,2601,1,0,0,0,0.0
4894,6,5864,1,1,0,0,0.0
4895,8,5090,1,1,0,1,0.0
4896,2,2276,1,1,0,0,0.0
4897,7,2890,1,1,0,0,0.0
4898,2,5080,1,1,1,0,0.0
4899,6,4452,1,0,1,0,0.0
4900,5,2500,1,1,0,0,0.0
4901,3,5918,1,0,1,1,0.0
4902,7,2229,1,1,1,0,0.0
4903,4,5583,1,1,0,1,0.0
4904,8,3117,1,1,1,0,111.77
4905,2,1124,1,0,0,0,0.0
4906,6,2880,1,1,1,0,0.0
4907,6,5079,1,1,0,0,0.0
4908,5,3309,1,1,0,0,0.0
4909,5,4439,1,1,1,0,0.0
4910,7,1196,1,1,0,0,0.0
4911,8,2457,1,0,1,0,221.15
4912,7,2358,1,1,0,0,0.0
4913,5,3995,1,0,0,0,0.0
4914,1,4083,1,1,1,0,0.0
4915,5,4680,1,1,0,0,0.0
4916,6,4619,1,0,0,0,0.0
4917,5,4491,1,0,0,0,0.0
4918,5,3318,1,1,1,0,0.0
4919,2,2831,1,1,1,0,0.0
4920,4,4446,1,1,1,0,0.0
4921,4,1287,1,1,0,0,0.0
4922,8,3166,1,1,0,0,0.0
4923,6,1907,1,1,0,0,0.0
4924,1,4189,1,1,0,1,0.0
4925,5,1384,1,0,1,1,0.0
4926,7,5621,1,1,0,0,0.0
4927,7,1083,1,0,0,0,0.0
4928,1,3620,1,1,0,0,0.0
4929,6,2985,1,0,0,0,0.0
4930,2,3081,1,1,0,0,0.0
4931,8,2350,1,0,0,0,128.73
4932,1,1613,1,1,1,0,0.0
4933,1,1982,1,0,1,0,0.0
4934,1,4325,1,1,0,0,346.21
4935,1,3267,1,0,0,0,0.0
4936,7,5832,1,0,0,0,0.0
4937,3,3663,1,0,0,0,0.0
4938,2,4662,1,0,0,0,0.0
4939,2,1839,1,1,0,0,0.0
4940,8,2967,1,1,0,0,0.0
4941,2,4474,1,1,0,1,0.0
4942,4,3549,1,0,0,0,197.65
4943,6,2091,1,1,0,0,0.0
4944,4,3089,1,1,0,0,0.0
4945,2,3209,1,1,1,0,168.82
4946,4,3309,1,1,1,0,2637.26
4947,8,1310,1,0,0,0,0.0
4948,8,4200,1,1,1,0,0.0
4949,1,2684,1,1,0,0,251.9
4950,7,3570,1,0,0,0,0.0
4951,7,3413,1,1,1,0,0.0
4952,4,5955,1,1,0,0,0.0
4953,5,3662,1,0,0,0,0.0
4954,3,3429,1,1,0,0,0.0
4955,3,5801,1,1,0,1,0.0
4956,5,3238,1,1,0,0,0.0
4957,1,2166,1,1,0,0,302.13
4958,4,4971,1,1,0,0,0.0
4959,1,2295,1,0,0,1,0.0
4960,3,5164,1,1,1,0,0.0
4961,6,5759,1,0,0,0,0.0
4962,5,1012,1,1,1,0,0.0
4963,8,5488,1,1,0,0,0.0
4964,8,4396,1,0,0,0,0.0
4965,7,4123,1,1,0,0,0.0
4966,2,4315,1,1,0,0,0.0
4967,1,5672,1,1,0,1,0.0
4968,1,2047,1,0,0,1,0.0
4969,5,4348,1,1,0,0,0.0
4970,2,1946,1,1,1,0,0.0
4971,8,5346,1,1,1,0,900.29
4972,6,3017,1,1,1,0,0.0
4973,5,1656,1,1,0,0,0.0
4974,2,3270,1,1,0,0,0.0
4975,4,3709,1,1,1,1,0.0
4976,3,4400,1,0,0,0,0.0
4977,6,2011,1,1,1,0,0.0
4978,2,5176,1,0,0,0,0.0
4979,4,1525,1,1,0,1,186.29
4980,6,5965,1,0,1,0,620.75
4981,6,4515,1,1,0,0,0.0
4982,1,3518,1,1,0,0,0.0
4983,5,2197,1,1,0,0,0.0
4984,6,2029,1,0,0,0,0.0
4985,4,4617,1,0,0,0,0.0
4986,3,4635,1,1,0,0,402.47
4987,1,2917,1,1,0,0,0.0
4988,8,1424,1,0,0,0,0.0
4989,2,4197,1,1,0,0,217.63
4990,5,2195,1,1,1,0,0.0
4991,3,3829,1,1,0,0,0.0
4992,4,5262,1,1,0,0,0.0
4993,4,5062,1,1,1,0,0.0
4994,8,4234,1,0,0,0,0.0
4995,7,3365,1,1,0,0,0.0
4996,8,4271,1,0,1,1,228.37
4997,4,3361,1,0,1,0,0.0
4998,8,2329,1,0,0,0,0.0
4999,6,1326,1,0,1,1,357.43
5000,4,1960,1,0,1,0,0.0
5001,7,2057,1,1,0,0,0.0
5002,1,2418,1,1,0,0,230.22
5003,8,2140,1,1,1,0,0.0
5004,5,5121,1,1,1,1,0.0
5005,8,4415,1,1,0,0,0.0
5006,4,4939,1,1,1,0,0.0
5007,7,1746,1,0,1,0,0.0
5008,6,5431,1,1,0,0,0.0
5009,2,5493,1,0,0,0,0.0
5010,6,4720,1,1,0,0,0.0
5011,1,4650,1,1,0,1,0.0
5012,1,2994,1,1,0,0,65.2
5013,1,5902,1,1,0,0,92.5
5014,7,1915,1,1,0,0,0.0
5015,3,5787,1,1,0,0,0.0
5016,5,2055,1,1,0,1,0.0
5017,8,3442,1,1,1,0,0.0
5018,2,4450,1,0,0,0,0.0
5019,4,4152,1,0,0,0,0.0
5020,2,2784,1,1,0,0,0.0
5021,1,2963,1,1,0,0,0.0
5022,5,3122,1,0,0,0,0.0
5023,6,3229,1,1,0,0,0.0
5024,8,2006,1,0,0,0,0.0
5025,8,4518,1,0,0,0,199.54
5026,5,5634,1,1,0,1,0.0
5027,8,1826,1,1,0,0,0.0
5028,5,2903,1,1,1,1,0.0
5029,7,2877,1,1,0,0,0.0
5030,2,4524,1,1,0,0,87.92
5031,3,3285,1,0,1,1,0.0
5032,4,5962,1,1,0,0,221.1
5033,2,2399,1,0,0,1,0.0
5034,2,3877,1,0,0,0,0.0
5035,5,3360,1,1,0,0,144.28
5036,5,3031,1,0,0,0,0.0
5037,8,1233,1,1,1,0,0.0
5038,8,1851,1,1,1,0,0.0
5039,7,1395,1,1,0,1,0.0
5040,8,4611,1,1,0,0,0.0
5041,3,1486,1,1,0,0,0.0
5042,5,2198,1,1,0,0,0.0
5043,2,4375,1,1,0,0,0.0
5044,5,4311,1,0,0,0,0.0
5045,3,5598,1,0,0,0,0.0
5046,7,2485,1,1,0,0,105.95
5047,8,4916,1,1,1,0,51.55
5048,6,5553,1,1,1,0,0.0
5049,6,4566,1,0,1,0,0.0
5050,1,2763,1,0,0,0,188.65
5051,7,3425,1,0,0,0,0.0
5052,4,3023,1,0,0,0,0.0
5053,8,5494,1,0,0,0,0.0
5054,3,1504,1,0,1,1,0.0
5055,1,5804,1,1,0,0,0.0
5056,4,1474,1,1,0,0,0.0
5057,1,1290,1,1,1,0,0.0
5058,1,4742,1,1,0,0,0.0
5059,2,1791,1,1,1,0,0.0
5060,8,5469,1,1,0,0,0.0
5061,8,1644,1,1,0,0,356.26
5062,7,1463,1,1,0,0,0.0
5063,6,3142,1,1,0,0,0.0
5064,3,2057,1,0,0,0,0.0
5065,7,4045,1,1,1,0,0.0
5066,1,1947,1,1,0,0,266.61
5067,8,1926,1,0,0,0,0.0
5068,3,4309,1,1,0,0,130.24
5069,3,1464,1,1,1,0,0.0
5070,6,5156,1,1,0,0,119.36
5071,3,1116,1,1,0,0,0.0
5072,3,4956,1,0,0,1,0.0
5073,1,5532,1,1,0,0,0.0
5074,3,2861,1,0,0,1,0.0
5075,4,3439,1,1,0,0,0.0
5076,5,1535,1,0,0,0,0.0
5077,4,3645,1,0,0,0,0.0
5078,2,4245,1,0,0,0,0.0
5079,3,3984,1,0,0,0,0.0
5080,3,1402,1,1,1,0,0.0
5081,6,1989,1,1,0,0,0.0
5082,8,4462,1,1,0,0,0.0
5083,1,4819,1,1,1,0,347.54
5084,2,2461,1,0,0,1,93.27
5085,6,2187,1,0,0,0,0.0
5086,5,1499,1,1,1,0,0.0
5087,6,4391,1,1,1,0,0.0
5088,6,5251,1,1,1,0,264.9
5089,5,4251,1,0,0,0,0.0
5090,4,5636,1,1,1,0,0.0
5091,4,4453,1,0,0,0,0.0
5092,5,3533,1,1,0,0,0.0
5093,3,4145,1,1,1,0,0.0
5094,1,5572,1,1,1,0,0.0
5095,5,1577,1,1,1,0,0.0
5096,8,1221,1,1,1,0,0.0
5097,4,1678,1,1,0,0,0.0
5098,6,1456,1,1,0,0,0.0
5099,7,1691,1,1,0,0,0.0
5100,1,2551,1,1,0,0,0.0
5101,5,3093,1,0,1,0,382.42
5102,7,5013,1,1,0,0,75.5
5103,6,3476,1,1,0,0,0.0
5104,7,1256,1,0,1,0,411.17
5105,3,2433,1,0,1,0,95.06
5106,6,3437,1,0,0,1,0.0
5107,5,5145,1,0,0,0,0.0
5108,7,2540,1,0,0,0,0.0
5109,6,5986,1,0,0,0,0.0
5110,4,4770,1,1,0,1,0.0
5111,5,5734,1,0,0,0,0.0
5112,6,4447,1,1,0,0,0.0
5113,4,4938,1,1,0,0,0.0
5114,7,5718,1,1,1,1,0.0
5115,3,2696,1,0,1,0,0.0
5116,8,4668,1,1,0,1,0.0
5117,6,5234,1,0,0,0,0.0
5118,6,5549,1,1,0,0,0.0
5119,3,5291,1,1,1,0,106.14
5120,8,1695,1,0,1,0,0.0
5121,6,2945,1,0,0,0,0.0
5122,1,2148,1,0,0,0,168.16
5123,3,1752,1,1,0,0,0.0
5124,3,1924,1,1,1,0,0.0
5125,3,3775,1,1,0,0,0.0
5126,7,1053,1,1,0,0,0.0
5127,7,4008,1,1,0,0,0.0
5128,5,2633,1,0,0,0,224.45
5129,3,4276,1,1,0,0,0.0
5130,3,4198,1,0,0,0,0.0
5131,5,3327,1,0,0,0,0.0
5132,4,1916,1,0,0,1,0.0
5133,8,1676,1,1,0,0,0.0
5134,2,2080,1,1,0,0,333.73
5135,8,1738,1,1,0,0,0.0
5136,8,5357,1,1,0,0,0.0
5137,4,5292,1,0,1,0,433.18
5138,3,4334,1,1,1,1,0.0
5139,8,2460,1,1,0,0,0.0
5140,6,4594,1,1,0,1,0.0
5141,8,1942,1,1,0,0,0.0
5142,6,5470,1,0,1,0,0.0
5143,8,5180,1,0,0,0,151.81
5144,1,2436,1,0,1,0,0.0
5145,2,1130,1,0,1,0,43.77
5146,1,1894,1,1,1,0,201.48
5147,1,1501,1,1,0,0,0.0
5148,4,4229,1,0,0,0,0.0
5149,6,1616,1,1,0,0,0.0
5150,8,2994,1,1,0,0,0.0
5151,5,2151,1,1,0,0,223.02
5152,6,1911,1,1,0,0,0.0
5153,5,5088,1,1,0,0,0.0
5154,6,1275,1,1,0,0,0.0
5155,5,3482,1,1,0,0,0.0
5156,3,3465,1,1,1,1,0.0
5157,7,5508,1,1,0,0,254.78
5158,2,1629,1,1,1,1,0.0
5159,2,2167,1,1,0,1,283.69
5160,5,4776,1,0,1,0,0.0
5161,8,5436,1,1,1,0,0.0
5162,8,1683,1,0,0,0,0.0
5163,2,5706,1,1,0,0,108.53
5164,1,2830,1,1,0,1,0.0
5165,4,5492,1,0,0,0,0.0
5166,4,2380,1,1,0,0,0.0
5167,1,3363,1,0,1,0,0.0
5168,1,4091,1,1,0,1,0.0
5169,3,1496,1,0,1,1,0.0
5170,7,2770,1,0,0,0,0.0
5171,5,5625,1,1,1,0,0.0
5172,7,2844,1,1,1,0,0.0
5173,4,2442,1,0,1,1,0.0
5174,7,1595,1,1,1,0,0.0
5175,6,5803,1,1,0,0,0.0
5176,7,2903,1,1,0,0,699.77
5177,5,2987,1,1,1,0,0.0
5178,7,4142,1,0,0,1,0.0
5179,3,1481,1,1,0,0,0.0
5180,1,2844,1,1,0,0,0.0
5181,3,4009,1,0,0,0,0.0
5182,1,3679,1,0,1,0,0.0
5183,2,1793,1,0,1,0,0.0
5184,1,1431,1,1,0,0,0.0
5185,4,4872,1,1,0,0,0.0
5186,8,1408,1,1,0,1,0.0
5187,4,5298,1,1,1,0,0.0
5188,5,4593,1,1,1,0,0.0
5189,5,1843,1,0,0,0,0.0
5190,2,4267,1,1,1,0,0.0
5191,4,3587,1,1,0,0,0.0
5192,1,2997,1,0,0,0,0.0
5193,8,1148,1,1,0,0,0.0
5194,6,1929,1,1,0,0,0.0
5195,2,4624,1,1,0,0,91.18
5196,4,3124,1,1,0,0,0.0
5197,8,1548,1,1,0,0,0.0
5198,4,5130,1,1,0,0,0.0
5199,2,3730,1,1,0,0,0.0
5200,4,2289,1,1,0,1,0.0
5201,6,1425,1,0,0,0,0.0
5202,3,3004,1,1,0,0,0.0
5203,8,3315,1,1,0,1,0.0
5204,4,5570,1,1,0,0,250.95
5205,4,5042,1,1,1,0,0.0
5206,6,3544,1,0,0,0,0.0
5207,4,4636,1,1,1,0,0.0
5208,5,4692,1,1,0,0,0.0
5209,8,1695,1,1,0,1,0.0
5210,1,3543,1,1,1,0,0.0
5211,5,5983,1,1,0,0,0.0
5212,5,3792,1,1,0,0,84.19
5213,4,2277,1,0,0,1,0.0
5214,4,3335,1,0,0,0,0.0
5215,3,5945,1,1,0,0,0.0
5216,4,5996,1,1,0,0,0.0
5217,7,2784,1,0,1,1,0.0
5218,5,2659,1,1,0,1,0.0
5219,3,1862,1,0,0,0,0.0
5220,1,2122,1,1,0,0,0.0
5221,4,3790,1,0,0,0,0.0
5222,8,3849,1,0,0,0,0.0
5223,3,4307,1,0,1,0,0.0
5224,4,3326,1,1,0,0,0.0
5225,8,4826,1,1,0,0,0.0
5226,6,5327,1,0,1,0,0.0
5227,6,4760,1,0,0,0,0.0
5228,2,3953,1,1,0,1,0.0
5229,1,3245,1,0,0,0,0.0
5230,5,3770,1,1,0,0,0.0
5231,4,1793,1,0,0,0,124.69
5232,7,1909,1,1,0,0,0.0
5233,3,4149,1,1,0,1,0.0
5234,4,3255,1,0,1,0,0.0
5235,1,3396,1,1,0,0,0.0
5236,4,4831,1,1,0,1,300.98
5237,6,5873,1,1,0,0,0.0
5238,4,4653,1,1,1,0,0.0
5239,5,2720,1,0,0,0,252.4
5240,4,5566,1,1,0,0,0.0
5241,1,5548,1,1,0,0,0.0
5242,8,3425,1,1,0,0,0.0
5243,7,4043,1,1,0,1,0.0
5244,4,1006,1,0,0,0,0.0
5245,4,4289,1,1,1,0,307.78
5246,3,1681,1,1,0,0,167.48
5247,1,2946,1,0,0,0,0.0
5248,1,2890,1,1,0,0,0.0
5249,3,2673,1,1,0,0,0.0
5250,5,3781,1,1,0,0,66.51
5251,5,4040,1,0,0,0,0.0
5252,3,5231,1,0,1,0,0.0
5253,2,5025,1,0,0,0,0.0
5254,4,1942,1,0,0,0,270.65
5255,5,4463,1,1,0,0,234.52
5256,1,3118,1,1,0,0,0.0
5257,1,1503,1,0,1,0,0.0
5258,3,1274,1,1,1,0,0.0
5259,2,4326,1,0,0,0,0.0
5260,6,4183,1,0,1,0,0.0
5261,4,5228,1,1,1,0,204.38
5262,3,3772,1,1,1,0,0.0
5263,6,3518,1,1,1,0,0.0
5264,7,5451,1,1,0,0,0.0
5265,3,2034,1,0,0,1,0.0
5266,5,4771,1,1,0,0,0.0
5267,8,5523,1,1,0,1,0.0
5268,6,3484,1,1,1,0,0.0
5269,2,4559,1,0,0,0,0.0
5270,3,4504,1,1,1,0,0.0
5271,5,3966,1,1,0,1,0.0
5272,2,5529,1,1,0,0,0.0
5273,4,5173,1,1,1,0,155.56
5274,8,4911,1,1,0,0,0.0
5275,2,2228,1,0,0,0,0.0
5276,4,5522,1,0,0,0,0.0
5277,8,5231,1,1,0,1,0.0
5278,4,4193,1,0,1,0,0.0
5279,2,5386,1,0,0,0,0.0
5280,6,4098,1,1,0,0,0.0
5281,2,1382,1,1,1,0,0.0
5282,6,3237,1,0,0,0,0.0
5283,2,1659,1,1,0,1,0.0
5284,8,4749,1,1,0,0,0.0
5285,2,2241,1,1,0,0,0.0
5286,1,2860,1,1,0,0,0.0
5287,1,1261,1,1,0,0,0.0
5288,7,4062,1,1,0,0,97.77
5289,1,3879,1,0,1,1,0.0
5290,1,4637,1,0,1,0,0.0
5291,3,3687,1,0,1,0,81.68
5292,3,5806,1,1,0,0,0.0
5293,8,1925,1,0,1,0,0.0
5294,4,3135,1,1,1,0,0.0
5295,4,2979,1,1,0,1,0.0
5296,8,3931,1,1,1,0,0.0
5297,5,5636,1,1,1,0,0.0
5298,1,2228,1,1,0,0,0.0
5299,8,3456,1,1,0,0,0.0
5300,3,1651,1,1,0,0,0.0
5301,4,3650,1,0,0,0,0.0
5302,7,1694,1,1,1,0,0.0
5303,7,1851,1,1,0,0,404.31
5304,8,5909,1,1,0,0,0.0
5305,2,5396,1,0,1,0,0.0
5306,5,3573,1,0,1,0,0.0
5307,1,1607,1,1,0,0,0.0
5308,2,1932,1,1,1,0,0.0
5309,7,3420,1,1,0,1,0.0
5310,5,1590,1,1,0,0,82.93
5311,7,4829,1,0,0,0,0.0
5312,1,4341,1,1,0,0,0.0
5313,1,1917,1,1,0,0,102.76
5314,3,1635,1,0,0,1,0.0
5315,4,1406,1,1,0,0,0.0
5316,1,3216,1,0,0,0,0.0
5317,5,5927,1,1,1,1,0.0
5318,3,3693,1,1,1,0,0.0
5319,2,4463,1,0,0,1,0.0
5320,4,1689,1,0,1,1,0.0
5321,6,1366,1,1,0,0,0.0
5322,5,3465,1,0,0,0,212.74
5323,8,5001,1,0,0,1,0.0
5324,6,4807,1,1,1,0,0.0
5325,6,1431,1,1,0,0,182.05
5326,2,5098,1,0,0,0,772.19
5327,5,1628,1,1,0,0,0.0
5328,3,4850,1,1,1,0,0.0
5329,6,4341,1,0,0,0,0.0
5330,7,1521,1,1,0,0,0.0
5331,3,1578,1,1,0,1,295.77
5332,7,5357,1,1,0,1,0.0
5333,3,2760,1,1,0,0,0.0
5334,8,1651,1,1,1,0,0.0
5335,8,3089,1,1,0,0,0.0
5336,2,1145,1,1,0,0,0.0
5337,6,1963,1,1,1,0,0.0
5338,2,2566,1,1,0,1,0.0
5339,1,2149,1,1,0,0,0.0
5340,8,2829,1,0,0,1,0.0
5341,1,4417,1,0,0,0,0.0
5342,7,1243,1,0,1,0,24.58
5343,2,4166,1,1,0,1,0.0
5344,7,3627,1,0,1,0,0.0
5345,3,2434,1,0,1,0,0.0
5346,2,5970,1,1,1,0,0.0
5347,8,3268,1,1,0,0,0.0
5348,7,3995,1,0,1,1,0.0
5349,8,5255,1,0,0,0,0.0
5350,8,4394,1,1,0,0,0.0
5351,1,1644,1,0,0,0,0.0
5352,1,4004,1,0,1,0,0.0
5353,7,5704,1,1,0,0,0.0
5354,1,4407,1,1,1,0,0.0
5355,7,1901,1,0,0,1,0.0
5356,6,3916,1,1,0,1,317.08
5357,7,2254,1,0,0,0,0.0
5358,7,1764,1,0,0,0,0.0
5359,4,1359,1,1,0,0,97.97
5360,5,4251,1,0,1,0,0.0
5361,8,2775,1,1,0,0,0.0
5362,3,3329,1,1,0,0,0.0
5363,6,3563,1,1,0,0,0.0
5364,3,5423,1,1,0,0,0.0
5365,2,1956,1,1,1,0,0.0
5366,2,3588,1,1,0,0,0.0
5367,7,5877,1,1,0,0,0.0
5368,1,1230,1,0,1,0,0.0
5369,4,2366,1,1,0,0,0.0
5370,8,4655,1,1,0,0,0.0
5371,3,2020,1,1,0,0,0.0
5372,4,4874,1,1,1,0,208.05
5373,8,2749,1,1,0,0,0.0
5374,3,2780,1,0,1,0,0.0
5375,7,2081,1,1,1,0,0.0
5376,1,2208,1,0,1,0,0.0
5377,5,4981,1,1,0,0,0.0
5378,3,4870,1,0,0,1,85.05
5379,2,2089,1,1,1,0,0.0
5380,7,5689,1,1,1,1,0.0
5381,4,1679,1,1,0,0,296.92
5382,3,1216,1,1,0,0,0.0
5383,3,4315,1,0,0,0,0.0
5384,5,4459,1,1,1,0,0.0
5385,6,3903,1,0,0,0,0.0
5386,7,3255,1,1,1,1,0.0
5387,2,4774,1,1,1,0,0.0
5388,6,1806,1,1,0,0,0.0
5389,5,3663,1,1,0,0,82.57
5390,2,1806,1,1,0,0,0.0
5391,8,1172,1,1,0,1,0.0
5392,8,4770,1,0,1,0,167.48
5393,7,1845,1,1,0,1,0.0
5394,1,2136,1,1,0,0,0.0
5395,4,1638,1,0,0,0,0.0
5396,7,5173,1,0,0,0,0.0
5397,7,2042,1,0,1,1,322.18
5398,7,5713,1,1,1,0,0.0
5399,8,1054,1,1,0,0,0.0
5400,7,3221,1,0,0,0,0.0
5401,2,3974,1,1,0,0,190.02
5402,7,5694,1,1,0,1,0.0
5403,2,5217,1,1,0,0,189.76
5404,7,2081,1,1,0,0,105.61
5405,7,5899,1,0,0,0,0.0
5406,6,5047,1,0,0,0,0.0
5407,1,2508,1,0,1,1,52.02
5408,4,3253,1,1,1,0,0.0
5409,8,3819,1,0,0,0,0.0
5410,7,4678,1,1,0,0,0.0
5411,5,3604,1,1,0,0,0.0
5412,1,3250,1,1,0,0,0.0
5413,2,1543,1,1,0,1,0.0
5414,7,2622,1,1,0,0,0.0
5415,6,1034,1,0,0,0,0.0
5416,8,3339,1,1,0,0,0.0
5417,3,2967,1,1,0,0,0.0
5418,5,1968,1,1,1,0,0.0
5419,6,3836,1,0,0,0,72.96
5420,6,2145,1,0,1,0,0.0
5421,1,1079,1,0,0,0,0.0
5422,3,4889,1,1,0,0,139.54
5423,6,5627,1,1,0,1,0.0
5424,7,2640,1,0,0,0,69.55
5425,3,3758,1,0,0,1,0.0
5426,1,4064,1,1,0,0,0.0
5427,3,3081,1,1,1,0,0.0
5428,7,1768,1,1,0,0,1083.69
5429,3,3242,1,1,0,0,0.0
5430,4,2512,1,1,0,0,270.13
5431,4,1854,1,1,0,0,87.16
5432,1,3120,1,1,1,0,0.0
5433,6,1683,1,1,1,1,0.0
5434,8,4830,1,0,1,0,0.0
5435,3,1329,1,0,1,0,0.0
5436,2,2331,1,1,0,0,87.07
5437,8,5283,1,1,0,1,0.0
5438,8,4574,1,0,1,1,0.0
5439,7,3776,1,1,1,0,310.1
5440,3,2677,1,1,0,0,0.0
5441,7,4692,1,0,1,0,160.26
5442,2,1569,1,1,0,0,0.0
5443,4,2210,1,1,1,0,151.34
5444,3,1974,1,1,1,0,0.0
5445,6,5479,1,1,1,0,0.0
5446,7,1371,1,0,1,0,0.0
5447,7,1445,1,0,1,0,0.0
5448,8,1848,1,0,0,1,0.0
5449,6,5115,1,1,0,0,0.0
5450,7,5613,1,0,0,0,0.0
5451,7,1649,1,1,1,0,0.0
5452,6,1281,1,1,1,0,0.0
5453,1,1574,1,1,0,0,0.0
5454,5,4141,1,0,0,0,0.0
5455,2,3731,1,1,0,0,0.0
5456,7,1025,1,1,0,1,0.0
5457,7,4523,1,0,0,1,0.0
5458,4,3572,1,1,0,0,0.0
5459,3,1515,1,0,0,0,159.43
5460,8,4182,1,1,0,0,0.0
5461,4,4561,1,0,0,0,0.0
5462,4,5722,1,0,0,0,0.0
5463,5,5721,1,0,0,0,0.0
5464,5,2919,1,0,0,0,0.0
5465,8,1386,1,1,0,0,334.2
5466,1,1726,1,1,1,0,0.0
5467,4,3827,1,1,1,1,154.78
5468,3,2269,1,1,1,0,0.0
5469,5,3333,1,0,0,0,0.0
5470,3,5417,1,0,1,0,0.0
5471,8,4690,1,0,1,0,0.0
5472,1,2388,1,1,1,1,172.15
5473,2,5158,1,1,0,0,0.0
5474,6,2977,1,0,0,1,0.0
5475,1,3690,1,1,0,1,0.0
5476,3,3422,1,1,0,1,0.0
5477,3,3114,1,0,0,0,0.0
5478,3,4047,1,1,0,0,0.0
5479,8,2140,1,1,0,0,0.0
5480,8,1917,1,1,0,0,0.0
5481,6,2931,1,1,1,1,0.0
5482,1,2428,1,1,0,0,0.0
5483,5,3829,1,1,1,0,0.0
5484,6,1594,1,0,1,0,0.0
5485,1,5790,1,1,1,0,0.0
5486,8,2207,1,0,1,0,0.0
5487,7,5478,1,1,1,0,0.0
5488,8,5069,1,1,0,0,520.26
5489,4,2074,1,0,0,0,0.0
5490,5,2308,1,1,1,0,0.0
5491,5,4277,1,0,1,0,208.12
5492,4,1593,1,1,0,1,0.0
5493,5,4904,1,0,1,0,0.0
5494,3,3025,1,1,1,1,0.0
5495,6,4986,1,1,0,0,0.0
5496,3,4619,1,0,0,0,0.0
5497,8,2357,1,0,1,0,0.0
5498,6,1538,1,1,0,0,0.0
5499,6,2604,1,1,1,0,0.0
5500,4,5189,1,0,1,0,0.0
5501,3,4341,1,0,0,0,0.0
5502,6,1842,1,1,1,0,185.18
5503,4,4482,1,1,0,0,1241.38
5504,4,1844,1,0,0,0,0.0
5505,8,3944,1,1,1,0,0.0
5506,2,5632,1,1,0,0,0.0
5507,8,3998,1,1,0,1,0.0
5508,7,5505,1,1,0,0,0.0
5509,3,1694,1,1,0,0,251.89
5510,8,2286,1,1,0,1,0.0
5511,8,4500,1,1,0,0,58.16
5512,4,2210,1,1,0,1,0.0
5513,2,1179,1,0,1,0,0.0
5514,3,4315,1,1,0,0,0.0
5515,3,4295,1,1,0,0,0.0
5516,3,4994,1,0,0,0,305.42
5517,1,4773,1,1,0,0,464.95
5518,7,1843,1,0,1,0,0.0
5519,5,1066,1,0,0,0,0.0
5520,3,5565,1,1,1,0,0.0
5521,8,4007,1,1,1,1,0.0
5522,3,1539,1,1,1,0,0.0
5523,6,5306,1,0,0,0,127.78
5524,5,4115,1,0,0,1,0.0
5525,6,3605,1,0,0,0,0.0
5526,1,3722,1,0,0,0,0.0
5527,1,3625,1,0,0,0,181.6
5528,3,1777,1,1,1,0,0.0
5529,4,4307,1,1,0,0,0.0
5530,7,1941,1,1,0,0,0.0
5531,4,1898,1,0,0,0,0.0
5532,7,5746,1,1,0,0,644.99
5533,1,2353,1,0,1,0,0.0
5534,6,1690,1,1,0,1,0.0
5535,3,5941,1,0,0,0,0.0
5536,5,4747,1,1,0,0,0.0
5537,1,4306,1,1,0,1,0.0
5538,2,3110,1,1,0,0,0.0
5539,7,1115,1,1,0,0,679.57
5540,2,1230,1,0,0,0,0.0
5541,8,3214,1,1,0,0,117.78
5542,8,2315,1,1,0,0,0.0
5543,2,1225,1,1,1,1,285.09
5544,1,5877,1,0,0,0,0.0
5545,7,3028,1,1,0,0,0.0
5546,6,2691,1,0,1,0,0.0
5547,7,3389,1,1,1,0,0.0
5548,7,3814,1,1,0,1,0.0
5549,5,3692,1,1,0,0,0.0
5550,2,4484,1,1,0,0,350.85
5551,6,5334,1,0,0,0,0.0
5552,5,5418,1,0,0,0,0.0
5553,4,2090,1,1,0,0,0.0
5554,6,2003,1,1,0,0,0.0
5555,3,4631,1,1,0,0,0.0
5556,7,2285,1,0,1,0,315.19
5557,5,2952,1,0,0,0,0.0
5558,2,5167,1,1,0,0,0.0
5559,6,4519,1,0,0,0,220.26
5560,1,1051,1,1,0,0,160.57
5561,1,1756,1,0,0,1,0.0
5562,2,1642,1,1,0,0,0.0
5563,7,1311,1,1,1,0,0.0
5564,4,1922,1,1,0,0,121.8
5565,8,1543,1,1,0,0,139.75
5566,7,4347,1,0,1,0,0.0
5567,6,2937,1,1,0,0,557.75
5568,2,5104,1,0,0,0,0.0
5569,1,3998,1,1,1,1,0.0
5570,8,1066,1,1,1,0,0.0
5571,6,4070,1,1,0,0,0.0
5572,2,2950,1,0,0,0,241.91
5573,6,1085,1,0,0,0,0.0
5574,7,3328,1,1,0,0,0.0
5575,2,4873,1,1,0,0,0.0
5576,8,5623,1,0,0,0,0.0
5577,8,2280,1,1,0,0,0.0
5578,6,3471,1,1,1,0,0.0
5579,3,2276,1,1,0,1,0.0
5580,3,1955,1,0,0,0,0.0
5581,4,3568,1,1,0,1,0.0
5582,6,2307,1,1,0,0,0.0
5583,2,4035,1,1,0,0,0.0
5584,7,2082,1,1,1,0,0.0
5585,7,2595,1,0,0,0,0.0
5586,2,4009,1,1,0,0,0.0
5587,3,5808,1,0,0,0,385.79
5588,6,4814,1,1,0,0,0.0
5589,3,5190,1,1,0,0,0.0
5590,1,4911,1,0,0,0,0.0
5591,5,5129,1,1,0,0,172.29
5592,6,4161,1,0,0,0,0.0
5593,6,5305,1,0,0,0,0.0
5594,2,5458,1,1,0,0,0.0
5595,3,5022,1,0,0,0,0.0
5596,8,1395,1,0,0,0,0.0
5597,8,3080,1,0,0,0,0.0
5598,7,1138,1,1,1,0,0.0
5599,6,2106,1,1,0,0,115.32
5600,8,4672,1,1,0,0,0.0
5601,2,5847,1,1,0,0,0.0
5602,2,1265,1,0,0,0,0.0
5603,5,1025,1,0,0,0,0.0
5604,7,1891,1,1,0,1,0.0
5605,8,3027,1,0,0,0,0.0
5606,2,1784,1,1,0,0,0.0
5607,3,1401,1,1,1,0,0.0
5608,5,2122,1,1,1,0,102.05
5609,4,2948,1,1,0,1,227.56
5610,5,5245,1,1,1,0,0.0
5611,5,3650,1,1,0,0,229.11
5612,4,5459,1,0,0,0,249.42
5613,3,5770,1,0,0,0,0.0
5614,7,5837,1,0,1,0,0.0
5615,6,5653,1,0,1,0,0.0
5616,6,5839,1,1,0,0,0.0
5617,2,2473,1,0,1,0,0.0
5618,7,2524,1,1,0,1,0.0
5619,1,1514,1,1,0,0,0.0
5620,2,5065,1,1,0,0,0.0
5621,2,1688,1,1,0,1,397.02
5622,2,3298,1,1,0,0,0.0
5623,6,1753,1,1,1,0,0.0
5624,7,1167,1,0,1,0,0.0
5625,7,1738,1,1,0,0,0.0
5626,8,4491,1,0,0,0,0.0
5627,1,1594,1,1,0,0,296.92
5628,2,1028,1,0,1,0,0.0
5629,1,1860,1,0,0,0,0.0
5630,2,4731,1,1,0,0,0.0
5631,3,2523,1,1,0,0,0.0
5632,8,4786,1,0,0,1,0.0
5633,2,4413,1,1,0,1,0.0
5634,1,5515,1,0,1,1,195.79
5635,3,3852,1,0,0,0,267.42
5636,5,5006,1,1,0,0,0.0
5637,7,3229,1,1,0,0,1004.78
5638,2,5928,1,1,1,0,484.78
5639,7,2220,1,0,1,0,0.0
5640,4,1032,1,1,0,0,0.0
5641,1,4363,1,1,0,1,0.0
5642,8,4144,1,0,1,1,797.4
5643,5,4581,1,1,1,1,348.26
5644,5,4517,1,1,0,0,0.0
5645,4,1880,1,0,0,0,0.0
5646,3,5885,1,1,0,0,0.0
5647,5,3273,1,1,1,1,124.88
5648,7,4585,1,0,1,0,0.0
5649,6,5215,1,1,0,0,0.0
5650,5,1790,1,0,0,0,0.0
5651,2,2831,1,1,0,0,0.0
5652,1,1012,1,0,1,1,73.86
5653,6,4351,1,1,1,0,0.0
5654,7,2207,1,0,0,0,206.86
5655,1,5649,1,1,0,0,0.0
5656,1,1224,1,1,1,0,0.0
5657,3,2384,1,1,0,0,0.0
5658,7,3977,1,0,0,0,166.39
5659,7,3521,1,1,0,0,0.0
5660,6,4285,1,0,0,0,0.0
5661,1,1375,1,1,0,0,0.0
5662,8,3127,1,1,0,0,0.0
5663,4,5275,1,1,0,0,124.62
5664,1,3446,1,1,0,0,88.27
5665,3,2525,1,1,0,0,0.0
5666,6,1168,1,0,0,1,0.0
5667,4,5986,1,1,1,0,0.0
5668,7,5080,1,0,1,0,0.0
5669,5,2448,1,1,0,0,303.47
5670,3,4852,1,0,1,0,0.0
5671,8,1456,1,1,1,0,246.49
5672,1,4077,1,0,0,0,0.0
5673,8,2589,1,1,0,0,0.0
5674,3,4885,1,1,0,0,0.0
5675,2,2181,1,0,1,1,0.0
5676,7,3579,1,0,0,1,0.0
5677,7,5747,1,1,0,1,322.53
5678,1,1202,1,1,0,0,0.0
5679,5,2872,1,1,1,0,0.0
5680,2,5806,1,1,0,0,123.58
5681,4,2968,1,0,0,0,0.0
5682,4,5691,1,1,0,0,0.0
5683,3,1108,1,1,0,0,0.0
5684,7,1238,1,0,0,1,108.41
5685,1,5778,1,1,1,1,328.73
5686,2,3469,1,0,0,0,0.0
5687,5,5043,1,0,1,0,0.0
5688,5,3243,1,1,0,0,0.0
5689,5,4951,1,1,1,0,0.0
5690,4,3291,1,1,0,0,0.0
5691,5,2326,1,1,0,0,0.0
5692,8,3519,1,1,0,0,223.67
5693,2,4470,1,0,1,0,0.0
5694,8,2582,1,0,0,0,0.0
5695,2,2192,1,1,0,0,0.0
5696,7,3212,1,1,0,0,0.0
5697,5,1592,1,0,0,0,0.0
5698,8,4891,1,1,0,0,0.0
5699,6,4491,1,0,0,0,0.0
5700,6,2589,1,0,0,1,295.02
5701,5,2275,1,1,1,0,0.0
5702,6,5465,1,1,0,0,0.0
5703,2,5103,1,1,0,1,0.0
5704,5,4543,1,1,0,0,0.0
5705,1,4438,1,1,0,0,0.0
5706,7,4227,1,1,1,0,0.0
5707,5,3311,1,0,1,0,0.0
5708,3,1117,1,0,0,0,0.0
5709,7,1831,1,1,1,0,365.75
5710,1,2679,1,1,0,1,0.0
5711,4,2875,1,0,1,0,0.0
5712,2,5561,1,1,0,0,0.0
5713,5,3611,1,1,1,0,0.0
5714,5,1182,1,1,1,0,0.0
5715,7,1505,1,0,0,0,0.0
5716,6,4357,1,1,0,0,0.0
5717,6,1800,1,0,0,0,0.0
5718,4,5733,1,1,1,0,117.93
5719,2,4242,1,1,0,1,0.0
5720,6,5558,1,0,0,0,0.0
5721,8,2830,1,1,0,0,258.51
5722,8,4307,1,0,1,0,0.0
5723,8,1085,1,1,1,1,0.0
5724,6,5476,1,0,1,0,0.0
5725,5,2857,1,1,1,0,0.0
5726,6,5200,1,0,0,0,0.0
5727,8,2019,1,1,0,0,209.17
5728,4,3889,1,1,0,0,0.0
5729,7,1699,1,1,0,0,0.0
5730,3,3670,1,1,0,0,0.0
5731,5,2244,1,1,0,0,362.84
5732,6,1336,1,1,0,0,0.0
5733,8,4213,1,0,0,1,485.53
5734,3,4019,1,1,0,0,0.0
5735,8,2505,1,1,0,0,0.0
5736,7,2455,1,1,0,0,0.0
5737,1,2850,1,1,0,0,0.0
5738,4,4101,1,1,1,0,0.0
5739,6,2664,1,1,0,0,0.0
5740,5,5727,1,1,1,0,0.0
5741,7,2337,1,1,0,0,0.0
5742,8,4344,1,0,1,0,0.0
5743,8,4747,1,1,0,0,257.67
5744,1,3892,1,0,1,1,0.0
5745,4,4647,1,1,0,0,0.0
5746,7,2779,1,1,0,0,0.0
5747,3,1795,1,1,0,0,0.0
5748,7,4736,1,1,0,0,0.0
5749,2,2253,1,1,1,0,0.0
5750,7,2313,1,0,0,0,0.0
5751,8,2742,1,0,0,0,97.25
5752,8,3836,1,1,1,0,0.0
5753,5,5874,1,0,0,0,0.0
5754,4,5022,1,1,0,0,411.29
5755,6,1640,1,1,0,0,0.0
5756,6,4441,1,1,0,0,0.0
5757,2,5083,1,1,0,1,0.0
5758,2,3471,1,1,0,0,129.44
5759,2,1084,1,1,0,0,0.0
5760,1,3967,1,0,0,0,0.0
5761,4,2701,1,1,0,0,0.0
5762,7,1553,1,1,0,0,0.0
5763,8,5874,1,0,1,0,0.0
5764,2,5375,1,0,1,0,0.0
5765,2,4942,1,1,0,0,0.0
5766,4,5239,1,0,1,1,0.0
5767,8,5945,1,1,0,0,0.0
5768,5,2327,1,0,1,0,0.0
5769,7,5964,1,0,0,0,210.99
5770,1,4151,1,1,1,0,0.0
5771,3,5433,1,1,0,0,0.0
5772,6,3946,1,1,0,0,0.0
5773,3,2232,1,1,0,0,0.0
5774,1,1330,1,1,0,0,0.0
5775,5,5850,1,0,1,0,178.36
5776,2,5670,1,0,1,0,0.0
5777,2,5410,1,0,1,0,0.0
5778,8,2124,1,1,0,1,169.81
5779,1,5316,1,1,0,0,0.0
5780,2,2284,1,1,0,0,0.0
5781,2,1249,1,0,1,0,0.0
5782,5,2961,1,1,0,1,230.47
5783,4,2671,1,1,0,0,0.0
5784,6,5719,1,1,0,0,0.0
5785,6,5615,1,1,0,0,0.0
5786,3,4312,1,1,0,0,0.0
5787,3,4821,1,1,1,0,0.0
5788,1,3825,1,1,1,0,0.0
5789,1,3163,1,1,1,1,528.01
5790,1,3935,1,1,0,0,0.0
5791,8,3107,1,1,0,1,0.0
5792,7,3435,1,0,1,0,0.0
5793,7,4186,1,1,0,0,120.67
5794,7,3004,1,1,0,0,0.0
5795,8,1316,1,1,0,0,211.39
5796,5,4257,1,1,1,0,0.0
5797,7,5776,1,1,0,0,0.0
5798,8,4843,1,1,1,1,0.0
5799,1,3475,1,1,0,0,0.0
5800,7,1132,1,1,1,0,73.75
5801,8,4595,1,1,0,0,163.07
5802,6,5302,1,0,1,0,0.0
5803,1,1728,1,1,1,1,0.0
5804,2,2672,1,0,1,0,349.08
5805,1,2397,1,0,0,0,194.1
5806,8,4798,1,1,0,0,290.25
5807,8,2576,1,0,0,0,0.0
5808,6,1427,1,0,0,0,0.0
5809,2,5528,1,0,1,0,114.19
5810,4,5361,1,1,0,1,396.21
5811,8,5517,1,0,0,0,0.0
5812,5,2586,1,0,0,0,157.18
5813,7,5362,1,1,0,0,0.0
5814,4,1925,1,1,0,0,0.0
5815,5,1735,1,1,0,0,0.0
5816,1,5308,1,0,0,0,0.0
5817,8,2549,1,1,1,0,0.0
5818,6,5456,1,0,1,0,0.0
5819,4,2856,1,0,1,1,0.0
5820,2,4004,1,1,0,1,166.09
5821,8,3253,1,1,0,0,0.0
5822,3,2235,1,1,0,0,0.0
5823,3,4930,1,0,0,0,0.0
5824,2,1415,1,1,0,1,0.0
5825,4,1433,1,0,1,0,0.0
5826,4,3637,1,1,0,0,144.99
5827,7,3425,1,1,0,0,0.0
5828,7,5633,1,1,0,0,0.0
5829,3,1783,1,1,0,0,0.0
5830,3,3069,1,0,0,1,0.0
5831,2,2764,1,1,1,0,0.0
5832,7,5876,1,1,0,0,0.0
5833,5,1974,1,0,1,0,0.0
5834,8,1090,1,1,1,1,0.0
5835,8,5731,1,1,0,1,0.0
5836,7,2509,1,1,1,0,0.0
5837,1,5470,1,1,0,0,0.0
5838,7,2413,1,1,0,0,0.0
5839,2,3506,1,1,1,0,0.0
5840,8,2723,1,0,0,0,0.0
5841,8,1201,1,1,0,0,0.0
5842,6,1887,1,0,1,0,0.0
5843,5,5188,1,0,0,0,0.0
5844,3,2679,1,1,0,0,195.63
5845,7,2057,1,1,0,0,0.0
5846,8,3229,1,1,0,1,0.0
5847,7,5093,1,1,0,0,0.0
5848,7,1875,1,0,0,0,0.0
5849,6,5215,1,1,0,1,0.0
5850,8,1341,1,1,0,0,167.73
5851,7,5137,1,1,1,1,0.0
5852,5,1905,1,1,0,0,0.0
5853,7,4846,1,1,1,0,0.0
5854,8,2964,1,1,0,1,0.0
5855,7,1186,1,0,0,0,0.0
5856,1,1907,1,1,0,1,0.0
5857,2,2143,1,0,1,0,0.0
5858,5,2674,1,1,0,0,0.0
5859,2,1053,1,1,0,1,0.0
5860,8,3487,1,1,0,0,0.0
5861,3,4689,1,1,1,0,0.0
5862,7,4453,1,1,0,1,0.0
5863,6,3156,1,0,1,0,0.0
5864,7,5084,1,1,0,0,93.36
5865,4,2313,1,1,0,0,0.0
5866,6,4536,1,0,1,0,0.0
5867,1,3218,1,1,1,0,0.0
5868,6,3702,1,1,0,1,0.0
5869,2,3705,1,1,0,1,85.41
5870,8,5989,1,0,0,1,0.0
5871,6,5577,1,1,0,1,0.0
5872,7,3517,1,0,0,0,0.0
5873,1,2588,1,1,0,0,0.0
5874,5,3543,1,1,0,1,0.0
5875,4,5602,1,1,1,0,620.09
5876,4,2330,1,1,0,0,0.0
5877,4,1981,1,0,1,0,0.0
5878,6,3235,1,0,1,0,0.0
5879,6,3837,1,1,0,0,0.0
5880,7,4919,1,1,0,0,0.0
5881,8,3587,1,0,0,0,51.69
5882,8,1650,1,1,0,0,0.0
5883,8,1460,1,1,1,0,166.53
5884,2,3086,1,1,0,0,0.0
5885,5,5803,1,1,1,0,286.92
5886,3,3881,1,1,0,0,0.0
5887,5,3453,1,1,0,0,0.0
5888,5,4146,1,1,0,0,0.0
5889,3,4755,1,0,1,0,0.0
5890,8,4523,1,0,0,1,0.0
5891,7,4414,1,0,1,0,0.0
5892,6,3573,1,0,0,0,0.0
5893,8,4307,1,1,0,0,0.0
5894,7,2839,1,1,0,0,195.86
5895,4,3469,1,1,1,1,72.46
5896,3,5381,1,1,0,0,115.05
5897,4,3242,1,1,1,0,0.0
5898,5,5619,1,1,0,0,0.0
5899,6,2625,1,1,1,0,0.0
5900,1,2078,1,0,0,0,0.0
5901,6,4414,1,1,0,0,132.81
5902,4,4632,1,1,0,0,272.36
5903,5,3390,1,0,1,0,0.0
5904,3,3895,1,1,0,0,0.0
5905,3,5146,1,1,1,0,0.0
5906,1,4749,1,1,0,0,429.98
5907,8,2872,1,0,0,0,0.0
5908,4,5460,1,0,0,0,0.0
5909,1,3600,1,0,0,0,0.0
5910,8,3416,1,0,0,0,0.0
5911,5,5839,1,0,0,0,0.0
5912,6,2354,1,0,0,0,0.0
5913,3,2310,1,1,0,0,0.0
5914,8,1276,1,0,0,0,0.0
5915,1,1629,1,1,1,1,163.67
5916,2,4176,1,1,0,0,77.93
5917,4,4336,1,1,0,0,0.0
5918,2,1121,1,1,1,0,0.0
5919,5,5342,1,1,0,0,0.0
5920,6,2665,1,1,0,0,0.0
5921,2,2903,1,1,1,0,0.0
5922,8,2931,1,1,0,0,0.0
5923,4,3665,1,1,0,0,108.97
5924,1,2391,1,1,0,0,0.0
5925,3,2068,1,1,0,1,0.0
5926,8,4947,1,0,0,0,0.0
5927,2,1410,1,0,1,0,0.0
5928,8,1226,1,1,0,0,0.0
5929,7,4094,1,1,0,0,0.0
5930,7,3990,1,0,0,0,0.0
5931,7,5091,1,1,0,0,0.0
5932,5,4868,1,1,0,0,0.0
5933,2,1048,1,1,0,1,0.0
5934,6,3397,1,0,0,0,0.0
5935,8,3398,1,0,0,0,0.0
5936,7,5986,1,1,0,0,0.0
5937,4,4245,1,1,0,1,0.0
5938,8,3210,1,1,0,0,0.0
5939,3,5951,1,1,0,0,0.0
5940,8,5087,1,0,0,1,0.0
5941,7,1223,1,1,1,0,166.87
5942,2,4071,1,1,1,1,0.0
5943,7,3944,1,1,0,0,0.0
5944,3,2937,1,1,0,0,0.0
5945,7,2603,1,1,1,1,0.0
5946,2,5630,1,0,0,1,0.0
5947,8,5744,1,0,0,1,0.0
5948,1,3832,1,0,0,0,0.0
5949,4,3153,1,1,0,0,404.71
5950,6,4629,1,0,0,1,0.0
5951,5,5981,1,1,1,0,0.0
5952,6,4916,1,0,0,0,0.0
5953,6,2761,1,0,0,1,0.0
5954,7,2740,1,0,0,0,0.0
5955,7,4678,1,0,0,0,0.0
5956,1,4764,1,0,0,0,0.0
5957,3,1029,1,1,0,0,0.0
5958,3,2151,1,1,0,0,0.0
5959,6,5208,1,0,0,0,0.0
5960,1,5805,1,1,0,0,0.0
5961,3,2861,1,1,0,1,0.0
5962,3,2616,1,0,1,0,0.0
5963,3,2800,1,1,1,0,0.0
5964,7,1310,1,0,0,0,0.0
5965,3,5739,1,1,0,0,0.0
5966,8,5150,1,1,0,0,0.0
5967,3,3097,1,0,1,0,0.0
5968,1,5557,1,1,1,0,0.0
5969,2,2438,1,1,0,0,0.0
5970,2,4390,1,0,0,0,0.0
5971,7,1364,1,1,0,0,965.81
5972,6,3748,1,1,1,0,0.0
5973,8,4723,1,1,0,0,0.0
5974,6,1119,1,1,0,1,0.0
5975,7,4068,1,0,0,0,0.0
5976,1,1960,1,1,0,0,0.0
5977,3,4866,1,1,0,0,139.14
5978,5,2078,1,1,0,0,0.0
5979,4,2376,1,0,0,0,308.84
5980,7,2326,1,1,1,1,0.0
5981,1,3050,1,0,0,0,0.0
5982,8,3615,1,1,0,0,0.0
5983,5,1270,1,1,0,1,0.0
5984,3,2457,1,1,0,0,0.0
5985,3,4803,1,0,0,0,0.0
5986,2,2283,1,1,0,0,0.0
5987,2,3255,1,1,0,0,0.0
5988,4,4516,1,1,0,0,0.0
5989,8,3609,1,1,0,0,0.0
5990,7,1391,1,1,1,0,0.0
5991,3,3257,1,1,0,0,0.0
5992,3,5693,1,0,1,1,0.0
5993,8,1996,1,1,1,0,0.0
5994,6,4925,1,1,0,0,0.0
5995,1,3201,1,1,1,0,0.0
5996,2,1677,1,0,1,0,0.0
5997,5,3354,1,1,0,0,72.62
5998,1,1865,1,1,1,0,0.0
5999,6,1044,1,0,1,0,0.0
6000,1,5936,1,0,0,1,0.0
6001,3,4833,1,0,1,1,0.0
6002,4,3672,1,1,1,0,0.0
6003,2,5419,1,1,1,0,0.0
6004,4,4493,1,0,1,0,88.97
6005,4,4576,1,1,0,0,0.0
6006,1,4540,1,0,1,0,0.0
6007,4,2836,1,1,0,1,0.0
6008,8,4530,1,1,0,1,0.0
6009,7,5926,1,0,0,0,0.0
6010,1,4616,1,1,1,0,410.27
6011,4,5453,1,1,0,0,0.0
6012,8,3729,1,0,1,0,95.32
6013,1,3672,1,0,1,0,0.0
6014,6,5842,1,1,0,0,0.0
6015,2,4113,1,1,0,0,168.68
6016,4,1729,1,1,0,1,0.0
6017,1,3616,1,1,0,0,0.0
6018,3,6000,1,1,0,0,0.0
6019,6,5046,1,0,0,0,0.0
6020,8,1660,1,1,1,0,0.0
6021,4,3149,1,0,0,1,0.0
6022,1,4822,1,1,0,0,0.0
6023,8,2774,1,1,1,0,0.0
6024,4,4209,1,0,0,1,0.0
6025,3,1589,1,1,0,0,0.0
6026,3,2156,1,1,0,1,0.0
6027,8,5866,1,1,1,0,0.0
6028,8,3425,1,0,0,0,0.0
6029,8,3417,1,0,0,0,0.0
6030,2,3344,1,0,0,0,0.0
6031,6,5785,1,1,0,0,0.0
6032,5,2829,1,0,0,0,0.0
6033,4,1577,1,1,0,0,0.0
6034,3,5949,1,1,0,0,186.08
6035,1,4498,1,0,0,0,60.96
6036,8,4967,1,0,1,0,0.0
6037,3,2125,1,1,1,0,0.0
6038,1,4142,1,1,0,0,0.0
6039,8,3705,1,0,1,0,0.0
6040,5,3327,1,0,0,0,676.18
6041,8,2387,1,1,0,0,0.0
6042,2,4055,1,0,0,0,0.0
6043,7,3136,1,0,1,1,0.0
6044,3,5294,1,0,0,1,97.38
6045,7,1982,1,1,1,0,0.0
6046,7,1925,1,1,0,0,0.0
6047,5,5423,1,1,0,0,345.05
6048,3,5688,1,1,1,1,0.0
6049,1,5783,1,1,0,0,0.0
6050,5,5636,1,1,0,0,0.0
6051,3,4066,1,0,1,0,0.0
6052,5,2025,1,0,0,0,0.0
6053,8,3156,1,0,0,1,0.0
6054,3,3615,1,0,1,0,183.3
6055,5,2771,1,0,1,0,0.0
6056,7,2581,1,0,0,0,0.0
6057,4,4639,1,1,0,0,0.0
6058,3,3296,1,0,0,1,0.0
6059,4,5572,1,1,1,0,0.0
6060,4,3920,1,0,0,0,0.0
6061,8,1684,1,0,0,0,0.0
6062,6,4781,1,1,0,1,0.0
6063,1,1116,1,0,0,0,124.7
6064,6,4845,1,1,1,0,0.0
6065,4,1304,1,1,1,0,0.0
6066,3,5850,1,1,0,0,0.0
6067,5,1555,1,1,0,0,0.0
6068,3,5904,1,1,0,0,0.0
6069,3,2150,1,0,1,0,0.0
6070,6,4322,1,0,1,1,96.78
6071,7,3867,1,0,0,0,0.0
6072,3,5804,1,1,0,0,0.0
6073,7,4142,1,1,0,0,0.0
6074,5,2818,1,1,1,0,0.0
6075,5,2585,1,1,0,1,569.77
6076,3,4990,1,0,1,0,0.0
6077,3,2759,1,1,1,0,65.56
6078,5,2570,1,1,0,0,0.0
6079,1,4656,1,1,1,0,0.0
6080,2,3131,1,1,0,1,261.47
6081,7,1254,1,1,0,0,0.0
6082,7,2059,1,1,0,0,0.0
6083,3,3096,1,0,0,0,0.0
6084,7,5992,1,1,1,0,0.0
6085,2,4347,1,1,0,0,0.0
6086,8,2267,1,1,0,0,0.0
6087,8,1634,1,1,0,0,0.0
6088,4,5709,1,1,0,0,0.0
6089,5,2113,1,1,1,0,0.0
6090,6,4816,1,1,1,0,171.57
6091,4,4321,1,0,0,1,0.0
6092,4,1049,1,0,0,1,0.0
6093,5,3162,1,0,0,0,127.38
6094,5,4119,1,0,0,0,80.78
6095,8,1862,1,0,0,1,0.0
6096,6,2340,1,1,1,0,148.6
6097,4,2215,1,1,0,0,0.0
6098,1,5671,1,1,0,0,0.0
6099,1,4205,1,1,0,0,0.0
6100,1,4620,1,1,0,1,0.0
6101,2,3012,1,1,1,0,0.0
6102,6,3026,1,1,1,1,0.0
6103,7,2054,1,0,1,0,0.0
6104,6,5496,1,1,0,0,0.0
6105,1,1141,1,0,1,0,0.0
6106,5,1945,1,0,1,1,296.91
6107,2,2121,1,1,0,1,0.0
6108,2,5272,1,1,0,1,0.0
6109,1,5624,1,1,0,0,0.0
6110,6,2662,1,1,0,0,0.0
6111,1,3155,1,1,1,0,0.0
6112,6,4764,1,0,0,0,0.0
6113,5,5905,1,1,0,0,63.56
6114,7,2634,1,1,0,0,0.0
6115,3,3236,1,1,0,0,0.0
6116,5,1185,1,0,0,0,0.0
6117,2,2090,1,1,0,0,48.26
6118,5,3729,1,1,0,0,0.0
6119,6,4282,1,0,0,0,0.0
6120,3,4459,1,1,0,0,0.0
6121,7,2487,1,1,0,1,0.0
6122,6,5366,1,1,0,0,0.0
6123,1,4642,1,0,0,0,0.0
6124,2,3438,1,1,1,0,0.0
6125,6,4495,1,1,0,1,0.0
6126,8,5515,1,1,0,1,0.0
6127,6,4939,1,1,1,0,381.81
6128,8,4757,1,1,0,1,0.0
6129,3,5542,1,0,0,0,0.0
6130,4,5163,1,0,0,0,0.0
6131,7,5711,1,1,0,0,0.0
6132,4,4469,1,1,0,1,0.0
6133,2,2706,1,1,1,1,263.82
6134,8,2796,1,1,0,0,0.0
6135,6,5263,1,1,0,0,109.73
6136,2,1012,1,0,1,0,713.22
6137,6,2722,1,1,0,0,0.0
6138,6,3338,1,0,0,0,0.0
6139,6,4350,1,1,0,0,0.0
6140,5,3719,1,1,0,0,0.0
6141,7,2502,1,1,0,0,0.0
6142,6,4763,1,1,0,0,0.0
6143,4,1486,1,1,1,0,0.0
6144,1,2062,1,0,0,0,0.0
6145,7,5451,1,0,0,1,0.0
6146,1,2061,1,1,0,0,367.23
6147,2,1960,1,0,0,0,0.0
6148,1,5734,1,0,1,0,0.0
6149,4,2241,1,1,0,0,0.0
6150,6,2470,1,1,0,0,76.97
6151,8,3045,1,1,0,0,0.0
6152,7,5842,1,0,1,0,0.0
6153,3,2339,1,1,0,1,138.26
6154,4,4528,1,0,0,0,80.6
6155,8,3488,1,0,0,1,0.0
6156,2,2777,1,1,1,0,393.12
6157,5,5142,1,0,0,0,0.0
6158,6,1833,1,0,0,1,0.0
6159,2,3350,1,1,0,0,0.0
6160,8,1751,1,0,0,0,0.0
6161,6,5208,1,1,0,0,0.0
6162,4,3696,1,0,0,0,0.0
6163,6,4603,1,0,0,0,0.0
6164,5,5320,1,0,1,0,0.0
6165,5,3085,1,1,0,1,0.0
6166,6,4628,1,1,1,1,0.0
6167,5,3826,1,1,0,0,0.0
6168,7,1392,1,1,0,0,0.0
6169,4,2126,1,1,0,0,0.0
6170,1,2371,1,1,1,0,0.0
6171,4,2014,1,0,0,0,0.0
6172,3,5351,1,1,0,0,0.0
6173,2,2470,1,0,0,0,0.0
6174,8,3481,1,1,0,0,0.0
6175,5,1558,1,1,1,0,0.0
6176,5,4400,1,1,1,0,0.0
6177,5,2142,1,0,0,0,92.51
6178,5,2005,1,1,0,0,0.0
6179,5,4376,1,1,0,0,0.0
6180,5,4085,1,1,0,0,0.0
6181,1,1429,1,1,0,0,96.76
6182,8,4538,1,1,0,0,120.77
6183,4,5673,1,0,0,0,0.0
6184,2,4574,1,0,1,0,0.0
6185,7,3626,1,0,0,0,0.0
6186,6,3311,1,1,1,0,0.0
6187,2,3772,1,1,0,0,0.0
6188,1,5649,1,0,1,0,0.0
6189,2,5984,1,1,0,0,0.0
6190,3,5764,1,1,0,0,0.0
6191,7,4529,1,1,0,0,0.0
6192,5,1196,1,1,0,0,0.0
6193,1,2115,1,0,1,0,0.0
6194,4,4290,1,1,0,0,0.0
6195,7,3537,1,1,1,0,0.0
6196,6,3875,1,1,0,0,0.0
6197,5,4297,1,0,1,0,0.0
6198,6,4918,1,0,0,0,0.0
6199,6,3476,1,1,0,0,0.0
6200,3,4836,1,1,1,0,0.0
6201,3,1941,1,1,0,0,0.0
6202,4,3314,1,1,0,0,0.0
6203,6,1371,1,0,0,0,0.0
6204,5,3891,1,0,1,1,288.13
6205,2,4895,1,1,0,0,0.0
6206,5,1022,1,1,0,0,0.0
6207,8,4620,1,1,0,1,0.0
6208,6,5445,1,0,0,0,0.0
6209,2,5913,1,0,0,0,0.0
6210,6,4967,1,1,0,0,0.0
6211,8,4789,1,0,0,0,0.0
6212,3,1388,1,1,0,0,21.31
6213,1,2597,1,1,0,0,0.0
6214,2,1621,1,0,0,0,0.0
6215,7,4303,1,1,0,0,0.0
6216,4,1291,1,1,0,0,0.0
6217,7,2300,1,0,0,0,0.0
6218,6,4655,1,0,1,0,0.0
6219,7,1569,1,0,0,1,0.0
6220,8,4051,1,0,0,0,0.0
6221,4,1349,1,0,0,0,0.0
6222,3,3781,1,1,1,0,0.0
6223,8,2003,1,1,0,0,0.0
6224,3,2787,1,0,0,0,0.0
6225,4,1605,1,1,1,0,0.0
6226,6,2239,1,1,0,0,0.0
6227,1,5648,1,0,1,0,0.0
6228,3,1176,1,1,0,0,0.0
6229,1,4292,1,1,0,0,0.0
6230,8,4078,1,1,0,0,0.0
6231,5,5793,1,0,0,1,0.0
6232,3,3782,1,1,0,0,0.0
6233,7,1388,1,1,1,0,0.0
6234,7,5794,1,1,0,0,126.23
6235,5,2499,1,1,1,0,0.0
6236,8,4372,1,0,1,0,0.0
6237,2,3894,1,1,0,0,0.0
6238,1,4310,1,1,1,0,0.0
6239,1,5136,1,1,0,0,0.0
6240,5,4001,1,1,1,1,0.0
6241,8,1932,1,1,0,0,0.0
6242,4,4772,1,1,0,0,0.0
6243,4,1403,1,1,0,1,0.0
6244,5,4191,1,0,1,0,0.0
6245,6,5119,1,0,0,0,0.0
6246,6,5461,1,1,0,1,330.93
6247,8,3966,1,1,1,0,0.0
6248,1,5424,1,1,0,0,0.0
6249,5,4641,1,1,0,0,0.0
6250,5,2260,1,1,0,1,0.0
6251,3,4437,1,0,1,1,0.0
6252,2,2448,1,0,0,0,0.0
6253,3,5576,1,0,0,1,0.0
6254,3,3468,1,0,0,0,0.0
6255,6,3651,1,1,0,1,0.0
6256,6,2194,1,1,1,1,157.23
6257,3,5785,1,1,1,0,0.0
6258,2,3051,1,0,1,0,0.0
6259,7,1527,1,1,1,1,0.0
6260,5,3427,1,0,0,0,0.0
6261,4,4687,1,1,0,0,0.0
6262,8,5433,1,1,1,0,0.0
6263,7,5094,1,1,0,0,0.0
6264,2,4456,1,0,0,1,0.0
6265,2,4988,1,0,0,0,0.0
6266,1,4833,1,1,0,0,0.0
6267,8,3747,1,1,1,0,0.0
6268,4,3930,1,1,0,0,0.0
6269,7,2813,1,1,0,1,0.0
6270,1,3776,1,0,0,0,0.0
6271,4,1678,1,1,0,0,0.0
6272,8,5793,1,1,0,1,0.0
6273,5,1342,1,0,0,0,0.0
6274,3,5901,1,0,0,0,250.85
6275,3,5521,1,0,0,0,0.0
6276,5,3594,1,0,0,0,550.57
6277,1,1717,1,1,1,0,0.0
6278,7,1546,1,1,1,1,0.0
6279,1,1829,1,1,0,0,0.0
6280,1,2641,1,1,0,0,0.0
6281,2,1321,1,1,1,0,95.44
6282,2,5621,1,0,0,0,390.19
6283,8,1543,1,0,0,0,0.0
6284,1,1057,1,1,0,0,0.0
6285,5,1272,1,1,0,0,0.0
6286,4,1388,1,1,0,1,0.0
6287,2,2139,1,1,0,0,402.32
6288,1,2581,1,1,0,0,0.0
6289,6,4969,1,0,0,1,0.0
6290,8,1643,1,0,1,0,0.0
6291,6,5847,1,1,0,1,0.0
6292,1,1359,1,1,0,0,0.0
6293,5,1748,1,1,1,1,0.0
6294,3,1774,1,0,0,0,0.0
6295,4,4064,1,1,0,0,0.0
6296,8,1460,1,1,0,1,0.0
6297,2,1274,1,0,1,0,0.0
6298,2,4949,1,1,1,0,0.0
6299,6,1340,1,1,1,0,0.0
6300,3,3072,1,1,0,0,0.0
6301,6,2604,1,1,0,0,0.0
6302,5,2136,1,1,1,0,246.52
6303,5,1770,1,0,0,0,0.0
6304,5,4570,1,1,0,0,0.0
6305,3,2452,1,1,0,0,117.2
6306,6,5568,1,0,0,1,0.0
6307,7,3828,1,1,0,0,82.37
6308,3,3533,1,0,0,0,0.0
6309,2,2544,1,0,1,1,861.31
6310,6,4433,1,1,0,1,0.0
6311,6,1540,1,0,0,0,0.0
6312,2,3412,1,1,0,0,0.0
6313,4,4793,1,1,1,1,0.0
6314,6,1218,1,1,1,0,0.0
6315,1,3291,1,1,1,0,0.0
6316,6,4936,1,0,1,0,0.0
6317,1,1970,1,1,0,0,0.0
6318,6,1515,1,1,0,0,0.0
6319,8,1913,1,0,1,1,0.0
6320,4,4848,1,1,0,0,0.0
6321,1,2693,1,1,0,1,0.0
6322,5,4462,1,1,0,0,0.0
6323,2,2767,1,1,0,0,0.0
6324,6,5916,1,0,1,0,0.0
6325,7,1737,1,1,0,0,157.81
6326,5,2915,1,1,0,0,0.0
6327,2,5646,1,1,0,0,0.0
6328,6,5404,1,1,0,0,0.0
6329,1,2720,1,1,1,0,0.0
6330,8,1385,1,0,0,0,0.0
6331,8,1380,1,1,0,0,0.0
6332,4,4137,1,1,0,0,268.83
6333,2,2733,1,0,0,1,0.0
6334,4,2348,1,1,1,0,0.0
6335,1,4141,1,1,1,0,0.0
6336,7,4108,1,1,1,0,0.0
6337,6,3480,1,1,0,1,0.0
6338,6,2303,1,1,0,0,114.17
6339,4,4495,1,1,1,0,300.19
6340,2,2828,1,1,0,0,0.0
6341,2,3662,1,1,0,0,137.49
6342,2,1558,1,1,0,0,0.0
6343,5,5723,1,0,1,0,643.16
6344,1,4411,1,1,1,0,0.0
6345,6,5558,1,1,0,0,0.0
6346,8,3351,1,1,1,0,0.0
6347,8,3298,1,1,1,0,0.0
6348,3,1212,1,0,0,0,0.0
6349,8,2534,1,1,0,1,0.0
6350,8,1712,1,0,0,0,0.0
6351,6,4195,1,1,1,0,0.0
6352,7,4504,1,1,0,0,0.0
6353,1,2135,1,1,0,0,0.0
6354,1,2566,1,1,1,0,0.0
6355,2,1323,1,1,0,0,0.0
6356,5,2177,1,1,1,0,0.0
6357,3,1736,1,1,1,1,0.0
6358,3,4590,1,0,1,0,0.0
6359,5,4642,1,1,1,0,0.0
6360,4,3218,1,1,0,1,0.0
6361,5,4428,1,1,0,0,0.0
6362,2,4214,1,1,1,1,0.0
6363,2,3316,1,1,0,0,0.0
6364,3,4033,1,1,1,0,225.43
6365,1,5305,1,1,1,0,0.0
6366,7,1885,1,0,0,0,0.0
6367,4,2011,1,0,0,0,0.0
6368,1,1373,1,0,0,0,101.69
6369,5,2993,1,1,0,0,0.0
6370,5,2402,1,0,0,0,0.0
6371,5,2097,1,1,0,0,0.0
6372,2,1883,1,0,1,0,0.0
6373,7,4483,1,0,0,0,0.0
6374,3,4213,1,0,1,0,0.0
6375,3,4579,1,0,0,0,0.0
6376,4,1222,1,0,1,1,0.0
6377,5,4711,1,1,0,0,0.0
6378,7,4510,1,1,0,0,0.0
6379,6,3499,1,1,0,0,0.0
6380,5,2107,1,1,0,1,0.0
6381,8,5021,1,1,0,0,0.0
6382,5,1180,1,0,0,0,0.0
6383,2,1072,1,1,0,0,0.0
6384,7,2925,1,1,0,0,0.0
6385,6,1812,1,1,1,0,0.0
6386,5,3915,1,1,0,1,0.0
6387,8,2022,1,0,0,0,0.0
6388,4,1118,1,1,0,0,0.0
6389,8,5309,1,0,0,0,0.0
6390,6,4479,1,0,0,0,0.0
6391,7,4681,1,1,0,0,0.0
6392,7,3039,1,0,0,0,152.38
6393,4,1198,1,0,0,0,0.0
6394,4,3027,1,0,1,1,154.19
6395,3,1668,1,1,0,0,0.0
6396,2,1653,1,1,0,0,0.0
6397,7,1076,1,0,0,0,0.0
6398,5,5551,1,1,1,0,0.0
6399,2,4855,1,0,1,0,0.0
6400,8,4902,1,1,1,0,0.0
6401,1,3246,1,0,1,0,0.0
6402,2,4688,1,0,0,1,0.0
6403,7,5027,1,1,0,0,411.52
6404,8,4994,1,1,0,0,0.0
6405,3,1370,1,1,0,0,0.0
6406,5,3132,1,1,0,0,0.0
6407,3,5480,1,1,0,1,0.0
6408,7,4476,1,1,0,0,0.0
6409,3,4846,1,1,0,0,0.0
6410,5,1755,1,0,1,1,0.0
6411,6,3880,1,1,1,0,103.35
6412,5,4579,1,0,1,0,0.0
6413,5,4864,1,1,0,0,0.0
6414,1,4691,1,1,0,1,124.79
6415,4,3649,1,0,1,0,0.0
6416,8,4954,1,0,1,0,0.0
6417,6,5785,1,1,1,0,0.0
6418,2,1708,1,1,0,0,0.0
6419,5,4114,1,1,0,0,0.0
6420,5,5352,1,0,1,0,0.0
6421,6,1056,1,0,1,1,115.19
6422,1,1286,1,1,1,0,130.01
6423,3,1438,1,0,0,0,0.0
6424,3,1883,1,1,0,0,0.0
6425,4,3157,1,1,0,1,0.0
6426,7,3567,1,1,0,0,0.0
6427,3,1593,1,1,0,0,0.0
6428,8,3499,1,0,0,0,0.0
6429,3,5958,1,1,0,0,0.0
6430,3,3459,1,1,1,0,0.0
6431,8,4005,1,1,0,0,0.0
6432,4,4776,1,0,0,0,0.0
6433,1,3384,1,1,0,0,0.0
6434,4,5096,1,1,0,0,0.0
6435,3,2152,1,1,1,1,92.43
6436,2,5187,1,0,0,0,0.0
6437,8,5460,1,1,1,0,0.0
6438,8,5002,1,1,0,0,0.0
6439,3,2101,1,1,0,0,0.0
6440,7,1270,1,1,0,0,0.0
6441,3,3254,1,1,0,0,0.0
6442,6,2822,1,1,0,0,0.0
6443,5,3625,1,0,1,0,0.0
6444,3,3756,1,1,1,1,0.0
6445,6,3810,1,0,1,0,0.0
6446,3,2538,1,1,0,0,0.0
6447,3,1517,1,0,0,0,0.0
6448,4,4507,1,1,1,1,0.0
6449,5,5229,1,1,0,0,149.65
6450,3,3346,1,1,1,0,0.0
6451,3,2786,1,1,0,0,0.0
6452,1,5923,1,1,1,0,0.0
6453,6,5324,1,1,0,0,157.2
6454,3,1470,1,0,0,1,0.0
6455,8,1158,1,1,0,0,0.0
6456,8,3845,1,1,0,0,0.0
6457,7,1786,1,1,1,0,95.52
6458,5,3097,1,1,0,1,0.0
6459,5,5518,1,1,0,0,0.0
6460,3,4184,1,0,0,0,0.0
6461,4,3316,1,1,1,0,0.0
6462,8,3266,1,0,0,0,0.0
6463,7,4786,1,1,1,0,0.0
6464,3,1072,1,1,0,0,0.0
6465,3,2012,1,0,0,0,160.57
6466,4,1585,1,1,0,0,0.0
6467,8,1228,1,1,0,0,0.0
6468,3,2968,1,1,0,0,0.0
6469,6,3023,1,0,0,0,164.68
6470,4,1529,1,0,0,0,0.0
6471,2,3843,1,1,0,0,0.0
6472,3,3277,1,1,0,0,0.0
6473,5,2894,1,1,0,0,0.0
6474,6,4087,1,0,0,0,0.0
6475,7,3318,1,1,0,0,0.0
6476,2,1642,1,1,0,1,0.0
6477,7,1621,1,0,1,0,0.0
6478,3,5299,1,0,0,0,159.35
6479,2,1328,1,1,1,0,0.0
6480,5,1750,1,1,1,0,662.86
6481,1,4278,1,1,0,0,0.0
6482,3,4944,1,0,0,1,0.0
6483,5,4477,1,1,0,0,0.0
6484,7,5505,1,0,0,0,0.0
6485,3,3822,1,1,0,0,0.0
6486,5,5530,1,0,0,0,0.0
6487,7,1755,1,1,0,1,0.0
6488,5,3504,1,1,1,0,0.0
6489,5,1368,1,0,1,0,66.95
6490,8,1563,1,0,0,0,0.0
6491,6,5906,1,1,0,0,0.0
6492,3,4642,1,1,0,0,0.0
6493,8,2924,1,1,0,0,0.0
6494,8,1302,1,1,0,1,0.0
6495,2,3689,1,1,0,0,718.49
6496,7,3018,1,1,0,0,0.0
6497,8,2832,1,1,0,0,0.0
6498,2,5015,1,0,0,0,0.0
6499,5,1452,1,0,0,1,0.0
6500,7,3410,1,1,1,0,0.0
6501,3,3954,1,1,1,0,0.0
6502,2,2961,1,1,0,0,0.0
6503,8,5315,1,0,1,0,137.79
6504,5,5987,1,1,0,0,0.0
6505,6,3160,1,1,0,0,0.0
6506,8,2094,1,1,1,0,0.0
6507,8,3084,1,0,0,0,0.0
6508,3,1779,1,1,0,0,0.0
6509,7,3136,1,1,0,0,0.0
6510,3,1863,1,1,0,0,0.0
6511,5,1300,1,0,1,0,0.0
6512,8,4900,1,1,1,0,0.0
6513,5,1201,1,1,0,0,0.0
6514,4,5866,1,0,0,1,0.0
6515,8,2850,1,0,0,0,0.0
6516,5,5311,1,1,0,0,0.0
6517,4,5049,1,0,0,0,0.0
6518,2,1520,1,1,0,0,131.51
6519,4,4817,1,1,1,0,0.0
6520,1,4253,1,0,1,0,0.0
6521,6,5001,1,1,1,0,0.0
6522,2,2538,1,1,0,0,0.0
6523,3,1636,1,0,0,0,0.0
6524,1,1500,1,1,0,0,0.0
6525,1,1214,1,1,0,0,0.0
6526,3,4486,1,0,1,0,0.0
6527,3,4911,1,0,0,0,0.0
6528,4,5808,1,0,0,1,378.81
6529,8,4909,1,1,0,0,0.0
6530,3,3507,1,0,1,0,0.0
6531,4,4584,1,0,0,0,0.0
6532,8,3296,1,1,1,1,0.0
6533,8,4104,1,1,1,1,0.0
6534,6,4485,1,1,1,1,100.55
6535,3,2809,1,1,0,0,0.0
6536,8,1040,1,0,0,0,0.0
6537,5,1036,1,1,0,0,0.0
6538,7,2752,1,1,1,0,0.0
6539,6,4656,1,0,1,0,0.0
6540,1,5014,1,0,0,0,389.62
6541,8,3863,1,0,0,0,0.0
6542,4,3561,1,1,0,0,0.0
6543,3,2330,1,1,1,0,302.51
6544,7,5786,1,0,0,0,0.0
6545,7,1294,1,0,1,0,195.32
6546,4,2963,1,1,0,0,0.0
6547,8,5685,1,1,0,0,0.0
6548,2,4727,1,1,1,0,0.0
6549,8,2893,1,1,1,0,0.0
6550,6,1763,1,1,1,0,201.09
6551,1,4345,1,1,0,1,0.0
6552,7,4314,1,0,0,0,0.0
6553,6,2712,1,0,0,0,0.0
6554,5,5971,1,1,0,0,0.0
6555,6,4104,1,0,1,0,0.0
6556,1,4636,1,0,1,1,0.0
6557,8,2185,1,0,0,0,0.0
6558,8,3486,1,1,0,0,87.9
6559,8,3485,1,0,0,1,0.0
6560,6,5424,1,1,0,0,0.0
6561,3,4574,1,1,0,0,205.52
6562,2,3966,1,0,0,0,0.0
6563,8,2487,1,1,1,0,0.0
6564,7,3910,1,1,0,0,0.0
6565,3,4038,1,1,0,0,0.0
6566,5,4539,1,0,0,0,0.0
6567,5,5277,1,1,0,0,0.0
6568,2,1570,1,1,0,0,0.0
6569,3,1407,1,1,0,0,0.0
6570,3,5525,1,1,0,0,0.0
6571,5,4427,1,1,1,1,232.11
6572,4,2808,1,0,1,0,0.0
6573,8,4240,1,1,0,0,0.0
6574,1,3350,1,1,0,0,0.0
6575,6,4750,1,0,0,0,168.55
6576,8,1801,1,1,0,1,0.0
6577,5,5527,1,1,1,0,0.0
6578,2,1822,1,0,0,0,0.0
6579,4,4045,1,0,1,1,203.95
6580,3,4020,1,0,0,1,0.0
6581,5,3943,1,1,1,0,0.0
6582,4,1457,1,1,0,1,0.0
6583,6,1531,1,1,0,0,0.0
6584,6,5219,1,1,0,0,0.0
6585,1,2696,1,0,0,0,0.0
6586,4,5507,1,1,1,0,0.0
6587,5,3479,1,1,0,0,0.0
6588,8,3305,1,1,1,0,0.0
6589,1,5101,1,0,1,0,0.0
6590,5,5038,1,1,0,0,0.0
6591,6,4737,1,0,0,0,0.0
6592,6,3995,1,1,0,0,0.0
6593,7,5862,1,1,0,1,126.26
6594,5,5711,1,0,0,1,0.0
6595,6,5846,1,0,0,0,0.0
6596,3,4051,1,1,0,0,0.0
6597,4,2138,1,1,1,0,0.0
6598,5,5099,1,0,1,0,0.0
6599,8,2069,1,1,0,0,0.0
6600,8,1695,1,0,0,1,0.0
6601,4,3510,1,1,0,0,0.0
6602,4,5480,1,1,0,0,0.0
6603,2,2512,1,1,0,1,225.53
6604,1,3938,1,0,0,0,0.0
6605,6,4015,1,0,1,0,0.0
6606,6,2180,1,1,0,0,172.09
6607,3,5264,1,1,0,0,458.19
6608,4,2195,1,0,1,0,0.0
6609,8,1264,1,1,1,0,0.0
6610,3,5138,1,0,1,0,0.0
6611,7,1754,1,1,1,0,0.0
6612,4,3791,1,0,0,0,0.0
6613,5,1773,1,1,1,0,0.0
6614,4,2860,1,1,1,0,0.0
6615,2,1644,1,0,1,1,0.0
6616,2,1372,1,1,0,0,150.12
6617,7,5227,1,1,0,1,0.0
6618,1,3099,1,1,0,0,226.97
6619,7,2535,1,1,0,0,0.0
6620,8,1733,1,0,0,1,367.1
6621,7,3635,1,1,0,0,0.0
6622,8,5105,1,0,0,0,347.66
6623,2,4448,1,1,0,0,0.0
6624,5,4768,1,0,0,0,0.0
6625,5,2180,1,1,1,0,0.0
6626,1,2512,1,1,0,0,0.0
6627,8,3226,1,1,1,1,0.0
6628,4,4326,1,0,0,0,0.0
6629,4,4914,1,1,1,0,0.0
6630,4,5474,1,1,0,0,0.0
6631,1,2350,1,1,0,0,0.0
6632,7,5720,1,0,0,0,138.15
6633,4,3608,1,1,1,0,0.0
6634,8,2259,1,1,0,0,0.0
6635,7,1047,1,0,1,0,0.0
6636,5,2337,1,0,0,0,0.0
6637,5,4392,1,1,1,0,0.0
6638,7,3150,1,1,0,0,119.46
6639,3,4122,1,0,0,0,237.11
6640,8,4042,1,1,1,1,0.0
6641,4,1984,1,1,0,0,110.87
6642,1,3102,1,1,0,0,0.0
6643,5,2347,1,0,1,0,0.0
6644,7,4447,1,0,0,0,0.0
6645,4,5875,1,0,0,0,0.0
6646,3,1896,1,1,0,0,0.0
6647,1,2526,1,0,1,1,480.19
6648,5,1283,1,1,0,1,0.0
6649,7,2978,1,1,1,0,150.63
6650,2,5591,1,1,0,0,0.0
6651,4,3055,1,0,1,0,0.0
6652,1,4622,1,0,1,0,0.0
6653,1,1356,1,0,1,0,148.42
6654,6,5768,1,0,0,0,0.0
6655,6,3271,1,0,1,1,0.0
6656,8,2755,1,1,0,1,0.0
6657,1,1840,1,0,0,0,0.0
6658,2,2422,1,1,1,0,83.84
6659,3,4727,1,0,0,0,201.7
6660,1,4657,1,0,1,0,0.0
6661,5,5810,1,0,1,0,0.0
6662,6,4085,1,1,1,0,0.0
6663,7,5953,1,1,0,1,0.0
6664,3,1836,1,1,1,0,0.0
6665,3,1399,1,1,0,0,0.0
6666,7,2127,1,0,0,0,0.0
6667,6,3437,1,0,0,0,0.0
6668,8,4279,1,1,0,0,0.0
6669,7,2372,1,0,0,0,203.02
6670,6,3422,1,1,0,0,0.0
6671,2,5183,1,1,0,0,263.37
6672,6,3634,1,0,0,0,0.0
6673,7,2395,1,0,1,0,0.0
6674,5,5060,1,1,1,1,316.82
6675,3,5034,1,1,1,0,0.0
6676,6,1101,1,0,1,0,0.0
6677,8,3176,1,1,1,0,0.0
6678,3,2670,1,1,0,0,0.0
6679,1,5142,1,1,0,1,161.6
6680,3,2229,1,1,0,0,155.71
6681,3,2257,1,1,1,0,0.0
6682,6,3634,1,0,0,0,139.27
6683,8,3024,1,1,1,0,0.0
6684,4,1800,1,0,1,1,0.0
6685,7,5284,1,1,1,1,0.0
6686,5,3246,1,1,0,0,0.0
6687,8,4484,1,0,1,0,121.41
6688,4,2517,1,0,0,0,0.0
6689,1,2091,1,0,0,0,0.0
6690,6,4369,1,0,0,1,0.0
6691,1,1879,1,1,0,0,0.0
6692,5,4778,1,1,0,0,63.73
6693,7,4263,1,1,0,0,0.0
6694,1,4663,1,1,1,0,0.0
6695,7,5261,1,1,0,1,0.0
6696,1,5723,1,1,1,0,0.0
6697,5,4402,1,1,0,0,0.0
6698,6,3107,1,1,1,0,0.0
6699,8,1664,1,1,0,0,0.0
6700,3,1091,1,0,0,0,0.0
6701,8,2777,1,0,0,1,0.0
6702,7,1532,1,1,0,0,0.0
6703,5,4264,1,1,0,0,0.0
6704,1,1661,1,1,1,0,811.52
6705,8,4693,1,1,0,0,346.26
6706,8,5034,1,1,1,0,229.82
6707,7,4131,1,1,1,0,0.0
6708,7,3501,1,0,0,1,0.0
6709,3,1280,1,0,0,1,0.0
6710,5,2881,1,1,0,1,0.0
6711,5,4909,1,1,0,0,0.0
6712,7,3388,1,1,0,0,71.31
6713,7,3097,1,0,1,0,0.0
6714,1,5297,1,1,0,1,0.0
6715,8,5933,1,1,1,0,0.0
6716,4,4944,1,1,1,0,0.0
6717,2,4656,1,0,1,0,0.0
6718,5,4899,1,1,0,0,0.0
6719,6,2142,1,1,0,0,0.0
6720,5,2235,1,1,0,0,0.0
6721,4,4800,1,1,1,1,0.0
6722,2,4077,1,0,0,0,0.0
6723,6,1362,1,1,1,1,147.39
6724,6,5957,1,1,0,1,0.0
6725,2,2904,1,0,0,1,0.0
6726,2,1465,1,0,0,0,0.0
6727,4,4678,1,0,0,0,504.52
6728,8,1508,1,1,1,0,0.0
6729,2,2979,1,0,0,0,0.0
6730,7,3452,1,1,0,0,0.0
6731,7,4369,1,1,0,0,144.03
6732,4,5326,1,1,0,0,0.0
6733,3,4251,1,1,1,0,0.0
6734,4,2597,1,0,0,1,0.0
6735,1,5232,1,0,0,0,0.0
6736,8,1082,1,1,0,0,150.54
6737,3,1896,1,1,0,0,0.0
6738,6,1665,1,1,1,0,0.0
6739,2,2818,1,0,0,0,0.0
6740,2,5386,1,1,0,1,101.71
6741,1,5849,1,0,0,0,0.0
6742,8,1481,1,0,0,0,0.0
6743,7,1535,1,1,0,1,0.0
6744,4,2190,1,1,0,0,0.0
6745,8,3688,1,1,0,0,291.39
6746,2,1404,1,1,0,1,86.85
6747,1,4489,1,1,0,0,0.0
6748,2,4299,1,1,0,0,0.0
6749,2,1850,1,0,1,0,686.79
6750,7,2801,1,0,1,0,328.64
6751,2,3456,1,1,0,0,0.0
6752,2,3834,1,1,0,0,0.0
6753,1,1033,1,0,0,1,0.0
6754,8,2760,1,1,0,0,215.05
6755,5,3407,1,0,0,0,0.0
6756,7,5512,1,1,0,0,0.0
6757,4,2955,1,1,1,0,66.35
6758,3,5510,1,1,0,0,0.0
6759,6,2122,1,1,0,1,0.0
6760,7,1599,1,0,0,0,0.0
6761,3,2888,1,1,0,0,0.0
6762,2,1769,1,1,0,0,30.04
6763,4,1723,1,1,0,1,202.05
6764,7,5119,1,1,0,0,232.41
6765,6,2863,1,1,1,0,695.0
6766,8,3122,1,1,0,1,0.0
6767,8,1741,1,1,0,0,0.0
6768,6,3904,1,0,0,0,0.0
6769,7,4206,1,1,1,0,0.0
6770,1,3557,1,1,1,0,0.0
6771,1,2782,1,0,0,0,0.0
6772,8,4447,1,1,1,1,0.0
6773,3,4476,1,1,0,0,0.0
6774,6,4776,1,1,0,0,0.0
6775,3,5978,1,0,1,0,0.0
6776,5,1192,1,1,1,0,0.0
6777,2,3063,1,1,0,0,0.0
6778,4,2555,1,1,1,0,0.0
6779,1,5963,1,1,0,1,0.0
6780,1,5929,1,1,0,0,0.0
6781,7,1410,1,1,0,0,0.0
6782,7,3395,1,1,0,0,84.18
6783,3,5140,1,1,1,1,0.0
6784,6,1027,1,1,0,0,0.0
6785,3,2277,1,1,0,0,0.0
6786,4,4466,1,0,0,0,296.76
6787,5,3495,1,1,0,0,0.0
6788,1,4785,1,1,0,1,0.0
6789,1,2311,1,1,0,1,0.0
6790,2,1063,1,1,0,1,0.0
6791,1,3480,1,1,0,0,0.0
6792,6,3162,1,1,0,0,0.0
6793,6,2674,1,1,0,0,0.0
6794,5,1973,1,1,0,0,0.0
6795,3,5235,1,0,0,0,0.0
6796,5,3439,1,0,0,1,0.0
6797,4,4589,1,1,1,0,0.0
6798,6,5078,1,1,0,0,0.0
6799,6,1121,1,1,0,0,0.0
6800,6,3279,1,1,1,0,0.0
6801,2,4754,1,1,0,0,0.0
6802,1,3907,1,1,1,1,0.0
6803,1,3328,1,1,0,0,0.0
6804,1,5465,1,1,1,0,0.0
6805,6,2984,1,0,0,0,0.0
6806,4,5752,1,1,1,0,440.96
6807,4,2559,1,1,1,0,0.0
6808,4,2367,1,1,0,1,0.0
6809,1,5749,1,1,0,0,0.0
6810,3,2236,1,1,1,0,0.0
6811,1,4719,1,1,0,0,336.75
6812,1,4526,1,1,0,0,0.0
6813,6,5924,1,0,1,0,126.59
6814,5,2120,1,1,1,0,0.0
6815,2,5762,1,0,0,0,0.0
6816,7,2234,1,0,0,0,207.12
6817,7,5532,1,0,0,0,0.0
6818,6,5248,1,1,0,0,0.0
6819,1,2713,1,1,0,1,0.0
6820,3,3392,1,0,0,0,0.0
6821,2,5771,1,1,1,0,0.0
6822,6,4241,1,1,0,0,0.0
6823,5,4115,1,1,1,0,0.0
6824,7,5923,1,0,0,1,0.0
6825,1,2792,1,0,0,0,0.0
6826,7,3804,1,0,0,0,0.0
6827,5,5280,1,0,0,1,0.0
6828,7,1006,1,0,1,0,0.0
6829,4,4048,1,0,0,0,0.0
6830,8,1147,1,1,1,0,0.0
6831,1,2004,1,1,0,0,0.0
6832,8,4019,1,0,0,0,0.0
6833,4,1976,1,1,0,0,0.0
6834,2,4216,1,1,0,0,0.0
6835,4,3634,1,1,1,0,0.0
6836,4,4931,1,1,1,0,0.0
6837,7,4841,1,0,0,0,0.0
6838,2,1557,1,1,0,1,0.0
6839,8,1959,1,1,0,0,0.0
6840,7,2027,1,0,0,0,0.0
6841,5,5077,1,0,0,0,0.0
6842,2,2106,1,1,0,0,0.0
6843,2,3571,1,0,0,0,0.0
6844,2,4453,1,1,0,0,0.0
6845,7,3076,1,1,1,0,0.0
6846,8,4516,1,0,1,1,0.0
6847,7,2572,1,1,1,0,0.0
6848,5,2786,1,0,0,1,0.0
6849,6,2446,1,0,0,1,0.0
6850,5,5292,1,0,0,1,0.0
6851,8,4194,1,1,0,0,79.93
6852,4,5494,1,1,1,0,0.0
6853,7,2539,1,1,0,0,154.36
6854,3,4373,1,1,1,0,0.0
6855,8,5284,1,1,0,1,0.0
6856,5,3016,1,1,0,0,0.0
6857,3,5890,1,1,1,0,0.0
6858,5,1590,1,0,1,0,0.0
6859,4,3069,1,1,0,1,0.0
6860,3,1994,1,0,0,0,0.0
6861,2,1138,1,0,0,0,0.0
6862,3,2768,1,1,0,1,0.0
6863,2,4415,1,1,0,0,0.0
6864,2,4571,1,1,0,1,0.0
6865,3,2405,1,1,0,1,0.0
6866,1,4334,1,1,0,0,95.69
6867,8,1952,1,1,0,1,0.0
6868,1,5119,1,1,1,0,0.0
6869,4,1976,1,1,0,0,0.0
6870,7,4782,1,1,0,0,0.0
6871,5,1899,1,1,1,0,0.0
6872,5,3194,1,1,0,0,0.0
6873,3,3568,1,1,0,0,0.0
6874,8,2124,1,1,0,0,0.0
6875,7,4048,1,1,1,1,0.0
6876,6,4012,1,0,1,0,0.0
6877,2,2363,1,1,0,0,0.0
6878,4,2211,1,1,0,0,0.0
6879,7,2293,1,0,0,0,0.0
6880,4,4258,1,1,0,0,0.0
6881,8,3102,1,0,0,0,0.0
6882,3,5495,1,1,0,0,78.68
6883,1,2867,1,0,1,0,126.38
6884,6,4811,1,1,0,0,0.0
6885,1,3791,1,0,1,0,0.0
6886,5,1681,1,1,1,0,0.0
6887,3,4717,1,1,1,0,0.0
6888,7,5433,1,1,0,0,91.56
6889,3,1707,1,1,0,1,0.0
6890,7,4729,1,0,0,1,0.0
6891,2,3383,1,1,0,0,0.0
6892,7,4469,1,1,0,0,0.0
6893,6,5940,1,1,0,1,0.0
6894,7,5881,1,1,0,0,0.0
6895,2,4125,1,0,0,0,0.0
6896,4,5524,1,1,0,0,0.0
6897,6,1903,1,0,0,0,0.0
6898,3,1964,1,1,1,1,0.0
6899,2,2072,1,0,0,0,0.0
6900,2,4570,1,0,0,1,76.93
6901,5,1762,1,1,0,0,0.0
6902,1,2822,1,0,0,0,0.0
6903,4,4396,1,1,0,0,0.0
6904,1,2475,1,1,0,0,0.0
6905,4,3046,1,1,1,0,0.0
6906,1,5612,1,1,0,0,0.0
6907,7,3963,1,1,1,0,0.0
6908,1,3176,1,1,0,1,212.2
6909,3,3654,1,0,0,0,0.0
6910,5,4889,1,0,0,0,0.0
6911,6,3929,1,0,0,0,0.0
6912,7,2452,1,1,1,1,0.0
6913,4,1394,1,0,1,0,77.27
6914,3,5841,1,1,0,0,0.0
6915,1,4312,1,1,1,0,151.87
6916,8,1528,1,0,0,0,0.0
6917,2,4540,1,0,1,0,0.0
6918,1,5563,1,1,1,0,0.0
6919,5,5515,1,1,0,0,0.0
6920,6,2383,1,1,0,0,0.0
6921,7,1802,1,1,1,0,363.53
6922,1,4496,1,1,0,0,211.01
6923,1,3572,1,0,0,0,0.0
6924,2,2671,1,1,0,1,0.0
6925,2,2558,1,1,1,0,0.0
6926,5,3724,1,0,0,0,0.0
6927,8,5805,1,0,0,1,71.2
6928,1,1841,1,1,0,0,0.0
6929,8,5408,1,1,1,0,192.22
6930,7,4389,1,1,1,0,0.0
6931,7,2808,1,1,0,0,0.0
6932,5,2777,1,1,0,0,0.0
6933,1,4835,1,0,0,0,0.0
6934,2,3525,1,1,0,0,0.0
6935,6,5134,1,1,0,1,0.0
6936,5,2481,1,1,0,1,0.0
6937,3,1980,1,1,0,0,0.0
6938,5,1402,1,1,0,0,0.0
6939,3,5493,1,0,0,0,0.0
6940,7,2998,1,1,0,0,0.0
6941,3,4711,1,1,0,1,0.0
6942,2,5282,1,0,0,0,0.0
6943,4,2856,1,1,1,0,0.0
6944,8,3325,1,1,1,0,0.0
6945,5,5216,1,0,1,0,0.0
6946,4,4154,1,1,0,1,251.28
6947,6,4343,1,0,0,0,0.0
6948,2,1423,1,1,1,0,189.46
6949,3,2534,1,1,0,0,0.0
6950,1,3646,1,0,0,0,0.0
6951,8,5608,1,1,0,0,0.0
6952,2,5936,1,1,0,1,0.0
6953,3,2042,1,0,1,0,0.0
6954,4,2355,1,1,0,0,0.0
6955,1,2679,1,0,0,0,0.0
6956,2,4535,1,1,0,1,0.0
6957,6,5882,1,1,1,1,0.0
6958,2,1651,1,0,1,0,384.81
6959,6,2271,1,0,0,0,117.85
6960,3,2828,1,1,1,0,0.0
6961,5,5628,1,0,0,1,226.16
6962,8,4483,1,0,0,0,0.0
6963,4,3010,1,0,0,0,0.0
6964,4,3086,1,1,0,1,0.0
6965,4,2225,1,1,1,0,0.0
6966,1,2715,1,1,0,0,0.0
6967,3,1061,1,1,0,1,0.0
6968,1,2473,1,1,0,0,0.0
6969,8,2581,1,0,0,0,0.0
6970,2,4047,1,0,0,0,103.99
6971,6,5540,1,1,0,0,0.0
6972,1,5250,1,1,1,0,212.48
6973,1,3269,1,0,0,0,194.37
6974,8,2942,1,1,0,0,0.0
6975,7,4504,1,0,0,0,0.0
6976,2,4099,1,0,1,1,0.0
6977,5,2305,1,1,0,0,0.0
6978,7,5033,1,1,1,0,0.0
6979,5,4942,1,1,0,0,0.0
6980,8,5612,1,1,0,0,0.0
6981,8,4371,1,0,0,0,0.0
6982,7,4655,1,1,0,1,0.0
6983,8,1746,1,1,1,0,0.0
6984,3,3957,1,0,0,0,0.0
6985,3,2269,1,0,0,1,84.3
6986,8,5610,1,1,0,0,0.0
6987,1,1018,1,0,0,0,0.0
6988,3,5548,1,1,0,1,0.0
6989,1,4898,1,1,0,0,0.0
6990,3,5974,1,0,1,0,0.0
6991,3,4069,1,0,0,1,0.0
6992,3,3780,1,0,1,0,0.0
6993,2,1315,1,0,0,0,0.0
6994,1,4044,1,1,1,0,0.0
6995,2,5198,1,1,0,0,0.0
6996,6,3227,1,0,0,0,0.0
6997,5,4752,1,0,0,0,0.0
6998,6,2391,1,1,0,0,0.0
6999,2,4784,1,1,1,0,0.0
7000,1,4327,1,1,1,0,191.76
7001,3,2050,1,1,1,0,0.0
7002,2,4234,1,1,0,0,152.18
7003,5,4976,1,0,0,0,0.0
7004,2,4720,1,1,0,0,0.0
7005,2,3135,1,1,0,0,0.0
7006,3,2779,1,1,0,0,0.0
7007,8,5609,1,1,0,0,0.0
7008,5,1090,1,0,0,0,0.0
7009,1,5821,1,1,1,0,0.0
7010,5,5384,1,0,0,0,111.53
7011,5,5410,1,1,1,0,45.57
7012,4,3641,1,1,0,0,0.0
7013,1,4592,1,1,0,0,0.0
7014,4,1966,1,1,0,0,0.0
7015,4,2187,1,1,0,0,0.0
7016,3,3702,1,1,0,0,391.93
7017,5,2056,1,1,0,1,0.0
7018,7,2164,1,1,0,1,0.0
7019,5,2735,1,0,1,0,0.0
7020,3,2189,1,0,0,0,0.0
7021,7,1255,1,0,0,0,213.07
7022,3,3642,1,0,0,0,0.0
7023,1,3281,1,0,0,0,0.0
7024,2,2248,1,0,0,0,0.0
7025,6,1416,1,1,1,1,0.0
7026,7,1817,1,1,0,0,80.1
7027,6,1666,1,0,0,0,0.0
7028,2,3662,1,1,0,0,0.0
7029,4,3585,1,1,0,0,0.0
7030,7,3171,1,1,0,0,0.0
7031,5,4878,1,1,1,0,1075.11
7032,2,1661,1,0,0,0,0.0
7033,8,5315,1,0,1,0,0.0
7034,2,3521,1,1,1,0,0.0
7035,7,2712,1,1,0,0,0.0
7036,8,5292,1,1,1,0,303.14
7037,4,4888,1,0,0,0,0.0
7038,7,1660,1,1,0,0,0.0
7039,4,4974,1,1,1,0,212.55
7040,6,3787,1,0,0,1,0.0
7041,1,2672,1,1,0,0,0.0
7042,2,1266,1,1,0,0,217.38
7043,2,5771,1,0,0,0,0.0
7044,8,5425,1,1,0,0,0.0
7045,1,1404,1,1,0,0,0.0
7046,5,2950,1,0,0,0,0.0
7047,4,3184,1,1,0,1,0.0
7048,7,2662,1,1,0,0,0.0
7049,5,2446,1,1,0,0,0.0
7050,8,2373,1,0,1,0,79.38
7051,5,2231,1,0,0,1,0.0
7052,5,5070,1,0,0,0,214.04
7053,6,2625,1,1,0,1,88.36
7054,4,2075,1,1,1,0,464.16
7055,3,3971,1,0,0,1,239.83
7056,6,2226,1,1,0,1,0.0
7057,5,3642,1,0,0,0,0.0
7058,3,5232,1,1,1,0,0.0
7059,3,1198,1,1,0,1,141.5
7060,3,2071,1,1,0,0,0.0
7061,7,2076,1,1,0,0,0.0
7062,2,2270,1,0,1,1,0.0
7063,1,5399,1,1,1,0,0.0
7064,3,4617,1,1,0,0,0.0
7065,2,3409,1,1,0,1,0.0
7066,3,4368,1,1,0,1,0.0
7067,3,3461,1,1,1,0,0.0
7068,3,2829,1,1,1,0,0.0
7069,8,3794,1,1,0,0,0.0
7070,3,1274,1,1,0,0,0.0
7071,1,1675,1,1,0,0,0.0
7072,5,2615,1,1,1,0,0.0
7073,8,2284,1,0,0,0,0.0
7074,4,5668,1,1,1,1,207.9
7075,3,2289,1,1,0,0,0.0
7076,3,5359,1,0,0,0,0.0
7077,6,5617,1,0,1,1,0.0
7078,8,2001,1,1,0,0,0.0
7079,2,3079,1,0,0,0,46.43
7080,5,3212,1,1,1,0,0.0
7081,7,4692,1,1,0,0,0.0
7082,6,4907,1,1,1,0,0.0
7083,2,4613,1,0,0,0,0.0
7084,1,4452,1,1,0,1,0.0
7085,4,5845,1,0,1,0,0.0
7086,1,1335,1,0,0,0,0.0
7087,8,4987,1,1,1,0,0.0
7088,6,5401,1,1,0,0,0.0
7089,4,4126,1,1,1,0,0.0
7090,4,1630,1,0,1,1,0.0
7091,6,5887,1,1,0,0,0.0
7092,3,1171,1,0,0,0,0.0
7093,8,5797,1,1,1,0,0.0
7094,7,2203,1,1,0,0,260.9
7095,1,4912,1,1,0,0,0.0
7096,4,4942,1,0,0,0,134.6
7097,2,5344,1,1,0,0,0.0
7098,1,5981,1,1,0,0,0.0
7099,4,1296,1,1,0,0,452.84
7100,7,4506,1,1,0,1,0.0
7101,3,2918,1,0,1,0,0.0
7102,7,1452,1,1,0,0,0.0
7103,6,2877,1,1,0,0,573.76
7104,4,3739,1,0,0,0,0.0
7105,6,5769,1,1,0,0,0.0
7106,3,4069,1,1,0,0,0.0
7107,1,4897,1,0,0,0,0.0
7108,5,1613,1,1,0,0,0.0
7109,5,3458,1,0,1,1,0.0
7110,6,4740,1,1,0,0,0.0
7111,3,4998,1,1,0,0,0.0
7112,4,2243,1,1,0,0,121.28
7113,5,4367,1,1,1,0,0.0
7114,6,4771,1,0,0,0,0.0
7115,5,3202,1,1,0,0,0.0
7116,1,5729,1,1,0,0,0.0
7117,3,2805,1,1,1,0,267.43
7118,1,5760,1,1,1,0,280.93
7119,5,3301,1,1,0,0,0.0
7120,3,2870,1,1,0,0,0.0
7121,7,5851,1,0,0,0,0.0
7122,1,4111,1,1,0,0,0.0
7123,5,3772,1,1,0,0,0.0
7124,4,4038,1,1,1,0,0.0
7125,4,1901,1,1,0,0,0.0
7126,2,4250,1,0,1,0,116.66
7127,6,2259,1,0,0,0,0.0
7128,3,1509,1,1,1,0,0.0
7129,4,2736,1,0,0,0,0.0
7130,3,4847,1,1,1,0,0.0
7131,1,3449,1,1,0,1,0.0
7132,8,4708,1,1,1,0,0.0
7133,6,3748,1,0,0,1,0.0
7134,8,2189,1,1,0,0,0.0
7135,1,4671,1,0,0,0,0.0
7136,6,5141,1,1,0,0,0.0
7137,2,4561,1,0,0,0,0.0
7138,2,1361,1,1,0,0,89.58
7139,2,5097,1,1,0,0,0.0
7140,5,5236,1,1,0,0,0.0
7141,4,4833,1,0,0,0,0.0
7142,4,2843,1,1,0,0,0.0
7143,1,5567,1,1,1,0,341.73
7144,2,2177,1,1,1,0,0.0
7145,6,4381,1,1,0,0,0.0
7146,6,2975,1,0,0,0,0.0
7147,4,5078,1,0,0,0,0.0
7148,2,2067,1,1,0,0,0.0
7149,2,5116,1,1,0,1,0.0
7150,4,2394,1,0,0,1,56.8
7151,1,1875,1,1,0,0,0.0
7152,7,5034,1,1,0,0,22.49
7153,3,1541,1,0,0,0,0.0
7154,3,1512,1,1,1,0,0.0
7155,8,4761,1,1,0,0,0.0
7156,3,2153,1,1,0,0,0.0
7157,8,5717,1,0,1,0,0.0
7158,2,4028,1,0,0,0,0.0
7159,3,2755,1,1,0,0,199.11
7160,7,4933,1,1,0,0,0.0
7161,6,4954,1,0,0,0,0.0
7162,3,2642,1,1,0,0,0.0
7163,2,2378,1,1,1,0,0.0
7164,1,5224,1,1,0,0,0.0
7165,8,5265,1,1,0,0,0.0
7166,6,2221,1,1,1,0,0.0
7167,8,4602,1,0,1,0,0.0
7168,6,4456,1,1,0,0,0.0
7169,4,5674,1,1,0,0,0.0
7170,5,2102,1,1,0,0,0.0
7171,8,2516,1,1,0,0,282.81
7172,4,1308,1,1,0,0,0.0
7173,8,1649,1,1,0,0,123.11
7174,4,3515,1,1,0,1,0.0
7175,4,3511,1,0,0,0,0.0
7176,7,3062,1,1,1,1,0.0
7177,6,3562,1,0,0,1,457.14
7178,7,4752,1,0,0,0,0.0
7179,1,2736,1,1,1,0,0.0
7180,3,2847,1,1,0,0,0.0
7181,7,1356,1,0,1,0,0.0
7182,7,4043,1,1,0,0,0.0
7183,4,4676,1,0,0,0,0.0
7184,4,2037,1,1,1,0,0.0
7185,6,1369,1,0,0,0,0.0
7186,1,2590,1,1,0,1,0.0
7187,1,4402,1,1,0,0,0.0
7188,3,3002,1,1,0,0,0.0
7189,7,2016,1,0,0,1,58.34
7190,4,4412,1,0,0,0,0.0
7191,5,1187,1,1,0,0,0.0
7192,4,2413,1,0,0,1,0.0
7193,8,5457,1,1,0,0,0.0
7194,6,5857,1,1,0,1,0.0
7195,5,5511,1,1,1,0,0.0
7196,6,1384,1,1,0,0,0.0
7197,4,2907,1,1,1,0,0.0
7198,5,2711,1,1,1,0,0.0
7199,7,2730,1,0,1,0,0.0
7200,1,1840,1,1,0,0,210.67
7201,7,5834,1,0,0,0,0.0
7202,2,2710,1,1,1,0,0.0
7203,5,1009,1,0,0,0,0.0
7204,1,2784,1,1,1,0,219.19
7205,1,5436,1,1,1,1,0.0
7206,4,4058,1,0,1,0,0.0
7207,7,4048,1,0,1,0,0.0
7208,6,1162,1,1,0,1,0.0
7209,7,5983,1,1,0,1,0.0
7210,5,2533,1,1,0,1,0.0
7211,7,3352,1,1,1,0,0.0
7212,5,1846,1,0,0,0,399.81
7213,5,5196,1,0,0,0,0.0
7214,8,2658,1,1,0,0,0.0
7215,4,1086,1,1,0,0,0.0
7216,1,5373,1,1,0,0,0.0
7217,8,5355,1,1,1,0,0.0
7218,6,5197,1,0,0,0,117.59
7219,4,4143,1,1,0,1,0.0
7220,3,5058,1,0,0,0,0.0
7221,7,4922,1,1,0,0,497.4
7222,2,3007,1,1,0,0,0.0
7223,7,4075,1,1,1,1,143.14
7224,3,2477,1,1,0,1,0.0
7225,6,2251,1,0,1,0,0.0
7226,7,3416,1,0,0,0,0.0
7227,2,5614,1,1,1,0,0.0
7228,3,3780,1,0,0,0,134.62
7229,2,2166,1,0,1,0,0.0
7230,5,5944,1,1,0,0,0.0
7231,6,1773,1,0,0,1,0.0
7232,5,4031,1,1,0,0,0.0
7233,4,3383,1,0,0,0,0.0
7234,2,4438,1,1,1,0,214.18
7235,1,3160,1,0,0,0,0.0
7236,3,2505,1,1,1,0,0.0
7237,1,2789,1,1,0,0,0.0
7238,6,3404,1,0,0,0,0.0
7239,3,2032,1,0,0,0,0.0
7240,7,5510,1,0,0,0,0.0
7241,8,1228,1,0,1,0,0.0
7242,2,5511,1,1,1,1,0.0
7243,8,4287,1,1,0,0,413.16
7244,2,3114,1,1,0,0,60.31
7245,5,4706,1,1,1,0,0.0
7246,6,2881,1,1,0,0,650.7
7247,4,1041,1,1,1,0,0.0
7248,8,3522,1,1,1,1,0.0
7249,5,1876,1,0,1,0,0.0
7250,6,3842,1,1,1,0,0.0
7251,8,3150,1,0,0,1,0.0
7252,3,1552,1,1,1,0,0.0
7253,5,2340,1,1,0,0,0.0
7254,5,2607,1,1,0,0,0.0
7255,8,2751,1,0,1,0,0.0
7256,1,3773,1,0,1,0,112.56
7257,5,3945,1,0,0,0,149.43
7258,8,1454,1,0,0,1,0.0
7259,1,3037,1,0,0,0,0.0
7260,2,2201,1,1,1,1,0.0
7261,6,2835,1,0,0,0,0.0
7262,5,3350,1,0,0,1,0.0
7263,3,4100,1,1,1,0,0.0
7264,1,2003,1,1,0,0,0.0
7265,7,1975,1,0,1,0,0.0
7266,3,5242,1,1,1,0,0.0
7267,3,2752,1,0,0,0,0.0
7268,6,1399,1,0,0,0,0.0
7269,3,3147,1,0,0,0,0.0
7270,2,5197,1,0,0,0,0.0
7271,1,4288,1,0,0,0,0.0
7272,7,3632,1,1,0,0,141.63
7273,5,5608,1,1,0,0,0.0
7274,7,3722,1,1,0,0,0.0
7275,6,1841,1,1,0,0,0.0
7276,6,4485,1,1,0,0,309.69
7277,4,3697,1,1,0,0,0.0
7278,1,1133,1,1,1,0,0.0
7279,4,5176,1,1,0,0,0.0
7280,8,1627,1,1,1,0,0.0
7281,5,1938,1,1,0,0,0.0
7282,3,5961,1,1,0,0,0.0
7283,7,2283,1,0,0,0,0.0
7284,4,1433,1,1,1,0,0.0
7285,2,3901,1,1,1,0,0.0
7286,5,1887,1,0,0,0,0.0
7287,2,3094,1,0,0,1,0.0
7288,1,2599,1,0,0,0,0.0
7289,4,5026,1,1,0,0,206.04
7290,7,4638,1,1,0,0,74.18
7291,8,1172,1,0,1,0,0.0
7292,4,2239,1,1,1,0,0.0
7293,2,3004,1,1,1,0,0.0
7294,1,3351,1,1,0,0,0.0
7295,1,4916,1,0,0,0,0.0
7296,7,3452,1,1,0,0,0.0
7297,8,3521,1,1,0,0,0.0
7298,1,4673,1,1,0,1,263.22
7299,7,3404,1,1,1,0,0.0
7300,2,4923,1,0,1,0,0.0
7301,4,3683,1,0,0,0,0.0
7302,8,1823,1,1,0,0,0.0
7303,7,4477,1,1,0,0,0.0
7304,8,2380,1,0,1,0,0.0
7305,5,1762,1,0,1,0,0.0
7306,3,4812,1,1,1,1,0.0
7307,8,3790,1,1,0,1,0.0
7308,7,4991,1,0,0,0,211.17
7309,4,2492,1,0,1,0,52.71
7310,1,3328,1,1,0,0,173.71
7311,7,5451,1,1,1,1,0.0
7312,3,4737,1,1,1,0,0.0
7313,7,4510,1,0,0,0,0.0
7314,6,2041,1,1,0,0,0.0
7315,7,4753,1,0,1,0,0.0
7316,6,3673,1,1,0,0,0.0
7317,1,4068,1,0,0,1,0.0
7318,8,2393,1,1,0,0,0.0
7319,5,4692,1,0,0,1,570.56
7320,8,2327,1,1,0,0,0.0
7321,8,2149,1,1,1,0,0.0
7322,4,5778,1,1,1,0,0.0
7323,1,2615,1,1,1,1,71.4
7324,1,2244,1,1,1,1,0.0
7325,1,3655,1,1,0,0,0.0
7326,8,2352,1,1,1,0,332.36
7327,2,4606,1,1,0,0,0.0
7328,4,3204,1,1,0,1,0.0
7329,1,1520,1,1,1,0,0.0
7330,3,3246,1,0,1,0,0.0
7331,4,2492,1,1,0,0,0.0
7332,7,5485,1,1,1,0,0.0
7333,3,5016,1,0,1,0,0.0
7334,5,1258,1,1,0,0,0.0
7335,7,3579,1,1,0,0,0.0
7336,8,5877,1,0,0,0,0.0
7337,7,5083,1,1,0,0,0.0
7338,3,3626,1,0,0,0,0.0
7339,2,2327,1,1,0,0,0.0
7340,3,5790,1,1,0,1,0.0
7341,7,1794,1,1,0,0,0.0
7342,8,5132,1,1,0,1,102.33
7343,8,1279,1,1,0,0,0.0
7344,5,2285,1,0,0,0,0.0
7345,7,5080,1,1,1,1,142.66
7346,1,5075,1,0,0,0,246.72
7347,7,3942,1,0,0,0,0.0
7348,6,2450,1,1,0,0,0.0
7349,8,2972,1,1,0,0,0.0
7350,3,3870,1,1,0,0,0.0
7351,4,3159,1,1,0,1,0.0
7352,8,4793,1,1,0,0,154.34
7353,7,3799,1,1,0,0,0.0
7354,2,1379,1,1,0,0,0.0
7355,7,5727,1,1,1,0,506.93
7356,3,3719,1,1,1,0,0.0
7357,2,4934,1,0,1,0,305.42
7358,6,3811,1,1,1,1,180.77
7359,5,3910,1,1,1,0,0.0
7360,3,5046,1,1,1,0,0.0
7361,8,5121,1,1,0,0,0.0
7362,2,4880,1,0,0,0,0.0
7363,5,5174,1,1,0,0,0.0
7364,5,3067,1,0,1,0,0.0
7365,7,2440,1,1,0,0,0.0
7366,8,2234,1,0,0,0,0.0
7367,7,2886,1,0,0,0,0.0
7368,3,2393,1,0,0,0,0.0
7369,8,3471,1,0,1,0,0.0
7370,5,1500,1,0,0,1,0.0
7371,5,3311,1,0,1,0,0.0
7372,8,5286,1,0,0,0,0.0
7373,6,5668,1,1,0,0,0.0
7374,8,1908,1,1,1,0,233.38
7375,1,1257,1,1,0,0,0.0
7376,3,4354,1,0,0,0,0.0
7377,5,3902,1,0,0,0,0.0
7378,6,3371,1,1,1,0,0.0
7379,1,5680,1,0,0,0,0.0
7380,6,5286,1,0,0,0,405.95
7381,2,5564,1,0,0,1,0.0
7382,3,5415,1,1,0,0,358.2
7383,5,3600,1,1,1,0,144.06
7384,1,2681,1,1,0,0,0.0
7385,8,5754,1,0,0,0,0.0
7386,7,4996,1,0,0,0,0.0
7387,2,5694,1,1,0,0,0.0
7388,3,3376,1,0,1,0,0.0
7389,3,5434,1,0,0,0,0.0
7390,4,3452,1,1,0,0,0.0
7391,8,3827,1,1,1,0,0.0
7392,4,5429,1,1,0,1,361.58
7393,5,3804,1,1,0,1,0.0
7394,7,1086,1,1,0,1,117.78
7395,2,5274,1,1,0,0,85.51
7396,5,1711,1,1,1,0,385.76
7397,2,2325,1,1,0,1,0.0
7398,3,2850,1,0,1,0,0.0
7399,2,5967,1,1,0,0,0.0
7400,7,2694,1,1,0,0,0.0
7401,8,1011,1,1,0,0,0.0
7402,1,5398,1,1,0,0,0.0
7403,4,2301,1,1,0,0,161.86
7404,2,4312,1,1,0,0,0.0
7405,1,3337,1,1,1,0,0.0
7406,2,5996,1,1,0,0,130.57
7407,5,1478,1,1,1,0,128.53
7408,6,5406,1,1,1,0,0.0
7409,2,1285,1,1,0,1,0.0
7410,2,1103,1,1,1,0,0.0
7411,6,3207,1,1,0,0,0.0
7412,3,2227,1,0,0,0,0.0
7413,8,3654,1,0,1,0,0.0
7414,8,1863,1,1,0,0,210.45
7415,6,2049,1,0,1,0,0.0
7416,6,3715,1,0,1,0,0.0
7417,5,1262,1,1,0,1,0.0
7418,3,1945,1,1,0,1,0.0
7419,8,3599,1,0,0,0,0.0
7420,2,3840,1,1,0,0,0.0
7421,4,4158,1,0,0,1,0.0
7422,4,4110,1,1,0,0,0.0
7423,7,4480,1,1,1,1,0.0
7424,4,1489,1,1,0,1,0.0
7425,8,4805,1,1,0,0,0.0
7426,1,5305,1,1,0,0,0.0
7427,7,5572,1,1,1,0,113.87
7428,2,5774,1,1,1,1,0.0
7429,1,1323,1,1,0,0,0.0
7430,6,5303,1,1,0,0,0.0
7431,3,3156,1,1,0,0,0.0
7432,1,1067,1,0,0,0,0.0
7433,8,2008,1,1,0,0,0.0
7434,2,2332,1,1,0,0,0.0
7435,6,1843,1,1,1,1,0.0
7436,4,3362,1,1,0,0,215.53
7437,4,4412,1,1,1,0,0.0
7438,8,3684,1,1,0,0,0.0
7439,1,5370,1,1,1,1,141.97
7440,2,1989,1,1,0,0,0.0
7441,7,4383,1,0,0,0,0.0
7442,6,4543,1,1,1,1,75.14
7443,2,2195,1,1,0,0,0.0
7444,2,1756,1,1,0,0,135.04
7445,1,3959,1,1,0,0,0.0
7446,4,4840,1,0,0,0,0.0
7447,5,3683,1,1,1,0,0.0
7448,8,2142,1,1,0,0,0.0
7449,3,2538,1,0,0,0,0.0
7450,6,1547,1,1,0,0,0.0
7451,7,3564,1,1,0,0,0.0
7452,2,4518,1,0,0,0,0.0
7453,1,1047,1,1,1,0,0.0
7454,7,1722,1,1,0,0,0.0
7455,6,1922,1,1,0,1,0.0
7456,5,5913,1,0,1,0,320.2
7457,8,4984,1,0,0,1,0.0
7458,8,3782,1,0,0,0,133.94
7459,2,5017,1,0,0,0,0.0
7460,4,5391,1,1,0,0,0.0
7461,5,2467,1,1,0,0,0.0
7462,7,2794,1,1,0,0,0.0
7463,8,3234,1,1,0,0,0.0
7464,2,2008,1,1,0,0,318.79
7465,8,1682,1,0,0,1,0.0
7466,1,4791,1,1,1,1,164.11
7467,5,3734,1,1,0,0,0.0
7468,1,5422,1,1,0,0,0.0
7469,2,1949,1,1,0,0,0.0
7470,3,5757,1,1,0,0,0.0
7471,2,2395,1,1,1,0,0.0
7472,3,5804,1,1,0,1,432.93
7473,4,5785,1,1,0,0,0.0
7474,3,4835,1,1,0,0,0.0
7475,7,1840,1,0,0,1,0.0
7476,2,2834,1,0,0,0,72.57
7477,5,5057,1,1,0,1,0.0
7478,4,2719,1,1,0,0,227.49
7479,6,4443,1,0,0,0,0.0
7480,1,4729,1,0,0,0,0.0
7481,7,4111,1,1,0,0,0.0
7482,1,3880,1,1,0,1,0.0
7483,4,4184,1,1,0,0,0.0
7484,2,4112,1,1,0,1,0.0
7485,1,1535,1,0,0,0,0.0
7486,1,4005,1,0,0,1,0.0
7487,6,2155,1,1,1,0,0.0
7488,1,3402,1,1,0,1,0.0
7489,6,5232,1,1,0,0,0.0
7490,6,3988,1,0,0,0,0.0
7491,8,1036,1,0,1,0,0.0
7492,4,5102,1,0,1,0,0.0
7493,1,1810,1,0,1,1,0.0
7494,4,4007,1,1,0,0,0.0
7495,3,5719,1,0,0,0,0.0
7496,2,2103,1,0,0,1,0.0
7497,7,4096,1,1,0,0,0.0
7498,2,4158,1,1,0,0,0.0
7499,4,4194,1,1,0,0,0.0
7500,2,3491,1,0,0,0,0.0
7501,3,3303,1,0,1,0,0.0
7502,7,4918,1,0,0,0,127.06
7503,1,2044,1,0,1,1,0.0
7504,4,2471,1,0,0,0,0.0
7505,6,1405,1,1,0,0,0.0
7506,1,5310,1,0,0,0,97.17
7507,3,4244,1,0,0,0,0.0
7508,2,3528,1,1,0,0,0.0
7509,1,3266,1,1,0,0,0.0
7510,3,3532,1,0,1,0,0.0
7511,4,2539,1,1,0,0,0.0
7512,5,1753,1,1,1,0,178.09
7513,2,4361,1,1,0,0,0.0
7514,4,1970,1,0,0,0,0.0
7515,8,1909,1,1,0,0,0.0
7516,1,5373,1,1,1,0,0.0
7517,5,5049,1,1,0,0,0.0
7518,8,4263,1,1,1,0,0.0
7519,4,1871,1,0,0,0,0.0
7520,5,4148,1,1,0,1,0.0
7521,4,1134,1,0,0,0,0.0
7522,8,5027,1,0,0,0,0.0
7523,3,4312,1,1,0,0,0.0
7524,7,4243,1,1,0,0,546.73
7525,7,5979,1,1,0,1,0.0
7526,4,3868,1,1,0,0,182.47
7527,3,3312,1,1,0,0,0.0
7528,5,2313,1,1,0,0,0.0
7529,5,3011,1,1,0,0,226.7
7530,1,2011,1,1,0,0,0.0
7531,6,2901,1,0,0,0,0.0
7532,8,4854,1,1,1,1,0.0
7533,7,1625,1,0,0,0,0.0
7534,6,1646,1,0,1,0,0.0
7535,4,4741,1,1,1,0,205.36
7536,7,3489,1,0,0,0,0.0
7537,5,3700,1,0,0,0,0.0
7538,8,5111,1,1,1,0,0.0
7539,1,2938,1,1,0,0,0.0
7540,7,3901,1,1,0,0,0.0
7541,2,3696,1,1,0,1,0.0
7542,5,1822,1,1,0,0,0.0
7543,8,5221,1,0,0,0,0.0
7544,6,3230,1,1,1,0,0.0
7545,4,3245,1,0,0,1,394.18
7546,7,1523,1,0,0,0,0.0
7547,4,5734,1,1,1,1,0.0
7548,8,5367,1,1,1,0,0.0
7549,5,2592,1,0,0,0,0.0
7550,7,5818,1,1,0,0,0.0
7551,3,4154,1,1,0,0,0.0
7552,3,5950,1,1,1,0,0.0
7553,1,2346,1,1,1,0,377.1
7554,3,4311,1,1,0,0,0.0
7555,5,2015,1,0,0,0,0.0
7556,8,4140,1,1,1,0,0.0
7557,2,3528,1,0,0,0,0.0
7558,4,1646,1,1,0,0,234.75
7559,3,5449,1,0,0,0,140.08
7560,8,2480,1,1,0,0,0.0
7561,3,4090,1,1,0,0,207.79
7562,4,3359,1,1,0,0,0.0
7563,1,3141,1,1,0,0,0.0
7564,5,5263,1,0,1,0,0.0
7565,2,3667,1,1,0,0,0.0
7566,5,1589,1,0,0,0,0.0
7567,8,5754,1,0,1,0,0.0
7568,5,4026,1,1,1,1,0.0
7569,4,5056,1,0,0,0,42.51
7570,7,3945,1,0,1,0,0.0
7571,7,2467,1,0,1,0,0.0
7572,5,3313,1,0,0,0,0.0
7573,7,1244,1,1,0,0,0.0
7574,3,1541,1,0,1,0,0.0
7575,1,5523,1,1,0,1,0.0
7576,3,4575,1,0,0,0,0.0
7577,6,1403,1,0,1,0,0.0
7578,1,1910,1,0,0,0,0.0
7579,3,5618,1,1,0,0,0.0
7580,5,1743,1,1,0,0,0.0
7581,1,3771,1,0,1,0,0.0
7582,5,4010,1,1,1,0,0.0
7583,6,1571,1,1,0,1,0.0
7584,4,1500,1,1,0,0,264.79
7585,7,3304,1,0,0,1,0.0
7586,8,4515,1,1,1,0,0.0
7587,2,4284,1,0,1,0,0.0
7588,1,4384,1,1,0,0,0.0
7589,3,2086,1,1,1,0,0.0
7590,3,4492,1,1,1,1,0.0
7591,6,1148,1,1,0,0,0.0
7592,7,5669,1,1,0,0,0.0
7593,8,4245,1,0,0,0,0.0
7594,5,2313,1,0,0,0,90.11
7595,6,4458,1,1,0,0,0.0
7596,6,2621,1,1,0,0,0.0
7597,6,3882,1,0,0,0,0.0
7598,4,5961,1,1,0,0,0.0
7599,6,3333,1,1,0,1,0.0
7600,7,4210,1,1,1,0,0.0
7601,1,5332,1,1,0,0,0.0
7602,3,3068,1,1,0,0,0.0
7603,7,1115,1,0,0,0,0.0
7604,2,2889,1,1,0,0,65.44
7605,2,1931,1,0,0,0,0.0
7606,6,4634,1,1,0,0,0.0
7607,2,2819,1,1,1,0,230.95
7608,4,3896,1,1,0,1,0.0
7609,2,5964,1,0,0,0,114.68
7610,4,2033,1,1,0,0,0.0
7611,4,1352,1,1,1,1,0.0
7612,8,3000,1,1,0,0,0.0
7613,7,1336,1,0,1,0,0.0
7614,1,2083,1,1,0,0,0.0
7615,5,1096,1,1,0,0,0.0
7616,5,4867,1,1,1,0,0.0
7617,1,2950,1,1,0,0,0.0
7618,8,5073,1,1,0,0,0.0
7619,6,1643,1,0,0,0,0.0
7620,5,3292,1,1,1,0,0.0
7621,3,5384,1,1,0,0,0.0
7622,5,4817,1,1,0,0,0.0
7623,4,4929,1,0,0,0,0.0
7624,5,5502,1,1,0,0,0.0
7625,5,1219,1,1,0,1,0.0
7626,2,2130,1,1,0,1,0.0
7627,1,3667,1,1,0,1,81.28
7628,8,2760,1,1,1,1,0.0
7629,6,5459,1,1,0,0,0.0
7630,3,1574,1,1,0,0,0.0
7631,4,5683,1,1,0,0,0.0
7632,4,4872,1,1,0,0,0.0
7633,2,1475,1,1,0,1,71.82
7634,4,2082,1,0,0,1,0.0
7635,8,2231,1,0,0,0,0.0
7636,4,5082,1,1,0,0,0.0
7637,6,5458,1,1,0,0,0.0
7638,6,2586,1,0,1,1,0.0
7639,2,2546,1,0,1,0,0.0
7640,1,4160,1,1,0,0,0.0
7641,4,4671,1,1,0,0,0.0
7642,7,3152,1,1,0,0,104.98
7643,6,4184,1,1,1,1,0.0
7644,1,1764,1,1,0,0,163.55
7645,5,4049,1,1,1,0,0.0
7646,7,1533,1,0,1,0,0.0
7647,5,3093,1,1,1,0,0.0
7648,3,1649,1,1,0,0,0.0
7649,7,1590,1,1,0,0,0.0
7650,3,4466,1,1,0,0,0.0
7651,5,5231,1,1,0,0,214.63
7652,2,2026,1,0,1,0,0.0
7653,7,5147,1,0,0,0,188.93
7654,7,1742,1,0,0,0,0.0
7655,2,1403,1,1,1,0,0.0
7656,7,1768,1,0,0,0,0.0
7657,7,4661,1,1,0,0,0.0
7658,7,4808,1,0,0,0,0.0
7659,5,1567,1,1,0,0,0.0
7660,7,1334,1,0,0,1,126.01
7661,3,4545,1,0,0,0,0.0
7662,3,3656,1,0,0,0,0.0
7663,2,4466,1,0,0,0,0.0
7664,7,5709,1,0,1,1,0.0
7665,3,5884,1,0,0,0,0.0
7666,7,1450,1,1,1,0,0.0
7667,4,5941,1,1,1,0,736.7
7668,1,5729,1,1,0,1,0.0
7669,5,3150,1,1,1,0,0.0
7670,2,3797,1,1,1,0,89.63
7671,4,1114,1,0,1,0,0.0
7672,2,4278,1,1,0,0,0.0
7673,8,2790,1,0,0,0,0.0
7674,2,3435,1,1,0,0,138.17
7675,8,4125,1,1,0,1,0.0
7676,7,2369,1,0,0,0,0.0
7677,8,5921,1,1,0,1,0.0
7678,6,2060,1,1,0,0,0.0
7679,5,4398,1,0,0,0,0.0
7680,4,1652,1,0,0,0,0.0
7681,5,2146,1,1,0,0,0.0
7682,7,4923,1,1,1,0,0.0
7683,4,4372,1,1,0,0,0.0
7684,4,1448,1,1,0,1,142.45
7685,2,2919,1,1,0,0,0.0
7686,2,1257,1,1,0,0,0.0
7687,5,3447,1,1,0,0,0.0
7688,8,5987,1,1,0,0,0.0
7689,2,3904,1,1,1,0,0.0
7690,1,1717,1,1,0,0,0.0
7691,3,5371,1,0,0,0,0.0
7692,5,3229,1,1,1,0,232.91
7693,4,5272,1,0,1,0,0.0
7694,7,3050,1,1,0,0,0.0
7695,4,5601,1,0,1,1,0.0
7696,4,1672,1,1,0,0,0.0
7697,3,5490,1,1,0,0,142.06
7698,1,3808,1,1,0,1,0.0
7699,7,3377,1,1,0,0,162.46
7700,8,3222,1,1,0,0,225.59
7701,1,3782,1,1,1,0,0.0
7702,8,4132,1,1,1,0,0.0
7703,8,4884,1,1,0,0,623.41
7704,4,3642,1,1,0,0,0.0
7705,6,4167,1,1,0,1,0.0
7706,3,3767,1,1,0,1,0.0
7707,6,4001,1,0,1,0,0.0
7708,5,1815,1,1,0,0,0.0
7709,8,1931,1,1,1,0,0.0
7710,8,4757,1,0,0,1,0.0
7711,3,4414,1,1,1,0,0.0
7712,1,2673,1,0,0,1,0.0
7713,6,3813,1,1,0,0,0.0
7714,7,1301,1,1,0,0,0.0
7715,8,2955,1,1,0,1,696.44
7716,4,1863,1,0,0,0,0.0
7717,2,4086,1,1,0,0,0.0
7718,4,1419,1,1,0,0,0.0
7719,3,3432,1,0,0,0,0.0
7720,1,4978,1,0,0,0,0.0
7721,1,3632,1,1,0,0,0.0
7722,3,1055,1,1,0,0,0.0
7723,5,1734,1,1,0,0,0.0
7724,1,4501,1,0,0,0,185.92
7725,8,2548,1,1,1,0,0.0
7726,2,3356,1,0,0,1,0.0
7727,7,1581,1,0,0,0,0.0
7728,6,3264,1,1,0,0,0.0
7729,1,5374,1,1,0,1,175.6
7730,8,3825,1,1,0,0,0.0
7731,7,1747,1,0,0,0,0.0
7732,3,2868,1,1,1,1,0.0
7733,6,4156,1,1,1,0,131.64
7734,2,1205,1,1,0,1,0.0
7735,7,3341,1,0,0,0,0.0
7736,5,5929,1,1,1,1,412.7
7737,1,5131,1,1,0,0,0.0
7738,8,1387,1,1,0,0,112.39
7739,8,2360,1,1,1,0,0.0
7740,7,2783,1,1,1,0,0.0
7741,7,2434,1,1,1,0,135.14
7742,8,3739,1,1,1,1,0.0
7743,3,2843,1,1,0,0,68.47
7744,1,4909,1,1,0,1,0.0
7745,8,5247,1,1,0,0,198.8
7746,2,2894,1,1,0,0,0.0
7747,6,4207,1,1,1,0,205.83
7748,6,4984,1,0,1,0,0.0
7749,2,3778,1,1,0,0,0.0
7750,8,1926,1,1,0,0,0.0
7751,3,1216,1,1,1,0,0.0
7752,7,4528,1,1,0,0,0.0
7753,2,3254,1,1,0,0,51.66
7754,2,2104,1,1,0,1,0.0
7755,5,4573,1,0,1,1,0.0
7756,3,1925,1,0,0,0,0.0
7757,4,5999,1,1,1,0,0.0
7758,7,4014,1,0,1,0,203.81
7759,5,3428,1,1,0,0,274.14
7760,2,1822,1,1,1,1,0.0
7761,5,5901,1,0,0,0,0.0
7762,4,4151,1,0,0,1,448.19
7763,8,2468,1,1,1,0,0.0
7764,7,3973,1,0,1,0,0.0
7765,3,2647,1,0,1,0,0.0
7766,2,2062,1,1,0,0,125.6
7767,3,2016,1,0,0,0,0.0
7768,7,5972,1,1,0,0,0.0
7769,3,3228,1,0,1,0,0.0
7770,4,5616,1,1,1,0,69.02
7771,4,5932,1,1,1,0,0.0
7772,3,4781,1,1,1,0,0.0
7773,6,5316,1,1,0,0,0.0
7774,7,5741,1,0,0,0,0.0
7775,2,2014,1,1,0,0,0.0
7776,3,3651,1,0,1,1,0.0
7777,6,1419,1,1,0,0,0.0
7778,8,5461,1,0,1,0,125.78
7779,7,5746,1,1,0,0,0.0
7780,5,4003,1,0,0,0,104.87
7781,4,1355,1,1,0,0,0.0
7782,1,4513,1,1,1,0,0.0
7783,1,3322,1,0,0,0,0.0
7784,3,3551,1,1,1,0,0.0
7785,4,3955,1,1,1,0,0.0
7786,3,2313,1,0,0,0,0.0
7787,8,4644,1,0,0,0,0.0
7788,8,4517,1,0,0,1,0.0
7789,7,2747,1,0,0,0,0.0
7790,1,3874,1,0,0,0,0.0
7791,6,5038,1,1,1,1,0.0
7792,3,2083,1,1,0,0,0.0
7793,2,5901,1,1,0,0,0.0
7794,2,5361,1,1,0,0,61.31
7795,1,2131,1,0,0,0,0.0
7796,2,4994,1,0,0,0,138.64
7797,4,5083,1,0,0,0,0.0
7798,5,4801,1,1,1,0,270.54
7799,6,2369,1,1,1,0,0.0
7800,6,1564,1,0,0,0,0.0
7801,6,3647,1,0,1,0,0.0
7802,2,5872,1,0,1,1,137.08
7803,4,4631,1,1,0,0,0.0
7804,5,5051,1,1,1,0,0.0
7805,7,5398,1,1,0,0,0.0
7806,4,1418,1,1,0,0,325.05
7807,1,1346,1,1,1,0,0.0
7808,8,2619,1,1,0,0,0.0
7809,3,3960,1,1,0,0,0.0
7810,5,1189,1,1,1,0,0.0
7811,2,5291,1,0,0,0,0.0
7812,4,4406,1,0,1,1,0.0
7813,2,1553,1,1,0,0,0.0
7814,4,3427,1,0,0,0,0.0
7815,2,3036,1,1,0,0,0.0
7816,7,1647,1,1,0,0,0.0
7817,7,3457,1,1,1,0,0.0
7818,5,2489,1,0,1,0,0.0
7819,6,2966,1,1,0,0,118.95
7820,8,4929,1,1,0,0,0.0
7821,6,1288,1,0,0,0,0.0
7822,8,3526,1,0,0,0,0.0
7823,1,4749,1,1,1,0,0.0
7824,4,4698,1,1,0,0,0.0
7825,7,2092,1,0,0,0,0.0
7826,2,1877,1,1,1,0,0.0
7827,1,3759,1,1,0,0,0.0
7828,5,2716,1,1,0,0,0.0
7829,2,3973,1,1,0,0,0.0
7830,5,3113,1,0,0,0,0.0
7831,3,5579,1,0,0,0,0.0
7832,5,2893,1,0,1,0,0.0
7833,6,1218,1,1,0,0,108.45
7834,6,4004,1,1,0,0,0.0
7835,5,5709,1,0,1,0,0.0
7836,3,4426,1,1,1,1,0.0
7837,3,4359,1,0,0,0,0.0
7838,8,4377,1,0,0,0,0.0
7839,1,1725,1,0,0,0,0.0
7840,6,2649,1,1,0,0,0.0
7841,6,2821,1,1,1,1,0.0
7842,7,5779,1,0,0,0,0.0
7843,4,4081,1,0,0,0,0.0
7844,3,1699,1,1,0,0,0.0
7845,6,1607,1,1,0,0,0.0
7846,3,5132,1,1,1,0,0.0
7847,1,3311,1,0,0,0,0.0
7848,8,1438,1,1,0,0,0.0
7849,3,1583,1,0,1,0,382.12
7850,8,1475,1,1,0,1,0.0
7851,6,1900,1,0,1,0,73.35
7852,8,1693,1,1,0,0,0.0
7853,7,3586,1,0,0,0,0.0
7854,6,4572,1,0,1,1,0.0
7855,7,2741,1,1,1,1,0.0
7856,5,3232,1,0,0,1,0.0
7857,1,2590,1,1,1,0,0.0
7858,3,2319,1,1,0,0,213.77
7859,4,4664,1,0,0,0,0.0
7860,1,3204,1,1,0,1,0.0
7861,6,4957,1,0,0,0,0.0
7862,3,4870,1,1,1,0,0.0
7863,4,4758,1,1,1,0,524.0
7864,5,5710,1,1,1,0,0.0
7865,5,2053,1,1,1,0,0.0
7866,3,4282,1,0,1,0,186.11
7867,1,3379,1,0,1,0,0.0
7868,8,3484,1,1,1,0,0.0
7869,8,3840,1,0,0,0,0.0
7870,4,1072,1,0,0,0,0.0
7871,8,2844,1,0,0,0,0.0
7872,4,4571,1,1,0,0,0.0
7873,1,4254,1,1,0,0,0.0
7874,6,4941,1,0,1,0,0.0
7875,3,4904,1,1,0,0,0.0
7876,8,5159,1,1,0,0,0.0
7877,1,1862,1,0,1,1,0.0
7878,5,4786,1,1,0,0,0.0
7879,4,1760,1,1,0,0,0.0
7880,1,2070,1,1,0,0,0.0
7881,5,2449,1,0,0,0,0.0
7882,7,3557,1,1,0,0,0.0
7883,8,2708,1,1,0,0,0.0
7884,5,3146,1,1,1,0,0.0
7885,3,1655,1,1,0,1,0.0
7886,7,5425,1,1,0,0,0.0
7887,3,3643,1,0,0,0,0.0
7888,4,1601,1,1,0,0,0.0
7889,7,5010,1,0,0,0,0.0
7890,1,5892,1,1,0,0,317.17
7891,7,4903,1,1,0,0,0.0
7892,1,4487,1,1,0,0,106.04
7893,3,1069,1,1,0,0,0.0
7894,3,4174,1,1,0,1,0.0
7895,1,2226,1,0,1,1,0.0
7896,6,3981,1,1,0,0,0.0
7897,1,1752,1,1,0,0,0.0
7898,4,2711,1,0,0,0,0.0
7899,7,2401,1,0,0,1,0.0
7900,6,5727,1,1,0,0,168.93
7901,6,1976,1,1,0,0,0.0
7902,1,2462,1,1,1,0,0.0
7903,8,5364,1,1,0,0,0.0
7904,5,2499,1,1,0,0,0.0
7905,3,2777,1,0,0,0,0.0
7906,3,1712,1,1,0,0,0.0
7907,4,3274,1,1,0,0,0.0
7908,4,1929,1,1,0,0,0.0
7909,7,4868,1,1,0,0,0.0
7910,7,4943,1,1,0,0,521.57
7911,5,5117,1,1,0,1,0.0
7912,5,4596,1,1,1,0,0.0
7913,5,1490,1,1,1,0,0.0
7914,4,3859,1,1,0,1,0.0
7915,8,2617,1,1,0,1,0.0
7916,7,4953,1,1,0,0,71.76
7917,2,5044,1,0,1,0,0.0
7918,5,5479,1,1,0,0,166.39
7919,6,1326,1,0,0,0,0.0
7920,1,5848,1,1,0,1,0.0
7921,2,1686,1,1,0,0,0.0
7922,7,3692,1,1,0,1,0.0
7923,5,4192,1,1,0,0,0.0
7924,4,1145,1,1,1,0,0.0
7925,7,3327,1,0,0,1,0.0
7926,5,4733,1,1,0,0,0.0
7927,1,3678,1,0,0,0,0.0
7928,2,1424,1,1,1,0,0.0
7929,1,3840,1,0,0,1,0.0
7930,5,3113,1,1,0,0,0.0
7931,4,2903,1,1,1,1,151.7
7932,4,1005,1,1,0,0,0.0
7933,5,2322,1,1,0,0,0.0
7934,2,1315,1,1,0,1,0.0
7935,5,3857,1,1,0,0,0.0
7936,7,2671,1,1,1,0,0.0
7937,2,2494,1,1,0,0,250.17
7938,1,3215,1,0,0,0,0.0
7939,3,3403,1,1,1,0,0.0
7940,1,1104,1,1,1,0,0.0
7941,6,5763,1,0,0,0,0.0
7942,8,3669,1,1,0,0,0.0
7943,7,2743,1,1,0,0,0.0
7944,6,5551,1,0,0,1,0.0
7945,5,4654,1,0,0,1,0.0
7946,6,4810,1,0,0,0,0.0
7947,3,3041,1,1,0,1,0.0
7948,6,4409,1,0,0,0,0.0
7949,8,2864,1,0,1,0,0.0
7950,5,2734,1,0,0,0,0.0
7951,3,5132,1,0,1,0,266.36
7952,7,3129,1,1,0,0,402.15
7953,3,5895,1,1,0,0,39.56
7954,4,2141,1,0,0,1,0.0
7955,5,1759,1,0,1,0,0.0
7956,1,2373,1,0,0,0,0.0
7957,6,5410,1,0,0,0,157.08
7958,8,1149,1,1,1,0,25.87
7959,6,5862,1,0,0,0,96.9
7960,3,5218,1,0,0,0,0.0
7961,4,2072,1,1,0,0,0.0
7962,8,4498,1,0,0,0,278.61
7963,1,4795,1,1,0,0,0.0
7964,1,2712,1,0,0,0,0.0
7965,8,2689,1,1,0,1,245.9
7966,3,4006,1,0,1,0,432.75
7967,4,3797,1,0,1,0,0.0
7968,6,1102,1,1,0,0,0.0
7969,7,5033,1,0,1,0,420.22
7970,7,2076,1,1,1,1,0.0
7971,6,3597,1,1,0,1,0.0
7972,2,2702,1,1,0,0,0.0
7973,4,2628,1,1,0,0,0.0
7974,3,3326,1,1,1,0,0.0
7975,6,5210,1,1,0,0,0.0
7976,3,2937,1,1,0,0,181.32
7977,4,3372,1,1,1,0,209.97
7978,8,2004,1,1,0,0,0.0
7979,8,3771,1,1,0,0,0.0
7980,1,2592,1,1,0,0,0.0
7981,7,5978,1,1,0,0,0.0
7982,7,2339,1,0,0,0,0.0
7983,2,2736,1,0,0,0,508.56
7984,8,4531,1,1,1,1,165.96
7985,8,3461,1,1,0,0,0.0
7986,2,1777,1,1,0,0,101.74
7987,4,1975,1,1,0,0,64.16
7988,8,3251,1,1,0,0,0.0
7989,6,3519,1,1,0,0,0.0
7990,4,1086,1,1,0,0,0.0
7991,8,5438,1,0,1,1,0.0
7992,6,3102,1,1,0,0,0.0
7993,8,1132,1,1,0,1,0.0
7994,6,5285,1,1,0,1,76.61
7995,8,3989,1,0,0,1,157.91
7996,6,4145,1,0,0,0,0.0
7997,8,4213,1,1,0,0,0.0
7998,6,4001,1,0,0,0,0.0
7999,1,5836,1,1,1,0,0.0
8000,7,4423,1,1,0,0,0.0
8001,6,5673,1,1,0,0,0.0
8002,4,3075,1,0,1,0,149.26
8003,1,3626,1,1,1,1,0.0
8004,2,2228,1,1,0,0,0.0
8005,5,3484,1,1,0,0,0.0
8006,2,1666,1,0,0,0,0.0
8007,2,5820,1,0,0,0,0.0
8008,1,5403,1,0,0,1,0.0
8009,3,5813,1,1,0,0,0.0
8010,1,1614,1,0,1,0,0.0
8011,7,3025,1,1,1,0,65.06
8012,7,5789,1,1,0,0,0.0
8013,6,1743,1,1,0,0,0.0
8014,6,5124,1,1,0,0,0.0
8015,6,4328,1,0,1,0,0.0
8016,8,1807,1,0,0,0,0.0
8017,6,1013,1,0,1,0,0.0
8018,2,5215,1,1,0,0,204.09
8019,4,4365,1,1,0,1,0.0
8020,8,4712,1,1,1,0,0.0
8021,8,3949,1,1,1,0,0.0
8022,2,5546,1,1,0,0,52.97
8023,2,4200,1,0,1,0,0.0
8024,5,1071,1,1,0,0,484.28
8025,3,1995,1,1,1,0,49.83
8026,2,5203,1,0,0,0,0.0
8027,4,5537,1,0,0,1,0.0
8028,1,1525,1,1,0,1,0.0
8029,4,2069,1,0,0,1,0.0
8030,4,4551,1,0,0,0,0.0
8031,3,1508,1,1,0,1,0.0
8032,7,3264,1,1,0,1,0.0
8033,7,3577,1,1,0,0,0.0
8034,1,4458,1,1,0,0,478.19
8035,4,4988,1,1,0,0,0.0
8036,2,4233,1,1,0,0,0.0
8037,4,1072,1,1,0,0,0.0
8038,1,2379,1,1,0,1,157.63
8039,5,2411,1,1,1,0,0.0
8040,6,4967,1,0,1,0,0.0
8041,4,5026,1,1,0,0,0.0
8042,8,1076,1,0,0,0,0.0
8043,7,1310,1,1,0,0,0.0
8044,2,1756,1,1,0,0,0.0
8045,2,1769,1,1,1,0,0.0
8046,4,1457,1,0,0,1,0.0
8047,6,5591,1,1,0,0,0.0
8048,7,4389,1,1,0,0,0.0
8049,1,3274,1,0,0,0,0.0
8050,4,5025,1,1,1,0,0.0
8051,8,2850,1,1,0,0,288.93
8052,8,3978,1,1,0,0,158.25
8053,5,5721,1,1,0,1,0.0
8054,5,1399,1,1,1,0,0.0
8055,3,1326,1,1,0,1,0.0
8056,4,2639,1,1,1,0,0.0
8057,5,1834,1,1,0,0,0.0
8058,4,5939,1,1,0,1,0.0
8059,7,4103,1,1,0,0,0.0
8060,1,3611,1,0,0,0,402.65
8061,8,4824,1,1,0,0,221.13
8062,7,3570,1,1,1,0,145.74
8063,5,3429,1,1,0,0,0.0
8064,1,5561,1,1,0,1,0.0
8065,4,3186,1,1,0,0,0.0
8066,1,1729,1,1,0,0,0.0
8067,3,3294,1,0,1,0,0.0
8068,6,5579,1,1,0,0,0.0
8069,3,4603,1,0,1,0,0.0
8070,5,3036,1,1,0,0,0.0
8071,3,1885,1,1,1,0,0.0
8072,1,5836,1,0,1,0,0.0
8073,7,5618,1,1,0,1,0.0
8074,7,2792,1,1,1,0,0.0
8075,7,4298,1,1,0,0,0.0
8076,7,3309,1,0,0,0,0.0
8077,5,5847,1,1,0,0,0.0
8078,4,2454,1,0,1,0,88.55
8079,8,3246,1,1,0,0,211.61
8080,2,2084,1,1,1,0,0.0
8081,4,5940,1,0,0,0,0.0
8082,3,2300,1,0,0,1,0.0
8083,3,1023,1,1,1,0,0.0
8084,5,1905,1,0,0,0,0.0
8085,2,1799,1,1,0,0,189.57
8086,7,2732,1,0,0,0,0.0
8087,5,3071,1,1,0,0,112.06
8088,3,1194,1,1,0,0,0.0
8089,2,2519,1,1,1,0,0.0
8090,6,1837,1,1,1,0,0.0
8091,5,4355,1,1,1,1,0.0
8092,5,1429,1,1,0,0,0.0
8093,8,1844,1,1,0,0,504.49
8094,1,2833,1,0,0,0,0.0
8095,7,1573,1,1,0,0,244.94
8096,4,1253,1,1,0,0,0.0
8097,5,3393,1,1,0,0,0.0
8098,8,1392,1,0,0,1,90.37
8099,4,4929,1,1,0,0,0.0
8100,8,4727,1,1,0,1,0.0
8101,2,4732,1,1,0,0,0.0
8102,8,3093,1,1,0,0,0.0
8103,2,2127,1,0,0,0,0.0
8104,4,2792,1,1,0,0,0.0
8105,2,1803,1,0,1,0,0.0
8106,1,3856,1,1,0,0,169.5
8107,6,2391,1,1,0,0,0.0
8108,2,3446,1,0,0,0,0.0
8109,4,4289,1,0,0,0,0.0
8110,3,5003,1,1,1,0,394.02
8111,8,3322,1,1,0,0,212.42
8112,7,4209,1,1,0,0,0.0
8113,5,2313,1,1,1,1,247.15
8114,4,2584,1,1,0,1,0.0
8115,1,1375,1,0,1,0,0.0
8116,5,5347,1,1,0,1,0.0
8117,3,5136,1,1,1,1,0.0
8118,4,3779,1,1,0,0,0.0
8119,7,2777,1,0,0,0,0.0
8120,6,4568,1,1,0,0,0.0
8121,3,4162,1,1,0,0,0.0
8122,4,2725,1,1,1,0,0.0
8123,1,5188,1,1,1,0,443.0
8124,4,5456,1,1,0,1,0.0
8125,7,4939,1,0,0,0,0.0
8126,2,3748,1,1,0,0,0.0
8127,5,4713,1,1,1,0,0.0
8128,7,1603,1,0,1,0,139.3
8129,1,3811,1,1,1,0,0.0
8130,8,2391,1,1,0,0,0.0
8131,5,1990,1,0,0,0,76.7
8132,4,4128,1,0,1,0,1099.39
8133,8,1501,1,1,0,0,0.0
8134,2,3385,1,1,0,0,0.0
8135,4,4604,1,1,1,1,0.0
8136,7,3023,1,1,0,0,0.0
8137,7,3037,1,1,1,0,0.0
8138,4,5930,1,0,0,0,0.0
8139,4,1256,1,0,0,1,0.0
8140,6,1911,1,1,0,0,0.0
8141,1,5888,1,1,1,0,0.0
8142,2,1295,1,1,0,0,0.0
8143,8,3062,1,0,1,1,0.0
8144,3,4722,1,1,0,0,128.88
8145,4,1710,1,1,0,0,0.0
8146,3,2478,1,0,0,1,265.89
8147,7,3089,1,1,1,0,0.0
8148,1,5100,1,0,0,0,0.0
8149,6,5330,1,1,0,0,0.0
8150,4,1653,1,1,0,0,0.0
8151,1,2798,1,0,1,0,0.0
8152,5,1846,1,1,1,0,0.0
8153,8,4717,1,0,0,0,173.41
8154,6,3537,1,1,1,0,0.0
8155,4,3546,1,1,0,0,0.0
8156,8,4914,1,1,1,0,0.0
8157,3,5941,1,1,0,0,0.0
8158,2,1419,1,1,1,0,0.0
8159,5,1442,1,1,0,0,0.0
8160,4,2460,1,0,0,1,0.0
8161,6,3007,1,0,1,0,167.45
8162,1,1359,1,1,1,0,0.0
8163,3,3009,1,0,1,0,127.33
8164,8,5562,1,0,0,1,0.0
8165,8,1179,1,0,0,0,0.0
8166,2,3970,1,0,0,0,420.79
8167,3,2541,1,1,1,0,0.0
8168,6,4189,1,0,0,1,0.0
8169,5,4756,1,1,1,0,0.0
8170,7,3742,1,1,1,1,0.0
8171,6,3665,1,1,1,0,0.0
8172,6,4523,1,1,0,0,0.0
8173,3,1302,1,1,1,0,0.0
8174,1,2767,1,1,0,1,428.64
8175,3,2117,1,0,0,0,0.0
8176,7,5104,1,1,0,0,0.0
8177,5,3177,1,0,0,1,0.0
8178,1,2286,1,0,0,0,0.0
8179,7,1385,1,1,1,0,0.0
8180,3,1359,1,1,0,0,0.0
8181,5,2442,1,0,0,1,0.0
8182,7,4126,1,1,0,0,0.0
8183,5,2359,1,1,1,1,0.0
8184,3,1600,1,1,0,0,0.0
8185,6,5661,1,1,1,0,0.0
8186,4,3638,1,0,0,0,0.0
8187,4,5468,1,0,0,1,0.0
8188,6,4695,1,0,0,0,0.0
8189,6,5090,1,1,0,0,0.0
8190,7,5430,1,1,0,0,0.0
8191,2,4125,1,1,0,0,0.0
8192,1,3251,1,1,0,0,0.0
8193,6,5457,1,1,1,0,0.0
8194,3,5049,1,1,0,0,0.0
8195,8,3310,1,0,0,0,0.0
8196,4,5242,1,0,0,0,0.0
8197,5,5027,1,1,0,0,0.0
8198,2,2489,1,1,1,0,0.0
8199,1,1581,1,1,0,0,0.0
8200,8,5525,1,1,0,0,0.0
8201,3,3014,1,1,1,0,250.87
8202,4,4513,1,1,0,1,0.0
8203,4,3818,1,0,0,1,0.0
8204,3,1822,1,0,0,0,0.0
8205,8,3939,1,0,0,0,0.0
8206,3,2253,1,1,0,0,151.28
8207,4,4813,1,1,0,0,0.0
8208,2,4668,1,1,0,0,108.77
8209,4,2037,1,1,0,0,0.0
8210,5,1649,1,1,0,0,0.0
8211,7,1756,1,1,0,0,0.0
8212,7,1916,1,1,0,0,0.0
8213,2,3785,1,1,0,0,0.0
8214,3,4431,1,0,1,0,0.0
8215,7,5914,1,1,0,0,0.0
8216,7,2975,1,0,1,1,427.04
8217,3,1934,1,1,1,0,0.0
8218,6,5306,1,1,1,0,316.16
8219,4,3307,1,1,1,0,0.0
8220,2,3022,1,1,0,0,0.0
8221,8,5273,1,1,1,1,231.9
8222,2,1087,1,1,0,0,0.0
8223,4,4620,1,1,0,0,0.0
8224,2,1719,1,1,0,0,0.0
8225,2,3322,1,1,0,0,0.0
8226,2,3957,1,1,0,0,0.0
8227,7,3803,1,0,0,0,0.0
8228,6,5780,1,1,0,0,0.0
8229,4,5103,1,1,0,0,0.0
8230,1,4416,1,1,1,1,0.0
8231,8,1376,1,0,1,0,227.33
8232,8,4718,1,0,0,0,0.0
8233,6,2521,1,1,0,0,0.0
8234,8,3262,1,1,1,0,0.0
8235,6,4546,1,0,0,0,0.0
8236,1,3271,1,1,0,0,0.0
8237,4,5596,1,1,1,0,0.0
8238,3,4400,1,0,0,1,227.95
8239,3,5092,1,1,0,0,0.0
8240,8,1216,1,1,1,0,0.0
8241,8,2340,1,0,0,0,0.0
8242,2,5180,1,1,0,0,257.13
8243,2,3633,1,1,1,0,0.0
8244,4,2648,1,0,0,0,0.0
8245,4,5896,1,1,1,0,0.0
8246,6,1897,1,1,0,0,204.08
8247,2,4897,1,0,1,0,0.0
8248,6,1302,1,0,0,0,0.0
8249,7,5765,1,0,0,1,0.0
8250,5,5711,1,1,1,1,0.0
8251,3,4487,1,1,1,0,0.0
8252,5,1051,1,1,1,0,0.0
8253,3,3801,1,1,0,0,175.19
8254,7,4868,1,1,0,0,0.0
8255,2,5757,1,1,1,0,0.0
8256,4,3616,1,1,1,0,0.0
8257,7,2381,1,1,0,1,0.0
8258,1,2072,1,0,1,0,0.0
8259,3,4847,1,1,0,0,0.0
8260,7,4761,1,0,1,0,58.81
8261,6,3318,1,1,1,0,0.0
8262,5,3551,1,0,0,0,0.0
8263,7,4694,1,0,0,0,0.0
8264,3,3422,1,0,0,0,326.03
8265,5,5945,1,0,1,0,0.0
8266,5,2299,1,0,0,0,0.0
8267,8,5843,1,1,1,0,0.0
8268,6,1143,1,1,0,0,0.0
8269,6,4006,1,1,0,0,0.0
8270,6,2644,1,1,1,0,0.0
8271,4,1166,1,1,0,0,0.0
8272,3,4648,1,1,0,0,0.0
8273,3,5066,1,0,1,0,228.88
8274,5,4627,1,1,0,0,0.0
8275,3,2558,1,0,1,0,287.83
8276,7,4515,1,1,1,0,588.61
8277,2,5489,1,1,0,1,313.96
8278,6,2884,1,0,0,0,255.63
8279,7,3826,1,1,0,0,0.0
8280,5,4692,1,0,1,0,0.0
8281,8,4812,1,1,1,1,0.0
8282,7,3868,1,1,0,0,0.0
8283,4,2659,1,1,1,0,0.0
8284,5,5763,1,0,0,1,0.0
8285,3,2491,1,1,1,1,0.0
8286,5,5016,1,1,0,0,354.97
8287,3,3104,1,0,0,0,0.0
8288,1,4190,1,0,0,0,0.0
8289,6,5878,1,1,0,0,0.0
8290,3,5116,1,0,0,0,0.0
8291,7,3322,1,1,1,0,0.0
8292,1,1052,1,0,0,1,0.0
8293,7,1348,1,1,0,0,0.0
8294,2,5647,1,1,1,1,405.78
8295,1,3398,1,1,1,0,0.0
8296,3,5622,1,1,1,0,0.0
8297,1,3007,1,1,0,0,0.0
8298,5,5374,1,1,0,0,0.0
8299,1,2424,1,1,0,1,0.0
8300,3,2746,1,1,1,0,85.02
8301,5,5914,1,0,0,0,0.0
8302,7,2611,1,1,0,0,0.0
8303,8,2451,1,1,0,0,0.0
8304,2,4584,1,1,0,0,0.0
8305,3,4606,1,1,0,0,0.0
8306,4,1908,1,0,0,0,0.0
8307,8,1796,1,1,1,0,0.0
8308,3,4587,1,1,1,0,0.0
8309,1,5026,1,1,1,0,0.0
8310,6,1431,1,1,1,0,0.0
8311,6,3708,1,1,0,0,0.0
8312,2,3668,1,0,1,0,0.0
8313,5,4208,1,1,0,0,0.0
8314,6,1516,1,0,1,0,0.0
8315,3,1749,1,1,0,0,0.0
8316,7,5832,1,1,0,1,0.0
8317,2,3129,1,1,0,0,212.5
8318,5,2912,1,1,0,1,0.0
8319,3,3601,1,1,0,0,0.0
8320,4,4227,1,1,0,0,0.0
8321,5,5419,1,1,0,1,0.0
8322,2,3911,1,1,0,0,0.0
8323,3,5614,1,1,0,1,0.0
8324,8,1670,1,1,0,0,0.0
8325,5,1364,1,1,0,0,0.0
8326,5,5044,1,0,0,0,0.0
8327,5,2021,1,1,0,0,0.0
8328,1,4170,1,1,0,1,0.0
8329,1,2703,1,1,0,1,0.0
8330,7,1107,1,1,0,1,0.0
8331,4,5119,1,1,0,1,0.0
8332,5,3963,1,1,0,0,0.0
8333,3,1936,1,0,0,0,0.0
8334,3,4957,1,0,0,1,0.0
8335,8,1157,1,1,0,0,0.0
8336,4,3080,1,1,0,0,0.0
8337,1,1707,1,1,1,0,222.73
8338,6,2393,1,1,0,0,0.0
8339,6,1161,1,1,1,0,0.0
8340,6,4537,1,1,0,0,0.0
8341,7,1258,1,1,0,0,0.0
8342,1,1159,1,1,1,0,0.0
8343,8,2912,1,0,0,0,0.0
8344,8,5852,1,1,0,0,0.0
8345,1,2468,1,1,0,0,0.0
8346,6,4145,1,0,0,0,0.0
8347,4,4386,1,0,0,0,0.0
8348,4,2307,1,1,0,0,0.0
8349,8,5240,1,1,0,0,0.0
8350,8,1391,1,1,1,1,130.44
8351,3,4996,1,1,0,0,0.0
8352,3,3855,1,0,0,0,66.1
8353,7,4800,1,0,1,0,0.0
8354,3,1783,1,1,0,0,0.0
8355,3,3697,1,1,0,0,0.0
8356,2,3256,1,1,1,0,204.04
8357,7,4437,1,0,0,0,0.0
8358,6,3033,1,1,0,0,0.0
8359,7,1970,1,0,0,0,0.0
8360,5,5758,1,1,0,0,0.0
8361,1,3115,1,0,0,0,0.0
8362,2,2829,1,0,0,1,0.0
8363,7,1052,1,1,0,0,0.0
8364,3,2986,1,1,0,0,0.0
8365,3,3525,1,1,0,1,0.0
8366,4,4591,1,1,0,0,0.0
8367,8,2774,1,1,0,0,0.0
8368,8,2449,1,0,0,0,595.92
8369,4,4058,1,0,1,1,0.0
8370,7,1622,1,0,0,0,0.0
8371,8,5717,1,1,0,0,0.0
8372,3,3171,1,1,1,1,0.0
8373,2,5778,1,0,1,0,0.0
8374,2,5417,1,1,0,1,0.0
8375,3,4865,1,1,1,0,142.01
8376,2,2269,1,1,1,0,0.0
8377,2,1396,1,0,0,0,0.0
8378,6,2769,1,0,0,0,0.0
8379,4,3654,1,1,1,0,0.0
8380,3,1449,1,1,0,0,0.0
8381,5,5302,1,0,1,0,0.0
8382,3,5575,1,1,0,0,0.0
8383,4,2605,1,0,0,0,0.0
8384,5,5066,1,1,1,0,296.97
8385,2,4025,1,0,0,1,0.0
8386,4,5711,1,0,1,0,0.0
8387,1,5261,1,1,1,0,81.72
8388,1,3284,1,1,0,1,0.0
8389,7,5193,1,1,1,0,0.0
8390,5,1173,1,1,1,0,0.0
8391,7,2231,1,1,1,1,0.0
8392,2,5714,1,0,0,0,0.0
8393,3,5104,1,1,1,0,0.0
8394,2,5688,1,0,0,0,0.0
8395,8,2781,1,0,0,0,0.0
8396,5,3517,1,0,0,0,63.14
8397,2,3456,1,1,0,1,113.55
8398,7,2677,1,1,0,0,211.03
8399,1,5652,1,0,0,0,0.0
8400,1,3478,1,0,0,0,0.0
8401,2,2864,1,0,1,1,0.0
8402,1,3519,1,0,0,0,0.0
8403,8,3575,1,1,0,0,0.0
8404,8,3344,1,1,0,0,0.0
8405,3,5414,1,0,0,0,0.0
8406,6,2013,1,0,0,1,0.0
8407,5,4958,1,0,1,0,0.0
8408,8,5432,1,0,0,0,0.0
8409,1,5975,1,1,0,0,251.76
8410,7,5081,1,0,1,0,0.0
8411,1,3576,1,0,0,1,0.0
8412,1,2573,1,1,1,0,285.65
8413,6,2714,1,0,0,0,82.17
8414,8,3019,1,1,0,0,0.0
8415,2,1725,1,1,0,0,0.0
8416,6,2431,1,1,1,0,0.0
8417,4,3441,1,1,1,0,0.0
8418,6,4642,1,1,1,1,0.0
8419,7,4179,1,1,0,0,0.0
8420,1,2647,1,1,1,0,0.0
8421,7,5099,1,1,1,1,0.0
8422,1,4748,1,0,1,0,318.82
8423,5,5399,1,1,0,0,91.46
8424,3,4103,1,0,1,0,842.67
8425,6,4541,1,1,0,0,0.0
8426,3,4334,1,0,1,0,133.45
8427,5,4061,1,1,1,0,0.0
8428,5,1168,1,1,0,0,185.02
8429,1,5188,1,1,0,0,0.0
8430,6,1245,1,0,0,0,0.0
8431,6,5840,1,0,1,0,0.0
8432,3,3771,1,0,1,0,0.0
8433,4,3442,1,1,0,0,0.0
8434,5,4582,1,1,0,1,188.02
8435,8,5095,1,1,0,0,0.0
8436,8,3552,1,1,0,0,0.0
8437,5,3953,1,1,1,0,0.0
8438,8,5551,1,1,0,0,190.95
8439,7,4395,1,1,0,0,0.0
8440,8,1875,1,1,0,1,0.0
8441,7,1965,1,1,0,0,350.08
8442,8,2626,1,0,0,0,0.0
8443,7,4543,1,1,0,0,0.0
8444,6,2285,1,1,0,0,138.66
8445,4,1608,1,1,0,1,0.0
8446,6,5528,1,1,0,0,0.0
8447,1,4283,1,1,0,0,0.0
8448,4,3189,1,1,0,0,0.0
8449,4,3838,1,0,1,0,0.0
8450,2,3466,1,0,0,0,0.0
8451,6,3401,1,1,0,0,0.0
8452,8,2493,1,1,1,0,0.0
8453,4,4327,1,1,0,0,0.0
8454,3,1314,1,1,1,0,0.0
8455,5,3678,1,1,0,0,0.0
8456,6,3481,1,0,0,0,0.0
8457,5,3894,1,0,1,0,0.0
8458,7,4860,1,0,1,0,0.0
8459,8,5740,1,0,1,0,0.0
8460,7,1048,1,1,1,0,0.0
8461,1,1408,1,1,0,0,104.31
8462,1,4411,1,1,0,0,0.0
8463,5,5061,1,1,1,0,0.0
8464,4,1692,1,1,0,1,0.0
8465,8,2717,1,1,1,0,0.0
8466,1,2983,1,1,0,0,0.0
8467,7,3098,1,1,1,0,0.0
8468,5,1823,1,1,0,0,129.72
8469,8,4999,1,1,0,0,0.0
8470,5,4329,1,1,1,0,0.0
8471,3,2996,1,1,0,1,0.0
8472,8,1661,1,1,1,0,0.0
8473,7,1013,1,1,0,1,0.0
8474,2,3891,1,0,0,1,0.0
8475,4,3617,1,1,0,1,0.0
8476,7,2267,1,1,0,0,160.51
8477,6,5995,1,1,0,0,137.84
8478,2,5412,1,1,0,0,0.0
8479,4,3953,1,1,0,0,0.0
8480,6,2119,1,1,0,0,0.0
8481,5,4227,1,1,0,0,0.0
8482,8,2023,1,0,0,0,0.0
8483,5,1157,1,1,0,0,0.0
8484,4,4917,1,0,0,0,0.0
8485,2,5459,1,0,0,0,78.58
8486,2,4927,1,1,1,0,0.0
8487,1,3376,1,1,0,1,0.0
8488,6,5353,1,1,0,0,0.0
8489,2,2970,1,1,0,1,95.27
8490,8,1370,1,0,0,0,0.0
8491,8,5017,1,1,0,0,0.0
8492,2,3825,1,1,0,0,62.11
8493,6,4967,1,1,0,0,0.0
8494,3,3289,1,1,0,1,0.0
8495,6,2428,1,1,0,0,49.7
8496,1,1820,1,0,0,1,0.0
8497,3,3765,1,1,0,1,0.0
8498,5,4813,1,1,1,0,237.27
8499,3,5373,1,1,0,1,0.0
8500,1,2580,1,1,0,0,153.86
8501,4,2747,1,0,1,0,188.76
8502,1,1441,1,0,1,0,0.0
8503,7,4419,1,0,1,0,0.0
8504,7,1802,1,1,0,0,129.38
8505,3,4233,1,0,0,1,0.0
8506,1,3275,1,1,0,0,0.0
8507,5,5543,1,1,0,0,0.0
8508,8,4313,1,0,1,0,0.0
8509,7,2941,1,0,1,1,0.0
8510,7,3961,1,1,0,0,0.0
8511,8,2776,1,1,0,0,0.0
8512,8,4372,1,1,1,0,0.0
8513,2,2033,1,1,0,0,0.0
8514,6,2618,1,1,0,0,0.0
8515,2,4969,1,1,0,0,0.0
8516,4,2692,1,0,0,0,0.0
8517,3,5016,1,1,0,0,0.0
8518,7,5131,1,1,0,1,216.07
8519,8,4196,1,1,1,0,0.0
8520,1,4072,1,0,0,0,0.0
8521,2,4763,1,1,0,0,0.0
8522,4,5018,1,1,0,0,0.0
8523,8,3658,1,1,0,0,0.0
8524,2,2782,1,0,0,0,0.0
8525,8,1737,1,1,0,0,0.0
8526,4,4892,1,1,1,0,0.0
8527,6,4018,1,1,0,0,0.0
8528,8,3124,1,1,0,0,0.0
8529,8,5877,1,0,1,0,128.46
8530,3,2123,1,0,0,0,0.0
8531,7,5955,1,1,1,0,0.0
8532,8,2319,1,0,0,0,0.0
8533,5,4515,1,1,0,0,187.0
8534,2,1353,1,0,0,0,0.0
8535,7,2063,1,0,1,0,0.0
8536,7,1444,1,1,0,0,0.0
8537,2,2202,1,1,0,1,0.0
8538,3,3284,1,0,1,0,0.0
8539,6,4324,1,1,0,0,295.49
8540,2,1336,1,1,0,0,0.0
8541,6,2608,1,1,1,0,0.0
8542,2,3708,1,1,0,0,0.0
8543,2,2715,1,1,0,0,0.0
8544,3,3296,1,1,0,0,0.0
8545,1,3142,1,1,0,0,0.0
8546,7,4337,1,0,1,0,315.52
8547,3,3474,1,0,0,0,0.0
8548,8,5054,1,0,0,0,115.55
8549,6,2917,1,1,1,0,0.0
8550,7,4994,1,1,0,0,201.98
8551,7,1380,1,1,0,0,0.0
8552,5,2987,1,1,1,0,0.0
8553,4,2819,1,1,1,0,0.0
8554,6,5717,1,0,0,0,0.0
8555,6,4346,1,0,0,0,0.0
8556,7,3995,1,0,0,0,0.0
8557,3,4138,1,0,1,0,0.0
8558,4,1440,1,0,0,1,0.0
8559,5,5192,1,0,0,0,0.0
8560,2,4667,1,1,0,1,0.0
8561,2,4777,1,1,0,0,192.16
8562,4,2460,1,0,0,0,0.0
8563,3,1754,1,1,0,0,1024.91
8564,3,2130,1,1,1,0,0.0
8565,1,1518,1,1,1,0,0.0
8566,8,2687,1,1,0,1,0.0
8567,2,1491,1,1,1,1,203.66
8568,4,3454,1,1,0,0,0.0
8569,1,5135,1,1,0,1,0.0
8570,5,2982,1,1,0,0,0.0
8571,6,5156,1,1,0,0,0.0
8572,3,3833,1,1,0,1,0.0
8573,5,4753,1,0,0,1,0.0
8574,3,3035,1,1,1,0,0.0
8575,8,2945,1,0,0,0,0.0
8576,7,5711,1,1,0,0,0.0
8577,2,1205,1,0,0,0,0.0
8578,6,4678,1,1,0,0,0.0
8579,1,1906,1,1,0,0,0.0
8580,6,5408,1,1,0,0,0.0
8581,7,2248,1,1,0,0,0.0
8582,3,4961,1,0,1,0,0.0
8583,2,1242,1,1,0,0,0.0
8584,1,1879,1,0,0,0,107.06
8585,6,2153,1,1,0,0,0.0
8586,5,4794,1,1,0,0,0.0
8587,1,2112,1,1,0,0,0.0
8588,8,5457,1,0,0,1,0.0
8589,2,3203,1,1,0,0,0.0
8590,4,3697,1,0,0,0,0.0
8591,2,5648,1,1,0,1,0.0
8592,6,3783,1,1,0,0,0.0
8593,6,2621,1,1,0,0,0.0
8594,7,5667,1,1,0,0,0.0
8595,3,3056,1,1,0,0,0.0
8596,4,5460,1,1,0,0,0.0
8597,5,1700,1,0,1,1,0.0
8598,6,2705,1,1,1,0,0.0
8599,4,3201,1,0,0,0,0.0
8600,5,3529,1,1,0,0,0.0
8601,2,5176,1,0,1,0,0.0
8602,4,2680,1,0,0,0,0.0
8603,5,3207,1,1,0,1,0.0
8604,3,5108,1,0,1,0,0.0
8605,6,3108,1,1,0,0,0.0
8606,4,1414,1,1,0,1,56.12
8607,5,3641,1,1,1,1,0.0
8608,6,5666,1,1,1,0,0.0
8609,1,4242,1,1,0,0,0.0
8610,4,1522,1,1,0,0,0.0
8611,7,2211,1,1,0,0,1144.18
8612,4,3315,1,1,1,0,0.0
8613,4,1038,1,1,0,0,0.0
8614,2,1247,1,1,0,0,0.0
8615,5,5028,1,1,1,0,449.3
8616,4,2670,1,1,0,0,0.0
8617,8,5860,1,0,0,0,0.0
8618,7,5788,1,0,0,1,0.0
8619,5,4538,1,0,0,0,0.0
8620,1,4020,1,1,0,0,0.0
8621,8,1964,1,1,0,0,0.0
8622,4,3757,1,1,0,0,0.0
8623,2,3353,1,0,0,0,0.0
8624,4,4767,1,1,0,0,0.0
8625,6,5187,1,1,0,0,0.0
8626,5,2854,1,1,0,0,174.04
8627,4,5629,1,1,1,0,150.77
8628,3,2732,1,1,1,0,0.0
8629,2,1754,1,1,0,0,0.0
8630,1,2112,1,0,0,0,0.0
8631,5,3557,1,1,0,0,295.73
8632,6,2242,1,0,0,1,0.0
8633,1,1195,1,1,0,0,0.0
8634,5,3239,1,1,1,0,0.0
8635,6,3022,1,1,0,0,0.0
8636,3,1841,1,1,0,0,0.0
8637,7,1560,1,1,0,0,0.0
8638,5,2480,1,0,0,0,0.0
8639,8,1839,1,1,0,0,0.0
8640,1,2578,1,1,0,0,0.0
8641,5,4328,1,0,0,0,0.0
8642,2,4246,1,1,0,0,0.0
8643,8,4808,1,1,0,0,0.0
8644,6,3906,1,0,0,0,0.0
8645,4,3671,1,1,0,0,0.0
8646,1,2238,1,1,0,0,0.0
8647,2,3947,1,0,0,1,0.0
8648,8,2037,1,1,1,0,50.5
8649,7,3499,1,1,0,0,315.71
8650,8,3549,1,1,0,0,135.02
8651,7,5123,1,1,0,0,0.0
8652,5,1185,1,1,1,0,0.0
8653,6,4118,1,0,1,0,0.0
8654,4,2529,1,1,1,0,0.0
8655,4,2948,1,0,0,0,0.0
8656,5,4974,1,0,0,0,0.0
8657,5,1057,1,1,0,0,0.0
8658,4,1362,1,1,0,1,0.0
8659,1,3014,1,1,1,0,0.0
8660,5,5371,1,0,1,0,0.0
8661,3,4794,1,0,0,0,0.0
8662,8,4850,1,1,0,0,0.0
8663,5,5487,1,0,1,0,0.0
8664,8,4643,1,1,0,0,0.0
8665,6,3963,1,0,1,0,0.0
8666,7,3803,1,0,0,0,348.51
8667,6,5936,1,1,1,0,167.03
8668,3,4806,1,0,1,0,0.0
8669,7,5346,1,0,0,0,0.0
8670,6,5121,1,1,1,0,0.0
8671,8,1153,1,1,0,0,498.49
8672,2,2720,1,0,0,0,0.0
8673,3,4893,1,1,0,0,228.97
8674,1,5785,1,1,0,0,0.0
8675,5,5027,1,1,0,0,0.0
8676,8,3390,1,0,0,0,0.0
8677,3,4909,1,1,0,0,0.0
8678,2,2963,1,0,1,0,0.0
8679,7,5000,1,0,1,0,0.0
8680,6,2369,1,0,1,0,114.07
8681,7,3156,1,1,0,0,0.0
8682,4,2744,1,1,1,0,312.06
8683,7,2931,1,0,0,1,0.0
8684,2,1116,1,1,1,1,0.0
8685,3,3954,1,1,0,0,0.0
8686,7,5442,1,0,0,1,45.93
8687,3,3371,1,1,0,0,0.0
8688,1,5071,1,1,0,0,0.0
8689,4,5142,1,0,1,0,0.0
8690,8,3090,1,0,1,0,0.0
8691,5,2913,1,1,0,0,0.0
8692,1,5904,1,0,0,0,0.0
8693,7,2564,1,1,0,0,0.0
8694,1,3795,1,0,0,0,0.0
8695,4,5092,1,1,1,0,0.0
8696,6,5507,1,1,0,1,0.0
8697,7,2398,1,1,0,1,0.0
8698,8,1172,1,0,0,0,0.0
8699,8,2767,1,1,0,1,93.54
8700,1,4726,1,0,0,0,0.0
8701,3,1547,1,0,0,0,0.0
8702,6,3349,1,0,1,0,0.0
8703,7,5028,1,1,1,0,0.0
8704,2,1917,1,1,0,0,0.0
8705,6,1897,1,0,0,0,263.63
8706,8,2927,1,0,0,0,0.0
8707,4,2985,1,0,0,0,0.0
8708,4,5117,1,1,1,0,0.0
8709,5,5638,1,1,1,1,194.34
8710,3,1089,1,1,1,0,0.0
8711,6,2586,1,0,1,1,217.52
8712,7,1033,1,1,0,0,149.38
8713,6,4876,1,0,1,0,0.0
8714,8,2994,1,1,0,0,0.0
8715,2,4489,1,0,0,0,185.27
8716,2,5749,1,1,0,0,0.0
8717,6,4620,1,1,0,0,0.0
8718,4,5865,1,0,0,1,124.58
8719,1,3666,1,1,0,0,0.0
8720,6,4271,1,1,1,0,0.0
8721,8,3147,1,1,0,0,0.0
8722,2,1299,1,1,1,0,0.0
8723,6,5934,1,1,0,0,0.0
8724,4,4487,1,1,0,0,0.0
8725,5,2064,1,0,0,0,0.0
8726,2,1025,1,1,1,0,0.0
8727,8,3881,1,1,0,0,0.0
8728,7,5387,1,1,0,0,0.0
8729,3,3032,1,0,1,0,0.0
8730,1,4583,1,1,0,1,0.0
8731,6,5275,1,1,0,0,0.0
8732,4,3068,1,0,0,0,0.0
8733,1,3402,1,1,0,0,0.0
8734,2,4474,1,1,0,1,0.0
8735,6,1329,1,1,1,0,0.0
8736,4,5362,1,0,0,0,0.0
8737,5,1916,1,0,0,0,0.0
8738,8,3198,1,1,1,0,0.0
8739,1,4349,1,1,0,0,0.0
8740,1,3625,1,1,0,0,0.0
8741,7,3156,1,1,1,0,0.0
8742,1,2546,1,1,0,0,220.86
8743,4,3871,1,1,1,1,0.0
8744,6,1745,1,1,1,0,0.0
8745,1,5650,1,1,0,0,0.0
8746,6,3824,1,1,1,0,330.35
8747,4,2459,1,0,0,0,0.0
8748,7,4525,1,1,0,0,0.0
8749,8,1675,1,1,0,0,0.0
8750,7,1220,1,1,1,0,0.0
8751,7,3633,1,1,1,0,0.0
8752,4,4139,1,1,1,1,0.0
8753,5,2165,1,1,0,0,0.0
8754,5,5701,1,0,0,0,0.0
8755,7,2425,1,1,0,0,0.0
8756,7,5096,1,0,0,0,0.0
8757,6,3621,1,1,0,0,0.0
8758,2,2860,1,0,1,1,176.38
8759,2,4152,1,1,0,0,0.0
8760,1,3844,1,0,1,1,0.0
8761,6,1548,1,0,1,0,0.0
8762,6,2661,1,0,0,0,0.0
8763,4,4617,1,1,0,0,74.52
8764,4,2303,1,1,1,1,0.0
8765,1,3268,1,1,1,0,0.0
8766,3,1123,1,1,0,1,0.0
8767,7,3933,1,1,0,0,0.0
8768,5,4707,1,1,0,0,306.34
8769,4,1056,1,1,1,0,0.0
8770,2,4294,1,1,0,0,0.0
8771,7,1420,1,1,0,0,0.0
8772,3,2942,1,1,0,0,0.0
8773,4,3146,1,0,0,0,0.0
8774,8,3646,1,1,0,0,30.98
8775,5,2978,1,1,1,0,637.74
8776,7,4668,1,1,0,0,0.0
8777,8,5761,1,0,0,1,0.0
8778,7,5338,1,1,0,0,98.44
8779,8,5602,1,0,1,0,0.0
8780,6,5083,1,1,1,0,0.0
8781,3,5368,1,1,1,0,0.0
8782,8,2388,1,1,1,0,0.0
8783,6,1754,1,1,0,0,118.95
8784,3,4262,1,0,0,0,0.0
8785,8,2786,1,1,1,0,0.0
8786,3,2799,1,0,0,0,0.0
8787,6,2530,1,1,0,0,216.08
8788,8,4114,1,1,0,1,0.0
8789,2,3401,1,1,0,0,0.0
8790,6,1829,1,1,1,0,277.99
8791,6,2645,1,1,0,0,316.34
8792,6,4450,1,0,0,0,0.0
8793,6,5213,1,0,0,0,0.0
8794,7,5013,1,1,0,0,0.0
8795,2,5649,1,1,0,1,0.0
8796,3,2438,1,1,1,1,0.0
8797,7,5191,1,1,1,1,0.0
8798,5,4001,1,0,1,1,0.0
8799,8,3782,1,0,0,1,271.41
8800,8,4132,1,0,1,0,0.0
8801,2,5683,1,1,0,1,0.0
8802,2,1078,1,0,0,0,0.0
8803,8,1913,1,0,0,1,0.0
8804,2,5041,1,1,0,0,0.0
8805,8,2996,1,1,0,0,0.0
8806,8,1985,1,1,1,1,0.0
8807,1,3490,1,0,1,0,0.0
8808,8,5161,1,1,1,0,0.0
8809,3,3010,1,0,0,0,0.0
8810,5,5890,1,1,0,0,0.0
8811,5,3154,1,1,0,0,0.0
8812,1,1241,1,1,0,0,0.0
8813,8,2237,1,1,0,0,0.0
8814,6,1101,1,1,1,0,0.0
8815,8,5293,1,1,0,0,0.0
8816,2,1412,1,1,0,0,0.0
8817,5,1652,1,1,0,0,0.0
8818,8,4756,1,1,0,0,0.0
8819,8,3949,1,1,0,0,0.0
8820,2,2451,1,0,0,1,0.0
8821,8,2629,1,0,0,0,0.0
8822,2,4279,1,0,0,0,0.0
8823,6,1723,1,1,0,1,222.79
8824,4,1583,1,1,1,1,0.0
8825,8,3696,1,0,0,0,0.0
8826,8,4038,1,0,0,1,0.0
8827,5,4276,1,1,0,1,0.0
8828,4,1924,1,1,0,0,235.71
8829,1,4455,1,1,0,1,0.0
8830,7,2621,1,0,0,0,408.96
8831,3,3163,1,1,0,1,0.0
8832,8,3626,1,1,0,0,0.0
8833,3,5550,1,1,0,0,0.0
8834,3,5466,1,1,1,0,0.0
8835,3,3259,1,0,1,0,52.32
8836,5,4388,1,1,0,1,43.06
8837,4,3436,1,0,0,0,0.0
8838,4,1340,1,1,0,0,0.0
8839,8,1488,1,1,1,0,0.0
8840,4,4525,1,1,0,0,95.18
8841,4,3905,1,1,0,0,266.82
8842,2,1702,1,1,1,0,79.67
8843,8,5097,1,0,0,0,0.0
8844,1,4677,1,1,0,1,0.0
8845,4,1303,1,1,1,0,0.0
8846,5,3400,1,0,1,0,0.0
8847,3,1836,1,0,0,1,0.0
8848,5,4035,1,1,0,0,0.0
8849,1,1558,1,1,1,1,0.0
8850,7,1008,1,1,0,0,360.63
8851,7,1865,1,0,0,0,0.0
8852,7,4950,1,1,0,0,0.0
8853,6,2826,1,0,1,0,0.0
8854,8,1928,1,1,1,0,0.0
8855,7,5572,1,1,0,0,0.0
8856,4,4926,1,1,0,0,0.0
8857,1,4236,1,1,0,0,0.0
8858,6,5145,1,1,0,0,104.25
8859,8,3126,1,0,0,0,0.0
8860,7,5966,1,0,1,0,0.0
8861,4,5525,1,1,0,0,0.0
8862,8,3871,1,1,1,0,0.0
8863,7,4781,1,1,0,0,0.0
8864,3,4266,1,0,0,0,0.0
8865,3,4270,1,1,0,0,0.0
8866,2,2046,1,1,1,0,0.0
8867,1,4087,1,1,0,0,0.0
8868,2,5763,1,1,0,0,0.0
8869,2,1548,1,1,0,0,0.0
8870,3,2269,1,1,1,1,498.76
8871,7,2658,1,1,1,0,0.0
8872,4,3556,1,1,0,0,0.0
8873,2,5541,1,1,1,0,0.0
8874,7,3005,1,1,1,0,0.0
8875,3,2719,1,1,0,0,0.0
8876,4,2292,1,1,0,0,0.0
8877,3,3910,1,0,0,1,0.0
8878,2,3296,1,1,1,0,0.0
8879,4,2091,1,0,0,1,0.0
8880,7,5375,1,1,1,0,0.0
8881,6,3441,1,1,1,0,0.0
8882,6,4202,1,0,1,0,0.0
8883,6,1406,1,0,0,1,0.0
8884,8,5192,1,0,0,1,0.0
8885,2,4793,1,1,0,0,0.0
8886,3,3468,1,1,0,0,0.0
8887,4,1307,1,1,0,0,0.0
8888,2,5797,1,1,0,0,396.63
8889,6,4964,1,1,1,0,0.0
8890,1,2237,1,1,1,0,0.0
8891,3,4011,1,0,0,0,0.0
8892,1,2885,1,1,0,1,0.0
8893,7,1561,1,1,0,0,0.0
8894,7,4852,1,1,0,1,0.0
8895,8,2841,1,0,0,0,0.0
8896,6,5028,1,0,1,0,0.0
8897,8,4496,1,1,0,0,81.32
8898,7,1792,1,1,0,0,89.83
8899,8,2260,1,1,1,0,0.0
8900,8,2079,1,1,0,0,0.0
8901,4,2697,1,0,0,0,0.0
8902,2,3366,1,1,1,1,0.0
8903,3,1055,1,0,0,0,854.99
8904,8,5551,1,1,0,0,0.0
8905,8,5903,1,0,1,1,0.0
8906,7,4039,1,0,0,0,0.0
8907,5,1645,1,1,0,0,0.0
8908,4,1413,1,1,0,0,0.0
8909,7,5410,1,1,0,0,0.0
8910,7,4946,1,0,1,1,0.0
8911,8,3354,1,1,0,0,0.0
8912,1,4958,1,1,0,0,0.0
8913,4,2335,1,1,0,0,0.0
8914,7,5476,1,1,1,0,0.0
8915,4,3446,1,1,0,0,222.5
8916,5,4009,1,0,0,0,0.0
8917,4,4983,1,1,1,0,0.0
8918,3,5495,1,1,0,0,100.74
8919,2,1309,1,0,0,0,0.0
8920,6,4733,1,1,1,1,0.0
8921,1,5203,1,1,0,0,0.0
8922,4,5905,1,1,1,0,179.92
8923,7,5950,1,0,0,1,0.0
8924,2,1747,1,0,0,0,0.0
8925,2,5637,1,1,0,0,0.0
8926,8,3287,1,0,0,0,134.64
8927,3,1711,1,0,0,0,0.0
8928,1,1861,1,0,1,0,0.0
8929,6,3075,1,1,1,1,0.0
8930,4,5483,1,0,0,0,0.0
8931,2,1988,1,1,0,0,0.0
8932,8,3503,1,1,0,0,0.0
8933,8,3548,1,1,1,0,0.0
8934,2,1419,1,0,0,0,0.0
8935,7,1797,1,1,1,0,0.0
8936,4,3078,1,1,0,0,0.0
8937,6,3866,1,1,0,0,69.48
8938,3,5441,1,0,0,1,0.0
8939,3,5080,1,0,0,1,388.74
8940,8,2460,1,1,0,0,214.27
8941,3,2985,1,1,0,0,0.0
8942,4,5252,1,1,1,0,0.0
8943,7,2564,1,0,0,0,0.0
8944,7,5828,1,1,0,1,0.0
8945,7,3679,1,1,0,0,0.0
8946,5,2077,1,1,0,0,0.0
8947,4,1010,1,1,0,0,0.0
8948,2,4673,1,1,0,0,0.0
8949,4,2892,1,1,0,0,0.0
8950,4,5467,1,1,0,0,0.0
8951,5,5741,1,0,0,0,0.0
8952,6,4202,1,0,0,0,0.0
8953,8,1771,1,1,0,0,0.0
8954,5,1086,1,1,0,1,161.45
8955,6,5453,1,1,0,1,0.0
8956,1,1160,1,0,0,1,0.0
8957,7,4005,1,1,0,0,0.0
8958,4,2292,1,1,0,0,0.0
8959,3,5631,1,1,0,0,0.0
8960,1,1963,1,1,1,0,0.0
8961,4,5850,1,1,0,0,0.0
8962,6,3189,1,1,1,0,0.0
8963,5,5872,1,1,0,0,0.0
8964,6,3840,1,1,0,0,0.0
8965,4,4835,1,1,0,1,0.0
8966,1,2178,1,1,1,0,0.0
8967,6,5459,1,1,0,0,0.0
8968,3,2759,1,1,0,0,173.65
8969,3,2062,1,1,1,0,0.0
8970,4,2578,1,1,1,0,0.0
8971,1,1640,1,1,0,0,0.0
8972,1,3575,1,0,0,0,0.0
8973,3,3013,1,1,0,0,0.0
8974,6,1330,1,1,0,0,0.0
8975,8,5316,1,0,0,0,0.0
8976,8,3573,1,0,0,1,0.0
8977,2,3058,1,1,0,0,0.0
8978,5,5308,1,1,1,1,0.0
8979,3,5563,1,0,0,0,0.0
8980,2,4037,1,1,0,0,377.1
8981,8,5917,1,0,1,0,111.7
8982,4,1057,1,1,0,0,0.0
8983,2,1635,1,0,1,0,0.0
8984,4,3457,1,1,0,0,0.0
8985,3,3967,1,1,0,0,0.0
8986,5,4226,1,1,0,0,725.82
8987,6,2769,1,1,1,1,0.0
8988,8,4874,1,1,1,1,0.0
8989,4,2103,1,1,1,0,0.0
8990,2,5838,1,1,1,0,33.42
8991,2,1571,1,1,1,0,0.0
8992,2,2210,1,1,0,0,0.0
8993,8,4209,1,1,0,0,0.0
8994,4,1443,1,1,0,1,0.0
8995,4,2358,1,1,0,0,0.0
8996,7,5702,1,0,0,0,0.0
8997,7,3578,1,0,1,0,0.0
8998,8,1147,1,1,0,1,0.0
8999,5,3913,1,1,0,0,0.0
9000,3,5660,1,0,0,0,0.0
9001,4,4413,1,1,0,0,0.0
9002,7,3662,1,0,0,0,0.0
9003,6,2597,1,1,1,0,56.43
9004,8,4925,1,1,0,0,0.0
9005,4,4120,1,1,1,0,282.68
9006,8,5813,1,1,1,0,0.0
9007,1,4132,1,1,0,0,0.0
9008,3,4644,1,1,1,0,0.0
9009,2,5455,1,0,0,1,125.26
9010,5,5665,1,0,0,0,0.0
9011,1,3657,1,1,1,0,0.0
9012,6,5384,1,0,1,1,0.0
9013,5,5703,1,1,1,1,0.0
9014,7,1491,1,1,0,0,1370.07
9015,2,1151,1,0,0,0,0.0
9016,1,2736,1,0,0,0,0.0
9017,5,2044,1,1,1,0,0.0
9018,5,4505,1,1,1,1,0.0
9019,1,4438,1,0,0,0,67.58
9020,3,4949,1,1,0,1,0.0
9021,8,2024,1,1,1,0,0.0
9022,2,3814,1,1,1,0,0.0
9023,7,3572,1,0,0,1,0.0
9024,8,5068,1,1,1,0,1195.77
9025,2,3276,1,0,0,0,0.0
9026,4,1927,1,0,0,0,0.0
9027,7,4797,1,1,0,0,0.0
9028,8,3673,1,1,1,0,175.02
9029,6,5744,1,1,0,1,0.0
9030,2,5162,1,1,0,1,0.0
9031,3,2501,1,1,0,0,0.0
9032,2,5024,1,1,0,0,0.0
9033,6,2506,1,1,0,0,0.0
9034,8,1234,1,1,1,0,0.0
9035,8,3266,1,0,1,0,0.0
9036,1,2597,1,1,0,0,132.69
9037,7,2604,1,0,0,0,0.0
9038,8,5385,1,1,0,0,0.0
9039,1,5596,1,1,0,0,0.0
9040,5,3553,1,1,0,0,27.26
9041,3,1613,1,0,0,0,0.0
9042,1,3138,1,1,1,0,514.24
9043,4,1626,1,1,0,0,0.0
9044,3,2885,1,1,0,0,0.0
9045,5,3526,1,1,1,0,157.54
9046,1,2605,1,1,0,0,0.0
9047,5,1083,1,0,0,0,0.0
9048,5,4355,1,1,0,0,0.0
9049,6,2290,1,0,1,0,0.0
9050,3,2792,1,1,0,0,0.0
9051,4,3657,1,0,1,0,0.0
9052,4,2084,1,0,0,0,0.0
9053,8,5440,1,0,0,0,0.0
9054,7,4026,1,0,0,1,0.0
9055,7,5586,1,0,1,0,0.0
9056,6,4709,1,0,1,1,0.0
9057,7,3585,1,0,0,0,0.0
9058,2,4055,1,1,0,1,0.0
9059,7,4204,1,0,0,1,0.0
9060,3,5113,1,0,1,0,0.0
9061,7,3463,1,1,0,0,0.0
9062,8,1886,1,1,0,0,0.0
9063,1,2262,1,0,1,0,0.0
9064,1,4952,1,1,0,1,0.0
9065,2,5773,1,0,0,0,0.0
9066,5,5247,1,1,1,0,0.0
9067,8,4437,1,1,1,0,0.0
9068,5,2288,1,0,1,1,0.0
9069,3,5990,1,0,0,0,0.0
9070,6,5043,1,1,1,0,222.26
9071,3,3884,1,1,0,0,178.39
9072,8,3593,1,0,1,0,0.0
9073,7,4620,1,1,0,1,113.77
9074,8,4367,1,1,1,0,106.21
9075,1,5477,1,1,0,0,0.0
9076,8,2651,1,0,1,0,0.0
9077,5,3112,1,1,0,0,0.0
9078,5,5093,1,1,0,0,0.0
9079,6,5744,1,1,0,0,0.0
9080,2,1485,1,1,0,0,0.0
9081,6,5829,1,1,0,0,0.0
9082,6,2560,1,1,0,0,0.0
9083,6,3211,1,1,0,0,0.0
9084,4,1817,1,0,0,0,0.0
9085,7,2832,1,1,0,0,0.0
9086,6,4313,1,1,0,0,0.0
9087,2,4710,1,0,0,0,0.0
9088,4,5697,1,0,0,0,532.83
9089,4,4432,1,1,0,0,0.0
9090,5,5924,1,1,0,0,0.0
9091,6,3767,1,1,1,0,0.0
9092,3,4665,1,1,1,0,0.0
9093,1,3791,1,0,0,0,442.22
9094,8,3593,1,0,0,0,0.0
9095,7,4424,1,1,0,0,0.0
9096,8,3266,1,0,1,0,209.1
9097,5,2618,1,1,0,0,162.73
9098,8,2376,1,1,0,0,0.0
9099,1,4785,1,1,0,0,0.0
9100,5,4334,1,1,0,0,0.0
9101,3,5286,1,0,1,0,0.0
9102,7,3199,1,1,0,0,0.0
9103,7,3907,1,0,0,1,252.94
9104,5,2152,1,1,0,1,0.0
9105,3,1326,1,1,0,0,0.0
9106,5,3168,1,0,1,0,0.0
9107,3,5660,1,1,0,0,0.0
9108,6,4079,1,0,0,1,0.0
9109,8,3874,1,1,0,0,0.0
9110,2,2701,1,1,0,0,0.0
9111,7,4440,1,0,0,0,0.0
9112,8,1860,1,1,0,0,0.0
9113,6,4026,1,0,0,0,0.0
9114,6,5128,1,0,0,1,0.0
9115,1,2676,1,0,1,0,0.0
9116,6,3123,1,1,0,0,47.34
9117,1,2781,1,1,0,0,47.7
9118,8,5921,1,0,0,0,82.21
9119,5,3824,1,0,0,0,0.0
9120,8,5272,1,0,1,0,0.0
9121,3,3331,1,1,0,0,0.0
9122,3,4532,1,0,1,0,0.0
9123,3,3129,1,1,0,0,478.97
9124,6,5013,1,0,1,0,0.0
9125,4,5972,1,1,0,0,0.0
9126,1,2048,1,1,0,1,0.0
9127,4,2902,1,1,0,0,0.0
9128,8,1532,1,0,0,0,0.0
9129,2,2871,1,0,0,0,0.0
9130,4,2603,1,1,0,0,0.0
9131,3,4018,1,1,0,0,0.0
9132,7,3128,1,1,0,0,0.0
9133,3,4692,1,1,0,1,0.0
9134,7,2099,1,1,1,0,0.0
9135,3,2630,1,1,0,0,0.0
9136,5,1226,1,1,0,1,0.0
9137,3,2897,1,1,0,0,0.0
9138,3,1488,1,1,0,0,0.0
9139,8,4323,1,1,0,0,0.0
9140,1,3423,1,1,0,0,0.0
9141,4,3753,1,1,0,0,0.0
9142,7,1479,1,0,0,0,0.0
9143,5,5548,1,1,0,1,0.0
9144,6,4185,1,1,0,0,0.0
9145,7,3503,1,1,1,0,229.43
9146,3,5151,1,0,0,0,0.0
9147,3,4967,1,1,0,0,0.0
9148,4,2764,1,1,0,0,140.9
9149,1,2205,1,1,0,0,0.0
9150,1,2856,1,1,1,0,0.0
9151,6,5347,1,1,0,0,144.71
9152,3,5937,1,1,1,0,0.0
9153,3,4296,1,0,0,0,0.0
9154,4,4920,1,1,0,0,0.0
9155,4,5356,1,1,0,1,0.0
9156,1,2434,1,1,1,0,0.0
9157,2,3800,1,0,0,1,0.0
9158,7,4120,1,0,0,0,0.0
9159,7,1203,1,1,0,1,0.0
9160,1,5869,1,1,0,0,96.61
9161,1,4632,1,0,0,0,0.0
9162,6,2513,1,1,0,0,0.0
9163,5,3089,1,0,1,0,0.0
9164,5,1043,1,1,0,0,0.0
9165,1,3137,1,1,1,0,0.0
9166,3,3876,1,1,0,0,0.0
9167,4,5495,1,1,0,1,0.0
9168,3,2411,1,0,0,0,0.0
9169,3,2380,1,1,0,0,0.0
9170,2,1793,1,1,0,0,0.0
9171,6,4003,1,1,0,0,0.0
9172,2,2052,1,1,0,1,554.54
9173,4,1879,1,1,0,0,0.0
9174,6,3229,1,0,0,0,214.42
9175,5,5069,1,1,1,1,0.0
9176,7,2210,1,1,0,0,0.0
9177,2,5137,1,1,0,0,0.0
9178,8,1698,1,1,0,0,0.0
9179,4,5496,1,1,0,0,0.0
9180,4,2085,1,1,0,0,0.0
9181,4,3651,1,1,1,0,0.0
9182,8,3026,1,0,0,0,0.0
9183,2,3877,1,0,1,0,0.0
9184,2,5852,1,1,0,0,0.0
9185,1,1900,1,1,0,0,0.0
9186,5,1913,1,1,1,0,0.0
9187,2,2723,1,1,0,0,0.0
9188,3,4394,1,0,0,0,0.0
9189,6,4484,1,1,0,0,0.0
9190,8,5238,1,1,1,0,93.09
9191,4,2092,1,1,0,1,0.0
9192,1,1528,1,1,1,0,0.0
9193,4,3390,1,0,1,0,0.0
9194,6,1663,1,1,1,0,0.0
9195,1,3987,1,1,1,0,0.0
9196,7,4650,1,0,1,0,0.0
9197,7,3299,1,0,0,0,318.53
9198,1,4890,1,0,1,0,192.2
9199,6,2296,1,1,1,0,0.0
9200,7,1208,1,1,0,0,0.0
9201,1,3449,1,1,0,0,0.0
9202,1,3898,1,1,1,1,0.0
9203,4,1048,1,1,0,0,0.0
9204,7,3310,1,1,0,0,76.44
9205,1,5658,1,0,0,0,370.02
9206,1,3463,1,0,0,0,0.0
9207,1,5446,1,1,0,1,0.0
9208,1,5458,1,1,0,0,281.48
9209,4,2045,1,1,1,0,120.53
9210,2,5023,1,1,0,0,0.0
9211,4,2105,1,1,0,0,0.0
9212,3,1744,1,1,0,0,0.0
9213,7,1442,1,1,1,0,0.0
9214,1,3653,1,1,0,0,0.0
9215,3,5487,1,0,1,0,0.0
9216,1,4800,1,1,0,0,0.0
9217,7,1411,1,1,0,0,0.0
9218,7,1886,1,1,1,1,0.0
9219,8,2450,1,1,1,0,0.0
9220,6,1696,1,1,0,0,0.0
9221,3,3784,1,0,0,1,0.0
9222,4,2430,1,1,1,0,0.0
9223,8,5651,1,1,0,0,0.0
9224,8,1421,1,1,0,0,0.0
9225,1,2022,1,1,0,0,0.0
9226,1,3627,1,0,1,0,0.0
9227,7,3717,1,1,0,0,0.0
9228,4,2868,1,0,0,0,0.0
9229,8,5930,1,1,0,0,0.0
9230,4,2138,1,1,0,1,0.0
9231,4,3083,1,1,0,0,108.45
9232,3,3586,1,1,1,0,50.14
9233,6,2191,1,0,1,0,0.0
9234,3,2178,1,0,1,0,0.0
9235,3,5996,1,1,0,0,0.0
9236,7,5018,1,1,0,0,0.0
9237,3,2437,1,1,1,0,0.0
9238,7,3268,1,1,1,0,0.0
9239,4,1907,1,0,0,0,0.0
9240,7,5408,1,0,0,0,0.0
9241,5,1676,1,1,1,0,0.0
9242,4,3236,1,0,1,1,0.0
9243,7,4530,1,0,1,0,0.0
9244,1,1641,1,1,0,0,0.0
9245,7,3655,1,0,0,0,0.0
9246,7,3901,1,0,1,0,0.0
9247,2,4931,1,1,0,1,0.0
9248,2,5415,1,0,0,0,0.0
9249,7,5824,1,1,0,0,0.0
9250,5,4781,1,1,1,0,130.11
9251,1,1122,1,0,0,1,389.6
9252,3,4687,1,1,0,0,0.0
9253,6,5317,1,1,0,0,0.0
9254,8,5592,1,1,0,1,0.0
9255,7,1724,1,1,0,1,0.0
9256,1,1180,1,1,1,1,0.0
9257,5,2626,1,1,0,1,0.0
9258,6,3965,1,1,0,0,0.0
9259,2,4383,1,0,1,0,0.0
9260,1,4420,1,1,0,0,0.0
9261,8,2845,1,0,0,0,0.0
9262,7,3186,1,1,1,0,0.0
9263,3,5202,1,0,0,0,0.0
9264,3,1039,1,1,0,0,0.0
9265,7,4027,1,1,0,0,0.0
9266,3,4965,1,1,0,0,345.3
9267,3,4712,1,1,0,0,0.0
9268,7,4651,1,0,1,0,0.0
9269,2,4465,1,1,0,0,0.0
9270,8,3007,1,1,0,0,0.0
9271,7,4334,1,1,1,0,164.03
9272,5,1691,1,0,0,1,0.0
9273,4,4869,1,1,0,1,0.0
9274,1,5427,1,1,1,0,0.0
9275,5,3634,1,0,1,0,0.0
9276,6,1520,1,1,0,0,0.0
9277,1,1483,1,1,0,0,518.04
9278,4,2038,1,1,0,0,0.0
9279,3,3505,1,1,0,0,0.0
9280,4,1989,1,0,0,0,0.0
9281,3,2098,1,0,0,0,0.0
9282,8,2378,1,1,1,0,0.0
9283,2,5187,1,1,0,0,0.0
9284,1,3162,1,1,1,1,0.0
9285,3,1464,1,0,0,0,0.0
9286,2,1246,1,0,1,1,0.0
9287,6,4335,1,1,0,0,0.0
9288,6,2871,1,1,0,0,0.0
9289,8,5706,1,1,0,0,0.0
9290,2,4102,1,1,0,0,0.0
9291,4,5477,1,1,1,0,252.25
9292,1,4221,1,1,0,1,0.0
9293,2,2395,1,1,1,0,0.0
9294,8,3220,1,1,0,0,195.38
9295,8,4942,1,0,1,0,0.0
9296,4,5975,1,1,0,0,0.0
9297,1,2038,1,1,0,0,0.0
9298,6,2994,1,1,0,0,0.0
9299,4,5971,1,1,1,0,0.0
9300,6,2222,1,0,0,0,0.0
9301,5,1858,1,0,1,0,0.0
9302,7,4372,1,1,0,0,0.0
9303,8,4540,1,1,1,0,0.0
9304,7,4510,1,1,1,0,0.0
9305,8,5065,1,1,0,0,0.0
9306,1,3872,1,1,0,0,0.0
9307,3,5164,1,0,0,1,0.0
9308,4,3986,1,1,0,0,0.0
9309,4,4524,1,1,0,0,0.0
9310,1,2038,1,1,0,0,0.0
9311,4,5319,1,1,0,1,0.0
9312,7,2588,1,0,0,0,0.0
9313,3,4040,1,1,0,0,230.08
9314,6,1996,1,0,0,0,0.0
9315,4,4349,1,1,1,0,0.0
9316,3,4981,1,0,1,0,0.0
9317,7,1949,1,1,0,0,0.0
9318,1,5095,1,0,0,0,0.0
9319,3,5331,1,0,0,0,0.0
9320,1,3399,1,0,1,0,0.0
9321,4,1207,1,1,0,0,0.0
9322,3,2987,1,1,1,0,0.0
9323,4,2626,1,0,0,0,134.23
9324,5,1279,1,1,0,0,0.0
9325,4,1468,1,1,1,0,0.0
9326,3,5132,1,1,0,0,0.0
9327,8,1470,1,1,0,0,0.0
9328,4,1032,1,1,0,0,147.59
9329,7,1776,1,1,0,0,0.0
9330,2,4380,1,1,0,1,0.0
9331,7,3342,1,0,0,0,187.77
9332,8,3612,1,1,0,0,0.0
9333,2,2085,1,1,0,1,0.0
9334,3,5789,1,0,0,0,0.0
9335,2,1597,1,0,0,0,358.59
9336,4,4101,1,0,0,0,0.0
9337,8,5280,1,1,0,1,0.0
9338,5,1357,1,1,0,0,0.0
9339,7,2436,1,0,1,0,0.0
9340,3,4471,1,0,0,0,0.0
9341,5,4650,1,1,0,0,0.0
9342,3,4523,1,0,1,0,0.0
9343,2,2476,1,1,0,0,128.22
9344,2,3348,1,1,0,0,0.0
9345,7,5659,1,1,1,0,291.73
9346,3,3316,1,1,1,1,0.0
9347,2,3180,1,0,0,0,0.0
9348,1,3927,1,1,0,0,198.62
9349,3,2437,1,0,0,0,73.31
9350,7,4956,1,0,0,0,166.44
9351,1,5518,1,0,0,1,0.0
9352,7,4890,1,1,0,0,102.02
9353,2,1205,1,1,0,0,0.0
9354,2,4164,1,0,1,0,0.0
9355,4,5535,1,0,1,0,0.0
9356,1,1333,1,1,0,0,0.0
9357,7,1776,1,1,0,0,77.0
9358,7,5273,1,1,1,0,110.16
9359,3,2964,1,1,1,0,0.0
9360,1,2743,1,1,0,0,0.0
9361,7,5696,1,0,1,0,0.0
9362,7,4738,1,1,1,0,0.0
9363,4,5093,1,1,0,1,0.0
9364,7,3085,1,1,1,0,0.0
9365,5,5744,1,0,1,0,0.0
9366,1,2122,1,1,1,0,0.0
9367,5,3576,1,1,0,0,88.12
9368,5,1033,1,1,0,0,0.0
9369,1,1739,1,0,1,1,0.0
9370,1,1776,1,0,0,0,0.0
9371,1,5345,1,0,0,0,163.88
9372,2,2972,1,1,0,0,0.0
9373,1,1623,1,1,0,0,0.0
9374,1,2160,1,1,1,0,295.16
9375,4,3972,1,1,0,0,0.0
9376,3,3968,1,1,0,1,0.0
9377,3,4332,1,1,0,1,0.0
9378,7,3433,1,1,0,0,0.0
9379,2,5770,1,1,0,0,0.0
9380,7,5492,1,1,0,0,0.0
9381,3,1599,1,1,0,0,0.0
9382,1,2616,1,1,1,0,0.0
9383,3,3394,1,0,0,0,0.0
9384,5,2258,1,0,0,0,0.0
9385,3,2824,1,0,1,0,88.02
9386,6,3271,1,1,0,0,0.0
9387,3,3643,1,1,0,1,0.0
9388,7,2792,1,1,1,0,0.0
9389,4,5335,1,0,1,0,584.93
9390,2,5357,1,0,1,0,0.0
9391,4,1874,1,1,1,0,0.0
9392,6,3939,1,0,0,0,0.0
9393,2,2800,1,1,1,0,0.0
9394,3,3293,1,0,1,1,0.0
9395,6,4840,1,1,0,0,189.33
9396,3,4908,1,1,0,0,0.0
9397,8,2250,1,1,0,1,110.02
9398,2,4239,1,0,0,0,0.0
9399,3,5937,1,1,0,0,0.0
9400,6,3342,1,1,0,1,0.0
9401,2,5940,1,0,1,0,0.0
9402,7,3929,1,1,0,0,0.0
9403,6,5761,1,0,1,0,0.0
9404,4,5304,1,1,1,0,0.0
9405,6,5576,1,1,1,0,0.0
9406,4,2849,1,1,1,0,0.0
9407,3,4283,1,1,0,0,173.85
9408,8,2928,1,0,0,0,0.0
9409,6,2462,1,1,0,0,0.0
9410,1,2322,1,1,0,0,0.0
9411,5,4613,1,1,0,0,0.0
9412,2,4479,1,1,0,0,0.0
9413,6,4561,1,1,0,0,0.0
9414,8,3133,1,1,0,0,328.64
9415,7,3382,1,0,0,0,0.0
9416,8,2146,1,1,1,0,0.0
9417,8,4678,1,0,0,0,0.0
9418,8,4694,1,1,0,0,0.0
9419,5,2666,1,1,0,0,0.0
9420,8,3470,1,1,1,0,0.0
9421,1,4957,1,1,0,0,0.0
9422,6,2730,1,0,0,0,0.0
9423,7,5043,1,1,0,0,0.0
9424,1,5480,1,1,1,1,0.0
9425,7,4273,1,0,1,0,0.0
9426,6,1098,1,0,0,0,0.0
9427,4,5900,1,0,0,0,0.0
9428,3,1786,1,0,1,0,0.0
9429,8,4448,1,1,0,1,0.0
9430,4,3267,1,0,0,0,0.0
9431,4,2397,1,1,0,0,0.0
9432,3,5631,1,1,1,0,0.0
9433,5,2646,1,1,0,0,0.0
9434,4,5831,1,0,1,0,0.0
9435,4,2667,1,1,0,0,0.0
9436,6,3172,1,0,1,1,0.0
9437,4,2695,1,1,1,0,0.0
9438,4,3690,1,1,0,1,983.19
9439,5,1824,1,1,0,0,0.0
9440,8,5481,1,1,0,0,0.0
9441,7,5226,1,0,0,0,0.0
9442,6,5682,1,1,0,0,0.0
9443,3,1209,1,1,0,1,0.0
9444,1,1437,1,0,1,0,0.0
9445,3,1094,1,0,0,0,0.0
9446,8,2576,1,1,0,0,0.0
9447,5,1517,1,0,1,0,0.0
9448,1,3934,1,0,1,1,0.0
9449,1,3418,1,1,0,0,0.0
9450,7,2658,1,1,1,0,0.0
9451,5,4144,1,1,0,0,0.0
9452,2,1962,1,1,0,0,544.84
9453,5,1624,1,1,0,1,0.0
9454,6,5268,1,0,0,0,0.0
9455,5,4377,1,1,0,0,0.0
9456,7,3050,1,1,1,0,711.47
9457,1,5271,1,0,0,0,0.0
9458,7,4479,1,0,1,0,323.11
9459,1,4073,1,1,1,0,0.0
9460,4,1659,1,0,0,0,0.0
9461,1,4060,1,1,1,0,0.0
9462,4,4447,1,0,0,0,36.99
9463,7,1617,1,1,0,0,116.37
9464,5,3272,1,0,0,0,0.0
9465,5,5757,1,0,1,1,76.96
9466,6,1168,1,1,1,0,0.0
9467,5,2285,1,0,1,0,0.0
9468,1,2658,1,1,0,0,189.39
9469,2,3306,1,0,0,0,0.0
9470,1,4207,1,1,1,0,0.0
9471,2,5962,1,1,1,0,0.0
9472,3,5576,1,0,1,1,0.0
9473,6,2646,1,0,0,0,113.35
9474,8,2770,1,1,0,0,293.89
9475,8,4457,1,1,1,1,926.39
9476,6,2595,1,0,0,0,0.0
9477,4,2697,1,1,0,0,0.0
9478,1,1746,1,1,0,1,0.0
9479,1,3777,1,1,0,0,0.0
9480,8,2635,1,1,0,0,1294.01
9481,3,1387,1,1,0,0,0.0
9482,8,5387,1,1,0,0,629.89
9483,5,4603,1,1,1,0,0.0
9484,2,2204,1,0,1,1,0.0
9485,7,3246,1,1,1,0,0.0
9486,4,5357,1,1,0,0,143.35
9487,8,5959,1,1,1,0,0.0
9488,6,1951,1,1,1,1,0.0
9489,5,1236,1,1,1,0,0.0
9490,3,5322,1,1,0,0,0.0
9491,4,5835,1,0,0,0,0.0
9492,4,1165,1,1,0,0,0.0
9493,4,3812,1,0,1,1,0.0
9494,1,2226,1,1,0,0,0.0
9495,1,1079,1,0,1,0,0.0
9496,3,5224,1,1,0,0,0.0
9497,8,4137,1,1,0,0,0.0
9498,4,1473,1,1,1,1,0.0
9499,6,2266,1,1,0,0,0.0
9500,1,1318,1,0,0,0,0.0
9501,7,2781,1,1,0,0,0.0
9502,8,2591,1,1,0,0,0.0
9503,8,2325,1,1,0,0,0.0
9504,8,1473,1,0,1,0,0.0
9505,1,4680,1,1,1,0,0.0
9506,1,3189,1,1,0,0,0.0
9507,4,4280,1,0,0,1,0.0
9508,6,4820,1,0,1,0,0.0
9509,7,3874,1,1,1,0,0.0
9510,3,3485,1,0,0,0,0.0
9511,3,4351,1,1,0,0,0.0
9512,8,5770,1,0,0,0,148.2
9513,6,5871,1,0,0,0,0.0
9514,7,3575,1,1,0,0,101.1
9515,5,5639,1,0,0,0,0.0
9516,2,4735,1,1,0,0,0.0
9517,2,2697,1,0,0,0,0.0
9518,2,1639,1,1,0,0,0.0
9519,1,1710,1,0,0,0,0.0
9520,7,4531,1,0,0,0,473.69
9521,7,4005,1,1,0,0,0.0
9522,3,3079,1,0,0,0,0.0
9523,6,5684,1,1,0,0,0.0
9524,4,1639,1,0,0,1,0.0
9525,5,5563,1,1,0,0,0.0
9526,1,3557,1,0,1,1,0.0
9527,1,5838,1,1,0,0,0.0
9528,4,4088,1,0,0,0,0.0
9529,5,4611,1,0,0,0,0.0
9530,3,5235,1,0,1,1,0.0
9531,3,5592,1,0,0,1,0.0
9532,6,5251,1,1,0,0,0.0
9533,4,1571,1,0,0,0,0.0
9534,7,1307,1,1,0,0,0.0
9535,7,2655,1,1,1,1,0.0
9536,4,1948,1,1,0,0,0.0
9537,3,2847,1,0,0,0,0.0
9538,2,1751,1,0,0,1,0.0
9539,4,3120,1,1,0,0,212.41
9540,4,2298,1,1,1,0,94.15
9541,7,2935,1,1,1,0,0.0
9542,2,3865,1,1,1,0,0.0
9543,2,1364,1,0,0,0,0.0
9544,6,1431,1,0,0,0,0.0
9545,1,3889,1,1,1,0,0.0
9546,2,3856,1,1,1,0,0.0
9547,5,2332,1,0,0,1,0.0
9548,5,5753,1,1,0,0,0.0
9549,8,2640,1,1,0,1,0.0
9550,3,3766,1,0,0,0,207.32
9551,1,5668,1,1,0,0,0.0
9552,1,1857,1,1,0,1,0.0
9553,8,4778,1,0,0,0,0.0
9554,1,1648,1,1,0,0,0.0
9555,1,3508,1,1,1,0,159.81
9556,6,4608,1,0,1,0,0.0
9557,1,1004,1,1,1,0,0.0
9558,3,5861,1,1,1,0,0.0
9559,3,1943,1,1,0,0,0.0
9560,1,1901,1,0,0,0,0.0
9561,4,5073,1,1,0,0,0.0
9562,6,4059,1,1,0,0,444.52
9563,8,2383,1,1,0,0,0.0
9564,6,2086,1,1,0,1,0.0
9565,7,1296,1,1,0,0,37.26
9566,2,2950,1,0,0,0,0.0
9567,5,3297,1,1,0,0,114.49
9568,3,3135,1,1,1,0,91.5
9569,5,5000,1,1,0,0,0.0
9570,5,4342,1,1,0,1,0.0
9571,7,4335,1,0,0,0,0.0
9572,2,5271,1,1,1,0,99.99
9573,1,4465,1,0,0,1,0.0
9574,6,3861,1,0,1,0,0.0
9575,4,4548,1,0,0,0,0.0
9576,6,4042,1,1,0,0,0.0
9577,1,1991,1,1,0,0,0.0
9578,3,2286,1,0,0,0,0.0
9579,2,1195,1,1,0,0,0.0
9580,4,4466,1,0,0,0,0.0
9581,2,4898,1,1,0,0,0.0
9582,5,3189,1,1,0,0,0.0
9583,4,4616,1,1,0,1,0.0
9584,5,2486,1,1,0,0,0.0
9585,4,5861,1,0,1,0,0.0
9586,4,1617,1,1,0,0,0.0
9587,3,4083,1,1,0,0,0.0
9588,2,4871,1,1,1,0,429.41
9589,5,3119,1,1,0,0,0.0
9590,6,2640,1,0,0,0,0.0
9591,1,5583,1,1,1,0,0.0
9592,3,1022,1,1,0,0,0.0
9593,8,3322,1,1,1,0,0.0
9594,1,2848,1,0,0,1,0.0
9595,7,4227,1,1,1,0,0.0
9596,5,5144,1,1,0,0,0.0
9597,1,2943,1,1,0,0,0.0
9598,6,1907,1,1,0,0,0.0
9599,4,1543,1,0,0,0,0.0
9600,2,3217,1,1,0,0,0.0
9601,2,1966,1,1,0,0,0.0
9602,3,5075,1,0,0,1,0.0
9603,5,1591,1,1,1,1,0.0
9604,1,3340,1,1,1,1,177.2
9605,8,1760,1,1,0,0,0.0
9606,1,1677,1,1,0,0,0.0
9607,1,2908,1,0,0,1,452.18
9608,8,4252,1,1,0,0,0.0
9609,4,1419,1,1,1,0,0.0
9610,6,1371,1,0,0,0,831.34
9611,5,3474,1,0,0,1,0.0
9612,5,4664,1,0,0,0,0.0
9613,4,5549,1,0,0,0,0.0
9614,5,4231,1,1,0,0,0.0
9615,2,4704,1,1,0,0,0.0
9616,1,1775,1,1,1,0,0.0
9617,7,4387,1,1,0,0,0.0
9618,4,5028,1,1,0,0,0.0
9619,4,2572,1,1,0,0,0.0
9620,7,4845,1,1,1,0,73.43
9621,1,3310,1,1,0,0,0.0
9622,2,5280,1,1,0,0,0.0
9623,1,5505,1,0,0,1,0.0
9624,5,3819,1,1,0,0,0.0
9625,1,4471,1,0,0,0,0.0
9626,4,5570,1,0,0,1,0.0
9627,3,2324,1,1,1,0,0.0
9628,1,5601,1,0,1,0,0.0
9629,2,1028,1,1,0,0,0.0
9630,7,3016,1,0,1,0,0.0
9631,1,5183,1,0,0,0,0.0
9632,4,3808,1,1,1,1,0.0
9633,1,4472,1,0,0,0,0.0
9634,1,1508,1,1,1,0,0.0
9635,1,2946,1,1,0,0,220.17
9636,5,2845,1,1,0,1,0.0
9637,4,4019,1,1,0,0,521.85
9638,8,5438,1,0,0,0,0.0
9639,3,3667,1,1,0,0,0.0
9640,3,5374,1,0,1,0,0.0
9641,8,2740,1,0,0,0,0.0
9642,6,3603,1,1,0,0,0.0
9643,1,1756,1,1,0,0,145.62
9644,6,5639,1,1,0,1,0.0
9645,6,1623,1,1,0,0,0.0
9646,7,4196,1,0,0,0,126.66
9647,4,3068,1,1,1,0,478.24
9648,8,5178,1,1,0,0,0.0
9649,7,2528,1,0,0,0,0.0
9650,2,3890,1,1,0,1,0.0
9651,5,1297,1,1,0,0,364.02
9652,4,1981,1,0,0,0,0.0
9653,5,5840,1,1,0,0,262.58
9654,5,2722,1,1,0,0,0.0
9655,8,2476,1,0,0,0,0.0
9656,5,3599,1,1,0,0,0.0
9657,6,2139,1,1,0,0,0.0
9658,5,2424,1,1,0,0,0.0
9659,3,1821,1,0,0,0,0.0
9660,5,3442,1,0,0,0,0.0
9661,3,1393,1,0,0,0,368.25
9662,1,2883,1,1,1,1,0.0
9663,3,1791,1,0,0,0,0.0
9664,4,5678,1,1,1,0,99.95
9665,2,5907,1,1,0,0,233.76
9666,7,4819,1,0,0,0,0.0
9667,7,3263,1,1,0,0,0.0
9668,4,3121,1,1,1,0,0.0
9669,6,4852,1,1,0,0,0.0
9670,4,5746,1,1,0,0,0.0
9671,5,4855,1,0,0,0,0.0
9672,8,4615,1,1,0,0,0.0
9673,7,4892,1,1,1,0,0.0
9674,2,2056,1,1,0,0,0.0
9675,4,1507,1,1,1,0,0.0
9676,4,1788,1,1,1,0,0.0
9677,4,2931,1,1,1,0,0.0
9678,1,4598,1,1,0,0,0.0
9679,7,3335,1,1,0,0,0.0
9680,2,5732,1,0,1,0,130.97
9681,4,2262,1,1,1,0,0.0
9682,2,3996,1,1,0,1,99.22
9683,4,1570,1,0,0,0,0.0
9684,6,2311,1,1,0,0,0.0
9685,5,5764,1,0,0,0,0.0
9686,7,5140,1,1,0,1,0.0
9687,3,2145,1,1,0,0,66.56
9688,3,5585,1,0,0,0,0.0
9689,8,2668,1,0,0,0,0.0
9690,7,2829,1,1,0,0,0.0
9691,6,3031,1,0,1,1,0.0
9692,3,4351,1,1,1,1,0.0
9693,7,5782,1,1,0,0,0.0
9694,7,1234,1,0,0,1,0.0
9695,7,1075,1,1,1,1,0.0
9696,3,3636,1,1,0,1,0.0
9697,2,3662,1,1,0,1,0.0
9698,8,4434,1,0,0,0,0.0
9699,3,4931,1,0,1,0,0.0
9700,8,3807,1,0,0,0,0.0
9701,4,1341,1,0,0,0,231.49
9702,8,3277,1,0,0,1,0.0
9703,5,2954,1,1,0,0,0.0
9704,1,3912,1,1,0,0,0.0
9705,2,5975,1,1,0,0,97.8
9706,2,4685,1,1,0,0,0.0
9707,8,2594,1,1,0,0,0.0
9708,5,1833,1,1,0,0,0.0
9709,7,3015,1,1,1,0,0.0
9710,1,5859,1,1,1,0,0.0
9711,7,3597,1,1,0,0,0.0
9712,5,2331,1,1,0,0,0.0
9713,1,1362,1,0,1,0,379.54
9714,3,2127,1,1,0,0,0.0
9715,3,4653,1,1,0,0,156.33
9716,3,4915,1,1,0,0,0.0
9717,8,3524,1,1,0,0,0.0
9718,8,4396,1,0,0,1,0.0
9719,1,2604,1,1,1,0,0.0
9720,7,4714,1,1,0,1,186.86
9721,5,1397,1,0,0,0,0.0
9722,4,2696,1,0,0,0,0.0
9723,4,3475,1,1,0,0,249.97
9724,5,2461,1,0,1,0,0.0
9725,8,3443,1,1,0,0,0.0
9726,4,2868,1,0,1,0,82.37
9727,4,5484,1,0,1,0,0.0
9728,2,1280,1,1,1,0,0.0
9729,7,2426,1,1,1,0,0.0
9730,4,3384,1,1,0,1,0.0
9731,7,1389,1,1,0,0,0.0
9732,3,3788,1,0,1,0,187.53
9733,7,2428,1,1,0,1,333.44
9734,7,2221,1,1,0,0,0.0
9735,5,5541,1,1,0,0,0.0
9736,6,3329,1,1,1,1,0.0
9737,3,3135,1,0,0,0,0.0
9738,8,4523,1,1,0,0,0.0
9739,7,5004,1,1,1,0,0.0
9740,1,4435,1,1,0,1,0.0
9741,1,2849,1,1,0,0,0.0
9742,4,4387,1,1,0,0,0.0
9743,4,1692,1,0,0,0,0.0
9744,7,2292,1,1,0,0,0.0
9745,4,2350,1,1,1,0,78.5
9746,8,3177,1,0,1,0,0.0
9747,2,2457,1,1,1,0,239.2
9748,6,3403,1,0,0,0,0.0
9749,7,3910,1,0,0,1,0.0
9750,5,2908,1,0,0,0,207.32
9751,5,1110,1,1,0,0,0.0
9752,2,5083,1,0,1,0,0.0
9753,1,1986,1,0,0,0,564.59
9754,1,1785,1,0,0,0,0.0
9755,2,5883,1,1,0,0,0.0
9756,3,5168,1,1,0,0,521.44
9757,8,2650,1,1,0,0,0.0
9758,8,3255,1,0,0,0,0.0
9759,2,4297,1,1,1,1,134.2
9760,7,5555,1,0,0,0,0.0
9761,6,4404,1,0,0,0,0.0
9762,4,2019,1,0,0,0,0.0
9763,7,2374,1,1,0,1,69.14
9764,1,1156,1,1,0,0,0.0
9765,7,2993,1,1,1,0,0.0
9766,8,4851,1,1,0,0,0.0
9767,6,1655,1,0,0,0,0.0
9768,3,1659,1,1,1,0,0.0
9769,1,3979,1,1,0,0,0.0
9770,3,3288,1,1,1,0,0.0
9771,5,1813,1,1,0,0,0.0
9772,6,3356,1,0,0,0,221.04
9773,7,3826,1,0,0,0,0.0
9774,6,2967,1,0,1,0,0.0
9775,8,4032,1,0,0,0,0.0
9776,7,4822,1,0,0,1,0.0
9777,2,2005,1,1,0,0,137.93
9778,6,1012,1,1,1,0,0.0
9779,4,5406,1,0,0,0,0.0
9780,8,2863,1,1,0,0,0.0
9781,8,1616,1,1,0,0,0.0
9782,4,5967,1,1,1,0,0.0
9783,6,4751,1,1,0,0,0.0
9784,2,3965,1,1,0,0,0.0
9785,3,3908,1,1,1,0,0.0
9786,6,1707,1,1,0,0,0.0
9787,8,5583,1,0,0,1,0.0
9788,4,2651,1,0,0,0,160.97
9789,5,4355,1,0,0,0,0.0
9790,4,1856,1,1,0,0,0.0
9791,6,2381,1,1,0,1,0.0
9792,5,1975,1,1,0,0,26.24
9793,2,1166,1,0,0,0,0.0
9794,5,3359,1,1,0,0,0.0
9795,4,5442,1,1,0,0,71.28
9796,6,2406,1,0,0,0,0.0
9797,7,4574,1,1,0,1,0.0
9798,8,2669,1,1,0,0,0.0
9799,3,5945,1,1,0,0,0.0
9800,4,2755,1,1,0,0,161.59
9801,7,1900,1,0,1,0,0.0
9802,1,3182,1,0,0,0,0.0
9803,3,3170,1,1,0,0,0.0
9804,1,3392,1,0,1,0,0.0
9805,6,1017,1,0,0,0,224.59
9806,7,3884,1,1,0,0,0.0
9807,8,1581,1,0,0,0,0.0
9808,2,3608,1,1,0,1,0.0
9809,7,5429,1,0,1,0,0.0
9810,2,4862,1,1,1,0,207.02
9811,2,1840,1,1,0,0,283.83
9812,2,5444,1,1,1,0,0.0
9813,4,1434,1,0,0,1,0.0
9814,8,5189,1,1,0,0,0.0
9815,4,4609,1,1,1,0,200.92
9816,8,1002,1,0,0,0,301.58
9817,3,3886,1,0,0,0,0.0
9818,1,5734,1,1,0,0,0.0
9819,2,3458,1,0,1,1,106.32
9820,3,3643,1,1,0,0,192.91
9821,4,2129,1,1,1,1,0.0
9822,6,2190,1,1,1,1,0.0
9823,4,1336,1,1,1,0,0.0
9824,4,5088,1,1,0,0,0.0
9825,6,4140,1,1,0,1,0.0
9826,6,1430,1,0,1,0,0.0
9827,1,3086,1,1,1,0,0.0
9828,7,2665,1,1,0,0,388.47
9829,6,2740,1,1,1,1,0.0
9830,8,5597,1,1,0,0,0.0
9831,4,3524,1,0,1,0,0.0
9832,6,4850,1,1,0,0,0.0
9833,8,1627,1,0,1,1,0.0
9834,6,3382,1,1,0,0,0.0
9835,4,1639,1,0,0,0,0.0
9836,3,5662,1,1,0,0,221.74
9837,1,3875,1,1,0,0,0.0
9838,1,2258,1,0,1,0,0.0
9839,4,2685,1,1,0,0,0.0
9840,8,1376,1,1,0,0,0.0
9841,6,1195,1,1,0,0,1694.1
9842,6,3439,1,1,0,0,0.0
9843,7,5920,1,1,1,0,0.0
9844,7,3263,1,0,0,0,397.43
9845,8,3152,1,1,0,0,0.0
9846,5,1624,1,1,1,0,0.0
9847,1,2428,1,1,1,0,0.0
9848,1,2889,1,0,1,0,0.0
9849,5,4336,1,1,0,0,0.0
9850,6,1616,1,0,0,1,0.0
9851,3,5900,1,1,0,0,0.0
9852,7,5187,1,0,0,0,0.0
9853,3,2115,1,0,0,1,309.09
9854,7,4787,1,1,0,1,0.0
9855,4,1480,1,1,0,0,211.02
9856,4,2033,1,1,0,0,234.31
9857,6,4860,1,0,0,1,0.0
9858,1,1910,1,0,0,0,0.0
9859,2,1919,1,0,0,0,0.0
9860,3,5732,1,1,0,0,0.0
9861,5,4196,1,1,0,0,105.81
9862,5,3286,1,0,0,0,0.0
9863,5,3376,1,0,1,0,0.0
9864,1,1587,1,1,0,1,0.0
9865,1,3583,1,1,0,0,198.42
9866,1,1767,1,1,1,0,0.0
9867,3,3100,1,1,0,1,0.0
9868,3,4443,1,1,0,0,199.66
9869,3,2602,1,0,0,0,0.0
9870,2,2363,1,1,0,0,0.0
9871,6,5293,1,0,0,0,0.0
9872,2,5307,1,1,1,0,0.0
9873,4,1303,1,0,0,0,112.04
9874,2,3206,1,1,0,0,78.26
9875,3,1964,1,1,0,0,0.0
9876,4,1451,1,0,0,0,213.78
9877,8,5605,1,1,1,0,0.0
9878,5,5238,1,0,0,0,223.91
9879,7,5079,1,1,0,1,0.0
9880,8,5564,1,1,0,0,0.0
9881,1,5094,1,0,0,0,63.8
9882,4,3262,1,1,1,0,0.0
9883,7,3636,1,1,1,0,105.34
9884,5,5342,1,1,0,0,0.0
9885,2,2372,1,1,0,0,0.0
9886,2,5658,1,0,0,1,0.0
9887,8,1516,1,0,0,0,0.0
9888,2,2111,1,1,0,0,0.0
9889,4,5714,1,1,1,0,0.0
9890,5,2223,1,1,0,0,0.0
9891,3,2179,1,1,1,0,0.0
9892,3,2142,1,1,0,0,0.0
9893,5,2933,1,1,0,0,439.99
9894,6,3390,1,1,0,0,0.0
9895,6,4306,1,0,0,0,53.47
9896,8,4980,1,0,0,0,0.0
9897,1,4063,1,1,1,0,0.0
9898,5,5560,1,0,0,0,0.0
9899,2,1241,1,1,0,0,0.0
9900,5,3181,1,0,0,0,0.0
9901,3,5767,1,1,1,0,0.0
9902,6,3149,1,1,0,0,181.27
9903,3,1437,1,1,0,1,0.0
9904,6,1763,1,1,1,0,176.2
9905,4,1017,1,0,0,0,0.0
9906,2,4880,1,0,1,0,0.0
9907,8,1841,1,1,0,0,89.67
9908,6,3611,1,1,0,1,0.0
9909,6,4191,1,1,0,0,168.66
9910,2,2288,1,0,0,0,0.0
9911,1,1366,1,0,0,0,0.0
9912,7,1046,1,1,0,0,0.0
9913,7,1912,1,0,0,0,0.0
9914,8,5142,1,1,0,0,0.0
9915,5,2192,1,0,0,0,0.0
9916,4,4806,1,1,1,0,125.63
9917,5,1381,1,0,0,0,0.0
9918,7,1587,1,0,1,0,0.0
9919,5,3090,1,1,0,0,0.0
9920,2,2325,1,1,0,0,0.0
9921,2,1619,1,1,0,0,0.0
9922,2,3907,1,0,0,1,0.0
9923,3,2345,1,0,1,1,0.0
9924,4,4926,1,0,1,0,0.0
9925,6,4180,1,1,0,0,0.0
9926,5,4533,1,1,0,1,0.0
9927,7,2410,1,1,1,0,0.0
9928,8,2175,1,1,0,0,0.0
9929,3,4865,1,1,1,0,0.0
9930,1,2835,1,1,1,1,0.0
9931,7,3469,1,0,1,0,0.0
9932,5,5486,1,1,0,0,0.0
9933,2,4693,1,1,0,0,79.78
9934,8,2214,1,1,1,0,0.0
9935,3,1512,1,1,0,0,114.9
9936,4,2484,1,1,0,0,0.0
9937,2,5706,1,1,0,0,0.0
9938,8,2023,1,0,0,0,390.63
9939,6,5239,1,0,1,0,0.0
9940,6,3482,1,1,1,0,0.0
9941,5,1700,1,1,0,0,0.0
9942,1,2797,1,1,0,0,0.0
9943,8,5676,1,1,1,1,0.0
9944,2,1325,1,1,0,0,0.0
9945,3,1861,1,1,1,0,467.61
9946,8,4488,1,0,0,0,0.0
9947,4,2899,1,1,0,0,0.0
9948,3,1188,1,0,0,0,0.0
9949,3,4847,1,0,0,0,268.31
9950,3,5359,1,0,0,0,0.0
9951,1,2918,1,0,1,0,0.0
9952,8,5886,1,1,0,0,0.0
9953,8,5780,1,0,0,0,0.0
9954,6,3139,1,1,1,0,310.08
9955,8,3172,1,1,1,0,0.0
9956,6,3150,1,1,0,0,0.0
9957,6,5276,1,1,1,0,0.0
9958,6,5554,1,1,0,0,0.0
9959,5,5381,1,1,0,0,0.0
9960,6,1123,1,0,0,0,0.0
9961,1,5432,1,1,1,0,138.85
9962,3,3870,1,1,1,0,0.0
9963,2,3847,1,1,0,0,140.51
9964,3,3245,1,1,1,0,0.0
9965,1,4216,1,1,0,0,0.0
9966,1,3001,1,0,0,1,0.0
9967,8,3353,1,0,1,0,0.0
9968,2,2979,1,1,0,0,0.0
9969,1,1257,1,1,1,1,0.0
9970,4,2227,1,1,1,1,0.0
9971,4,2404,1,1,1,0,0.0
9972,8,1424,1,0,0,0,0.0
9973,5,1937,1,1,0,0,0.0
9974,7,1084,1,1,0,0,0.0
9975,1,3065,1,0,0,1,355.51
9976,6,3870,1,1,0,0,70.17
9977,8,5200,1,1,0,0,221.64
9978,6,4152,1,1,0,0,0.0
9979,1,5415,1,1,1,0,0.0
9980,1,3070,1,1,0,1,0.0
9981,4,4453,1,1,1,0,0.0
9982,2,1096,1,1,0,0,0.0
9983,7,1124,1,0,0,1,0.0
9984,8,3489,1,0,0,0,0.0
9985,6,2510,1,1,1,1,986.15
9986,5,5776,1,1,1,1,0.0
9987,3,5762,1,0,1,0,0.0
9988,6,5827,1,0,1,0,0.0
9989,4,1281,1,0,0,0,0.0
9990,7,2378,1,0,1,0,0.0
9991,3,1764,1,1,1,0,62.23
9992,7,1983,1,0,0,0,0.0
9993,3,5400,1,0,0,0,0.0
9994,2,4061,1,0,1,0,431.24
9995,7,1319,1,1,0,1,507.59
9996,6,5323,1,1,1,1,0.0
9997,5,4476,1,0,0,0,0.0
9998,5,1319,1,1,0,0,0.0
9999,8,2597,1,1,0,1,0.0
10000,5,1387,1,0,0,0,0.0
10001,1,3946,1,1,0,0,0.0
10002,1,1399,1,1,0,0,0.0
10003,6,5524,1,1,1,0,0.0
10004,6,1973,1,1,1,0,434.64
10005,6,5115,1,1,1,1,0.0
10006,6,3029,1,0,1,0,0.0
10007,4,3834,1,1,1,0,0.0
10008,1,2340,1,1,0,0,0.0
10009,3,3517,1,0,1,0,0.0
10010,4,4846,1,0,1,0,0.0
10011,4,3845,1,0,0,0,0.0
10012,4,4211,1,0,0,0,0.0
10013,5,2828,1,0,0,0,0.0
10014,6,4861,1,0,0,0,47.05
10015,6,1736,1,1,0,0,0.0
10016,8,4047,1,1,0,0,0.0
10017,2,1979,1,1,0,1,0.0
10018,4,3846,1,0,0,0,365.32
10019,5,1716,1,1,1,0,0.0
10020,8,3350,1,1,0,0,134.49
10021,7,1092,1,0,0,0,0.0
10022,1,4024,1,1,0,0,123.91
10023,1,2578,1,0,0,0,238.89
10024,1,3622,1,1,1,0,0.0
10025,2,2144,1,1,0,0,0.0
10026,6,2302,1,1,0,0,0.0
10027,1,3715,1,0,0,0,0.0
10028,3,2359,1,0,1,0,0.0
10029,2,1247,1,0,0,0,0.0
10030,3,3216,1,1,0,0,0.0
10031,5,3947,1,1,0,0,0.0
10032,1,5487,1,0,0,0,0.0
10033,6,4303,1,0,0,0,0.0
10034,2,5764,1,1,0,0,0.0
10035,8,1906,1,1,1,0,0.0
10036,4,5941,1,0,1,0,457.63
10037,1,5294,1,1,0,0,0.0
10038,6,4764,1,1,0,0,124.82
10039,2,4505,1,0,0,0,0.0
10040,4,1585,1,0,0,0,0.0
10041,7,2632,1,1,0,0,176.93
10042,1,2502,1,0,0,0,0.0
10043,7,5845,1,1,0,0,0.0
10044,7,1860,1,1,0,0,0.0
10045,1,2807,1,1,1,0,0.0
10046,7,4471,1,0,0,0,0.0
10047,8,5886,1,1,0,1,0.0
10048,3,4657,1,1,0,1,134.16
10049,1,3272,1,0,0,1,0.0
10050,2,4403,1,1,0,1,0.0
10051,7,5528,1,1,0,0,259.61
10052,5,3676,1,1,0,0,0.0
10053,8,1661,1,1,0,0,0.0
10054,7,3748,1,1,0,0,199.63
10055,3,1957,1,1,0,0,87.89
10056,4,5538,1,1,0,0,0.0
10057,4,4855,1,0,0,0,0.0
10058,4,3437,1,1,1,0,0.0
10059,8,2071,1,0,0,0,0.0
10060,1,2973,1,1,0,0,0.0
10061,4,1038,1,1,0,0,0.0
10062,3,2410,1,1,1,1,0.0
10063,3,1039,1,1,0,0,0.0
10064,1,4103,1,1,1,0,0.0
10065,6,3229,1,0,0,1,0.0
10066,8,4201,1,0,0,1,0.0
10067,8,3812,1,0,0,1,0.0
10068,6,2066,1,0,0,0,0.0
10069,7,4336,1,1,0,1,0.0
10070,8,2610,1,1,0,0,0.0
10071,8,2862,1,0,0,0,0.0
10072,7,5530,1,1,0,0,0.0
10073,2,2866,1,1,0,0,0.0
10074,1,3205,1,0,0,0,0.0
10075,1,5490,1,1,0,0,0.0
10076,4,5849,1,1,0,0,0.0
10077,8,3611,1,1,0,1,0.0
10078,3,5173,1,1,0,1,0.0
10079,8,3441,1,1,0,0,0.0
10080,1,2585,1,1,0,0,0.0
10081,8,1733,1,0,1,1,0.0
10082,5,1997,1,1,0,1,0.0
10083,3,2406,1,1,0,0,0.0
10084,4,2556,1,1,1,0,0.0
10085,5,2246,1,1,0,0,0.0
10086,7,4051,1,0,0,0,0.0
10087,3,4219,1,1,0,0,0.0
10088,5,3693,1,0,0,0,0.0
10089,6,4276,1,1,0,0,0.0
10090,6,2685,1,1,0,0,0.0
10091,1,5936,1,0,0,0,252.99
10092,4,1262,1,1,1,1,165.29
10093,5,5307,1,1,0,0,0.0
10094,2,1125,1,1,1,0,126.22
10095,7,2088,1,1,1,1,944.95
10096,4,4027,1,1,1,0,0.0
10097,4,1127,1,1,1,1,0.0
10098,1,5192,1,1,0,0,0.0
10099,4,3331,1,0,0,0,0.0
10100,1,3859,1,1,0,0,0.0
10101,7,2961,1,1,1,0,385.41
10102,6,2921,1,0,0,0,0.0
10103,8,1810,1,0,0,0,0.0
10104,4,3415,1,1,1,1,0.0
10105,6,4665,1,1,0,0,127.24
10106,3,3374,1,0,0,0,0.0
10107,6,3436,1,1,0,0,0.0
10108,1,3109,1,0,1,0,87.43
10109,6,4340,1,1,1,0,0.0
10110,2,1407,1,1,0,0,0.0
10111,3,2740,1,1,0,0,0.0
10112,2,1419,1,1,0,1,0.0
10113,4,5850,1,1,0,0,0.0
10114,3,4535,1,0,1,0,0.0
10115,6,2441,1,0,0,0,0.0
10116,5,3885,1,1,0,1,0.0
10117,6,2683,1,1,0,0,0.0
10118,5,2709,1,0,1,0,0.0
10119,8,4354,1,1,0,0,243.1
10120,6,1151,1,1,0,0,0.0
10121,4,2194,1,0,0,0,0.0
10122,2,3052,1,1,1,0,0.0
10123,5,2549,1,0,0,1,0.0
10124,4,4799,1,0,1,0,0.0
10125,4,5443,1,1,0,1,0.0
10126,8,3788,1,1,1,0,0.0
10127,7,5938,1,0,1,0,0.0
10128,2,2653,1,0,0,0,0.0
10129,6,1170,1,1,1,0,0.0
10130,6,1522,1,0,0,1,0.0
10131,4,1734,1,0,1,0,0.0
10132,5,2558,1,1,0,0,186.97
10133,3,4155,1,1,0,1,0.0
10134,5,3302,1,0,0,0,0.0
10135,3,5092,1,1,1,0,0.0
10136,3,3705,1,1,1,0,229.43
10137,8,1391,1,1,0,0,64.25
10138,3,5399,1,1,0,0,0.0
10139,8,5467,1,1,0,1,0.0
10140,2,4731,1,1,0,0,0.0
10141,8,5659,1,1,0,0,0.0
10142,1,5188,1,1,0,0,0.0
10143,5,3260,1,1,1,1,658.0
10144,6,3148,1,1,1,0,0.0
10145,2,2843,1,0,0,0,678.58
10146,5,5933,1,0,0,1,0.0
10147,4,3594,1,1,0,0,0.0
10148,6,5520,1,0,0,0,0.0
10149,3,5195,1,1,0,0,197.8
10150,3,4221,1,0,0,0,0.0
10151,5,3073,1,0,0,0,0.0
10152,2,5981,1,0,0,0,0.0
10153,2,4448,1,0,0,0,0.0
10154,5,1298,1,1,0,0,121.65
10155,6,4840,1,0,0,0,0.0
10156,7,2400,1,1,0,1,0.0
10157,8,1412,1,0,0,1,0.0
10158,1,5362,1,0,0,0,413.3
10159,8,4955,1,0,0,0,0.0
10160,4,4967,1,1,0,1,0.0
10161,6,5122,1,1,0,0,0.0
10162,4,3105,1,0,1,0,0.0
10163,5,2439,1,1,1,0,0.0
10164,8,5985,1,1,1,0,0.0
10165,8,1136,1,1,0,0,0.0
10166,8,2755,1,1,1,0,0.0
10167,6,5750,1,0,0,1,0.0
10168,3,2076,1,0,0,0,0.0
10169,1,3896,1,1,1,0,0.0
10170,3,2981,1,1,0,0,0.0
10171,3,4930,1,1,1,0,0.0
10172,1,2372,1,1,0,0,0.0
10173,6,5483,1,0,0,0,0.0
10174,4,3882,1,0,0,0,205.01
10175,1,5463,1,0,1,0,0.0
10176,6,4743,1,0,0,0,0.0
10177,7,2745,1,1,0,0,0.0
10178,1,4624,1,1,0,0,0.0
10179,7,5437,1,1,0,0,0.0
10180,2,5199,1,1,0,0,371.74
10181,6,3600,1,1,1,0,0.0
10182,8,4756,1,0,0,0,0.0
10183,4,3180,1,0,0,1,0.0
10184,8,5349,1,1,0,0,360.06
10185,7,2321,1,0,1,0,0.0
10186,1,1488,1,1,1,0,0.0
10187,2,3767,1,1,0,0,0.0
10188,1,2213,1,1,0,0,0.0
10189,6,5175,1,1,0,0,0.0
10190,6,5135,1,1,0,0,0.0
10191,2,3158,1,1,1,1,0.0
10192,6,2261,1,0,0,1,126.68
10193,1,3808,1,0,0,0,0.0
10194,1,2778,1,1,0,0,0.0
10195,8,4377,1,1,0,0,78.13
10196,8,4232,1,0,1,1,0.0
10197,4,1310,1,0,0,0,0.0
10198,3,4900,1,1,0,1,0.0
10199,2,5854,1,1,1,0,0.0
10200,6,4035,1,1,0,0,0.0
10201,4,1861,1,1,0,0,0.0
10202,4,3143,1,0,0,1,0.0
10203,2,4269,1,1,1,0,0.0
10204,7,1440,1,1,1,1,846.36
10205,5,2508,1,1,0,0,0.0
10206,6,4321,1,0,0,0,0.0
10207,1,5860,1,1,0,0,0.0
10208,1,5847,1,1,1,0,0.0
10209,7,1521,1,1,0,0,0.0
10210,7,1792,1,0,0,0,0.0
10211,3,3385,1,1,1,0,0.0
10212,6,3923,1,0,0,0,0.0
10213,4,1460,1,0,0,1,0.0
10214,8,4985,1,0,0,1,0.0
10215,2,2669,1,1,0,0,248.82
10216,4,3335,1,1,1,0,0.0
10217,4,2747,1,0,0,0,0.0
10218,3,2487,1,1,0,1,0.0
10219,8,5762,1,0,1,0,0.0
10220,6,5975,1,0,0,1,0.0
10221,4,5863,1,1,0,0,0.0
10222,7,2475,1,0,0,0,0.0
10223,4,3538,1,1,0,1,0.0
10224,7,5107,1,1,1,0,0.0
10225,2,4042,1,0,0,1,0.0
10226,5,2943,1,1,0,0,0.0
10227,1,2575,1,0,0,0,0.0
10228,7,1095,1,1,0,0,178.78
10229,1,5941,1,1,0,0,0.0
10230,7,1810,1,1,0,1,0.0
10231,4,5836,1,1,0,1,0.0
10232,8,5744,1,0,0,0,0.0
10233,3,2402,1,0,1,1,0.0
10234,6,3327,1,0,0,0,0.0
10235,6,5752,1,0,0,0,0.0
10236,4,2926,1,1,0,0,0.0
10237,5,2571,1,1,0,0,0.0
10238,5,4332,1,1,0,0,0.0
10239,2,2736,1,0,0,0,123.46
10240,5,4865,1,1,0,0,0.0
10241,4,3782,1,1,0,1,0.0
10242,5,4883,1,0,0,0,0.0
10243,5,4507,1,0,0,1,0.0
10244,5,2613,1,0,1,0,0.0
10245,8,1507,1,0,0,0,0.0
10246,3,5647,1,1,0,0,0.0
10247,1,4440,1,0,0,0,0.0
10248,7,3946,1,0,0,1,0.0
10249,8,1187,1,1,0,1,0.0
10250,3,4021,1,0,0,0,0.0
10251,7,5953,1,0,0,0,68.74
10252,3,2542,1,0,0,1,0.0
10253,8,1660,1,1,1,0,0.0
10254,8,5220,1,1,0,0,373.8
10255,7,1578,1,1,0,0,0.0
10256,6,2868,1,1,0,0,0.0
10257,7,4795,1,0,1,0,0.0
10258,1,4423,1,1,1,0,408.61
10259,4,3072,1,1,0,0,0.0
10260,3,4441,1,0,1,0,0.0
10261,4,4930,1,0,0,0,0.0
10262,4,1568,1,0,0,0,0.0
10263,5,5088,1,0,0,0,0.0
10264,7,5438,1,0,0,0,815.72
10265,3,4989,1,1,1,0,0.0
10266,1,3006,1,0,0,0,0.0
10267,5,5707,1,1,0,0,0.0
10268,4,4974,1,1,0,0,0.0
10269,8,1031,1,1,0,0,0.0
10270,1,4385,1,1,0,0,0.0
10271,5,3190,1,1,0,0,531.82
10272,7,3797,1,1,1,0,0.0
10273,8,1301,1,0,0,0,0.0
10274,5,4545,1,0,0,1,0.0
10275,1,5987,1,1,0,0,274.14
10276,2,4346,1,1,1,0,0.0
10277,5,4516,1,1,0,1,0.0
10278,7,2272,1,0,0,1,89.35
10279,7,3609,1,0,0,0,0.0
10280,5,1954,1,1,1,0,0.0
10281,5,2864,1,0,0,0,0.0
10282,5,2590,1,0,0,0,0.0
10283,5,1554,1,1,0,0,0.0
10284,7,5527,1,1,1,0,0.0
10285,5,5547,1,0,0,1,87.62
10286,4,1172,1,1,1,1,0.0
10287,5,5876,1,0,0,0,0.0
10288,4,3335,1,1,0,0,0.0
10289,2,3576,1,0,0,0,0.0
10290,7,3851,1,1,0,0,111.51
10291,1,1447,1,0,0,0,0.0
10292,6,1067,1,1,0,0,0.0
10293,6,4864,1,0,0,0,0.0
10294,8,3700,1,1,0,0,0.0
10295,5,3400,1,1,0,0,0.0
10296,3,4711,1,1,1,1,0.0
10297,2,1311,1,1,0,0,0.0
10298,7,5091,1,1,1,0,0.0
10299,5,3897,1,1,0,1,0.0
10300,7,3529,1,1,0,0,0.0
10301,2,3349,1,1,0,0,0.0
10302,2,5415,1,0,0,0,0.0
10303,6,3565,1,1,0,0,0.0
10304,6,2850,1,1,1,0,0.0
10305,4,3631,1,1,0,0,0.0
10306,2,3745,1,1,0,1,0.0
10307,8,4222,1,1,0,0,238.76
10308,3,3549,1,0,0,0,0.0
10309,1,3515,1,1,0,0,0.0
10310,8,3015,1,1,0,0,0.0
10311,1,5534,1,1,0,0,0.0
10312,3,3899,1,1,0,1,0.0
10313,3,2900,1,0,0,0,0.0
10314,3,1731,1,0,1,0,0.0
10315,7,2744,1,1,1,1,146.95
10316,2,2958,1,1,0,0,0.0
10317,5,5912,1,1,1,0,0.0
10318,6,4428,1,0,1,0,0.0
10319,4,3670,1,0,0,1,0.0
10320,8,1262,1,0,0,0,0.0
10321,2,4080,1,0,0,1,0.0
10322,2,1324,1,1,0,0,0.0
10323,5,4787,1,0,0,1,0.0
10324,3,4476,1,1,0,0,0.0
10325,4,4432,1,0,0,0,0.0
10326,1,4388,1,0,1,0,0.0
10327,7,2759,1,1,1,0,0.0
10328,4,1550,1,1,0,0,294.07
10329,1,2563,1,0,0,1,0.0
10330,2,3242,1,0,0,1,532.62
10331,6,5301,1,0,0,0,0.0
10332,3,5995,1,1,0,1,0.0
10333,7,5139,1,1,1,0,0.0
10334,6,3458,1,1,1,0,0.0
10335,6,2755,1,1,1,0,0.0
10336,3,5518,1,1,0,0,0.0
10337,3,4917,1,1,0,0,0.0
10338,3,1634,1,1,0,0,0.0
10339,4,3510,1,1,0,0,0.0
10340,3,4075,1,1,0,1,101.79
10341,2,4520,1,0,1,1,0.0
10342,6,2095,1,1,1,0,0.0
10343,6,2425,1,0,1,0,0.0
10344,1,2301,1,1,1,0,0.0
10345,7,4481,1,1,0,1,0.0
10346,1,2411,1,1,0,1,0.0
10347,7,2244,1,0,0,0,34.7
10348,5,4788,1,0,0,1,0.0
10349,3,5413,1,1,0,0,0.0
10350,8,3183,1,1,0,1,0.0
10351,1,3981,1,1,1,0,0.0
10352,3,5942,1,1,0,0,0.0
10353,7,1753,1,0,0,0,0.0
10354,2,1784,1,1,1,0,0.0
10355,6,2621,1,0,0,1,0.0
10356,7,4802,1,1,0,1,33.79
10357,5,1060,1,1,0,0,0.0
10358,6,4263,1,0,0,0,0.0
10359,2,3753,1,1,0,0,0.0
10360,5,2933,1,1,1,1,0.0
10361,1,4158,1,0,0,1,0.0
10362,7,5826,1,0,0,0,0.0
10363,4,4785,1,1,0,0,265.84
10364,5,5803,1,1,0,1,0.0
10365,7,3383,1,1,0,0,120.74
10366,1,5184,1,0,0,1,0.0
10367,6,1192,1,1,0,1,0.0
10368,8,1785,1,1,0,0,0.0
10369,5,4825,1,1,0,0,0.0
10370,7,3806,1,1,0,1,0.0
10371,6,2518,1,1,0,0,0.0
10372,2,1426,1,0,1,0,175.12
10373,5,2576,1,0,0,0,0.0
10374,2,1412,1,1,0,0,298.41
10375,6,2727,1,0,1,0,0.0
10376,1,5548,1,0,0,0,0.0
10377,2,2819,1,0,0,0,0.0
10378,8,5797,1,1,1,0,0.0
10379,1,1248,1,0,0,0,0.0
10380,4,3958,1,0,0,0,0.0
10381,4,4417,1,1,1,0,0.0
10382,8,2068,1,1,1,0,0.0
10383,8,4105,1,1,0,1,328.81
10384,2,2513,1,1,1,0,0.0
10385,3,5540,1,1,0,0,0.0
10386,6,3156,1,0,1,0,0.0
10387,8,2482,1,1,1,0,0.0
10388,8,1491,1,1,0,0,0.0
10389,4,2972,1,0,1,0,0.0
10390,7,2509,1,1,0,0,0.0
10391,2,2559,1,0,0,0,0.0
10392,6,1704,1,1,1,0,0.0
10393,6,2963,1,1,0,1,0.0
10394,1,2997,1,1,0,1,0.0
10395,5,3150,1,1,0,0,0.0
10396,2,3936,1,1,1,0,420.91
10397,3,5314,1,1,0,0,0.0
10398,1,2533,1,1,0,0,0.0
10399,7,4546,1,1,0,0,0.0
10400,7,4483,1,1,0,0,0.0
10401,6,3023,1,1,0,0,0.0
10402,3,4084,1,0,0,0,0.0
10403,8,1925,1,1,0,1,0.0
10404,5,3284,1,0,0,0,0.0
10405,6,5658,1,1,0,0,0.0
10406,7,5706,1,0,0,0,0.0
10407,8,3625,1,1,0,0,0.0
10408,8,3283,1,1,0,0,0.0
10409,8,1603,1,1,1,0,0.0
10410,6,2117,1,0,1,0,0.0
10411,6,4557,1,1,0,0,0.0
10412,3,4169,1,1,0,0,0.0
10413,7,2329,1,1,0,0,0.0
10414,8,5072,1,0,0,0,0.0
10415,1,2371,1,1,0,0,0.0
10416,2,4673,1,1,0,0,0.0
10417,7,2133,1,1,0,0,0.0
10418,2,3361,1,1,0,0,251.79
10419,3,2771,1,1,0,0,240.69
10420,4,2515,1,1,0,0,0.0
10421,6,5475,1,1,0,0,0.0
10422,1,5290,1,1,1,1,0.0
10423,6,5646,1,1,0,1,0.0
10424,6,2334,1,1,0,0,0.0
10425,4,1469,1,1,1,1,0.0
10426,5,4515,1,0,0,1,0.0
10427,1,4664,1,0,0,0,0.0
10428,2,5913,1,0,0,0,0.0
10429,1,1030,1,1,0,0,0.0
10430,5,2021,1,1,0,0,0.0
10431,6,5830,1,0,1,0,0.0
10432,1,5153,1,1,0,1,0.0
10433,1,4368,1,1,0,0,0.0
10434,4,5792,1,0,0,0,42.65
10435,5,3293,1,1,0,0,0.0
10436,6,1666,1,1,0,0,0.0
10437,4,2736,1,1,1,0,0.0
10438,4,3822,1,1,0,0,0.0
10439,6,4928,1,0,0,1,0.0
10440,1,4381,1,0,1,0,0.0
10441,2,2633,1,1,0,0,0.0
10442,2,1844,1,0,0,0,0.0
10443,8,2164,1,1,0,0,0.0
10444,6,5111,1,1,0,0,0.0
10445,4,1475,1,1,1,0,0.0
10446,1,1197,1,0,0,0,0.0
10447,4,1452,1,1,1,0,0.0
10448,8,5790,1,1,0,0,0.0
10449,5,3282,1,0,0,0,0.0
10450,6,1422,1,1,1,0,0.0
10451,8,1913,1,0,0,1,0.0
10452,1,2393,1,1,1,0,0.0
10453,8,4001,1,0,0,0,0.0
10454,2,2456,1,1,1,0,0.0
10455,5,3974,1,0,0,0,143.78
10456,7,4053,1,1,0,0,0.0
10457,2,4306,1,1,0,1,0.0
10458,6,3877,1,1,0,0,0.0
10459,8,5230,1,1,0,0,0.0
10460,5,3785,1,1,1,0,0.0
10461,3,1798,1,0,0,0,0.0
10462,4,4641,1,1,0,1,0.0
10463,2,4478,1,0,0,0,0.0
10464,3,5335,1,1,1,0,285.52
10465,3,2214,1,1,0,0,286.63
10466,7,3386,1,0,0,1,89.22
10467,4,1903,1,0,0,0,0.0
10468,5,3700,1,0,1,0,0.0
10469,2,2694,1,1,0,0,315.94
10470,1,5436,1,0,0,0,0.0
10471,8,2811,1,1,1,0,0.0
10472,2,5802,1,1,0,1,0.0
10473,3,1707,1,1,0,0,0.0
10474,3,3840,1,1,0,0,0.0
10475,4,1010,1,1,0,0,0.0
10476,7,4276,1,1,0,0,100.49
10477,1,2187,1,1,1,1,217.46
10478,7,2198,1,1,0,0,0.0
10479,5,3078,1,1,1,0,0.0
10480,2,4316,1,0,0,0,0.0
10481,6,1668,1,1,0,0,0.0
10482,4,3311,1,0,0,0,0.0
10483,3,2703,1,1,1,0,0.0
10484,2,4707,1,1,0,0,0.0
10485,2,4067,1,0,1,0,0.0
10486,3,3173,1,1,0,0,0.0
10487,5,5534,1,1,0,0,0.0
10488,5,5967,1,1,1,0,0.0
10489,4,3476,1,1,1,0,0.0
10490,2,3015,1,1,1,0,370.33
10491,5,2452,1,0,1,1,88.05
10492,3,1439,1,1,1,0,0.0
10493,5,1864,1,0,0,0,0.0
10494,7,5658,1,0,0,0,0.0
10495,1,4786,1,0,1,0,0.0
10496,2,1428,1,0,0,0,0.0
10497,3,2334,1,1,0,1,0.0
10498,4,5894,1,1,0,0,0.0
10499,1,4846,1,1,0,0,0.0
10500,5,5662,1,1,0,0,0.0
10501,2,1704,1,1,0,1,0.0
10502,5,2792,1,1,0,0,0.0
10503,2,2896,1,0,0,0,71.93
10504,3,4737,1,0,1,0,0.0
10505,8,2053,1,1,0,0,0.0
10506,2,3019,1,1,0,0,0.0
10507,8,5452,1,1,1,0,294.96
10508,1,3784,1,1,0,0,60.7
10509,5,4018,1,1,1,0,74.87
10510,1,3498,1,1,1,0,0.0
10511,2,3203,1,0,0,1,0.0
10512,8,3917,1,1,1,0,0.0
10513,7,4699,1,1,1,0,0.0
10514,1,4246,1,0,0,0,0.0
10515,2,4308,1,1,0,0,178.83
10516,3,5203,1,1,0,0,0.0
10517,5,1693,1,0,0,0,0.0
10518,1,4519,1,1,0,0,0.0
10519,6,3790,1,1,0,0,0.0
10520,2,2280,1,1,1,0,0.0
10521,5,5501,1,1,0,0,46.63
10522,4,3144,1,0,1,0,153.13
10523,5,4110,1,0,1,0,0.0
10524,6,5739,1,1,0,0,0.0
10525,6,1792,1,1,0,0,0.0
10526,6,4690,1,0,0,1,0.0
10527,4,1188,1,1,0,0,0.0
10528,3,2150,1,0,0,0,0.0
10529,4,4556,1,0,1,0,0.0
10530,6,4777,1,0,0,0,115.01
10531,8,1387,1,1,1,1,0.0
10532,1,1391,1,0,1,0,0.0
10533,8,1322,1,0,0,0,0.0
10534,1,4012,1,1,0,0,87.78
10535,8,4966,1,1,0,0,0.0
10536,5,5217,1,1,1,0,0.0
10537,8,1972,1,1,1,0,656.1
10538,3,1157,1,1,0,0,0.0
10539,5,3344,1,0,1,0,0.0
10540,5,4204,1,0,0,0,0.0
10541,8,1265,1,1,0,0,0.0
10542,8,1393,1,1,0,0,0.0
10543,5,3893,1,1,0,1,0.0
10544,4,4552,1,1,1,0,0.0
10545,6,4729,1,0,0,1,0.0
10546,4,5577,1,1,0,0,0.0
10547,7,2375,1,1,0,0,0.0
10548,5,2221,1,1,1,0,0.0
10549,3,3894,1,0,0,0,0.0
10550,3,3839,1,1,0,0,0.0
10551,2,2117,1,0,1,0,0.0
10552,2,2774,1,0,0,1,0.0
10553,3,5937,1,0,0,0,122.19
10554,5,4625,1,0,0,1,0.0
10555,3,4888,1,0,1,0,0.0
10556,4,2229,1,0,0,0,36.62
10557,5,4057,1,1,0,0,0.0
10558,5,2670,1,0,0,0,150.11
10559,8,1511,1,1,0,0,0.0
10560,5,2692,1,1,0,0,442.56
10561,2,1555,1,1,0,0,0.0
10562,1,3509,1,1,1,0,0.0
10563,5,4288,1,0,0,1,0.0
10564,5,5705,1,0,0,0,0.0
10565,5,2791,1,1,0,0,0.0
10566,7,5355,1,1,1,0,0.0
10567,7,5402,1,1,1,1,0.0
10568,5,3064,1,1,0,0,0.0
10569,6,3670,1,1,1,1,0.0
10570,2,1944,1,1,1,0,0.0
10571,7,1636,1,0,0,0,0.0
10572,8,3515,1,1,1,1,114.79
10573,6,4203,1,1,0,0,146.4
10574,1,2918,1,1,0,0,194.49
10575,4,2924,1,1,0,0,0.0
10576,3,4604,1,0,0,0,518.52
10577,2,1423,1,1,1,0,171.76
10578,5,5373,1,0,0,0,0.0
10579,5,2631,1,0,0,0,253.57
10580,8,3284,1,1,0,0,0.0
10581,6,5141,1,0,1,0,0.0
10582,5,3966,1,1,0,1,0.0
10583,3,2471,1,1,0,0,131.31
10584,8,4623,1,1,1,0,0.0
10585,2,2757,1,1,1,1,0.0
10586,2,5235,1,1,0,0,0.0
10587,8,3389,1,1,0,1,0.0
10588,6,5646,1,1,0,0,0.0
10589,5,5424,1,1,1,0,0.0
10590,5,4032,1,0,0,0,0.0
10591,2,2465,1,1,0,1,0.0
10592,6,1532,1,1,1,0,0.0
10593,4,1232,1,0,1,1,146.56
10594,8,3800,1,1,0,0,0.0
10595,8,1126,1,1,1,0,0.0
10596,6,2085,1,0,0,0,0.0
10597,8,1862,1,0,0,0,0.0
10598,3,2246,1,0,0,0,0.0
10599,4,5465,1,0,0,0,0.0
10600,8,1829,1,1,0,0,0.0
10601,1,3651,1,1,1,0,0.0
10602,6,4554,1,1,0,0,0.0
10603,1,4382,1,0,0,0,0.0
10604,4,4232,1,0,0,0,0.0
10605,2,1242,1,0,0,1,0.0
10606,6,2091,1,1,0,1,244.53
10607,3,4003,1,1,0,0,0.0
10608,8,1885,1,0,1,0,142.13
10609,5,2830,1,0,0,0,605.16
10610,4,5214,1,1,1,0,0.0
10611,2,5659,1,1,1,0,0.0
10612,3,4346,1,1,1,0,69.48
10613,8,4274,1,1,0,0,0.0
10614,2,2277,1,0,1,1,0.0
10615,7,1756,1,1,0,0,0.0
10616,7,5937,1,1,0,0,0.0
10617,2,5863,1,1,0,0,0.0
10618,8,3154,1,0,0,1,207.11
10619,2,2000,1,1,0,0,0.0
10620,8,4546,1,1,1,0,0.0
10621,6,4065,1,1,0,1,0.0
10622,3,5941,1,1,0,0,0.0
10623,1,5615,1,1,0,0,0.0
10624,1,1648,1,1,0,0,0.0
10625,4,1243,1,0,0,0,0.0
10626,2,3619,1,1,1,1,0.0
10627,1,4457,1,1,0,1,0.0
10628,5,5467,1,0,1,0,309.06
10629,1,5481,1,0,0,0,0.0
10630,4,4329,1,1,0,0,0.0
10631,6,4302,1,0,0,0,0.0
10632,2,1092,1,1,0,0,0.0
10633,8,1992,1,1,0,0,0.0
10634,1,1234,1,1,1,0,0.0
10635,4,2662,1,1,0,0,0.0
10636,4,3385,1,1,0,0,0.0
10637,5,4982,1,0,0,0,0.0
10638,3,5890,1,1,0,1,233.03
10639,8,4591,1,1,1,0,0.0
10640,7,2955,1,1,0,0,0.0
10641,5,1554,1,0,0,0,0.0
10642,8,3748,1,0,0,0,0.0
10643,1,3144,1,1,0,0,0.0
10644,6,5403,1,1,0,0,0.0
10645,6,4214,1,0,0,1,0.0
10646,8,5279,1,1,0,0,0.0
10647,7,1523,1,1,0,0,0.0
10648,1,5360,1,1,0,0,0.0
10649,5,1322,1,1,0,0,0.0
10650,4,5944,1,1,0,0,0.0
10651,8,1849,1,1,0,0,0.0
10652,7,2867,1,1,1,0,0.0
10653,7,3921,1,1,0,0,0.0
10654,2,4665,1,0,1,0,259.27
10655,5,2462,1,1,0,0,101.67
10656,5,1189,1,1,0,0,0.0
10657,3,5577,1,1,0,0,0.0
10658,1,3301,1,0,0,0,260.64
10659,7,2559,1,1,0,1,0.0
10660,4,5720,1,1,0,0,131.83
10661,2,5732,1,1,0,0,0.0
10662,5,3363,1,0,0,0,0.0
10663,1,2319,1,1,0,0,0.0
10664,7,4044,1,0,0,0,74.57
10665,3,3664,1,1,0,0,0.0
10666,4,2033,1,1,0,0,0.0
10667,1,3859,1,1,1,0,0.0
10668,5,2712,1,1,1,0,0.0
10669,3,5900,1,0,1,0,237.99
10670,3,1987,1,1,0,0,0.0
10671,7,2051,1,1,0,0,0.0
10672,6,5458,1,0,0,0,0.0
10673,3,4303,1,1,0,0,0.0
10674,6,5293,1,0,0,0,0.0
10675,3,4329,1,0,0,0,0.0
10676,1,4328,1,1,1,0,266.28
10677,7,5900,1,1,1,0,0.0
10678,6,4470,1,0,0,1,0.0
10679,7,3057,1,0,0,0,75.61
10680,6,3519,1,1,1,1,0.0
10681,2,4472,1,1,0,0,0.0
10682,8,1063,1,1,0,1,0.0
10683,3,5117,1,0,0,0,0.0
10684,2,4650,1,1,0,0,0.0
10685,8,4364,1,0,0,0,0.0
10686,2,3050,1,1,1,0,0.0
10687,8,1773,1,0,0,0,0.0
10688,4,3317,1,1,0,1,0.0
10689,1,1847,1,1,0,0,200.89
10690,7,3110,1,1,0,0,302.43
10691,7,4900,1,0,0,1,0.0
10692,1,4109,1,1,0,0,0.0
10693,3,5096,1,1,0,0,0.0
10694,7,1186,1,1,0,0,0.0
10695,2,5787,1,1,0,0,0.0
10696,8,4094,1,1,0,0,0.0
10697,5,4771,1,1,1,0,0.0
10698,8,1952,1,1,1,0,490.96
10699,5,1374,1,0,0,0,0.0
10700,8,2743,1,1,0,1,0.0
10701,6,5840,1,1,1,1,261.83
10702,8,1369,1,1,0,0,0.0
10703,2,3052,1,1,0,0,0.0
10704,3,5141,1,1,1,1,0.0
10705,8,4364,1,1,0,0,0.0
10706,3,1012,1,1,0,1,0.0
10707,1,1190,1,1,1,0,0.0
10708,8,3592,1,0,1,0,95.93
10709,4,2916,1,0,0,0,0.0
10710,3,5907,1,1,1,1,0.0
10711,6,4239,1,1,1,0,64.43
10712,8,1402,1,1,1,0,85.21
10713,7,1753,1,1,0,0,0.0
10714,2,3565,1,0,0,0,0.0
10715,1,3188,1,1,0,0,0.0
10716,1,3574,1,0,0,0,0.0
10717,2,2449,1,0,0,0,0.0
10718,5,5313,1,1,0,0,0.0
10719,3,4873,1,0,0,0,0.0
10720,4,4312,1,0,1,0,0.0
10721,2,2250,1,1,1,0,165.66
10722,1,1591,1,1,0,1,0.0
10723,7,1341,1,0,0,0,0.0
10724,4,1590,1,1,0,0,0.0
10725,2,5917,1,1,0,0,0.0
10726,3,3143,1,0,1,0,186.92
10727,4,3348,1,0,1,0,0.0
10728,3,3738,1,0,1,0,0.0
10729,4,1714,1,1,1,0,0.0
10730,4,5356,1,1,0,1,0.0
10731,2,2245,1,0,1,0,0.0
10732,4,2437,1,1,0,0,0.0
10733,4,3257,1,0,0,0,0.0
10734,2,1774,1,1,1,0,0.0
10735,8,5698,1,1,0,0,0.0
10736,2,5805,1,1,0,0,0.0
10737,8,2945,1,1,0,0,0.0
10738,6,1678,1,1,0,1,0.0
10739,3,2192,1,0,0,0,0.0
10740,3,3980,1,0,1,1,0.0
10741,5,5738,1,1,1,0,0.0
10742,3,5783,1,1,1,0,113.85
10743,3,5105,1,0,0,0,0.0
10744,3,5817,1,1,0,1,0.0
10745,4,2077,1,1,0,0,0.0
10746,5,1633,1,1,1,0,0.0
10747,5,3119,1,0,0,0,0.0
10748,4,1102,1,0,0,0,0.0
10749,5,5795,1,1,0,0,0.0
10750,3,5511,1,1,1,0,233.72
10751,3,3434,1,1,0,1,0.0
10752,2,4094,1,1,1,1,0.0
10753,2,4805,1,1,0,0,0.0
10754,5,4911,1,0,0,0,155.52
10755,2,3480,1,1,0,0,0.0
10756,4,2601,1,1,0,0,153.11
10757,4,3822,1,1,1,0,0.0
10758,4,4134,1,0,0,0,0.0
10759,6,4932,1,1,0,0,0.0
10760,4,4596,1,0,0,0,0.0
10761,1,5106,1,0,0,0,0.0
10762,4,2835,1,0,0,1,0.0
10763,2,1757,1,0,1,0,0.0
10764,6,1953,1,1,0,0,238.65
10765,6,5867,1,1,1,1,0.0
10766,1,4328,1,1,0,0,0.0
10767,1,3360,1,1,0,0,0.0
10768,2,2137,1,0,0,0,211.03
10769,3,1300,1,1,0,0,0.0
10770,3,3100,1,1,0,0,0.0
10771,3,1969,1,1,1,0,260.68
10772,3,2403,1,0,0,1,0.0
10773,4,4216,1,1,0,0,162.12
10774,1,1147,1,1,0,1,0.0
10775,4,1495,1,0,1,0,0.0
10776,8,4891,1,0,1,0,0.0
10777,5,3025,1,1,0,0,0.0
10778,3,2061,1,0,0,0,0.0
10779,5,2728,1,1,0,0,26.68
10780,6,5865,1,1,0,0,68.51
10781,8,2362,1,1,1,0,0.0
10782,7,5741,1,1,0,1,118.86
10783,2,4456,1,1,0,1,0.0
10784,4,2886,1,1,1,0,0.0
10785,6,3334,1,0,0,0,0.0
10786,2,5432,1,1,1,0,0.0
10787,2,1526,1,1,1,0,0.0
10788,5,3116,1,0,0,0,165.49
10789,6,1447,1,1,1,0,0.0
10790,4,4922,1,1,1,0,565.54
10791,8,2470,1,1,0,0,0.0
10792,2,1315,1,1,0,0,0.0
10793,2,4002,1,0,1,0,0.0
10794,7,2077,1,0,0,0,0.0
10795,6,1474,1,0,0,1,0.0
10796,8,5511,1,1,0,0,0.0
10797,7,5361,1,0,1,1,245.56
10798,7,1592,1,0,0,0,0.0
10799,3,3874,1,1,1,0,162.12
10800,5,3108,1,1,0,1,0.0
10801,1,3088,1,1,0,0,0.0
10802,5,5006,1,1,0,1,135.01
10803,2,1739,1,1,1,0,0.0
10804,1,2701,1,0,0,0,0.0
10805,2,4097,1,1,0,1,0.0
10806,2,5777,1,0,0,1,0.0
10807,3,1384,1,1,0,1,0.0
10808,1,2293,1,1,1,0,186.39
10809,2,5019,1,1,1,0,718.35
10810,7,4615,1,1,0,0,0.0
10811,4,2853,1,1,0,0,0.0
10812,5,4861,1,1,0,1,0.0
10813,4,5554,1,1,0,0,0.0
10814,1,2932,1,1,0,0,107.45
10815,1,4673,1,1,0,0,0.0
10816,6,3683,1,0,0,0,0.0
10817,5,1267,1,1,1,0,0.0
10818,1,4532,1,1,1,0,0.0
10819,8,4949,1,1,0,0,0.0
10820,5,4745,1,0,0,0,0.0
10821,1,1668,1,1,0,0,203.51
10822,1,4911,1,1,1,0,0.0
10823,5,3266,1,0,0,0,0.0
10824,4,5259,1,1,0,0,0.0
10825,8,5882,1,1,1,0,0.0
10826,8,5231,1,1,0,0,0.0
10827,8,1387,1,1,0,0,0.0
10828,5,2862,1,1,0,0,0.0
10829,6,3394,1,1,1,0,526.63
10830,4,5204,1,1,0,1,0.0
10831,7,2148,1,1,0,0,0.0
10832,7,3712,1,0,0,0,0.0
10833,3,2427,1,0,1,0,0.0
10834,3,2328,1,1,1,0,0.0
10835,5,5216,1,1,0,0,0.0
10836,6,2743,1,1,0,0,0.0
10837,8,3547,1,0,1,1,0.0
10838,5,3110,1,1,0,0,0.0
10839,5,4170,1,1,1,0,0.0
10840,7,5757,1,0,1,0,0.0
10841,5,5614,1,1,0,1,0.0
10842,3,2246,1,1,0,0,0.0
10843,8,3624,1,1,0,1,0.0
10844,4,1832,1,1,0,0,0.0
10845,6,5854,1,0,0,0,0.0
10846,2,4583,1,0,0,0,0.0
10847,3,4002,1,0,0,0,0.0
10848,3,2888,1,1,1,0,0.0
10849,8,3240,1,1,1,1,0.0
10850,6,3607,1,0,0,0,0.0
10851,7,1206,1,1,1,1,0.0
10852,6,2492,1,0,1,0,0.0
10853,7,2410,1,1,1,0,0.0
10854,5,3487,1,0,0,0,341.84
10855,4,2327,1,1,1,0,0.0
10856,2,4391,1,1,1,0,0.0
10857,5,2245,1,1,0,0,0.0
10858,4,3521,1,1,0,0,231.16
10859,1,1124,1,1,0,1,0.0
10860,5,4425,1,0,0,1,0.0
10861,7,3206,1,1,0,1,0.0
10862,8,1524,1,0,1,0,188.08
10863,3,3591,1,1,0,1,0.0
10864,7,3818,1,0,1,0,0.0
10865,2,1708,1,1,1,0,0.0
10866,1,4544,1,1,0,0,0.0
10867,7,3349,1,0,0,0,0.0
10868,3,3943,1,1,0,1,0.0
10869,6,4557,1,1,0,0,0.0
10870,6,3016,1,1,0,0,0.0
10871,7,3226,1,1,1,0,0.0
10872,3,5863,1,1,1,0,0.0
10873,3,1620,1,0,0,0,0.0
10874,5,3695,1,1,1,0,0.0
10875,5,5471,1,1,0,1,0.0
10876,2,5944,1,0,0,0,0.0
10877,7,2260,1,0,1,0,0.0
10878,8,4872,1,0,1,0,0.0
10879,2,4025,1,1,1,0,196.21
10880,8,1191,1,0,0,1,0.0
10881,6,5207,1,1,1,0,173.96
10882,3,1684,1,0,0,0,0.0
10883,1,2832,1,0,0,0,0.0
10884,5,1872,1,0,0,0,0.0
10885,6,5360,1,1,1,0,0.0
10886,2,3903,1,1,0,0,373.52
10887,7,4949,1,1,0,0,0.0
10888,4,1080,1,1,0,0,0.0
10889,1,1233,1,0,0,0,0.0
10890,7,5772,1,0,0,0,302.37
10891,1,1685,1,1,0,0,0.0
10892,8,2577,1,0,0,0,100.78
10893,3,4834,1,1,0,0,302.28
10894,5,5813,1,1,1,0,0.0
10895,6,5401,1,0,1,0,0.0
10896,2,3010,1,1,1,0,0.0
10897,4,3672,1,0,0,0,0.0
10898,1,2742,1,0,0,0,0.0
10899,8,1283,1,0,0,0,0.0
10900,2,3641,1,0,0,0,0.0
10901,8,4624,1,1,0,0,0.0
10902,5,2691,1,0,0,0,0.0
10903,3,3507,1,1,0,0,0.0
10904,7,2958,1,1,1,0,0.0
10905,6,4258,1,1,0,0,0.0
10906,1,2779,1,1,0,0,0.0
10907,5,3327,1,1,1,0,0.0
10908,2,1939,1,0,0,1,0.0
10909,1,5391,1,0,1,0,0.0
10910,1,4677,1,1,0,0,0.0
10911,3,1663,1,0,0,1,0.0
10912,7,4582,1,0,0,0,0.0
10913,1,2012,1,0,0,0,0.0
10914,5,1869,1,1,0,0,186.22
10915,7,4526,1,1,1,0,0.0
10916,4,3640,1,1,0,1,154.54
10917,5,2363,1,1,0,0,0.0
10918,6,2514,1,1,1,0,0.0
10919,2,4070,1,1,1,1,0.0
10920,6,2311,1,0,0,0,0.0
10921,8,5140,1,1,0,0,0.0
10922,1,1333,1,0,0,0,0.0
10923,4,2313,1,0,0,0,0.0
10924,4,3001,1,0,0,0,0.0
10925,2,3336,1,1,1,0,158.2
10926,6,4887,1,1,0,0,0.0
10927,6,1404,1,1,0,0,0.0
10928,5,1659,1,1,0,0,203.74
10929,5,1850,1,1,0,0,0.0
10930,3,3464,1,1,0,0,0.0
10931,6,1412,1,1,1,0,0.0
10932,2,3184,1,1,0,0,0.0
10933,1,1963,1,0,0,0,130.54
10934,7,3069,1,1,1,0,0.0
10935,3,1210,1,0,0,0,121.19
10936,5,2248,1,1,1,1,0.0
10937,2,4861,1,1,0,1,0.0
10938,8,4297,1,1,0,0,0.0
10939,2,2245,1,0,0,0,0.0
10940,7,5051,1,1,1,0,0.0
10941,1,5754,1,1,1,0,0.0
10942,3,2013,1,1,1,0,0.0
10943,1,5674,1,1,0,0,0.0
10944,7,2127,1,1,0,1,0.0
10945,2,1446,1,1,0,0,0.0
10946,3,1893,1,1,0,0,0.0
10947,2,5641,1,1,0,1,0.0
10948,2,4154,1,0,0,0,0.0
10949,5,1901,1,1,1,0,0.0
10950,7,3298,1,1,1,0,0.0
10951,3,5912,1,1,0,0,0.0
10952,7,4716,1,0,0,0,0.0
10953,2,4718,1,1,0,1,0.0
10954,2,4948,1,0,1,0,0.0
10955,3,4385,1,1,0,1,127.67
10956,5,3999,1,1,0,0,242.43
10957,3,2158,1,1,0,0,0.0
10958,7,5978,1,1,0,1,0.0
10959,3,5858,1,1,0,1,0.0
10960,1,5407,1,1,0,0,0.0
10961,5,5905,1,1,0,0,0.0
10962,1,3980,1,1,1,0,0.0
10963,4,3347,1,1,1,0,0.0
10964,5,5645,1,1,0,0,0.0
10965,8,4718,1,0,0,0,136.31
10966,8,3454,1,0,0,0,0.0
10967,1,2602,1,1,0,0,0.0
10968,5,4609,1,1,1,0,0.0
10969,5,4148,1,1,0,0,0.0
10970,4,3974,1,1,0,0,0.0
10971,1,4531,1,1,0,0,0.0
10972,1,2577,1,0,0,0,0.0
10973,3,3791,1,1,0,0,359.97
10974,3,3671,1,1,0,0,0.0
10975,6,2732,1,1,0,0,111.56
10976,4,4517,1,1,1,0,0.0
10977,5,1017,1,1,0,0,228.75
10978,7,4887,1,1,0,0,0.0
10979,1,1613,1,0,1,0,0.0
10980,5,4249,1,1,0,0,149.71
10981,5,1144,1,1,1,1,0.0
10982,1,5417,1,0,0,1,0.0
10983,7,1715,1,0,1,0,0.0
10984,1,2017,1,0,0,0,0.0
10985,7,4530,1,0,0,1,0.0
10986,4,1680,1,1,0,0,0.0
10987,7,4406,1,0,1,0,0.0
10988,4,2577,1,1,0,0,0.0
10989,7,3816,1,0,0,0,0.0
10990,4,1852,1,1,0,0,0.0
10991,1,5548,1,1,0,0,449.84
10992,3,5475,1,0,0,0,0.0
10993,2,4765,1,1,0,1,0.0
10994,6,4675,1,1,0,1,0.0
10995,2,5398,1,0,0,1,0.0
10996,6,2438,1,0,0,0,0.0
10997,1,4777,1,1,0,0,0.0
10998,8,3173,1,1,0,0,0.0
10999,2,3060,1,1,1,0,0.0
11000,6,4135,1,1,1,0,0.0
11001,5,1352,1,1,0,0,0.0
11002,8,5500,1,1,0,0,0.0
11003,5,3812,1,0,0,0,0.0
11004,1,2934,1,1,0,0,0.0
11005,6,4949,1,1,1,1,0.0
11006,8,3780,1,0,0,0,0.0
11007,5,2226,1,1,0,0,0.0
11008,2,4176,1,1,1,0,0.0
11009,8,3047,1,1,0,1,0.0
11010,1,4755,1,1,0,0,0.0
11011,7,5708,1,1,0,0,0.0
11012,1,5941,1,1,1,0,0.0
11013,6,5689,1,0,1,0,0.0
11014,5,3672,1,1,0,0,0.0
11015,5,4417,1,1,0,0,0.0
11016,2,3281,1,1,1,0,0.0
11017,3,3146,1,0,0,0,0.0
11018,7,3223,1,1,1,0,0.0
11019,1,3219,1,1,1,0,0.0
11020,4,3510,1,1,0,0,0.0
11021,6,4210,1,1,1,0,0.0
11022,5,5221,1,0,0,0,0.0
11023,2,2047,1,0,0,1,0.0
11024,6,5342,1,1,1,0,0.0
11025,2,4874,1,0,0,0,0.0
11026,4,5315,1,1,0,1,137.78
11027,2,3812,1,1,0,1,0.0
11028,4,1816,1,1,1,1,0.0
11029,8,4246,1,1,0,0,0.0
11030,4,3992,1,0,0,0,191.21
11031,3,3443,1,1,1,0,0.0
11032,1,4739,1,1,0,0,0.0
11033,2,2205,1,1,1,0,0.0
11034,6,1269,1,1,0,0,0.0
11035,4,5948,1,0,1,0,76.59
11036,3,5763,1,1,1,0,0.0
11037,4,4209,1,1,0,0,301.02
11038,4,5038,1,1,0,1,0.0
11039,3,5691,1,0,0,0,0.0
11040,6,5378,1,1,0,0,0.0
11041,7,4565,1,1,0,0,0.0
11042,6,2445,1,1,0,0,0.0
11043,1,5045,1,1,0,0,0.0
11044,8,1096,1,0,1,0,0.0
11045,6,5799,1,0,1,0,0.0
11046,1,4327,1,1,0,0,0.0
11047,1,1557,1,0,0,0,0.0
11048,6,2811,1,0,0,0,0.0
11049,5,2170,1,0,1,0,0.0
11050,8,4047,1,1,0,0,0.0
11051,2,4440,1,1,0,1,0.0
11052,7,2001,1,1,1,0,0.0
11053,1,2091,1,1,0,0,0.0
11054,2,4755,1,1,1,1,0.0
11055,8,3872,1,1,0,1,0.0
11056,2,3555,1,1,1,0,0.0
11057,4,4525,1,1,0,0,0.0
11058,5,2275,1,1,0,0,0.0
11059,4,5089,1,1,1,0,0.0
11060,2,2604,1,1,0,0,0.0
11061,5,2820,1,0,0,0,0.0
11062,3,2704,1,0,1,0,0.0
11063,8,1485,1,1,1,1,0.0
11064,2,3856,1,1,0,1,0.0
11065,5,1711,1,0,0,0,0.0
11066,8,1106,1,1,1,0,0.0
11067,3,2310,1,0,0,1,0.0
11068,6,1002,1,0,1,0,0.0
11069,1,5481,1,0,0,1,0.0
11070,7,1761,1,1,0,0,0.0
11071,8,3741,1,0,0,0,0.0
11072,5,4509,1,1,0,0,167.35
11073,1,3788,1,0,0,0,0.0
11074,7,3473,1,1,1,0,0.0
11075,1,5547,1,0,1,1,0.0
11076,8,1587,1,0,0,0,0.0
11077,3,1822,1,1,0,0,0.0
11078,7,5981,1,1,0,0,0.0
11079,4,4207,1,0,1,0,0.0
11080,8,2466,1,1,0,0,0.0
11081,4,4332,1,0,1,1,187.08
11082,3,1757,1,1,0,1,0.0
11083,2,3574,1,1,0,0,76.61
11084,1,1498,1,1,0,0,0.0
11085,1,5113,1,1,1,1,0.0
11086,5,1657,1,0,0,0,0.0
11087,4,3539,1,1,0,0,0.0
11088,3,5937,1,1,0,0,0.0
11089,7,1951,1,1,0,0,0.0
11090,3,2913,1,1,0,0,0.0
11091,1,3370,1,1,0,0,0.0
11092,2,5734,1,1,0,0,0.0
11093,4,4541,1,1,0,0,0.0
11094,2,4087,1,0,1,0,0.0
11095,6,5483,1,1,0,0,0.0
11096,1,4609,1,1,0,0,0.0
11097,7,4896,1,0,1,1,0.0
11098,2,2631,1,0,0,0,0.0
11099,8,4635,1,1,0,0,431.89
11100,5,4010,1,1,0,0,0.0
11101,2,3141,1,1,0,0,0.0
11102,6,5986,1,1,0,1,0.0
11103,4,3698,1,0,1,0,0.0
11104,7,2623,1,1,0,0,99.51
11105,3,2213,1,1,1,0,0.0
11106,3,4997,1,1,0,0,0.0
11107,3,4668,1,1,1,0,555.64
11108,5,3895,1,0,0,0,0.0
11109,4,4907,1,1,1,0,0.0
11110,2,4545,1,1,0,0,0.0
11111,8,4774,1,1,0,0,0.0
11112,6,3472,1,1,1,1,0.0
11113,8,3642,1,0,0,0,0.0
11114,1,2394,1,1,1,0,0.0
11115,4,5678,1,1,0,0,0.0
11116,4,1904,1,1,0,0,0.0
11117,1,3707,1,1,0,1,0.0
11118,8,4558,1,1,0,0,0.0
11119,4,1973,1,0,0,0,145.43
11120,6,1409,1,1,1,0,0.0
11121,8,1624,1,1,1,0,0.0
11122,6,2487,1,0,0,0,0.0
11123,8,4331,1,1,0,0,0.0
11124,3,5338,1,1,0,0,272.93
11125,2,2525,1,1,0,0,0.0
11126,4,4703,1,0,1,1,501.21
11127,3,4331,1,1,0,0,0.0
11128,1,1767,1,1,0,0,0.0
11129,6,4642,1,0,0,0,0.0
11130,3,1484,1,1,0,0,0.0
11131,1,4585,1,1,0,0,0.0
11132,5,4083,1,1,1,0,0.0
11133,1,5946,1,0,0,0,0.0
11134,2,4074,1,1,1,0,601.74
11135,8,2607,1,1,0,0,0.0
11136,6,1985,1,0,0,0,0.0
11137,3,2408,1,0,0,0,0.0
11138,3,5785,1,1,0,0,0.0
11139,8,4394,1,1,0,1,0.0
11140,4,5488,1,1,1,1,0.0
11141,5,4544,1,0,0,0,0.0
11142,5,4289,1,1,1,0,0.0
11143,8,2370,1,1,0,0,0.0
11144,2,2302,1,1,0,0,0.0
11145,6,4183,1,0,0,0,0.0
11146,2,3654,1,1,0,1,0.0
11147,6,1155,1,0,1,0,0.0
11148,6,5154,1,1,0,0,279.16
11149,1,2401,1,0,1,0,218.92
11150,3,2155,1,1,0,1,0.0
11151,6,3796,1,1,1,0,0.0
11152,8,4847,1,1,1,0,0.0
11153,5,3667,1,1,1,0,125.17
11154,6,5350,1,0,0,0,83.22
11155,3,5661,1,1,0,0,0.0
11156,4,5304,1,0,1,0,0.0
11157,7,5443,1,1,0,1,0.0
11158,3,4183,1,1,0,1,75.37
11159,3,5009,1,0,0,0,0.0
11160,4,1287,1,1,0,0,0.0
11161,7,2839,1,1,0,1,0.0
11162,4,2996,1,1,1,0,90.28
11163,7,2262,1,1,0,0,0.0
11164,2,3654,1,1,1,1,0.0
11165,7,1676,1,0,1,0,160.08
11166,8,5983,1,1,0,0,0.0
11167,6,5269,1,0,0,0,0.0
11168,8,3500,1,1,0,0,394.62
11169,4,2453,1,0,0,0,0.0
11170,6,1638,1,1,0,0,139.21
11171,2,3820,1,0,0,0,0.0
11172,1,1001,1,1,0,1,128.84
11173,3,4014,1,1,1,0,0.0
11174,5,5594,1,1,1,0,86.94
11175,3,5219,1,1,0,0,0.0
11176,8,5512,1,1,0,0,0.0
11177,6,4998,1,1,1,0,0.0
11178,4,1999,1,0,0,0,0.0
11179,7,2135,1,1,0,1,0.0
11180,1,5404,1,1,0,1,0.0
11181,5,2095,1,0,1,0,0.0
11182,4,3303,1,0,0,0,0.0
11183,7,2991,1,0,1,0,0.0
11184,7,4341,1,1,1,0,0.0
11185,2,1495,1,0,0,0,302.77
11186,7,1479,1,1,0,1,0.0
11187,8,2857,1,1,1,1,0.0
11188,3,4335,1,1,0,0,0.0
11189,6,1572,1,1,1,0,14.51
11190,4,3929,1,1,0,0,0.0
11191,7,5694,1,1,0,0,0.0
11192,4,5483,1,0,0,1,0.0
11193,3,1455,1,1,1,0,237.86
11194,4,5333,1,1,0,1,0.0
11195,5,5763,1,1,0,0,225.08
11196,4,4652,1,1,1,1,0.0
11197,6,1107,1,1,0,0,0.0
11198,3,3288,1,0,1,0,0.0
11199,4,2710,1,1,0,1,0.0
11200,7,3894,1,1,0,0,0.0
11201,8,5059,1,1,1,0,0.0
11202,1,3791,1,0,0,1,0.0
11203,6,4722,1,1,0,0,0.0
11204,4,2996,1,1,0,1,0.0
11205,7,5765,1,0,1,0,0.0
11206,4,2940,1,0,0,0,240.4
11207,5,5539,1,0,0,0,0.0
11208,6,2289,1,1,0,0,0.0
11209,2,4725,1,1,1,0,0.0
11210,6,5695,1,1,0,0,76.69
11211,2,4693,1,0,0,0,0.0
11212,6,4612,1,1,0,0,0.0
11213,1,2864,1,0,0,0,0.0
11214,8,3679,1,0,1,1,0.0
11215,1,1904,1,1,0,0,0.0
11216,8,3641,1,1,0,0,0.0
11217,8,2226,1,1,1,0,867.15
11218,4,1575,1,1,0,0,0.0
11219,3,4462,1,1,1,0,0.0
11220,7,5406,1,1,1,0,0.0
11221,6,2765,1,0,0,0,0.0
11222,4,5199,1,1,1,0,0.0
11223,4,2005,1,1,0,1,0.0
11224,1,4439,1,0,0,0,0.0
11225,6,5947,1,1,1,0,0.0
11226,1,4155,1,1,0,0,0.0
11227,6,2019,1,0,0,0,256.51
11228,6,5404,1,0,1,0,0.0
11229,1,4887,1,0,1,0,0.0
11230,4,1412,1,0,0,0,0.0
11231,4,1361,1,0,1,0,0.0
11232,3,3801,1,1,0,1,0.0
11233,4,4044,1,1,0,0,0.0
11234,4,3540,1,1,1,0,0.0
11235,4,5093,1,1,0,0,0.0
11236,1,4890,1,1,1,0,0.0
11237,8,3643,1,1,1,0,271.78
11238,5,1683,1,1,0,0,0.0
11239,5,4369,1,1,0,0,701.77
11240,5,4087,1,1,0,0,0.0
11241,8,4261,1,0,0,1,0.0
11242,7,2358,1,0,1,0,0.0
11243,5,3238,1,1,0,0,0.0
11244,7,3900,1,0,0,1,0.0
11245,6,1832,1,0,0,0,0.0
11246,7,2668,1,0,1,0,0.0
11247,1,5774,1,1,0,1,0.0
11248,2,4755,1,0,0,0,0.0
11249,3,3663,1,0,0,1,0.0
11250,5,4823,1,1,0,0,0.0
11251,3,5055,1,1,0,0,0.0
11252,1,3430,1,1,0,0,0.0
11253,3,1875,1,0,1,1,0.0
11254,8,2566,1,1,0,0,93.84
11255,1,3103,1,0,1,0,0.0
11256,8,3558,1,0,1,0,0.0
11257,1,3603,1,1,0,0,0.0
11258,6,1390,1,1,1,1,0.0
11259,5,1112,1,1,0,0,108.27
11260,3,5460,1,1,0,1,0.0
11261,7,1550,1,0,0,1,0.0
11262,5,3367,1,1,0,0,0.0
11263,2,1508,1,1,1,0,0.0
11264,2,5291,1,1,0,1,258.29
11265,5,1955,1,1,0,0,0.0
11266,3,4337,1,1,1,0,0.0
11267,1,1469,1,0,0,0,0.0
11268,2,1223,1,1,0,0,0.0
11269,7,4657,1,0,1,0,175.87
11270,6,5942,1,1,0,0,0.0
11271,7,4584,1,1,1,1,0.0
11272,1,5329,1,1,0,1,0.0
11273,1,4458,1,0,0,1,0.0
11274,3,2760,1,1,0,0,0.0
11275,8,1738,1,1,1,0,0.0
11276,8,3410,1,1,0,0,0.0
11277,5,5706,1,1,0,0,0.0
11278,1,3573,1,1,0,0,0.0
11279,4,4282,1,1,0,0,74.2
11280,3,2043,1,1,0,0,0.0
11281,8,4586,1,0,0,0,0.0
11282,4,2393,1,0,1,0,0.0
11283,5,4131,1,1,1,1,0.0
11284,5,2686,1,1,1,0,0.0
11285,5,3884,1,1,1,0,0.0
11286,2,4424,1,1,0,0,0.0
11287,3,5362,1,0,0,0,0.0
11288,7,1890,1,1,0,1,0.0
11289,3,5200,1,0,0,0,0.0
11290,3,5380,1,1,1,0,74.97
11291,7,5920,1,0,0,0,0.0
11292,3,2589,1,1,0,0,0.0
11293,1,5332,1,1,0,0,0.0
11294,4,3456,1,1,0,0,135.45
11295,5,2444,1,1,0,1,117.46
11296,2,2451,1,1,0,1,0.0
11297,1,5676,1,0,1,0,0.0
11298,3,5659,1,0,0,0,0.0
11299,7,5334,1,0,1,0,0.0
11300,4,2837,1,0,1,1,747.16
11301,1,1236,1,1,0,0,0.0
11302,1,3814,1,1,0,1,0.0
11303,1,3193,1,1,1,0,0.0
11304,5,2386,1,1,0,0,0.0
11305,4,4818,1,1,1,0,0.0
11306,1,2547,1,1,1,0,0.0
11307,8,2531,1,0,0,0,0.0
11308,1,1255,1,1,0,1,0.0
11309,2,1401,1,0,1,0,63.57
11310,7,1331,1,1,0,0,0.0
11311,1,5665,1,1,1,0,0.0
11312,6,4169,1,1,0,0,453.38
11313,6,1425,1,1,1,0,0.0
11314,7,4173,1,1,0,0,0.0
11315,7,3762,1,0,0,0,0.0
11316,3,4300,1,0,0,1,46.65
11317,2,2043,1,1,1,0,0.0
11318,3,5801,1,1,0,0,165.34
11319,5,2057,1,1,1,0,0.0
11320,5,2056,1,1,0,0,0.0
11321,1,1842,1,0,0,1,0.0
11322,1,4867,1,1,0,0,92.9
11323,4,3634,1,0,1,0,202.27
11324,4,3257,1,1,0,1,0.0
11325,4,4529,1,1,0,0,261.23
11326,4,2424,1,1,0,0,0.0
11327,5,1974,1,0,0,1,0.0
11328,2,2689,1,1,1,0,0.0
11329,6,2018,1,1,0,1,0.0
11330,4,5214,1,1,0,0,0.0
11331,8,4610,1,1,0,0,0.0
11332,5,2295,1,1,0,1,251.65
11333,4,3738,1,1,0,1,0.0
11334,8,2291,1,0,0,0,0.0
11335,3,2258,1,0,0,1,0.0
11336,2,4618,1,0,0,0,0.0
11337,8,1863,1,1,0,0,0.0
11338,7,4287,1,1,0,1,0.0
11339,2,5759,1,0,1,0,0.0
11340,4,5168,1,0,0,0,0.0
11341,7,5515,1,1,0,0,0.0
11342,1,3356,1,1,0,0,0.0
11343,8,5433,1,1,1,0,129.24
11344,2,4771,1,0,1,0,0.0
11345,5,5473,1,1,0,0,0.0
11346,5,5348,1,1,1,0,271.21
11347,1,4297,1,1,0,0,0.0
11348,3,5366,1,1,0,0,0.0
11349,6,3641,1,1,0,0,0.0
11350,2,3795,1,1,1,0,0.0
11351,8,4918,1,0,0,0,0.0
11352,1,4031,1,0,1,0,0.0
11353,2,4848,1,1,1,0,0.0
11354,3,3405,1,1,1,0,0.0
11355,2,5114,1,1,0,0,0.0
11356,3,5190,1,1,0,0,0.0
11357,5,3606,1,1,0,0,0.0
11358,8,3929,1,1,0,1,0.0
11359,5,5262,1,0,1,0,0.0
11360,2,3113,1,1,0,0,0.0
11361,1,2940,1,1,0,0,0.0
11362,3,1260,1,1,1,0,0.0
11363,7,4577,1,1,0,0,294.91
11364,8,5299,1,0,0,1,0.0
11365,8,3565,1,0,0,1,369.9
11366,2,5856,1,1,1,0,30.63
11367,7,4012,1,1,1,0,0.0
11368,3,1603,1,1,0,1,0.0
11369,4,3304,1,1,1,1,0.0
11370,3,5716,1,1,1,1,0.0
11371,1,2835,1,1,0,1,0.0
11372,8,2996,1,0,0,0,0.0
11373,6,3987,1,0,0,1,0.0
11374,6,3108,1,0,0,0,0.0
11375,4,1143,1,1,0,0,162.25
11376,7,4729,1,0,0,0,0.0
11377,6,1077,1,1,0,0,0.0
11378,3,2689,1,0,0,0,0.0
11379,8,3367,1,1,0,0,0.0
11380,7,1527,1,1,0,0,0.0
11381,3,1139,1,1,0,0,0.0
11382,2,5376,1,0,0,1,0.0
11383,3,5774,1,1,1,0,0.0
11384,5,1207,1,0,0,0,0.0
11385,5,4077,1,0,1,0,0.0
11386,1,3461,1,0,0,0,149.9
11387,2,2801,1,1,0,0,0.0
11388,4,5910,1,0,1,1,0.0
11389,7,1876,1,1,1,0,0.0
11390,5,1967,1,1,1,0,0.0
11391,7,5509,1,0,0,0,0.0
11392,6,1529,1,1,0,0,158.98
11393,4,1752,1,1,0,1,0.0
11394,1,5278,1,0,1,0,0.0
11395,1,5433,1,0,1,1,0.0
11396,2,5170,1,1,1,1,0.0
11397,6,3960,1,1,0,0,0.0
11398,7,4935,1,1,0,0,0.0
11399,1,5713,1,0,1,1,0.0
11400,8,3187,1,1,1,0,0.0
11401,1,5283,1,1,0,0,0.0
11402,5,1282,1,0,0,0,0.0
11403,2,5801,1,1,0,0,0.0
11404,2,3317,1,1,0,0,0.0
11405,8,4391,1,1,1,1,0.0
11406,4,1058,1,1,0,0,0.0
11407,1,2988,1,1,0,0,0.0
11408,3,4714,1,1,0,1,0.0
11409,8,3022,1,1,1,0,0.0
11410,3,5807,1,0,0,0,0.0
11411,3,5866,1,0,0,0,0.0
11412,6,3784,1,1,0,0,0.0
11413,1,1109,1,1,1,0,0.0
11414,6,2802,1,0,0,1,0.0
11415,6,2080,1,0,0,0,0.0
11416,5,4835,1,1,0,0,73.52
11417,5,2523,1,1,0,0,0.0
11418,8,4732,1,0,0,0,0.0
11419,6,4591,1,1,0,0,0.0
11420,2,2130,1,1,0,0,0.0
11421,2,4515,1,1,1,0,0.0
11422,8,5950,1,1,1,0,0.0
11423,7,4106,1,0,1,0,0.0
11424,7,4533,1,0,0,0,102.26
11425,3,5994,1,0,1,0,0.0
11426,8,2513,1,0,1,0,0.0
11427,1,4384,1,0,0,0,0.0
11428,3,1437,1,1,0,1,229.48
11429,1,2691,1,1,0,0,0.0
11430,2,4247,1,1,0,0,0.0
11431,8,1743,1,1,0,0,0.0
11432,4,3520,1,0,0,0,0.0
11433,6,4226,1,1,1,0,0.0
11434,7,1028,1,1,0,0,0.0
11435,7,3983,1,1,0,0,0.0
11436,4,5089,1,0,1,0,0.0
11437,6,4822,1,1,0,1,0.0
11438,3,4005,1,0,0,0,130.9
11439,1,4546,1,0,0,0,0.0
11440,5,2332,1,0,0,0,0.0
11441,1,5793,1,0,1,0,0.0
11442,1,1277,1,1,0,0,0.0
11443,2,2868,1,0,1,1,0.0
11444,4,2434,1,1,1,0,0.0
11445,1,4154,1,1,0,1,0.0
11446,2,3896,1,1,0,0,0.0
11447,5,2352,1,1,0,0,0.0
11448,3,3055,1,1,0,0,268.25
11449,3,5720,1,1,0,0,411.54
11450,4,2043,1,1,1,0,0.0
11451,8,1535,1,1,0,0,0.0
11452,3,1431,1,0,0,0,0.0
11453,7,1766,1,0,0,0,0.0
11454,4,1804,1,0,0,0,76.98
11455,2,3120,1,0,0,0,0.0
11456,1,3845,1,1,0,0,92.73
11457,4,5132,1,0,1,0,0.0
11458,4,5511,1,1,0,1,0.0
11459,5,2018,1,1,0,0,0.0
11460,8,3303,1,0,1,0,0.0
11461,7,5624,1,1,0,0,0.0
11462,8,4362,1,0,0,1,0.0
11463,7,5419,1,0,1,0,0.0
11464,6,4522,1,1,1,1,0.0
11465,2,5099,1,1,0,0,0.0
11466,1,3442,1,1,0,0,0.0
11467,3,3336,1,1,0,0,0.0
11468,5,4616,1,1,1,1,0.0
11469,5,3154,1,1,1,0,0.0
11470,1,5928,1,0,1,1,0.0
11471,6,3336,1,1,0,0,0.0
11472,6,3747,1,0,0,0,110.12
11473,5,5658,1,0,0,0,0.0
11474,7,4741,1,1,0,0,0.0
11475,1,4356,1,0,0,0,0.0
11476,4,3008,1,1,0,0,0.0
11477,7,4760,1,1,0,0,157.79
11478,2,1760,1,1,0,0,301.17
11479,3,1115,1,1,1,0,0.0
11480,8,5079,1,1,0,0,0.0
11481,8,2851,1,1,0,0,30.22
11482,7,4787,1,1,0,0,0.0
11483,6,2302,1,1,0,0,0.0
11484,4,1352,1,1,0,0,0.0
11485,1,5091,1,1,0,0,0.0
11486,1,1511,1,1,0,0,0.0
11487,5,3912,1,1,0,1,120.19
11488,5,2084,1,0,0,0,0.0
11489,7,5709,1,1,0,0,446.48
11490,2,1776,1,0,0,0,0.0
11491,8,1705,1,1,1,0,0.0
11492,5,1665,1,1,0,0,0.0
11493,7,2949,1,1,1,1,0.0
11494,4,3102,1,1,0,1,272.82
11495,1,3747,1,1,1,1,66.62
11496,6,3537,1,1,0,0,0.0
11497,2,4660,1,1,0,0,0.0
11498,4,3834,1,1,0,1,0.0
11499,1,1915,1,1,1,0,0.0
11500,1,2054,1,1,0,0,0.0
11501,5,5845,1,1,1,0,0.0
11502,2,4749,1,1,1,0,86.78
11503,2,5358,1,1,0,0,446.24
11504,6,4395,1,1,0,0,0.0
11505,3,5062,1,1,0,0,0.0
11506,8,2808,1,0,0,0,0.0
11507,5,1258,1,1,0,0,0.0
11508,4,1107,1,0,0,0,226.15
11509,6,1115,1,1,0,0,0.0
11510,1,3198,1,1,0,0,312.78
11511,1,4386,1,1,0,1,0.0
11512,6,5601,1,1,1,1,0.0
11513,5,3462,1,1,1,0,0.0
11514,3,1566,1,0,0,0,0.0
11515,7,5132,1,0,0,0,0.0
11516,4,4083,1,0,0,1,0.0
11517,7,3302,1,1,0,1,0.0
11518,3,2930,1,0,0,0,0.0
11519,8,1805,1,0,1,1,0.0
11520,2,1426,1,1,0,0,0.0
11521,5,5445,1,1,0,0,0.0
11522,2,2041,1,1,0,0,0.0
11523,1,3586,1,0,1,0,0.0
11524,5,1997,1,1,0,0,0.0
11525,6,4774,1,0,0,0,107.24
11526,4,1123,1,0,1,1,0.0
11527,6,1491,1,1,0,0,0.0
11528,2,5125,1,1,0,0,0.0
11529,1,4385,1,1,1,0,0.0
11530,3,1951,1,0,0,0,0.0
11531,7,5907,1,1,0,1,0.0
11532,5,5184,1,1,0,0,0.0
11533,3,5430,1,0,1,0,0.0
11534,6,5746,1,0,0,0,0.0
11535,8,4150,1,1,1,0,0.0
11536,2,5613,1,1,0,0,0.0
11537,1,4847,1,0,0,0,0.0
11538,8,3967,1,1,0,1,0.0
11539,4,2162,1,1,1,0,0.0
11540,3,4297,1,1,0,0,0.0
11541,4,1372,1,0,0,0,373.64
11542,8,5282,1,1,1,0,0.0
11543,7,1469,1,1,1,0,0.0
11544,5,1974,1,0,0,0,0.0
11545,1,4799,1,1,1,0,0.0
11546,7,1059,1,0,0,0,0.0
11547,4,4548,1,1,0,0,0.0
11548,1,2366,1,0,1,0,0.0
11549,3,3598,1,1,0,0,0.0
11550,8,4938,1,1,1,0,0.0
11551,6,2482,1,1,1,0,0.0
11552,6,3076,1,1,1,1,0.0
11553,3,3824,1,1,0,1,0.0
11554,1,4152,1,1,0,0,0.0
11555,4,3948,1,0,1,0,0.0
11556,7,5724,1,1,1,0,0.0
11557,2,3002,1,1,0,0,0.0
11558,5,4155,1,0,0,0,0.0
11559,3,4504,1,0,1,0,0.0
11560,6,3804,1,1,0,0,79.03
11561,8,5831,1,1,0,0,0.0
11562,2,5234,1,1,0,0,0.0
11563,5,5769,1,1,1,0,0.0
11564,4,5101,1,1,0,1,0.0
11565,6,3434,1,0,0,0,0.0
11566,4,3549,1,0,0,0,0.0
11567,5,3825,1,0,0,0,0.0
11568,7,3018,1,1,0,0,0.0
11569,3,5291,1,1,1,1,0.0
11570,8,5282,1,0,0,0,0.0
11571,5,3879,1,1,0,0,160.54
11572,7,5937,1,0,0,1,0.0
11573,3,4036,1,1,0,1,125.2
11574,2,5864,1,1,0,0,0.0
11575,3,4873,1,1,0,0,171.85
11576,1,4501,1,1,0,0,172.37
11577,1,2487,1,1,0,0,110.82
11578,3,4814,1,0,1,0,0.0
11579,2,2270,1,1,0,1,0.0
11580,5,4332,1,0,0,0,0.0
11581,5,3904,1,1,0,0,0.0
11582,1,1696,1,0,1,0,0.0
11583,4,1444,1,0,0,1,0.0
11584,3,1893,1,1,0,0,0.0
11585,3,4712,1,0,1,0,0.0
11586,4,5934,1,0,1,0,78.59
11587,1,3943,1,1,1,0,249.3
11588,2,5869,1,1,0,0,0.0
11589,4,1703,1,1,0,0,0.0
11590,7,2612,1,0,0,0,188.56
11591,6,3274,1,0,0,0,0.0
11592,3,1905,1,0,1,0,0.0
11593,5,3799,1,1,1,0,0.0
11594,6,2705,1,1,0,0,0.0
11595,2,4046,1,0,0,0,175.7
11596,5,4129,1,1,1,0,67.47
11597,3,4665,1,0,0,1,0.0
11598,5,1155,1,0,1,0,0.0
11599,2,1973,1,1,1,0,151.77
11600,5,3937,1,1,0,0,214.16
11601,6,1815,1,1,1,0,0.0
11602,1,2540,1,1,0,0,0.0
11603,8,1510,1,0,0,0,0.0
11604,3,3453,1,1,1,0,0.0
11605,1,5370,1,1,0,1,0.0
11606,2,5918,1,1,0,0,136.46
11607,6,3450,1,1,1,0,0.0
11608,2,5473,1,1,0,0,0.0
11609,5,4525,1,1,1,0,0.0
11610,7,3504,1,1,0,1,0.0
11611,6,1634,1,0,0,1,0.0
11612,3,2531,1,0,0,0,0.0
11613,5,1493,1,0,0,0,0.0
11614,8,2698,1,0,1,0,0.0
11615,3,1763,1,0,1,0,116.63
11616,2,4873,1,1,0,0,0.0
11617,4,1654,1,1,0,0,0.0
11618,5,5048,1,0,0,0,131.46
11619,5,4252,1,0,0,0,129.85
11620,6,4999,1,1,0,0,0.0
11621,4,3933,1,1,1,0,177.87
11622,3,3457,1,1,1,0,0.0
11623,4,3235,1,0,0,0,0.0
11624,5,4142,1,0,1,0,0.0
11625,1,4055,1,1,0,0,0.0
11626,6,3191,1,0,0,0,71.81
11627,1,2792,1,1,0,0,0.0
11628,1,3808,1,0,0,0,665.81
11629,5,1848,1,1,1,0,0.0
11630,7,3207,1,0,0,0,232.82
11631,1,2392,1,1,0,0,81.01
11632,6,3570,1,1,0,1,0.0
11633,3,2501,1,1,1,0,0.0
11634,5,2804,1,1,1,1,0.0
11635,7,1282,1,0,0,0,0.0
11636,4,3274,1,1,0,0,0.0
11637,2,5534,1,1,0,0,0.0
11638,1,2621,1,1,1,0,0.0
11639,4,5602,1,0,0,0,0.0
11640,5,1070,1,0,0,0,0.0
11641,4,1424,1,0,0,0,0.0
11642,6,1997,1,1,1,0,0.0
11643,5,1471,1,0,1,0,0.0
11644,6,2829,1,1,0,0,0.0
11645,1,2532,1,0,0,0,0.0
11646,3,1051,1,0,0,0,0.0
11647,6,2217,1,0,0,0,0.0
11648,6,1620,1,1,0,0,0.0
11649,7,5379,1,1,0,0,0.0
11650,5,5718,1,0,0,0,0.0
11651,6,3438,1,1,0,1,0.0
11652,8,2491,1,1,0,0,0.0
11653,5,1326,1,0,0,0,0.0
11654,5,4748,1,0,1,1,265.61
11655,1,5008,1,1,0,0,0.0
11656,5,1808,1,1,0,0,0.0
11657,1,4513,1,0,0,0,0.0
11658,8,5137,1,1,0,0,0.0
11659,1,1682,1,0,0,1,0.0
11660,6,1027,1,0,1,0,137.33
11661,1,4088,1,0,0,0,0.0
11662,5,3661,1,1,0,0,0.0
11663,6,2184,1,1,1,0,0.0
11664,2,1494,1,0,1,1,0.0
11665,6,4832,1,1,1,0,0.0
11666,3,1335,1,0,0,1,0.0
11667,3,4985,1,1,0,0,0.0
11668,1,5140,1,1,0,0,78.12
11669,7,4347,1,0,1,0,0.0
11670,7,4398,1,0,0,0,0.0
11671,4,1900,1,1,0,0,0.0
11672,2,1536,1,1,0,0,0.0
11673,1,4536,1,1,0,0,0.0
11674,8,1482,1,1,0,0,0.0
11675,7,2734,1,0,0,0,0.0
11676,8,3619,1,1,1,1,0.0
11677,7,3884,1,0,1,0,0.0
11678,6,5756,1,1,0,0,0.0
11679,2,5140,1,1,0,0,108.59
11680,7,5724,1,1,0,0,0.0
11681,7,4659,1,1,0,0,0.0
11682,8,1137,1,0,1,1,0.0
11683,3,5035,1,1,1,0,0.0
11684,8,3758,1,1,0,0,0.0
11685,8,4959,1,1,1,1,0.0
11686,8,2930,1,1,0,0,0.0
11687,8,2205,1,1,0,0,0.0
11688,2,2115,1,1,1,0,0.0
11689,8,2288,1,1,0,0,0.0
11690,4,4111,1,0,0,1,0.0
11691,5,3296,1,0,0,0,0.0
11692,5,3057,1,0,0,0,0.0
11693,2,1549,1,1,0,0,0.0
11694,8,2039,1,1,1,0,0.0
11695,4,3811,1,1,1,1,0.0
11696,6,1176,1,1,0,0,0.0
11697,2,3350,1,0,0,1,0.0
11698,5,1799,1,0,1,0,0.0
11699,6,5287,1,1,1,0,0.0
11700,1,4247,1,1,0,0,0.0
11701,8,2327,1,1,0,0,0.0
11702,6,3625,1,0,1,0,0.0
11703,4,4718,1,1,1,1,0.0
11704,1,4406,1,1,0,0,0.0
11705,5,3236,1,1,1,0,0.0
11706,2,1292,1,1,0,0,366.43
11707,7,3439,1,0,0,0,0.0
11708,3,4253,1,1,0,0,0.0
11709,6,2091,1,0,0,0,0.0
11710,4,4826,1,1,1,0,0.0
11711,3,5010,1,1,0,0,0.0
11712,3,4188,1,1,0,0,155.2
11713,7,2806,1,0,1,1,211.23
11714,2,4246,1,1,0,0,0.0
11715,7,5236,1,0,0,0,442.76
11716,8,3599,1,1,0,1,0.0
11717,7,5088,1,0,1,0,124.19
11718,6,1317,1,1,0,0,0.0
11719,2,2563,1,1,0,0,0.0
11720,4,5076,1,0,1,0,0.0
11721,1,1875,1,1,0,0,0.0
11722,8,4681,1,1,1,0,0.0
11723,1,5582,1,1,0,0,0.0
11724,3,4835,1,1,1,0,0.0
11725,6,5354,1,0,0,0,0.0
11726,3,1202,1,1,1,0,70.8
11727,2,3218,1,1,0,0,0.0
11728,7,1308,1,1,0,0,0.0
11729,5,1912,1,1,1,0,0.0
11730,3,4447,1,0,0,0,0.0
11731,2,5308,1,0,0,0,0.0
11732,3,3825,1,1,1,1,0.0
11733,5,4597,1,1,0,0,0.0
11734,3,2555,1,1,0,0,0.0
11735,3,3297,1,0,0,0,0.0
11736,4,1184,1,0,0,1,0.0
11737,3,4127,1,0,0,0,0.0
11738,2,4350,1,1,1,1,250.92
11739,5,4053,1,1,0,0,0.0
11740,5,5366,1,0,0,1,108.37
11741,4,5074,1,1,0,0,0.0
11742,5,3201,1,1,0,0,0.0
11743,7,5335,1,1,0,0,0.0
11744,7,1148,1,0,0,0,0.0
11745,1,4905,1,1,0,0,0.0
11746,4,3059,1,0,0,0,0.0
11747,7,3976,1,0,0,0,0.0
11748,2,5496,1,1,0,0,265.34
11749,8,3412,1,1,0,0,0.0
11750,8,1677,1,1,0,1,0.0
11751,1,3766,1,1,1,0,0.0
11752,8,4352,1,0,1,0,321.41
11753,6,1769,1,1,1,0,0.0
11754,5,4297,1,1,0,0,0.0
11755,1,5699,1,1,1,0,0.0
11756,4,3372,1,0,1,0,0.0
11757,2,4022,1,0,1,0,0.0
11758,7,4038,1,0,0,0,0.0
11759,4,3403,1,0,1,0,0.0
11760,6,5878,1,1,0,0,0.0
11761,7,3271,1,0,0,0,0.0
11762,8,1682,1,1,1,0,0.0
11763,3,5075,1,0,0,0,0.0
11764,7,3540,1,1,0,0,311.17
11765,7,4799,1,1,1,0,0.0
11766,1,5261,1,0,0,1,115.96
11767,8,5990,1,0,0,1,40.51
11768,3,5536,1,1,0,1,0.0
11769,5,4914,1,1,0,1,919.01
11770,2,2444,1,1,1,0,0.0
11771,2,4915,1,0,0,0,0.0
11772,2,5704,1,0,0,0,0.0
11773,6,2234,1,1,0,0,0.0
11774,5,2099,1,1,1,1,0.0
11775,5,1418,1,1,0,1,118.86
11776,3,1645,1,1,0,0,0.0
11777,3,3141,1,1,1,0,281.27
11778,4,4207,1,1,1,0,231.8
11779,1,2853,1,0,0,0,263.81
11780,4,2258,1,1,0,1,0.0
11781,1,3776,1,1,0,0,0.0
11782,5,3947,1,1,0,0,0.0
11783,4,5164,1,1,1,0,0.0
11784,7,2426,1,0,0,1,35.94
11785,1,1341,1,1,1,0,0.0
11786,6,5833,1,1,0,1,0.0
11787,6,2641,1,1,0,0,203.18
11788,7,4143,1,1,0,0,0.0
11789,6,1327,1,0,0,1,0.0
11790,5,4689,1,0,0,0,0.0
11791,7,3658,1,1,0,1,0.0
11792,4,3845,1,0,1,0,192.46
11793,3,4566,1,0,0,0,0.0
11794,7,5303,1,1,1,0,0.0
11795,1,3029,1,0,0,0,0.0
11796,4,2309,1,1,1,1,0.0
11797,1,1320,1,0,0,0,173.59
11798,5,1246,1,0,0,0,0.0
11799,5,1674,1,1,1,0,0.0
11800,6,5255,1,0,0,0,0.0
11801,7,4839,1,1,0,0,0.0
11802,8,2042,1,1,1,0,0.0
11803,5,1879,1,1,0,0,0.0
11804,2,1338,1,0,1,0,0.0
11805,6,5685,1,0,0,0,0.0
11806,7,5508,1,1,0,0,0.0
11807,6,1581,1,1,0,0,0.0
11808,3,2684,1,1,0,0,61.1
11809,6,1344,1,1,0,1,621.72
11810,3,5139,1,1,0,0,0.0
11811,2,4513,1,0,1,0,420.06
11812,1,3938,1,0,0,0,0.0
11813,2,5237,1,0,0,0,0.0
11814,8,3931,1,1,1,1,0.0
11815,8,1835,1,1,0,0,0.0
11816,1,1701,1,1,1,0,0.0
11817,6,4372,1,1,0,0,0.0
11818,5,1858,1,1,0,0,0.0
11819,8,1125,1,1,0,1,0.0
11820,7,2267,1,1,0,0,0.0
11821,8,3660,1,0,0,0,0.0
11822,2,4025,1,0,0,1,0.0
11823,1,2634,1,1,0,0,0.0
11824,4,2509,1,1,1,1,0.0
11825,5,2049,1,1,0,0,0.0
11826,4,4348,1,1,0,1,359.2
11827,5,5535,1,1,0,1,0.0
11828,8,5825,1,1,0,0,0.0
11829,5,5770,1,1,0,1,0.0
11830,1,4008,1,0,0,0,0.0
11831,6,4933,1,0,0,0,282.99
11832,8,5497,1,1,0,0,0.0
11833,1,2668,1,1,0,0,0.0
11834,5,3749,1,0,1,0,189.17
11835,4,2302,1,1,0,0,0.0
11836,8,3102,1,0,0,0,0.0
11837,6,2871,1,1,0,0,0.0
11838,8,2569,1,1,0,1,0.0
11839,1,5644,1,1,0,0,0.0
11840,1,1526,1,1,0,0,0.0
11841,3,2757,1,1,0,0,0.0
11842,2,1646,1,1,0,0,0.0
11843,1,4784,1,1,1,0,0.0
11844,6,3546,1,1,1,0,0.0
11845,3,2507,1,0,0,0,0.0
11846,3,5045,1,0,0,0,0.0
11847,6,3518,1,0,0,1,183.49
11848,7,4877,1,0,0,1,0.0
11849,4,3311,1,1,0,0,0.0
11850,3,3867,1,0,1,1,286.02
11851,2,1551,1,1,1,1,45.95
11852,7,4120,1,1,1,1,281.15
11853,5,1951,1,1,0,1,0.0
11854,3,2365,1,0,0,0,31.21
11855,5,4662,1,0,0,0,0.0
11856,2,4128,1,1,0,1,0.0
11857,2,5041,1,0,0,0,446.63
11858,4,2976,1,1,1,0,0.0
11859,5,4972,1,1,0,0,0.0
11860,5,1514,1,0,0,0,0.0
11861,4,1589,1,0,1,0,122.38
11862,2,2926,1,1,1,1,0.0
11863,3,2234,1,0,0,0,0.0
11864,5,1510,1,1,0,0,732.31
11865,3,3312,1,0,1,0,0.0
11866,6,1188,1,0,0,0,163.87
11867,8,1368,1,1,0,0,0.0
11868,3,2897,1,0,1,0,0.0
11869,1,2957,1,1,0,0,0.0
11870,2,4163,1,1,0,1,53.62
11871,7,4519,1,1,0,1,0.0
11872,6,5072,1,0,0,0,0.0
11873,8,2419,1,0,0,0,111.89
11874,7,5807,1,0,1,1,211.8
11875,1,3102,1,1,1,0,0.0
11876,7,1468,1,0,0,0,0.0
11877,5,5530,1,1,1,1,0.0
11878,6,5330,1,1,0,0,0.0
11879,5,4123,1,1,0,0,0.0
11880,7,5570,1,1,0,0,0.0
11881,7,2398,1,1,0,0,0.0
11882,1,2050,1,0,0,0,0.0
11883,6,5420,1,0,0,0,0.0
11884,8,1312,1,0,0,0,0.0
11885,8,1493,1,1,0,0,0.0
11886,1,5450,1,1,0,0,0.0
11887,5,5802,1,0,0,1,0.0
11888,2,2881,1,0,1,0,0.0
11889,8,1497,1,0,1,0,0.0
11890,3,5568,1,1,0,0,0.0
11891,3,3699,1,0,1,1,0.0
11892,2,2827,1,1,0,0,0.0
11893,2,3202,1,0,0,0,0.0
11894,5,2763,1,0,0,0,0.0
11895,7,1866,1,0,0,0,0.0
11896,3,4557,1,1,1,1,0.0
11897,7,1888,1,1,1,0,389.63
11898,2,1891,1,1,0,0,85.85
11899,7,5522,1,0,0,0,0.0
11900,3,3363,1,0,0,0,0.0
11901,2,1088,1,1,0,0,0.0
11902,6,4930,1,1,0,0,0.0
11903,5,2405,1,1,1,0,0.0
11904,6,3648,1,0,1,0,0.0
11905,8,3584,1,1,1,1,276.01
11906,8,5978,1,0,1,0,0.0
11907,3,2532,1,1,0,0,233.98
11908,2,5341,1,1,1,0,0.0
11909,5,5838,1,1,1,0,0.0
11910,1,4179,1,1,0,0,0.0
11911,3,5968,1,1,1,1,0.0
11912,7,1578,1,0,0,0,0.0
11913,8,3287,1,0,1,0,0.0
11914,7,4050,1,1,0,0,0.0
11915,7,4629,1,0,0,1,423.62
11916,8,2651,1,0,0,0,0.0
11917,2,1106,1,1,0,0,107.02
11918,8,5199,1,1,0,0,164.93
11919,7,5869,1,1,0,0,0.0
11920,2,2742,1,0,0,0,0.0
11921,8,4899,1,1,1,0,0.0
11922,8,2331,1,1,0,0,0.0
11923,8,4237,1,0,0,0,0.0
11924,4,4095,1,1,0,0,0.0
11925,5,3797,1,1,0,0,0.0
11926,6,3536,1,1,0,1,0.0
11927,6,3853,1,0,0,0,0.0
11928,8,4078,1,1,0,0,0.0
11929,5,1640,1,1,0,0,214.29
11930,7,2487,1,0,0,0,112.75
11931,8,4538,1,1,0,0,0.0
11932,8,3043,1,1,0,0,0.0
11933,7,4356,1,1,0,0,0.0
11934,5,2001,1,1,1,1,0.0
11935,3,5909,1,0,1,0,274.75
11936,2,4523,1,1,0,0,0.0
11937,2,2500,1,1,0,0,0.0
11938,4,5803,1,0,0,0,0.0
11939,6,4973,1,1,0,0,321.39
11940,7,5922,1,1,1,0,0.0
11941,1,4865,1,1,1,0,0.0
11942,3,5792,1,0,0,0,0.0
11943,1,4365,1,0,0,0,0.0
11944,3,3789,1,0,1,0,0.0
11945,8,3549,1,1,1,0,0.0
11946,1,1484,1,1,1,0,0.0
11947,5,1387,1,0,0,1,0.0
11948,6,1770,1,1,0,0,0.0
11949,7,5321,1,0,1,0,0.0
11950,5,5882,1,0,1,0,122.56
11951,7,5810,1,0,1,1,310.02
11952,2,3114,1,0,0,0,134.55
11953,4,4588,1,0,0,0,0.0
11954,1,5455,1,0,1,0,0.0
11955,3,1579,1,1,0,0,0.0
11956,5,3762,1,1,0,0,0.0
11957,3,1969,1,1,1,0,0.0
11958,1,2379,1,1,0,1,0.0
11959,8,3909,1,1,0,0,0.0
11960,1,2796,1,1,1,0,246.92
11961,2,3255,1,1,0,0,0.0
11962,7,2493,1,0,0,1,0.0
11963,5,2351,1,1,1,0,0.0
11964,2,5887,1,1,0,0,0.0
11965,6,4037,1,0,0,0,0.0
11966,7,1545,1,1,0,0,0.0
11967,4,2330,1,0,0,1,0.0
11968,6,4305,1,0,1,0,0.0
11969,3,4691,1,1,1,1,302.73
11970,6,1757,1,0,0,0,0.0
11971,2,3975,1,1,0,0,0.0
11972,6,3310,1,0,0,0,0.0
11973,2,4695,1,0,1,1,0.0
11974,1,1418,1,1,1,0,0.0
11975,1,3765,1,0,1,0,0.0
11976,4,1322,1,1,0,1,150.62
11977,6,1881,1,0,0,0,0.0
11978,1,4331,1,1,0,0,263.38
11979,3,5874,1,0,0,0,0.0
11980,4,2002,1,1,1,1,0.0
11981,3,2659,1,0,1,0,0.0
11982,2,4642,1,1,0,0,0.0
11983,1,5501,1,1,0,0,0.0
11984,1,1149,1,1,1,0,194.95
11985,4,1325,1,1,0,0,477.28
11986,3,2075,1,1,0,0,0.0
11987,8,1081,1,1,0,0,0.0
11988,7,2380,1,1,0,0,0.0
11989,3,4849,1,1,0,0,0.0
11990,7,5181,1,1,1,0,0.0
11991,3,1729,1,1,0,0,0.0
11992,1,3371,1,1,1,0,0.0
11993,4,1790,1,1,0,0,0.0
11994,1,2320,1,0,0,0,0.0
11995,7,1845,1,0,0,0,0.0
11996,2,2544,1,1,0,1,0.0
11997,4,1784,1,1,0,0,0.0
11998,7,3509,1,1,0,0,0.0
11999,4,4197,1,1,0,0,766.55
12000,7,3669,1,0,0,0,0.0
12001,7,4819,1,1,1,0,0.0
12002,6,4288,1,1,0,0,0.0
12003,6,2487,1,0,0,0,0.0
12004,3,4238,1,1,1,0,0.0
12005,8,5198,1,1,0,0,0.0
12006,3,2089,1,0,0,0,0.0
12007,3,1080,1,1,0,0,0.0
12008,4,4214,1,1,1,0,0.0
12009,2,2454,1,0,0,0,0.0
12010,2,1086,1,1,1,0,0.0
12011,7,2466,1,1,0,0,0.0
12012,3,3048,1,0,0,1,0.0
12013,2,2416,1,1,0,0,0.0
12014,5,3592,1,1,0,0,0.0
12015,7,4713,1,0,0,0,46.67
12016,8,4113,1,0,0,0,0.0
12017,4,2939,1,0,0,0,154.4
12018,4,4083,1,1,0,0,0.0
12019,6,1176,1,1,0,0,188.79
12020,1,2044,1,1,0,0,0.0
12021,6,5971,1,1,0,1,0.0
12022,5,1278,1,1,0,0,0.0
12023,4,4293,1,1,0,0,0.0
12024,1,2619,1,1,0,0,0.0
12025,6,1262,1,1,1,0,0.0
12026,6,3952,1,0,0,0,0.0
12027,8,1470,1,0,0,0,0.0
12028,7,1894,1,0,0,0,0.0
12029,3,5105,1,0,0,0,0.0
12030,6,1995,1,1,0,0,0.0
12031,3,2094,1,0,1,0,0.0
12032,6,4518,1,1,1,0,0.0
12033,5,5359,1,1,0,1,0.0
12034,2,1908,1,1,1,0,0.0
12035,1,4894,1,1,0,1,0.0
12036,5,3775,1,1,0,1,0.0
12037,7,4749,1,1,0,0,0.0
12038,3,2870,1,1,0,0,0.0
12039,5,1345,1,1,1,0,0.0
12040,6,4132,1,0,0,0,0.0
12041,3,2010,1,1,1,0,135.93
12042,3,4417,1,1,0,1,0.0
12043,8,4170,1,0,0,0,0.0
12044,8,3408,1,0,0,0,0.0
12045,6,5504,1,0,1,1,0.0
12046,5,4603,1,1,1,0,107.18
12047,8,4165,1,1,0,0,0.0
12048,5,4984,1,0,0,0,216.4
12049,2,4275,1,0,0,0,0.0
12050,3,3012,1,1,1,0,0.0
12051,7,2205,1,1,0,0,108.62
12052,5,3428,1,1,0,0,0.0
12053,7,1266,1,1,1,0,0.0
12054,6,5425,1,1,0,0,0.0
12055,4,3874,1,0,0,0,122.16
12056,5,2164,1,0,0,0,171.78
12057,2,1729,1,1,0,0,0.0
12058,2,5731,1,1,0,0,0.0
12059,1,2841,1,1,0,0,0.0
12060,7,5776,1,1,0,0,325.13
12061,4,2989,1,1,1,1,0.0
12062,1,1302,1,1,1,0,131.88
12063,4,2626,1,1,0,0,0.0
12064,3,2434,1,1,0,0,0.0
12065,6,1223,1,0,1,1,0.0
12066,6,4991,1,1,1,0,201.31
12067,7,4765,1,0,0,0,0.0
12068,7,5355,1,0,1,0,0.0
12069,1,2959,1,1,0,0,213.6
12070,4,2772,1,1,1,1,0.0
12071,7,2637,1,0,0,0,0.0
12072,8,4134,1,1,0,0,0.0
12073,2,5765,1,1,0,1,0.0
12074,6,5017,1,0,1,0,0.0
12075,8,2286,1,0,0,0,154.03
12076,6,5909,1,1,0,0,0.0
12077,1,4771,1,0,1,0,0.0
12078,1,5748,1,0,0,0,0.0
12079,2,2209,1,1,1,0,0.0
12080,7,5408,1,1,1,0,0.0
12081,6,4752,1,1,0,0,0.0
12082,2,4915,1,1,0,0,0.0
12083,6,3827,1,0,0,0,239.79
12084,7,1043,1,1,1,0,365.34
12085,3,3083,1,1,0,0,0.0
12086,6,1940,1,0,0,0,0.0
12087,7,4982,1,0,0,0,0.0
12088,3,4470,1,1,0,0,0.0
12089,6,1539,1,1,1,1,0.0
12090,2,5108,1,0,1,0,0.0
12091,1,1816,1,1,1,0,0.0
12092,6,1384,1,0,0,0,0.0
12093,6,3764,1,0,0,0,0.0
12094,1,4014,1,1,1,0,0.0
12095,3,4101,1,1,0,0,0.0
12096,5,3242,1,1,1,1,0.0
12097,3,4456,1,0,0,0,151.43
12098,6,2449,1,1,0,0,0.0
12099,2,5536,1,1,0,0,0.0
12100,5,1248,1,1,0,0,0.0
12101,3,5220,1,0,1,0,0.0
12102,6,4650,1,1,1,0,202.03
12103,8,3049,1,1,0,0,0.0
12104,2,5049,1,1,1,0,0.0
12105,4,3162,1,1,0,0,158.77
12106,2,2967,1,1,1,1,0.0
12107,5,5645,1,0,0,1,0.0
12108,8,4583,1,1,0,0,0.0
12109,5,5270,1,1,1,1,0.0
12110,4,3578,1,0,1,0,0.0
12111,5,3024,1,1,0,0,0.0
12112,6,2760,1,1,0,0,0.0
12113,1,4620,1,0,1,0,0.0
12114,8,3686,1,1,0,0,0.0
12115,1,3228,1,1,1,0,0.0
12116,3,4177,1,0,1,0,0.0
12117,3,2455,1,1,0,0,0.0
12118,4,2824,1,1,1,1,55.03
12119,2,2823,1,1,0,0,373.28
12120,6,1410,1,1,1,0,48.46
12121,6,2448,1,1,0,0,0.0
12122,1,4795,1,0,1,0,0.0
12123,3,3308,1,1,0,0,254.89
12124,5,5774,1,1,0,0,0.0
12125,4,5139,1,1,1,0,362.86
12126,4,3485,1,1,1,0,0.0
12127,5,5229,1,1,0,0,0.0
12128,4,1524,1,1,0,1,0.0
12129,7,4349,1,1,0,1,418.11
12130,8,3449,1,0,0,0,0.0
12131,6,3567,1,0,1,0,96.64
12132,3,3571,1,0,0,0,0.0
12133,3,3650,1,0,1,0,316.33
12134,3,2559,1,0,0,0,0.0
12135,3,3240,1,1,1,0,0.0
12136,2,2764,1,0,1,0,0.0
12137,2,1948,1,1,1,0,0.0
12138,1,1834,1,1,0,1,0.0
12139,2,5258,1,1,0,0,0.0
12140,3,1569,1,0,0,0,0.0
12141,8,2409,1,1,1,1,0.0
12142,8,3082,1,0,0,0,527.63
12143,3,1091,1,0,0,0,0.0
12144,8,1769,1,1,0,0,65.2
12145,7,4059,1,1,1,0,0.0
12146,3,4232,1,1,0,1,0.0
12147,7,5818,1,0,0,0,0.0
12148,7,5789,1,1,0,0,0.0
12149,6,1234,1,0,0,0,0.0
12150,6,4664,1,0,0,0,0.0
12151,4,3231,1,1,0,1,0.0
12152,7,4473,1,1,1,0,0.0
12153,7,4266,1,1,0,1,184.13
12154,1,4877,1,1,0,0,72.56
12155,1,2956,1,0,0,1,0.0
12156,5,4322,1,1,0,0,111.49
12157,6,4300,1,1,0,0,0.0
12158,7,2935,1,1,1,1,0.0
12159,8,3529,1,0,1,0,0.0
12160,4,5880,1,1,1,0,0.0
12161,8,4997,1,1,0,1,0.0
12162,4,1972,1,1,0,0,0.0
12163,8,4087,1,1,0,0,0.0
12164,5,3984,1,0,1,0,0.0
12165,3,3907,1,0,0,0,0.0
12166,3,1430,1,0,0,0,77.15
12167,6,3310,1,0,1,0,88.93
12168,6,5328,1,1,1,0,0.0
12169,7,1020,1,1,0,0,0.0
12170,5,2825,1,1,0,0,100.87
12171,7,4918,1,1,0,0,0.0
12172,5,3011,1,1,1,0,0.0
12173,7,3488,1,1,0,0,125.72
12174,6,5081,1,0,0,0,0.0
12175,1,5639,1,1,0,0,0.0
12176,7,4597,1,0,0,0,0.0
12177,4,3066,1,1,0,0,0.0
12178,8,5450,1,1,0,0,0.0
12179,8,1549,1,0,0,0,0.0
12180,5,5271,1,1,0,0,0.0
12181,4,4439,1,0,1,0,0.0
12182,7,3949,1,0,0,0,23.28
12183,1,5428,1,1,0,0,0.0
12184,5,2384,1,1,0,0,0.0
12185,3,1308,1,0,0,0,0.0
12186,2,2504,1,0,0,0,0.0
12187,8,5086,1,1,1,0,0.0
12188,1,3599,1,1,0,0,0.0
12189,6,3187,1,1,0,0,0.0
12190,3,4185,1,1,0,0,0.0
12191,3,5506,1,1,0,1,334.3
12192,8,1695,1,1,0,1,209.99
12193,8,2091,1,1,0,1,0.0
12194,4,3278,1,1,1,0,0.0
12195,1,3517,1,1,0,1,0.0
12196,5,2138,1,1,0,0,0.0
12197,3,4462,1,1,1,0,0.0
12198,6,1043,1,0,0,1,0.0
12199,6,3334,1,1,1,0,0.0
12200,2,5559,1,1,0,0,0.0
12201,4,3795,1,1,1,0,0.0
12202,8,2024,1,0,1,0,0.0
12203,6,4520,1,1,0,1,0.0
12204,7,4714,1,0,0,0,0.0
12205,7,5787,1,1,1,0,0.0
12206,6,4252,1,1,0,0,0.0
12207,6,1790,1,1,0,0,0.0
12208,4,2917,1,1,0,0,0.0
12209,6,3102,1,1,0,0,0.0
12210,8,1514,1,0,0,0,0.0
12211,1,2988,1,1,0,0,0.0
12212,8,4755,1,0,0,0,412.7
12213,1,4331,1,0,0,0,0.0
12214,7,1950,1,1,0,0,0.0
12215,1,1911,1,0,0,1,369.99
12216,5,2956,1,0,0,1,123.55
12217,6,4353,1,0,0,0,0.0
12218,7,3186,1,1,0,1,0.0
12219,3,2905,1,0,0,0,0.0
12220,8,3749,1,1,1,0,0.0
12221,2,1982,1,1,0,0,0.0
12222,4,1774,1,1,0,0,0.0
12223,4,1256,1,1,0,0,0.0
12224,1,1418,1,0,1,0,0.0
12225,1,5355,1,1,0,0,0.0
12226,3,3767,1,0,1,1,554.2
12227,8,4054,1,0,0,0,0.0
12228,5,2111,1,1,0,0,0.0
12229,5,1347,1,1,1,0,0.0
12230,2,3742,1,1,0,0,268.77
12231,6,4720,1,1,0,0,0.0
12232,7,3190,1,0,1,1,0.0
12233,5,2931,1,1,0,0,181.01
12234,7,2618,1,1,0,0,250.91
12235,3,4330,1,0,0,0,0.0
12236,5,3996,1,1,1,0,0.0
12237,4,5287,1,1,0,0,0.0
12238,2,2847,1,1,0,0,0.0
12239,6,4516,1,1,0,0,0.0
12240,8,1764,1,1,0,0,0.0
12241,6,2672,1,1,0,0,0.0
12242,1,1160,1,1,1,0,201.12
12243,2,1532,1,1,0,0,0.0
12244,6,4350,1,1,0,1,0.0
12245,2,2692,1,1,1,0,0.0
12246,1,4731,1,0,1,0,0.0
12247,5,4382,1,0,1,0,0.0
12248,1,1565,1,0,0,0,0.0
12249,8,5027,1,1,0,0,0.0
12250,5,1291,1,1,0,0,0.0
12251,1,4407,1,1,0,1,0.0
12252,8,1995,1,1,1,0,0.0
12253,2,5179,1,1,0,1,0.0
12254,4,1602,1,1,1,0,0.0
12255,5,3721,1,0,0,0,450.81
12256,8,3707,1,1,1,1,0.0
12257,4,3768,1,1,0,1,0.0
12258,1,2544,1,0,0,0,0.0
12259,2,4689,1,0,1,0,0.0
12260,5,2983,1,0,0,0,0.0
12261,8,4911,1,1,0,1,0.0
12262,3,5065,1,1,0,0,0.0
12263,8,2129,1,1,0,0,237.45
12264,1,4810,1,1,0,1,0.0
12265,2,2311,1,1,0,0,214.0
12266,7,4519,1,1,0,0,0.0
12267,5,3874,1,1,0,0,0.0
12268,5,2048,1,1,0,0,162.31
12269,7,3498,1,0,0,0,0.0
12270,8,3793,1,1,0,0,0.0
12271,5,1198,1,1,0,1,0.0
12272,5,4307,1,1,1,0,314.66
12273,1,2952,1,0,0,0,0.0
12274,3,2658,1,0,0,0,0.0
12275,5,5827,1,1,0,0,150.07
12276,5,4033,1,1,1,0,0.0
12277,5,4206,1,0,0,0,0.0
12278,5,1230,1,1,0,0,0.0
12279,1,3774,1,1,0,0,0.0
12280,4,1898,1,1,0,0,0.0
12281,4,5738,1,0,0,0,0.0
12282,7,1025,1,0,0,1,0.0
12283,7,4654,1,1,1,0,0.0
12284,6,4462,1,1,0,0,0.0
12285,3,5514,1,1,0,0,0.0
12286,6,3099,1,1,1,0,0.0
12287,8,5795,1,1,0,0,0.0
12288,8,3897,1,1,1,0,0.0
12289,7,1923,1,1,0,1,0.0
12290,4,4997,1,1,1,1,0.0
12291,6,5395,1,1,1,1,0.0
12292,1,5376,1,1,0,0,0.0
12293,3,1298,1,0,1,0,371.13
12294,3,5151,1,0,0,0,0.0
12295,3,3103,1,0,0,0,0.0
12296,4,2759,1,1,1,1,0.0
12297,8,4906,1,1,1,0,0.0
12298,7,1442,1,1,0,0,26.75
12299,4,4063,1,1,0,0,307.69
12300,3,5340,1,1,0,0,0.0
12301,7,1773,1,0,1,0,0.0
12302,2,5437,1,1,0,0,0.0
12303,4,2157,1,0,0,0,128.2
12304,4,5417,1,1,1,0,0.0
12305,8,2865,1,0,0,0,49.96
12306,3,2133,1,0,0,0,0.0
12307,5,5228,1,1,0,1,0.0
12308,2,3723,1,1,0,0,0.0
12309,7,4933,1,0,1,0,0.0
12310,6,5854,1,1,1,0,404.12
12311,3,5760,1,1,1,0,0.0
12312,8,2380,1,1,1,0,0.0
12313,7,5569,1,1,0,1,0.0
12314,2,5677,1,0,1,0,0.0
12315,2,2964,1,1,1,1,1316.0
12316,8,5086,1,1,0,0,0.0
12317,2,3201,1,1,0,0,142.36
12318,6,2070,1,1,0,0,0.0
12319,8,3277,1,1,1,0,248.87
12320,3,5156,1,1,1,0,0.0
12321,2,4057,1,1,0,0,0.0
12322,1,5372,1,1,1,1,0.0
12323,5,1691,1,0,0,0,0.0
12324,6,1192,1,0,0,0,0.0
12325,8,3157,1,1,0,0,0.0
12326,8,4062,1,1,0,0,0.0
12327,2,4763,1,0,0,0,0.0
12328,6,1104,1,1,0,0,0.0
12329,6,4457,1,1,0,0,0.0
12330,7,3258,1,1,1,0,0.0
12331,3,5214,1,1,1,0,0.0
12332,5,5351,1,1,0,1,0.0
12333,8,2313,1,1,0,0,0.0
12334,7,1620,1,1,0,1,0.0
12335,6,5229,1,1,1,0,0.0
12336,7,1061,1,1,0,0,184.1
12337,8,4777,1,1,0,0,0.0
12338,1,4234,1,0,1,0,0.0
12339,8,1348,1,1,0,1,437.22
12340,7,3373,1,1,0,0,0.0
12341,2,1677,1,0,1,0,0.0
12342,1,3416,1,1,0,0,0.0
12343,5,3873,1,1,1,0,0.0
12344,6,1196,1,0,0,0,0.0
12345,8,5768,1,1,1,0,0.0
12346,4,2802,1,0,0,0,0.0
12347,4,5962,1,1,0,1,0.0
12348,8,4857,1,0,1,0,733.76
12349,6,2281,1,0,0,1,0.0
12350,8,3857,1,0,0,0,101.14
12351,2,3559,1,1,1,1,0.0
12352,3,4565,1,1,0,0,0.0
12353,1,2995,1,1,0,0,0.0
12354,7,5339,1,1,0,1,0.0
12355,8,4518,1,1,1,1,136.24
12356,4,3995,1,1,1,1,0.0
12357,3,5701,1,0,0,0,0.0
12358,3,5128,1,1,0,1,0.0
12359,5,5865,1,1,0,0,48.66
12360,4,3470,1,1,0,0,0.0
12361,7,3282,1,1,0,0,81.5
12362,3,3897,1,1,1,0,0.0
12363,5,3736,1,1,1,1,0.0
12364,8,2504,1,1,1,1,0.0
12365,3,4072,1,1,0,0,0.0
12366,8,4669,1,1,0,0,0.0
12367,1,2102,1,1,0,0,0.0
12368,5,5655,1,1,0,0,0.0
12369,5,1664,1,1,0,0,0.0
12370,2,2150,1,1,0,0,0.0
12371,4,1471,1,0,1,0,0.0
12372,1,5882,1,1,0,0,0.0
12373,2,4495,1,1,1,0,0.0
12374,6,5902,1,0,1,0,0.0
12375,1,5581,1,1,0,0,0.0
12376,2,3439,1,0,0,0,78.93
12377,5,1293,1,1,0,0,84.35
12378,5,4320,1,0,0,0,0.0
12379,2,4035,1,1,0,0,0.0
12380,1,2102,1,0,0,0,0.0
12381,1,4240,1,0,0,0,0.0
12382,8,2055,1,1,0,0,0.0
12383,6,4636,1,1,1,1,0.0
12384,4,3941,1,1,0,0,0.0
12385,2,3150,1,1,1,0,0.0
12386,8,2531,1,1,0,0,346.18
12387,4,2485,1,1,0,0,0.0
12388,2,1481,1,1,0,1,478.54
12389,7,2131,1,1,0,0,152.64
12390,3,3264,1,1,0,0,0.0
12391,5,2538,1,0,0,0,0.0
12392,3,2410,1,1,0,1,0.0
12393,5,4521,1,1,1,0,0.0
12394,5,2355,1,0,0,1,0.0
12395,4,3743,1,1,1,0,0.0
12396,5,1687,1,1,1,0,0.0
12397,8,3888,1,1,0,0,0.0
12398,8,3337,1,1,0,0,195.89
12399,1,5442,1,1,1,0,0.0
12400,2,2854,1,0,0,0,0.0
12401,8,1840,1,0,0,0,0.0
12402,8,2881,1,1,1,0,344.44
12403,3,1666,1,0,0,1,385.27
12404,6,4771,1,0,0,0,0.0
12405,1,4477,1,1,1,0,0.0
12406,4,1473,1,1,0,0,0.0
12407,7,3064,1,0,0,0,0.0
12408,2,4337,1,0,1,0,0.0
12409,3,3700,1,1,0,0,137.5
12410,5,2343,1,0,0,0,0.0
12411,3,2933,1,1,0,0,0.0
12412,3,1745,1,1,0,0,200.81
12413,1,3724,1,0,0,1,0.0
12414,3,4388,1,0,1,0,427.47
12415,8,3959,1,0,0,0,0.0
12416,5,5581,1,1,0,0,0.0
12417,6,3892,1,0,0,0,0.0
12418,7,3964,1,1,0,0,0.0
12419,6,2422,1,1,1,0,0.0
12420,1,1871,1,1,1,0,0.0
12421,4,4486,1,0,1,0,0.0
12422,6,3955,1,1,0,0,579.97
12423,1,1233,1,1,0,0,0.0
12424,1,5137,1,1,1,0,0.0
12425,5,4187,1,0,0,0,0.0
12426,6,3807,1,1,0,0,0.0
12427,2,5996,1,1,0,1,0.0
12428,3,2613,1,1,0,0,0.0
12429,8,5789,1,1,0,0,0.0
12430,5,5122,1,1,0,0,0.0
12431,8,3379,1,0,1,1,0.0
12432,1,4074,1,1,0,0,0.0
12433,2,1829,1,1,0,0,0.0
12434,8,3673,1,1,0,0,137.38
12435,1,2957,1,1,0,0,0.0
12436,3,1435,1,0,0,0,0.0
12437,8,4789,1,0,0,0,253.11
12438,5,5490,1,1,0,0,0.0
12439,3,4334,1,1,0,0,151.13
12440,4,4195,1,0,0,0,0.0
12441,1,4599,1,0,0,0,294.16
12442,7,4935,1,1,0,0,0.0
12443,3,3786,1,1,0,1,0.0
12444,7,3754,1,1,0,0,77.99
12445,8,2059,1,0,0,0,0.0
12446,5,4638,1,0,0,0,214.25
12447,6,2994,1,0,1,0,0.0
12448,7,5778,1,0,1,0,0.0
12449,2,3610,1,1,0,0,75.76
12450,4,2325,1,0,0,1,0.0
12451,4,2647,1,0,0,0,0.0
12452,1,3633,1,1,0,0,0.0
12453,3,4580,1,1,0,0,0.0
12454,5,3974,1,0,0,0,0.0
12455,1,5007,1,0,0,0,106.97
12456,2,1094,1,1,0,1,0.0
12457,1,1872,1,1,1,0,278.27
12458,3,4875,1,1,0,0,0.0
12459,7,5978,1,1,0,0,0.0
12460,8,3922,1,0,1,0,0.0
12461,7,2614,1,1,1,0,145.53
12462,6,3798,1,0,0,0,0.0
12463,7,3089,1,1,0,0,88.66
12464,4,5637,1,0,1,0,0.0
12465,2,4103,1,0,0,0,0.0
12466,5,4113,1,1,0,0,0.0
12467,2,2893,1,1,0,0,0.0
12468,3,4790,1,0,1,0,0.0
12469,1,1461,1,1,0,0,0.0
12470,7,2036,1,1,0,0,0.0
12471,2,5735,1,0,0,1,0.0
12472,4,4102,1,1,0,1,0.0
12473,2,5082,1,1,0,0,0.0
12474,3,3805,1,1,0,0,0.0
12475,1,2222,1,0,1,0,245.76
12476,3,5671,1,1,1,0,233.22
12477,2,5258,1,1,0,1,251.91
12478,2,3522,1,0,0,1,0.0
12479,3,5322,1,0,0,1,168.46
12480,8,5923,1,1,0,0,0.0
12481,5,3682,1,0,0,1,0.0
12482,4,4186,1,1,0,0,0.0
12483,8,4599,1,0,0,1,0.0
12484,4,5707,1,0,0,0,0.0
12485,3,3713,1,0,1,0,0.0
12486,2,3774,1,1,0,0,0.0
12487,4,3224,1,0,1,0,120.23
12488,5,4228,1,1,0,0,0.0
12489,5,5874,1,0,0,1,156.31
12490,2,4103,1,1,1,1,190.39
12491,7,3168,1,0,1,0,92.5
12492,3,4634,1,1,1,0,0.0
12493,6,5019,1,0,1,1,0.0
12494,3,1660,1,1,0,0,0.0
12495,7,5527,1,1,1,0,0.0
12496,4,4852,1,0,1,0,0.0
12497,2,4196,1,1,0,1,0.0
12498,5,3658,1,0,0,0,0.0
12499,3,3807,1,0,0,1,0.0
12500,3,2812,1,1,0,0,0.0
12501,4,5206,1,1,0,0,0.0
12502,6,2218,1,1,0,0,0.0
12503,7,3726,1,1,1,0,0.0
12504,3,2852,1,1,1,1,0.0
12505,6,5298,1,1,0,0,0.0
12506,2,4293,1,1,1,1,0.0
12507,3,2517,1,1,0,0,0.0
12508,6,2365,1,1,1,0,0.0
12509,1,1053,1,1,0,0,0.0
12510,1,2564,1,1,0,0,0.0
12511,8,3064,1,0,0,0,0.0
12512,1,2726,1,1,0,0,0.0
12513,8,4644,1,1,0,0,0.0
12514,2,5330,1,1,1,1,0.0
12515,7,3457,1,0,1,0,0.0
12516,5,5776,1,1,0,1,75.24
12517,8,5273,1,0,0,0,0.0
12518,2,4442,1,1,0,0,256.69
12519,7,4475,1,1,0,0,0.0
12520,3,4488,1,1,1,0,0.0
12521,2,2079,1,1,0,1,0.0
12522,3,1522,1,0,0,0,0.0
12523,1,3216,1,1,0,0,0.0
12524,3,1165,1,1,0,0,0.0
12525,8,2682,1,1,0,0,0.0
12526,2,3483,1,1,0,0,240.91
12527,4,5912,1,1,1,0,0.0
12528,7,1002,1,1,0,1,0.0
12529,1,5145,1,0,1,0,0.0
12530,5,2979,1,0,0,0,0.0
12531,4,2744,1,1,0,0,0.0
12532,1,1432,1,1,0,0,104.83
12533,2,5784,1,0,0,1,0.0
12534,7,1926,1,1,1,0,0.0
12535,6,5650,1,1,0,0,0.0
12536,6,1815,1,0,0,0,0.0
12537,6,2614,1,1,0,0,0.0
12538,6,3720,1,0,0,1,0.0
12539,7,2179,1,1,0,0,143.16
12540,4,1808,1,1,0,1,563.3
12541,2,4398,1,0,0,0,0.0
12542,5,1214,1,1,0,0,0.0
12543,7,3859,1,1,0,1,139.72
12544,8,4878,1,1,0,0,199.03
12545,4,4145,1,1,1,0,0.0
12546,5,2345,1,0,0,0,0.0
12547,6,3061,1,0,0,0,0.0
12548,2,3806,1,0,0,1,0.0
12549,3,3194,1,0,1,0,0.0
12550,5,5107,1,1,0,1,0.0
12551,5,2654,1,0,0,1,0.0
12552,4,5655,1,0,0,0,537.57
12553,1,5662,1,0,0,0,0.0
12554,3,4334,1,1,1,0,0.0
12555,3,3421,1,0,0,0,0.0
12556,4,5458,1,1,1,0,0.0
12557,5,5340,1,1,0,0,386.99
12558,1,1408,1,1,0,0,0.0
12559,3,5576,1,0,1,1,0.0
12560,8,5171,1,1,0,1,0.0
12561,2,3644,1,0,0,0,0.0
12562,1,4244,1,0,1,0,0.0
12563,4,4662,1,1,0,0,0.0
12564,2,1137,1,1,0,0,392.12
12565,2,2150,1,1,0,0,0.0
12566,6,2548,1,0,0,0,104.78
12567,7,4463,1,0,0,0,0.0
12568,7,1546,1,1,0,0,0.0
12569,5,1694,1,1,0,0,0.0
12570,6,4169,1,1,1,0,0.0
12571,7,3085,1,1,1,0,0.0
12572,5,5907,1,1,1,0,0.0
12573,4,3400,1,1,1,0,0.0
12574,2,2445,1,1,0,0,163.13
12575,7,5108,1,1,0,0,0.0
12576,3,4931,1,0,0,0,187.95
12577,3,1497,1,0,1,0,0.0
12578,6,5452,1,0,0,1,131.79
12579,5,4562,1,1,1,1,0.0
12580,6,4735,1,1,1,1,398.79
12581,6,4100,1,1,1,0,0.0
12582,1,2381,1,1,1,0,0.0
12583,5,3664,1,1,0,0,215.26
12584,2,5384,1,0,0,0,0.0
12585,3,2727,1,0,0,0,0.0
12586,2,2922,1,1,1,0,0.0
12587,8,4333,1,0,0,0,0.0
12588,3,3692,1,1,0,0,0.0
12589,3,4271,1,1,0,1,0.0
12590,2,3937,1,0,1,0,0.0
12591,6,1861,1,1,0,0,0.0
12592,4,4191,1,1,1,0,0.0
12593,7,1671,1,1,1,0,0.0
12594,1,3315,1,0,0,0,0.0
12595,4,5698,1,1,0,1,0.0
12596,3,3748,1,1,1,0,272.71
12597,6,3879,1,0,1,0,0.0
12598,5,3989,1,1,1,0,0.0
12599,5,3633,1,1,0,0,0.0
12600,2,1243,1,1,0,0,0.0
12601,6,5227,1,1,0,0,0.0
12602,2,4668,1,1,0,1,102.27
12603,4,3234,1,0,1,0,0.0
12604,2,3930,1,1,0,0,0.0
12605,7,3159,1,1,1,0,0.0
12606,1,4027,1,1,0,0,268.13
12607,6,1913,1,0,0,0,0.0
12608,7,5895,1,0,0,0,315.95
12609,8,1128,1,1,0,0,0.0
12610,2,3102,1,1,1,0,0.0
12611,8,3208,1,0,0,0,0.0
12612,4,1037,1,1,0,0,414.08
12613,4,5625,1,0,0,0,0.0
12614,1,3506,1,1,0,0,0.0
12615,4,5717,1,1,0,1,0.0
12616,1,3553,1,0,1,0,162.11
12617,5,1204,1,0,0,0,0.0
12618,3,4571,1,1,0,0,56.03
12619,3,2417,1,0,1,0,0.0
12620,8,2595,1,1,1,0,0.0
12621,1,3121,1,1,0,0,0.0
12622,6,2460,1,0,0,1,0.0
12623,3,2786,1,1,0,1,0.0
12624,6,2399,1,1,1,0,376.65
12625,3,4026,1,1,1,0,0.0
12626,6,4107,1,0,0,0,0.0
12627,7,1327,1,0,1,0,0.0
12628,7,4631,1,0,0,0,0.0
12629,1,5271,1,1,1,0,0.0
12630,5,3071,1,1,0,0,0.0
12631,4,3275,1,1,1,1,0.0
12632,8,4540,1,1,0,0,0.0
12633,7,4524,1,0,0,1,0.0
12634,8,3127,1,1,1,0,0.0
12635,5,3180,1,0,0,0,291.64
12636,2,1806,1,0,0,0,0.0
12637,1,2408,1,0,0,0,0.0
12638,4,5593,1,0,1,0,214.23
12639,8,2206,1,1,0,0,0.0
12640,1,5664,1,0,0,0,0.0
12641,2,1907,1,1,0,0,0.0
12642,2,2216,1,1,0,0,0.0
12643,7,4205,1,0,0,1,149.95
12644,8,4943,1,1,0,0,0.0
12645,5,1514,1,1,0,1,0.0
12646,8,3301,1,1,1,0,0.0
12647,3,3427,1,1,0,1,0.0
12648,6,5181,1,1,1,0,0.0
12649,2,1603,1,1,1,0,0.0
12650,6,4217,1,1,0,0,0.0
12651,5,3290,1,1,0,1,0.0
12652,4,2284,1,1,1,0,0.0
12653,2,4292,1,1,1,0,265.45
12654,3,4079,1,1,1,1,0.0
12655,5,1730,1,0,1,0,0.0
12656,3,5571,1,1,0,0,0.0
12657,7,1801,1,1,1,0,0.0
12658,7,5705,1,0,0,1,0.0
12659,5,2929,1,1,1,0,0.0
12660,4,1371,1,1,1,1,0.0
12661,8,1573,1,1,1,0,257.23
12662,5,2497,1,0,1,0,164.05
12663,3,2794,1,0,0,0,0.0
12664,6,3330,1,1,1,0,0.0
12665,2,5391,1,1,0,1,0.0
12666,3,3775,1,1,0,1,0.0
12667,8,4621,1,0,1,0,0.0
12668,6,4747,1,1,0,0,0.0
12669,6,4289,1,0,1,0,0.0
12670,2,2840,1,1,0,0,0.0
12671,5,4565,1,0,0,1,0.0
12672,4,4703,1,1,0,0,414.32
12673,5,3096,1,0,0,0,212.27
12674,6,2361,1,0,1,0,0.0
12675,8,4524,1,1,1,0,0.0
12676,7,2341,1,0,0,0,0.0
12677,8,4229,1,0,0,0,0.0
12678,8,4393,1,1,1,0,0.0
12679,4,1556,1,1,0,0,0.0
12680,6,3635,1,0,0,0,0.0
12681,6,2371,1,1,0,0,0.0
12682,4,4478,1,1,0,0,0.0
12683,8,2686,1,1,1,0,0.0
12684,4,4829,1,1,1,0,0.0
12685,2,2246,1,1,0,0,0.0
12686,1,2420,1,1,0,0,0.0
12687,7,1038,1,1,0,0,0.0
12688,3,2042,1,1,1,0,278.46
12689,5,5172,1,1,0,1,0.0
12690,8,4671,1,0,1,0,57.45
12691,3,3698,1,1,0,0,0.0
12692,1,5852,1,0,0,0,0.0
12693,6,5193,1,1,0,0,0.0
12694,2,1702,1,1,0,1,0.0
12695,8,1717,1,1,1,0,0.0
12696,3,1344,1,1,1,1,0.0
12697,1,1110,1,0,1,0,0.0
12698,7,1716,1,0,0,0,0.0
12699,4,1786,1,1,0,0,286.36
12700,4,3312,1,1,1,0,0.0
12701,6,3897,1,1,0,0,0.0
12702,4,4409,1,1,1,0,0.0
12703,1,1583,1,1,1,1,74.94
12704,8,4769,1,1,0,1,109.34
12705,2,4264,1,1,0,0,0.0
12706,1,4183,1,0,0,0,399.12
12707,6,5708,1,1,0,0,0.0
12708,1,2841,1,1,1,0,0.0
12709,2,1273,1,1,1,0,0.0
12710,4,4697,1,0,0,0,0.0
12711,4,3366,1,0,0,0,0.0
12712,6,4024,1,1,0,0,79.68
12713,3,3630,1,0,1,1,0.0
12714,7,2080,1,1,0,0,0.0
12715,6,1991,1,1,0,0,0.0
12716,4,4570,1,1,1,0,0.0
12717,4,5588,1,0,0,1,0.0
12718,5,3581,1,0,0,0,0.0
12719,2,5019,1,1,1,0,0.0
12720,2,1472,1,1,0,0,0.0
12721,7,5996,1,1,0,0,0.0
12722,2,3907,1,1,0,0,0.0
12723,8,5137,1,0,1,0,0.0
12724,6,4468,1,0,0,0,0.0
12725,8,4503,1,1,0,0,321.3
12726,1,1512,1,0,0,0,0.0
12727,3,4003,1,0,0,0,0.0
12728,5,2379,1,1,0,0,0.0
12729,7,1872,1,0,0,0,0.0
12730,6,5867,1,1,0,0,0.0
12731,3,2836,1,1,0,1,0.0
12732,5,2521,1,0,0,0,131.4
12733,6,3823,1,1,0,0,0.0
12734,5,4864,1,1,1,0,0.0
12735,3,3788,1,1,1,0,78.2
12736,2,2224,1,1,0,0,98.85
12737,7,3958,1,0,0,1,0.0
12738,7,2428,1,1,0,0,0.0
12739,2,4168,1,1,0,0,0.0
12740,2,3670,1,0,1,0,0.0
12741,6,3962,1,1,0,1,0.0
12742,7,4374,1,0,0,1,0.0
12743,3,2868,1,1,0,0,0.0
12744,5,3403,1,1,0,0,0.0
12745,2,2897,1,1,0,0,0.0
12746,6,4454,1,0,0,0,0.0
12747,3,3451,1,1,0,0,54.69
12748,6,5060,1,1,0,0,0.0
12749,4,2133,1,1,0,0,0.0
12750,7,5356,1,1,1,1,0.0
12751,1,1104,1,1,0,0,0.0
12752,8,4855,1,1,0,1,0.0
12753,6,4840,1,1,0,0,0.0
12754,5,4723,1,1,0,0,0.0
12755,1,3266,1,1,0,0,0.0
12756,4,2519,1,1,0,0,107.42
12757,5,2904,1,1,1,0,0.0
12758,3,4857,1,1,0,0,0.0
12759,5,1339,1,1,0,1,0.0
12760,7,5894,1,1,0,0,0.0
12761,2,5213,1,1,0,0,0.0
12762,7,3246,1,0,1,0,0.0
12763,8,4740,1,1,0,0,211.91
12764,1,2866,1,0,0,0,0.0
12765,8,5334,1,1,0,0,0.0
12766,5,5901,1,1,0,1,0.0
12767,7,5088,1,1,0,0,0.0
12768,8,3321,1,0,0,0,0.0
12769,7,4353,1,1,1,0,0.0
12770,3,2093,1,1,1,0,0.0
12771,6,5492,1,1,1,1,0.0
12772,6,2623,1,1,0,0,0.0
12773,2,3862,1,1,0,0,0.0
12774,6,4125,1,0,1,0,0.0
12775,1,1988,1,1,0,0,0.0
12776,4,4617,1,1,0,0,0.0
12777,7,3658,1,1,0,0,0.0
12778,7,4176,1,1,1,0,0.0
12779,3,2052,1,1,1,0,0.0
12780,1,3585,1,1,0,0,0.0
12781,1,2525,1,1,0,0,0.0
12782,8,2346,1,1,0,0,0.0
12783,6,3444,1,0,0,1,348.04
12784,6,1697,1,0,1,0,0.0
12785,8,3695,1,1,0,1,0.0
12786,1,5363,1,1,1,0,0.0
12787,2,5665,1,0,0,0,0.0
12788,4,1858,1,1,1,0,0.0
12789,6,2653,1,0,1,1,0.0
12790,8,3328,1,1,0,0,0.0
12791,3,4139,1,1,1,1,0.0
12792,3,5839,1,1,0,1,0.0
12793,3,4873,1,0,0,0,0.0
12794,4,4425,1,1,0,0,136.92
12795,1,2482,1,1,0,0,0.0
12796,1,4699,1,1,1,0,0.0
12797,2,4356,1,1,0,1,0.0
12798,1,5097,1,1,1,0,0.0
12799,3,2850,1,0,0,0,0.0
12800,2,5723,1,1,1,0,0.0
12801,6,2460,1,1,0,0,0.0
12802,3,3698,1,0,1,0,0.0
12803,1,3316,1,0,0,0,0.0
12804,2,4108,1,0,0,0,0.0
12805,6,2807,1,1,0,0,279.79
12806,8,1252,1,1,0,0,218.0
12807,5,3268,1,0,1,1,0.0
12808,8,3353,1,1,0,0,0.0
12809,8,5851,1,0,0,0,0.0
12810,4,2989,1,1,1,1,0.0
12811,7,5065,1,1,0,0,0.0
12812,5,5338,1,0,0,0,281.5
12813,2,3427,1,1,0,0,163.1
12814,2,5696,1,1,0,0,0.0
12815,4,3367,1,1,0,0,0.0
12816,6,1100,1,1,0,0,0.0
12817,3,3985,1,1,1,1,0.0
12818,2,1202,1,1,0,0,271.2
12819,6,4369,1,1,0,0,0.0
12820,5,1659,1,0,0,0,83.74
12821,7,5428,1,1,0,0,95.0
12822,4,4577,1,0,0,0,0.0
12823,1,5636,1,1,0,0,0.0
12824,1,5689,1,0,0,1,0.0
12825,1,1917,1,1,1,1,0.0
12826,7,2180,1,1,1,0,0.0
12827,4,4569,1,1,0,0,0.0
12828,2,4164,1,1,1,0,0.0
12829,1,2682,1,1,0,0,0.0
12830,6,2657,1,0,0,1,0.0
12831,8,5949,1,1,0,0,0.0
12832,6,4591,1,1,1,0,0.0
12833,6,1965,1,1,1,0,0.0
12834,4,4114,1,1,0,0,0.0
12835,1,4538,1,0,0,0,0.0
12836,8,3376,1,0,1,0,0.0
12837,2,2269,1,1,1,0,0.0
12838,2,3890,1,1,0,0,191.28
12839,8,4236,1,0,1,0,0.0
12840,4,3283,1,1,1,1,0.0
12841,2,3581,1,1,0,0,0.0
12842,4,1098,1,1,0,0,0.0
12843,4,2997,1,0,1,0,0.0
12844,3,2735,1,0,0,0,407.81
12845,8,3367,1,1,1,0,0.0
12846,1,1670,1,1,1,0,0.0
12847,6,5089,1,1,0,0,0.0
12848,7,1374,1,1,0,0,0.0
12849,5,5007,1,1,0,0,0.0
12850,5,5653,1,0,0,1,0.0
12851,3,4180,1,0,0,0,0.0
12852,3,2456,1,1,0,0,0.0
12853,7,1036,1,1,1,0,48.76
12854,5,2140,1,1,0,0,0.0
12855,6,2992,1,1,0,1,0.0
12856,2,4369,1,0,0,0,0.0
12857,5,1702,1,1,1,0,0.0
12858,3,4786,1,0,1,1,0.0
12859,8,1561,1,1,0,0,432.92
12860,8,3747,1,1,0,0,0.0
12861,4,4227,1,0,0,1,253.31
12862,2,4060,1,1,1,0,395.05
12863,7,2551,1,1,1,1,139.53
12864,2,1681,1,1,0,0,0.0
12865,1,1815,1,0,0,0,0.0
12866,3,4623,1,1,1,1,0.0
12867,6,4210,1,0,1,0,0.0
12868,5,2464,1,1,0,0,0.0
12869,4,5969,1,1,0,1,0.0
12870,1,4713,1,1,0,0,0.0
12871,7,1811,1,1,0,0,0.0
12872,8,2400,1,1,0,0,0.0
12873,7,4520,1,0,0,0,0.0
12874,1,3154,1,1,1,1,0.0
12875,6,3791,1,1,0,0,0.0
12876,7,5067,1,0,0,0,240.38
12877,3,5219,1,1,1,0,0.0
12878,5,3877,1,1,1,0,0.0
12879,4,3917,1,1,0,0,0.0
12880,2,3428,1,1,0,0,0.0
12881,5,1727,1,1,0,0,0.0
12882,2,4989,1,0,0,0,0.0
12883,7,2970,1,1,0,0,0.0
12884,4,5683,1,1,0,0,0.0
12885,6,4890,1,1,0,0,0.0
12886,2,1477,1,1,0,0,0.0
12887,3,4845,1,0,1,0,0.0
12888,2,4524,1,0,0,1,881.57
12889,1,5467,1,1,1,0,0.0
12890,7,4207,1,0,0,0,0.0
12891,2,1612,1,1,0,0,98.13
12892,4,1152,1,1,0,0,0.0
12893,3,1572,1,0,0,0,0.0
12894,3,2710,1,1,0,0,228.85
12895,5,1515,1,0,0,0,0.0
12896,8,2534,1,0,0,0,0.0
12897,4,4233,1,0,1,0,0.0
12898,7,3527,1,1,0,0,162.84
12899,2,1873,1,1,0,0,0.0
12900,1,4872,1,1,1,0,0.0
12901,3,2720,1,0,0,0,0.0
12902,4,4399,1,0,1,0,0.0
12903,2,1031,1,0,0,0,0.0
12904,8,3879,1,1,1,0,0.0
12905,7,5036,1,0,0,1,0.0
12906,6,3262,1,1,0,0,0.0
12907,1,5259,1,0,1,0,269.74
12908,5,2348,1,1,1,0,0.0
12909,5,4788,1,0,0,0,0.0
12910,4,2741,1,0,0,0,0.0
12911,2,3629,1,1,0,0,0.0
12912,8,3192,1,0,0,0,57.24
12913,3,1297,1,0,0,0,0.0
12914,8,1437,1,0,0,0,0.0
12915,7,1134,1,0,1,0,0.0
12916,6,4785,1,1,1,1,0.0
12917,5,3386,1,1,0,0,268.67
12918,2,4497,1,1,0,0,0.0
12919,4,3583,1,0,1,0,0.0
12920,7,3735,1,1,0,0,44.86
12921,8,5037,1,1,0,1,0.0
12922,5,5613,1,0,0,0,0.0
12923,5,4400,1,0,1,0,0.0
12924,1,2920,1,1,1,0,0.0
12925,7,4790,1,1,0,0,0.0
12926,1,1008,1,1,0,0,0.0
12927,6,1292,1,1,0,0,0.0
12928,1,2271,1,1,1,0,0.0
12929,4,1496,1,0,0,0,0.0
12930,6,4623,1,1,0,1,0.0
12931,4,5714,1,1,0,0,0.0
12932,6,2836,1,1,0,0,0.0
12933,5,3577,1,0,1,0,0.0
12934,8,1749,1,0,0,1,0.0
12935,5,2326,1,1,0,1,0.0
12936,7,1865,1,1,0,0,0.0
12937,5,2986,1,1,0,0,507.8
12938,8,1437,1,1,1,1,0.0
12939,6,3724,1,1,1,1,0.0
12940,6,3154,1,1,1,0,0.0
12941,3,1918,1,0,0,0,0.0
12942,1,1879,1,1,0,0,0.0
12943,7,3226,1,1,1,0,0.0
12944,8,5605,1,1,0,0,0.0
12945,6,1436,1,1,0,0,0.0
12946,6,1204,1,1,0,1,0.0
12947,5,4125,1,1,0,0,0.0
12948,6,4462,1,1,1,1,0.0
12949,4,3350,1,1,1,0,0.0
12950,2,1518,1,1,0,0,0.0
12951,7,2834,1,0,1,0,0.0
12952,2,1085,1,1,0,0,0.0
12953,3,5665,1,0,0,0,0.0
12954,7,5876,1,0,1,0,0.0
12955,8,5596,1,0,1,0,0.0
12956,3,2728,1,1,0,0,0.0
12957,1,2615,1,1,1,1,96.07
12958,4,5880,1,1,1,0,0.0
12959,8,2727,1,1,0,0,215.91
12960,2,2360,1,1,0,0,0.0
12961,8,2255,1,1,1,0,0.0
12962,5,1371,1,0,1,0,0.0
12963,6,3612,1,1,0,0,0.0
12964,1,5406,1,1,0,0,0.0
12965,7,1559,1,0,1,0,0.0
12966,4,4828,1,1,1,0,0.0
12967,2,2720,1,1,1,0,0.0
12968,2,1396,1,1,0,0,0.0
12969,4,2044,1,1,0,0,0.0
12970,4,5444,1,0,1,0,0.0
12971,1,5063,1,0,0,0,0.0
12972,4,3160,1,0,0,0,0.0
12973,3,5678,1,1,0,0,0.0
12974,7,1531,1,1,1,0,0.0
12975,6,5932,1,1,0,0,0.0
12976,4,1173,1,0,0,0,664.57
12977,2,3076,1,1,0,1,0.0
12978,3,2658,1,1,0,1,482.69
12979,8,3927,1,0,0,0,0.0
12980,3,5939,1,1,0,0,0.0
12981,2,3967,1,1,1,0,0.0
12982,4,4537,1,1,0,0,0.0
12983,8,5883,1,1,1,0,0.0
12984,8,1017,1,0,1,0,159.19
12985,1,1871,1,0,0,0,0.0
12986,1,1557,1,0,0,0,0.0
12987,5,3864,1,0,0,1,0.0
12988,3,5677,1,0,0,0,0.0
12989,1,3668,1,1,0,0,0.0
12990,6,1838,1,1,0,1,0.0
12991,3,3278,1,1,1,0,0.0
12992,5,1084,1,1,0,0,0.0
12993,7,3689,1,0,0,0,0.0
12994,2,3370,1,1,0,0,0.0
12995,7,1028,1,1,1,0,0.0
12996,5,2370,1,1,0,1,0.0
12997,3,4665,1,1,1,0,0.0
12998,3,4115,1,1,1,0,0.0
12999,8,2722,1,0,0,0,0.0
13000,5,5422,1,1,1,1,0.0
13001,7,2086,1,1,1,1,0.0
13002,6,1521,1,0,0,0,0.0
13003,1,5773,1,0,0,1,0.0
13004,5,2112,1,1,1,0,0.0
13005,4,2925,1,0,0,0,0.0
13006,3,1602,1,1,0,0,0.0
13007,6,4450,1,1,0,0,0.0
13008,5,1844,1,0,0,0,0.0
13009,4,3138,1,1,0,0,0.0
13010,6,4573,1,1,1,0,0.0
13011,8,1199,1,0,1,0,0.0
13012,7,1334,1,0,0,0,0.0
13013,7,2448,1,0,1,0,97.25
13014,5,2280,1,1,1,0,0.0
13015,6,5486,1,1,0,0,0.0
13016,3,4630,1,0,0,0,96.72
13017,5,3033,1,1,0,0,0.0
13018,3,1288,1,1,0,0,0.0
13019,5,3327,1,0,0,0,0.0
13020,5,1073,1,0,0,0,0.0
13021,7,1659,1,0,0,0,0.0
13022,3,3397,1,0,1,0,0.0
13023,6,2524,1,0,0,0,0.0
13024,3,5366,1,0,0,0,0.0
13025,7,3611,1,1,1,0,0.0
13026,1,4133,1,1,0,1,0.0
13027,6,3567,1,1,1,1,0.0
13028,8,4733,1,1,1,0,0.0
13029,2,3302,1,0,1,0,0.0
13030,5,4309,1,1,0,1,0.0
13031,5,4316,1,1,0,0,0.0
13032,8,1219,1,1,0,1,0.0
13033,4,4291,1,1,0,0,0.0
13034,6,3690,1,1,0,0,0.0
13035,2,1712,1,0,0,0,0.0
13036,2,2667,1,1,0,0,0.0
13037,8,4115,1,0,1,0,0.0
13038,7,1661,1,1,0,0,0.0
13039,1,1489,1,1,0,0,73.5
13040,2,5509,1,1,0,1,0.0
13041,8,3335,1,1,1,1,272.12
13042,6,1306,1,1,1,0,0.0
13043,3,2444,1,0,0,0,0.0
13044,5,5603,1,1,0,1,85.52
13045,3,2874,1,0,0,0,130.11
13046,8,2494,1,1,0,0,0.0
13047,1,5296,1,1,0,0,0.0
13048,3,2731,1,0,1,0,0.0
13049,5,1942,1,1,1,0,0.0
13050,8,4766,1,0,1,0,0.0
13051,7,5158,1,1,0,0,0.0
13052,7,4731,1,0,0,1,0.0
13053,1,2295,1,0,0,0,0.0
13054,2,4464,1,1,0,0,0.0
13055,4,2506,1,0,1,0,0.0
13056,8,2177,1,0,0,0,114.44
13057,5,4876,1,1,0,0,0.0
13058,7,1499,1,1,0,0,248.89
13059,1,1250,1,1,0,0,0.0
13060,6,4744,1,1,0,0,0.0
13061,8,1904,1,0,0,0,0.0
13062,4,5513,1,1,1,1,0.0
13063,7,3788,1,1,1,0,0.0
13064,8,4104,1,0,1,0,0.0
13065,5,4217,1,0,1,1,122.03
13066,8,5972,1,1,1,1,0.0
13067,2,2181,1,0,1,0,0.0
13068,7,1586,1,0,1,0,0.0
13069,8,4733,1,0,0,0,0.0
13070,8,5054,1,0,0,1,0.0
13071,4,4303,1,1,0,0,0.0
13072,6,4888,1,1,0,0,0.0
13073,4,5431,1,1,0,0,199.98
13074,7,4856,1,0,0,0,116.38
13075,1,3735,1,1,0,1,0.0
13076,5,2374,1,1,1,0,0.0
13077,2,5348,1,0,0,1,157.63
13078,6,4671,1,1,1,0,0.0
13079,1,2750,1,0,0,1,0.0
13080,4,5112,1,1,0,0,0.0
13081,8,3398,1,1,0,0,0.0
13082,4,3577,1,1,1,0,0.0
13083,4,5899,1,0,0,0,0.0
13084,1,1329,1,1,1,0,0.0
13085,2,4036,1,1,1,0,0.0
13086,6,2348,1,1,1,0,0.0
13087,2,2641,1,0,0,0,0.0
13088,8,5668,1,1,0,0,0.0
13089,1,2432,1,1,1,0,0.0
13090,5,3833,1,1,0,0,131.14
13091,1,4054,1,1,0,0,0.0
13092,3,1257,1,1,0,0,0.0
13093,4,4396,1,0,0,0,0.0
13094,2,1505,1,1,0,0,0.0
13095,3,4192,1,1,0,0,0.0
13096,3,1559,1,0,1,0,0.0
13097,5,5266,1,1,1,0,0.0
13098,4,3683,1,0,0,0,0.0
13099,7,5656,1,0,1,0,0.0
13100,7,2700,1,0,0,0,0.0
13101,1,1618,1,0,1,0,0.0
13102,4,5080,1,1,0,0,0.0
13103,6,4704,1,1,0,0,0.0
13104,3,1953,1,1,0,0,0.0
13105,3,1633,1,0,0,1,0.0
13106,2,4855,1,1,0,1,0.0
13107,5,5798,1,0,0,0,721.52
13108,4,5146,1,1,0,0,0.0
13109,1,4402,1,1,0,0,0.0
13110,8,4151,1,1,0,0,45.06
13111,3,2460,1,1,0,0,328.49
13112,1,2755,1,0,0,1,76.48
13113,6,1971,1,0,0,0,762.11
13114,1,2545,1,1,0,0,0.0
13115,8,5902,1,1,1,0,201.18
13116,7,2187,1,0,1,0,0.0
13117,1,3024,1,1,0,0,0.0
13118,3,2300,1,1,0,0,0.0
13119,1,3741,1,1,0,0,0.0
13120,7,4491,1,1,0,0,0.0
13121,2,4759,1,0,0,0,0.0
13122,2,4370,1,1,0,0,0.0
13123,2,1624,1,1,0,0,0.0
13124,7,3909,1,1,0,0,0.0
13125,5,4243,1,0,0,0,0.0
13126,2,4179,1,1,0,0,0.0
13127,2,2621,1,1,0,0,0.0
13128,6,4112,1,1,0,0,0.0
13129,6,4360,1,0,0,0,0.0
13130,2,5508,1,1,1,0,0.0
13131,4,1407,1,1,0,0,257.73
13132,8,4848,1,1,0,0,0.0
13133,5,1475,1,1,0,0,0.0
13134,7,4967,1,0,1,0,391.59
13135,4,4299,1,1,0,1,0.0
13136,1,2656,1,0,1,1,0.0
13137,6,2640,1,1,0,0,0.0
13138,7,2588,1,1,0,0,0.0
13139,2,4512,1,1,0,1,0.0
13140,8,5731,1,0,0,0,0.0
13141,8,4935,1,1,0,1,0.0
13142,5,2086,1,1,0,0,0.0
13143,3,2825,1,1,1,0,0.0
13144,1,1161,1,0,1,0,110.02
13145,4,4184,1,0,1,1,0.0
13146,8,2732,1,0,1,0,45.7
13147,5,3607,1,1,1,0,0.0
13148,6,5883,1,1,1,0,0.0
13149,4,4724,1,0,0,1,0.0
13150,8,2762,1,0,0,0,86.42
13151,1,4586,1,1,0,0,0.0
13152,4,4236,1,1,1,0,74.82
13153,3,3439,1,1,0,0,0.0
13154,3,1686,1,0,1,0,0.0
13155,3,2210,1,1,0,0,0.0
13156,6,4568,1,0,0,0,189.09
13157,6,1053,1,1,0,0,203.71
13158,5,4933,1,1,1,0,0.0
13159,8,1387,1,1,0,0,0.0
13160,4,2590,1,1,1,1,0.0
13161,1,3382,1,0,0,0,517.85
13162,3,4015,1,0,1,0,0.0
13163,5,2339,1,0,0,0,370.42
13164,6,2640,1,1,0,0,0.0
13165,2,5799,1,0,0,1,0.0
13166,6,5394,1,1,0,0,0.0
13167,8,1953,1,0,0,0,0.0
13168,5,3771,1,1,1,0,0.0
13169,3,5342,1,1,0,0,0.0
13170,7,1990,1,1,0,0,0.0
13171,6,2053,1,0,1,0,423.25
13172,7,1042,1,1,0,0,0.0
13173,2,4814,1,0,0,0,0.0
13174,8,4897,1,0,0,1,247.02
13175,7,1592,1,0,0,0,0.0
13176,5,1497,1,0,1,1,0.0
13177,6,4784,1,1,0,0,0.0
13178,3,2797,1,1,1,0,0.0
13179,4,4563,1,1,0,0,0.0
13180,5,3196,1,0,0,1,0.0
13181,7,4879,1,1,0,0,0.0
13182,2,5155,1,1,0,0,0.0
13183,6,5433,1,1,1,0,0.0
13184,1,4743,1,0,0,0,0.0
13185,2,4094,1,0,0,1,0.0
13186,6,1254,1,1,0,0,0.0
13187,5,3309,1,1,0,0,0.0
13188,6,3661,1,1,1,0,0.0
13189,2,5780,1,1,0,0,0.0
13190,8,1050,1,0,1,0,0.0
13191,6,4897,1,0,1,0,0.0
13192,2,2919,1,0,0,0,0.0
13193,1,3834,1,0,0,0,71.19
13194,8,5723,1,1,0,0,0.0
13195,2,4052,1,0,1,0,0.0
13196,7,2866,1,0,1,0,0.0
13197,3,2019,1,0,0,1,0.0
13198,8,5296,1,1,0,0,205.51
13199,2,1351,1,0,0,0,0.0
13200,7,5860,1,1,1,0,440.48
13201,1,4987,1,1,0,0,0.0
13202,7,3738,1,1,1,0,0.0
13203,3,5227,1,1,0,0,0.0
13204,1,2613,1,0,0,0,144.94
13205,2,4457,1,1,0,0,0.0
13206,7,1443,1,1,0,0,0.0
13207,1,4650,1,0,1,0,0.0
13208,7,2201,1,1,1,0,0.0
13209,3,1609,1,1,1,0,0.0
13210,7,2700,1,1,1,0,0.0
13211,3,1516,1,1,0,1,0.0
13212,1,3492,1,0,0,0,0.0
13213,3,3358,1,1,0,0,0.0
13214,8,3579,1,1,0,0,0.0
13215,7,5740,1,1,1,1,0.0
13216,4,2013,1,1,0,0,0.0
13217,3,1182,1,0,0,0,0.0
13218,8,4749,1,1,0,0,0.0
13219,8,5860,1,0,0,1,0.0
13220,8,2220,1,0,0,0,0.0
13221,3,2143,1,0,1,0,198.69
13222,1,5069,1,0,0,0,0.0
13223,2,2763,1,0,0,1,0.0
13224,8,5022,1,0,1,0,0.0
13225,7,1677,1,1,0,0,0.0
13226,5,1524,1,0,0,0,0.0
13227,1,5850,1,1,0,0,0.0
13228,1,3798,1,1,0,1,0.0
13229,8,3690,1,1,0,0,0.0
13230,5,1072,1,1,0,0,0.0
13231,3,3075,1,1,0,0,0.0
13232,6,5908,1,0,1,0,0.0
13233,1,5709,1,1,1,1,0.0
13234,1,5118,1,0,1,0,0.0
13235,3,2919,1,1,0,1,160.36
13236,1,1923,1,1,0,0,0.0
13237,5,3572,1,1,0,0,0.0
13238,7,4355,1,1,1,1,0.0
13239,8,4887,1,0,0,0,0.0
13240,8,2285,1,1,0,0,0.0
13241,5,5488,1,1,1,0,0.0
13242,1,2767,1,1,0,0,0.0
13243,2,2335,1,1,0,0,0.0
13244,2,5495,1,1,1,0,0.0
13245,2,5279,1,0,0,0,0.0
13246,7,2331,1,0,0,0,0.0
13247,6,4047,1,1,0,0,0.0
13248,8,1650,1,1,1,0,0.0
13249,8,2584,1,1,0,0,0.0
13250,7,5617,1,0,0,1,269.53
13251,1,5680,1,1,0,0,0.0
13252,5,2691,1,1,0,0,0.0
13253,6,1679,1,0,1,0,0.0
13254,8,3977,1,1,0,0,0.0
13255,2,1026,1,0,1,0,0.0
13256,8,3538,1,1,0,0,0.0
13257,4,4818,1,0,1,0,0.0
13258,4,5765,1,1,1,0,0.0
13259,4,1860,1,0,0,0,198.18
13260,5,2101,1,1,0,1,27.72
13261,3,4839,1,1,0,1,0.0
13262,6,5761,1,1,1,0,0.0
13263,6,3470,1,1,1,0,0.0
13264,5,1669,1,1,0,0,0.0
13265,4,4734,1,0,0,0,0.0
13266,2,1141,1,1,0,0,129.02
13267,4,3061,1,1,1,1,0.0
13268,5,2919,1,0,0,0,0.0
13269,2,2798,1,1,0,0,0.0
13270,3,1110,1,0,1,0,0.0
13271,4,4831,1,1,0,0,0.0
13272,8,4757,1,0,0,0,0.0
13273,5,2577,1,1,1,1,0.0
13274,3,2650,1,0,0,0,0.0
13275,3,1273,1,1,1,0,0.0
13276,4,5012,1,1,0,0,0.0
13277,5,2525,1,1,0,0,0.0
13278,4,1521,1,1,0,0,0.0
13279,1,4588,1,0,0,0,587.88
13280,6,3815,1,1,1,0,0.0
13281,6,4386,1,1,0,0,0.0
13282,5,5880,1,1,0,0,0.0
13283,7,2117,1,1,0,0,0.0
13284,7,1484,1,1,0,0,0.0
13285,8,1067,1,0,0,0,259.32
13286,1,5061,1,1,0,0,0.0
13287,8,2679,1,1,0,1,0.0
13288,6,2759,1,0,1,0,0.0
13289,7,3257,1,1,0,0,0.0
13290,3,1401,1,1,1,0,0.0
13291,4,4314,1,1,1,0,256.9
13292,3,4345,1,0,0,0,616.69
13293,2,1184,1,1,0,0,0.0
13294,8,2714,1,0,1,0,0.0
13295,1,5410,1,1,1,1,0.0
13296,3,4610,1,0,0,0,171.27
13297,1,1600,1,0,0,0,0.0
13298,2,5956,1,1,0,1,0.0
13299,3,2493,1,1,1,0,0.0
13300,8,5224,1,1,0,1,92.47
13301,5,1896,1,1,1,1,0.0
13302,5,4079,1,1,0,0,103.97
13303,7,3393,1,0,0,0,0.0
13304,3,3654,1,1,0,0,0.0
13305,5,4610,1,0,1,1,0.0
13306,2,2019,1,1,0,1,0.0
13307,3,1331,1,0,0,0,0.0
13308,5,1669,1,0,1,0,0.0
13309,2,4588,1,0,1,0,0.0
13310,7,1466,1,0,1,0,178.11
13311,8,3235,1,1,1,0,0.0
13312,1,3518,1,1,0,0,0.0
13313,7,4562,1,1,1,0,0.0
13314,6,1489,1,1,1,0,197.05
13315,6,3846,1,1,1,0,142.58
13316,8,1583,1,0,0,0,0.0
13317,5,3348,1,1,0,0,0.0
13318,8,1707,1,0,0,0,0.0
13319,6,1191,1,1,1,0,0.0
13320,3,1254,1,1,1,1,0.0
13321,6,1968,1,1,0,0,0.0
13322,3,2043,1,1,0,1,0.0
13323,5,1789,1,1,0,0,0.0
13324,8,3462,1,1,0,1,0.0
13325,3,3283,1,1,1,0,0.0
13326,1,1146,1,1,1,0,0.0
13327,8,5655,1,1,0,1,0.0
13328,1,3802,1,1,0,0,0.0
13329,6,3918,1,0,0,0,0.0
13330,3,5428,1,1,0,0,0.0
13331,5,4674,1,1,0,0,265.91
13332,3,3511,1,1,1,0,0.0
13333,4,4441,1,1,0,0,0.0
13334,8,2993,1,0,1,0,0.0
13335,5,3766,1,1,0,0,0.0
13336,1,5244,1,1,0,0,0.0
13337,7,1647,1,0,0,0,0.0
13338,2,4629,1,0,0,0,0.0
13339,3,1198,1,0,0,0,0.0
13340,8,3076,1,0,0,0,0.0
13341,7,2153,1,0,1,0,379.76
13342,8,1546,1,1,0,0,0.0
13343,6,3871,1,1,0,0,124.98
13344,2,4314,1,0,0,0,0.0
13345,4,2478,1,0,0,0,0.0
13346,7,4452,1,1,0,0,256.71
13347,2,2720,1,1,0,0,0.0
13348,1,3273,1,1,0,0,0.0
13349,2,1228,1,1,0,0,0.0
13350,4,4114,1,0,0,0,0.0
13351,8,4527,1,1,0,0,0.0
13352,7,2364,1,0,0,0,0.0
13353,7,5395,1,1,0,1,0.0
13354,5,4931,1,1,1,0,478.44
13355,2,3342,1,1,0,0,0.0
13356,8,4593,1,1,0,1,79.98
13357,1,2858,1,0,0,1,0.0
13358,7,4936,1,1,1,0,0.0
13359,3,3753,1,0,0,0,0.0
13360,7,2925,1,1,0,1,0.0
13361,7,5143,1,1,0,0,0.0
13362,5,5306,1,1,1,0,0.0
13363,4,4023,1,1,0,0,0.0
13364,2,4641,1,1,0,1,0.0
13365,4,3354,1,1,0,0,0.0
13366,7,4796,1,1,0,1,0.0
13367,2,4217,1,0,0,0,0.0
13368,5,5098,1,0,0,0,417.35
13369,8,5298,1,1,1,1,0.0
13370,7,4620,1,1,1,0,0.0
13371,3,5016,1,1,0,1,195.07
13372,5,3126,1,0,0,0,0.0
13373,6,4490,1,0,0,0,0.0
13374,7,2389,1,1,0,0,0.0
13375,7,4311,1,1,1,0,64.59
13376,6,3995,1,1,1,1,0.0
13377,7,3410,1,1,0,0,0.0
13378,6,4648,1,0,1,0,0.0
13379,2,2796,1,1,1,0,0.0
13380,6,5269,1,1,1,0,0.0
13381,4,1408,1,0,0,0,36.12
13382,5,3374,1,1,0,0,0.0
13383,5,3626,1,1,0,0,0.0
13384,7,3544,1,0,0,0,100.48
13385,3,4913,1,0,0,0,0.0
13386,6,1444,1,0,0,0,282.53
13387,4,1837,1,1,1,0,0.0
13388,4,2522,1,1,0,0,0.0
13389,6,5465,1,0,0,0,0.0
13390,5,2251,1,1,0,0,0.0
13391,1,2234,1,1,0,0,205.17
13392,2,2265,1,1,0,1,0.0
13393,5,5161,1,0,0,0,0.0
13394,4,3452,1,1,1,0,142.71
13395,6,4851,1,1,1,0,0.0
13396,8,4410,1,1,1,0,0.0
13397,6,1266,1,1,1,0,0.0
13398,7,4502,1,1,0,0,0.0
13399,5,3342,1,1,0,0,147.9
13400,3,1197,1,1,0,0,382.11
13401,3,1917,1,1,1,0,0.0
13402,4,1553,1,0,0,0,0.0
13403,7,1813,1,1,1,1,0.0
13404,4,3911,1,1,0,1,0.0
13405,4,1265,1,0,1,0,0.0
13406,6,2283,1,1,0,0,0.0
13407,1,4112,1,1,0,0,0.0
13408,2,3160,1,1,0,0,0.0
13409,5,4348,1,1,1,0,0.0
13410,5,1561,1,1,1,0,0.0
13411,3,5312,1,0,0,1,238.34
13412,7,3521,1,1,1,0,0.0
13413,2,5855,1,1,1,0,0.0
13414,4,3988,1,0,1,0,0.0
13415,2,5131,1,0,0,0,0.0
13416,8,1612,1,0,0,0,0.0
13417,4,3257,1,1,0,0,0.0
13418,5,4719,1,1,1,0,0.0
13419,5,4212,1,0,1,0,0.0
13420,3,5973,1,0,0,0,187.12
13421,4,5143,1,0,1,0,840.13
13422,5,3243,1,1,1,0,0.0
13423,2,3920,1,0,1,0,0.0
13424,3,1417,1,1,0,0,0.0
13425,2,4814,1,0,0,1,0.0
13426,4,1826,1,1,1,0,322.11
13427,8,2450,1,1,0,0,0.0
13428,1,5105,1,1,0,0,0.0
13429,2,1493,1,0,1,0,0.0
13430,4,3122,1,1,0,0,28.53
13431,7,2873,1,0,0,0,0.0
13432,3,4952,1,0,0,0,0.0
13433,2,4218,1,1,0,0,1211.54
13434,1,5813,1,1,0,0,0.0
13435,3,4666,1,0,1,0,0.0
13436,3,3704,1,1,0,0,0.0
13437,2,5355,1,1,0,0,0.0
13438,7,2045,1,1,0,0,0.0
13439,7,5663,1,1,0,0,209.85
13440,3,2308,1,1,0,0,0.0
13441,6,1836,1,1,0,0,0.0
13442,5,5054,1,0,0,0,0.0
13443,8,1880,1,0,1,0,0.0
13444,6,3282,1,1,0,0,0.0
13445,3,3198,1,0,1,1,0.0
13446,6,1638,1,1,0,0,221.22
13447,5,2888,1,0,0,0,0.0
13448,1,2737,1,1,1,0,0.0
13449,2,3330,1,1,1,0,0.0
13450,5,1471,1,1,0,0,0.0
13451,6,2732,1,1,0,0,0.0
13452,2,1314,1,1,1,0,0.0
13453,6,2803,1,1,0,0,0.0
13454,8,1737,1,1,1,0,0.0
13455,8,4014,1,1,0,0,0.0
13456,7,1408,1,1,0,0,0.0
13457,4,4524,1,1,0,0,0.0
13458,2,3229,1,1,0,1,0.0
13459,8,2480,1,0,0,0,0.0
13460,1,1572,1,0,1,0,0.0
13461,4,1199,1,1,0,0,0.0
13462,7,2780,1,1,1,0,0.0
13463,3,4189,1,1,1,0,0.0
13464,6,1322,1,1,0,1,0.0
13465,1,5693,1,1,0,0,0.0
13466,3,4191,1,0,1,1,0.0
13467,2,3031,1,0,0,0,0.0
13468,1,3838,1,0,0,1,0.0
13469,5,3302,1,1,1,1,0.0
13470,8,5653,1,0,1,0,0.0
13471,3,1433,1,1,1,0,0.0
13472,5,5851,1,1,0,0,0.0
13473,3,3060,1,1,0,1,0.0
13474,1,3674,1,1,0,0,0.0
13475,1,3581,1,1,1,0,0.0
13476,6,4153,1,1,0,0,0.0
13477,1,4504,1,0,0,0,0.0
13478,6,5943,1,1,0,0,273.41
13479,5,2347,1,1,1,0,0.0
13480,1,2639,1,0,0,0,0.0
13481,4,3552,1,1,0,0,0.0
13482,7,2381,1,1,0,0,0.0
13483,3,4720,1,1,0,0,0.0
13484,8,3168,1,0,1,0,0.0
13485,4,5929,1,1,0,0,0.0
13486,4,2108,1,1,1,0,0.0
13487,3,4533,1,1,0,0,0.0
13488,6,4360,1,1,0,0,0.0
13489,2,3656,1,0,1,0,0.0
13490,8,1713,1,0,0,0,0.0
13491,5,2399,1,1,0,0,0.0
13492,3,2269,1,1,1,0,0.0
13493,6,4107,1,1,0,1,0.0
13494,3,2824,1,1,0,0,0.0
13495,4,2855,1,1,0,0,0.0
13496,3,2068,1,1,0,0,167.8
13497,1,3649,1,1,1,1,0.0
13498,6,5684,1,1,1,1,0.0
13499,3,4448,1,0,0,1,135.03
13500,2,2276,1,1,0,0,0.0
13501,4,2648,1,1,0,0,0.0
13502,6,3278,1,0,1,0,0.0
13503,7,5788,1,1,0,0,0.0
13504,1,2777,1,1,0,0,0.0
13505,7,1329,1,0,1,0,0.0
13506,6,1522,1,0,1,0,545.2
13507,2,3913,1,1,0,0,0.0
13508,1,5333,1,1,0,0,0.0
13509,7,3030,1,0,1,1,0.0
13510,1,2146,1,0,0,0,0.0
13511,4,3196,1,1,0,0,0.0
13512,8,4533,1,1,0,0,0.0
13513,1,4891,1,1,0,0,0.0
13514,8,2720,1,1,0,0,0.0
13515,7,3607,1,0,1,0,344.01
13516,6,1286,1,0,0,0,0.0
13517,2,5283,1,1,0,1,0.0
13518,4,5903,1,1,0,1,0.0
13519,3,3527,1,0,0,1,0.0
13520,7,5361,1,1,1,0,0.0
13521,3,2067,1,0,1,0,0.0
13522,2,3587,1,1,0,0,42.36
13523,1,4167,1,1,0,0,0.0
13524,7,4850,1,1,0,0,0.0
13525,4,2633,1,0,0,0,0.0
13526,6,3369,1,1,0,0,0.0
13527,7,5624,1,1,0,0,0.0
13528,3,2763,1,0,0,0,0.0
13529,6,3555,1,0,0,0,0.0
13530,2,3691,1,0,1,1,0.0
13531,8,3010,1,1,0,0,0.0
13532,8,2112,1,1,0,0,0.0
13533,5,1891,1,0,0,1,0.0
13534,2,4696,1,0,0,0,0.0
13535,8,1934,1,1,0,0,487.35
13536,7,4784,1,0,0,0,0.0
13537,2,1566,1,1,0,1,223.27
13538,6,2136,1,1,1,0,0.0
13539,2,3611,1,0,1,0,0.0
13540,6,3607,1,0,1,0,120.76
13541,1,2335,1,1,0,0,0.0
13542,6,5496,1,1,0,0,0.0
13543,2,1104,1,1,1,0,196.48
13544,5,2510,1,0,1,0,0.0
13545,8,3432,1,1,0,0,0.0
13546,2,2990,1,1,1,0,0.0
13547,2,4893,1,1,0,0,0.0
13548,4,2225,1,0,1,0,123.93
13549,5,2641,1,1,0,0,0.0
13550,7,2608,1,0,0,0,0.0
13551,1,4232,1,1,0,0,158.38
13552,7,4162,1,0,0,0,0.0
13553,4,5199,1,0,1,0,0.0
13554,2,3591,1,0,0,0,0.0
13555,4,3207,1,1,1,0,0.0
13556,7,5292,1,1,0,0,0.0
13557,4,5579,1,0,0,0,0.0
13558,1,1788,1,1,0,0,0.0
13559,4,2751,1,1,0,0,140.77
13560,2,5965,1,1,0,0,0.0
13561,3,2179,1,0,0,0,0.0
13562,5,3443,1,1,0,1,0.0
13563,8,5200,1,1,0,0,0.0
13564,7,2283,1,0,0,0,0.0
13565,8,4473,1,1,0,0,0.0
13566,4,3645,1,1,0,0,0.0
13567,2,3422,1,0,0,0,0.0
13568,3,1315,1,0,0,0,168.79
13569,2,4742,1,0,0,0,0.0
13570,7,2855,1,0,1,0,143.62
13571,7,1420,1,1,0,0,0.0
13572,7,3595,1,1,0,1,86.08
13573,7,1933,1,1,0,0,0.0
13574,1,2247,1,0,1,0,0.0
13575,6,4575,1,1,1,0,0.0
13576,1,3496,1,1,1,0,0.0
13577,5,4665,1,1,0,0,0.0
13578,6,5256,1,0,0,0,0.0
13579,2,5510,1,0,0,0,0.0
13580,1,5531,1,0,0,0,0.0
13581,4,4191,1,0,0,1,0.0
13582,3,5914,1,1,0,0,0.0
13583,2,4789,1,1,0,1,0.0
13584,8,2391,1,1,0,0,0.0
13585,8,5112,1,1,0,0,0.0
13586,4,1792,1,1,0,0,0.0
13587,8,5993,1,0,1,0,0.0
13588,6,1450,1,1,0,0,186.26
13589,2,5856,1,0,0,0,0.0
13590,7,5105,1,1,1,0,0.0
13591,8,1455,1,1,0,0,0.0
13592,3,4539,1,0,0,0,0.0
13593,8,4990,1,1,0,0,0.0
13594,4,1598,1,1,0,0,0.0
13595,4,4162,1,1,0,0,0.0
13596,2,2055,1,1,1,0,0.0
13597,2,2538,1,1,0,0,132.8
13598,1,4981,1,0,0,0,178.28
13599,2,5013,1,0,0,0,220.4
13600,4,1419,1,0,1,0,0.0
13601,5,1159,1,1,0,0,0.0
13602,7,2278,1,0,0,1,0.0
13603,2,4956,1,1,0,0,0.0
13604,3,3283,1,1,0,0,0.0
13605,2,1274,1,1,1,0,0.0
13606,5,3585,1,1,1,0,0.0
13607,5,4926,1,1,0,0,0.0
13608,6,5965,1,1,0,0,0.0
13609,7,5278,1,1,1,1,0.0
13610,7,3804,1,1,0,0,0.0
13611,6,4221,1,0,0,0,177.13
13612,1,1909,1,1,1,1,0.0
13613,7,3023,1,1,1,0,0.0
13614,7,3846,1,1,0,0,0.0
13615,2,4851,1,1,0,0,198.87
13616,7,5616,1,0,1,0,0.0
13617,2,1536,1,1,0,0,0.0
13618,5,4567,1,1,0,0,0.0
13619,8,2882,1,0,1,0,0.0
13620,7,5318,1,1,0,0,66.66
13621,2,5921,1,0,0,1,0.0
13622,8,1571,1,0,0,0,0.0
13623,6,5283,1,0,0,0,0.0
13624,5,5188,1,0,0,0,0.0
13625,8,3486,1,1,0,1,0.0
13626,6,3822,1,0,1,1,0.0
13627,5,3919,1,1,0,0,0.0
13628,5,5566,1,0,1,0,0.0
13629,3,4857,1,1,1,0,0.0
13630,6,1292,1,0,0,0,0.0
13631,2,3033,1,0,0,1,0.0
13632,8,5489,1,0,0,0,0.0
13633,5,5101,1,0,0,0,0.0
13634,6,4196,1,0,0,0,0.0
13635,2,1502,1,1,1,1,0.0
13636,4,1007,1,1,1,1,212.68
13637,5,2090,1,1,0,1,0.0
13638,2,2785,1,1,0,0,0.0
13639,5,1022,1,1,1,0,0.0
13640,6,1536,1,1,1,0,0.0
13641,4,2537,1,0,0,0,961.37
13642,5,5171,1,1,0,0,0.0
13643,4,4208,1,1,0,0,0.0
13644,2,3182,1,1,0,0,0.0
13645,2,3485,1,0,0,0,0.0
13646,6,1392,1,0,0,0,136.79
13647,5,3105,1,0,0,0,0.0
13648,8,3922,1,1,1,0,0.0
13649,8,3664,1,0,1,1,0.0
13650,4,4764,1,1,1,0,0.0
13651,7,1089,1,0,1,0,0.0
13652,7,3231,1,1,0,0,0.0
13653,2,4843,1,1,1,0,0.0
13654,7,1695,1,0,0,0,0.0
13655,8,1360,1,1,1,0,0.0
13656,5,4654,1,0,1,0,46.62
13657,2,1880,1,1,0,0,0.0
13658,6,5414,1,1,1,0,0.0
13659,4,5714,1,1,0,0,0.0
13660,7,4190,1,1,1,0,0.0
13661,6,4713,1,1,0,0,0.0
13662,8,5760,1,1,0,0,303.59
13663,6,4757,1,0,0,0,0.0
13664,8,5032,1,1,0,0,0.0
13665,7,4008,1,0,0,1,0.0
13666,1,4236,1,1,1,1,206.87
13667,8,3390,1,1,0,1,111.79
13668,4,1066,1,1,0,0,93.69
13669,3,5133,1,1,0,0,0.0
13670,8,4916,1,0,1,0,0.0
13671,4,5773,1,1,0,1,0.0
13672,5,5088,1,0,0,0,0.0
13673,8,1426,1,1,0,0,128.92
13674,2,4350,1,1,0,0,0.0
13675,5,1774,1,1,0,0,151.38
13676,4,1240,1,1,0,1,0.0
13677,5,3183,1,1,0,0,0.0
13678,7,3662,1,0,0,0,0.0
13679,8,5223,1,0,0,1,307.39
13680,6,3348,1,0,0,0,0.0
13681,7,2110,1,1,0,1,0.0
13682,8,1313,1,0,0,0,0.0
13683,4,4166,1,1,0,0,0.0
13684,6,1402,1,1,0,0,0.0
13685,7,5071,1,1,0,0,0.0
13686,4,1292,1,1,0,0,0.0
13687,5,3896,1,0,0,1,84.64
13688,8,3079,1,0,0,0,0.0
13689,2,1271,1,1,1,0,0.0
13690,7,5905,1,0,0,0,187.81
13691,6,5967,1,1,0,1,0.0
13692,3,1821,1,0,0,0,0.0
13693,3,3725,1,0,0,0,122.26
13694,5,4465,1,1,0,0,0.0
13695,7,4857,1,0,0,1,91.18
13696,8,2081,1,0,0,0,0.0
13697,3,2942,1,1,0,0,0.0
13698,3,2561,1,0,1,1,223.95
13699,3,3995,1,0,0,0,0.0
13700,4,1122,1,1,0,0,0.0
13701,4,3063,1,1,0,0,0.0
13702,2,2772,1,1,1,1,0.0
13703,4,2983,1,1,1,0,0.0
13704,6,5920,1,1,0,0,0.0
13705,7,5634,1,0,1,1,0.0
13706,1,3345,1,0,0,0,0.0
13707,8,5106,1,1,0,0,0.0
13708,6,2325,1,0,1,0,0.0
13709,1,5225,1,1,1,0,0.0
13710,3,2785,1,0,0,0,0.0
13711,5,3604,1,1,1,0,0.0
13712,4,5650,1,1,0,0,0.0
13713,8,2333,1,1,1,0,0.0
13714,1,4262,1,1,0,0,0.0
13715,2,2533,1,0,0,0,0.0
13716,3,2961,1,1,0,0,0.0
13717,6,4257,1,1,0,0,0.0
13718,7,1300,1,0,0,0,0.0
13719,7,5612,1,1,1,1,0.0
13720,4,5120,1,1,0,0,0.0
13721,6,1265,1,1,0,0,0.0
13722,5,1503,1,1,0,1,0.0
13723,6,5390,1,1,0,1,0.0
13724,2,5606,1,1,1,0,0.0
13725,8,3468,1,1,0,0,0.0
13726,3,2757,1,1,0,0,0.0
13727,4,1158,1,0,0,1,0.0
13728,6,2857,1,0,0,0,0.0
13729,6,5819,1,1,0,0,0.0
13730,1,5662,1,1,1,1,0.0
13731,2,3812,1,0,0,0,0.0
13732,8,1394,1,0,0,0,0.0
13733,8,1165,1,1,0,1,0.0
13734,7,4426,1,0,0,1,0.0
13735,1,2555,1,1,0,0,117.24
13736,2,4870,1,1,0,0,0.0
13737,6,5542,1,1,1,1,0.0
13738,2,4485,1,0,0,0,0.0
13739,5,2168,1,0,1,0,0.0
13740,4,2321,1,1,0,0,0.0
13741,1,2971,1,1,1,0,0.0
13742,4,1506,1,0,0,0,0.0
13743,5,4767,1,1,1,0,0.0
13744,1,3964,1,1,0,0,0.0
13745,2,5460,1,1,0,0,0.0
13746,4,3280,1,0,1,0,39.56
13747,5,3074,1,1,0,0,334.31
13748,7,1346,1,1,0,0,262.86
13749,5,4794,1,1,0,0,0.0
13750,7,3869,1,1,1,0,0.0
13751,5,2723,1,0,0,0,0.0
13752,1,2476,1,0,0,0,0.0
13753,6,4902,1,1,1,1,148.99
13754,6,3636,1,1,0,0,0.0
13755,8,1300,1,1,0,0,0.0
13756,1,1888,1,0,0,0,0.0
13757,7,1083,1,0,1,0,92.35
13758,3,1090,1,1,0,0,0.0
13759,3,1404,1,1,1,0,0.0
13760,8,4243,1,0,0,0,0.0
13761,6,1093,1,0,0,0,0.0
13762,3,2461,1,0,0,0,0.0
13763,6,2155,1,0,0,0,0.0
13764,8,1506,1,0,0,0,0.0
13765,4,5767,1,0,0,0,102.55
13766,5,3687,1,0,0,0,0.0
13767,6,3715,1,1,0,0,0.0
13768,1,5112,1,1,1,1,0.0
13769,7,2235,1,1,0,0,0.0
13770,3,4624,1,0,1,0,0.0
13771,2,1866,1,1,1,1,0.0
13772,7,2847,1,1,0,0,0.0
13773,1,2514,1,0,0,0,0.0
13774,8,4197,1,1,0,0,0.0
13775,1,5684,1,1,1,0,0.0
13776,2,4406,1,1,1,1,0.0
13777,5,1008,1,1,1,0,0.0
13778,5,3048,1,1,0,0,0.0
13779,7,2972,1,1,0,0,0.0
13780,6,2550,1,0,0,0,0.0
13781,1,1332,1,1,0,0,272.13
13782,8,2610,1,1,1,0,294.52
13783,5,2831,1,1,0,0,0.0
13784,3,1605,1,1,0,0,215.89
13785,1,4930,1,1,1,1,0.0
13786,8,3874,1,0,1,0,0.0
13787,2,2597,1,0,0,0,0.0
13788,2,3233,1,0,1,0,0.0
13789,4,2479,1,1,1,0,201.12
13790,8,3993,1,1,0,0,0.0
13791,5,1813,1,1,0,0,0.0
13792,8,4201,1,0,0,0,0.0
13793,7,3198,1,1,0,0,181.55
13794,1,1329,1,1,0,0,185.53
13795,2,2326,1,0,0,0,0.0
13796,8,2824,1,1,1,0,0.0
13797,3,2438,1,0,1,0,0.0
13798,8,3272,1,1,1,0,188.48
13799,1,1658,1,0,1,0,126.12
13800,6,1356,1,1,1,0,240.5
13801,8,2360,1,1,0,0,0.0
13802,2,4166,1,1,1,0,0.0
13803,4,1843,1,0,0,1,0.0
13804,8,1206,1,1,0,0,0.0
13805,1,2505,1,0,1,0,0.0
13806,5,2804,1,0,0,0,0.0
13807,1,4064,1,1,0,0,0.0
13808,1,3826,1,1,0,1,0.0
13809,1,3845,1,1,0,1,0.0
13810,7,4140,1,0,0,0,0.0
13811,6,1995,1,0,1,0,0.0
13812,5,2672,1,1,1,0,0.0
13813,8,1157,1,1,0,1,0.0
13814,4,5925,1,0,1,0,0.0
13815,8,2516,1,1,0,1,0.0
13816,4,2027,1,1,0,0,0.0
13817,2,2033,1,1,0,1,0.0
13818,3,3296,1,1,0,0,0.0
13819,4,3330,1,1,0,1,0.0
13820,6,5245,1,1,1,0,0.0
13821,7,2484,1,1,0,1,0.0
13822,4,1576,1,1,1,1,0.0
13823,6,4106,1,1,1,0,0.0
13824,7,1811,1,0,0,0,0.0
13825,6,2265,1,0,0,1,0.0
13826,1,4635,1,0,1,0,0.0
13827,3,3043,1,0,1,0,0.0
13828,4,1098,1,1,0,0,0.0
13829,5,1432,1,1,0,0,0.0
13830,4,5015,1,1,0,0,0.0
13831,2,3401,1,1,0,0,0.0
13832,1,1128,1,1,0,0,0.0
13833,7,1539,1,1,1,0,0.0
13834,4,5651,1,1,1,0,0.0
13835,6,3174,1,1,0,0,0.0
13836,5,4316,1,0,0,0,0.0
13837,5,3184,1,1,0,0,0.0
13838,3,4589,1,0,1,0,0.0
13839,1,2321,1,1,0,0,147.86
13840,7,1375,1,0,0,1,0.0
13841,8,2136,1,1,0,0,0.0
13842,7,3610,1,1,0,1,156.39
13843,8,1829,1,1,0,0,0.0
13844,2,4601,1,1,0,0,0.0
13845,8,4906,1,1,0,0,0.0
13846,8,1012,1,1,0,0,0.0
13847,2,5870,1,1,1,1,0.0
13848,1,2656,1,1,0,0,0.0
13849,8,4516,1,1,0,0,0.0
13850,4,5884,1,0,1,0,0.0
13851,5,5991,1,1,0,1,0.0
13852,6,4398,1,1,0,0,0.0
13853,1,2690,1,1,1,0,0.0
13854,4,5774,1,1,1,1,0.0
13855,8,5431,1,1,0,0,230.27
13856,5,2699,1,1,0,0,0.0
13857,1,4610,1,0,0,0,0.0
13858,5,2380,1,0,0,1,0.0
13859,6,5136,1,1,1,0,0.0
13860,5,1718,1,0,0,0,0.0
13861,5,2686,1,0,1,0,0.0
13862,8,4239,1,1,0,0,0.0
13863,4,1050,1,1,0,0,0.0
13864,6,5700,1,1,0,0,0.0
13865,7,5809,1,1,0,0,0.0
13866,7,4554,1,1,0,0,464.72
13867,3,1765,1,1,1,0,0.0
13868,7,5751,1,1,0,0,0.0
13869,5,2872,1,1,1,0,0.0
13870,6,3201,1,1,0,0,0.0
13871,7,3598,1,1,1,1,0.0
13872,7,3707,1,0,0,0,0.0
13873,4,5828,1,1,0,0,619.34
13874,7,4278,1,1,0,1,0.0
13875,5,1042,1,1,0,1,0.0
13876,6,4320,1,1,0,0,0.0
13877,2,2881,1,1,0,0,129.32
13878,1,5670,1,1,1,0,76.46
13879,1,4834,1,1,1,0,0.0
13880,3,4558,1,1,0,0,0.0
13881,2,2905,1,0,1,0,0.0
13882,1,3538,1,1,0,1,0.0
13883,3,1804,1,0,1,0,0.0
13884,5,3749,1,1,0,0,0.0
13885,5,5988,1,1,0,0,0.0
13886,4,2990,1,1,1,0,0.0
13887,7,5999,1,1,1,0,0.0
13888,6,3345,1,1,0,0,0.0
13889,8,2942,1,1,0,0,0.0
13890,8,2574,1,1,0,0,0.0
13891,2,4792,1,1,1,0,0.0
13892,5,5471,1,1,1,0,0.0
13893,4,1480,1,1,1,0,0.0
13894,1,1814,1,1,1,0,0.0
13895,2,3093,1,1,0,0,0.0
13896,4,2329,1,0,0,0,0.0
13897,6,5130,1,1,0,1,175.78
13898,3,1157,1,1,0,0,0.0
13899,6,3346,1,1,0,1,0.0
13900,4,5173,1,0,0,0,0.0
13901,5,3931,1,1,1,1,0.0
13902,7,4438,1,1,0,0,0.0
13903,8,3650,1,0,0,0,0.0
13904,6,5791,1,0,0,1,0.0
13905,3,3752,1,1,0,0,0.0
13906,7,5917,1,1,0,1,0.0
13907,6,2654,1,1,1,0,607.28
13908,7,1300,1,1,1,0,0.0
13909,6,3780,1,0,0,0,0.0
13910,4,3027,1,0,1,0,45.97
13911,1,2663,1,1,0,1,0.0
13912,7,2103,1,0,0,0,0.0
13913,5,3474,1,0,0,0,79.42
13914,2,3109,1,0,0,0,0.0
13915,5,5478,1,1,0,1,0.0
13916,4,3294,1,1,0,0,401.32
13917,4,2905,1,0,0,0,0.0
13918,8,1573,1,1,0,0,0.0
13919,6,4674,1,1,0,1,0.0
13920,7,3019,1,1,0,1,439.09
13921,5,1785,1,0,0,0,0.0
13922,3,4100,1,1,0,0,0.0
13923,2,3202,1,1,0,0,0.0
13924,3,3791,1,1,0,1,0.0
13925,4,2116,1,1,1,0,0.0
13926,4,4208,1,0,0,1,327.15
13927,7,1412,1,1,1,1,0.0
13928,2,4601,1,0,0,0,0.0
13929,8,2922,1,1,1,0,0.0
13930,6,3537,1,1,0,0,0.0
13931,3,3450,1,1,0,0,0.0
13932,5,1067,1,0,1,0,0.0
13933,2,4164,1,1,0,0,0.0
13934,5,1284,1,0,0,0,0.0
13935,2,5071,1,1,0,0,0.0
13936,8,4283,1,1,0,0,0.0
13937,3,3288,1,1,0,1,0.0
13938,2,2211,1,0,1,0,0.0
13939,3,2284,1,0,0,0,0.0
13940,8,3906,1,1,0,1,0.0
13941,2,2320,1,1,1,0,0.0
13942,8,3485,1,1,1,1,0.0
13943,3,5852,1,1,0,0,0.0
13944,1,5102,1,1,0,0,0.0
13945,6,3126,1,1,1,1,0.0
13946,6,2435,1,0,1,0,0.0
13947,6,5737,1,1,0,0,0.0
13948,8,3727,1,0,0,0,0.0
13949,5,4054,1,0,0,1,0.0
13950,8,4163,1,0,0,0,169.62
13951,3,2524,1,1,1,0,0.0
13952,1,1654,1,0,1,1,0.0
13953,7,5214,1,1,0,0,0.0
13954,5,2005,1,1,0,0,0.0
13955,8,1725,1,0,1,0,0.0
13956,6,1928,1,1,0,0,0.0
13957,3,4281,1,1,0,0,0.0
13958,3,2140,1,1,0,0,385.32
13959,2,2722,1,1,0,1,211.47
13960,7,2951,1,1,0,0,0.0
13961,7,1382,1,1,0,0,0.0
13962,7,3980,1,0,0,0,0.0
13963,1,2981,1,1,0,0,0.0
13964,1,1111,1,1,0,0,0.0
13965,7,2004,1,1,0,0,0.0
13966,7,3402,1,0,0,1,0.0
13967,8,1719,1,1,1,0,0.0
13968,4,4408,1,0,0,0,0.0
13969,4,2901,1,1,0,0,0.0
13970,1,5839,1,1,1,1,0.0
13971,8,2329,1,1,0,0,0.0
13972,3,5117,1,1,1,0,0.0
13973,4,4366,1,0,0,0,0.0
13974,1,3274,1,1,0,0,150.71
13975,2,5029,1,1,1,0,0.0
13976,2,3730,1,1,0,0,0.0
13977,4,3941,1,1,0,1,505.62
13978,2,5077,1,0,0,0,65.28
13979,5,5972,1,1,0,0,217.56
13980,2,5565,1,0,0,0,0.0
13981,6,2366,1,0,0,0,0.0
13982,1,3540,1,1,1,1,118.8
13983,8,3278,1,0,0,0,0.0
13984,5,5053,1,0,1,0,0.0
13985,5,1057,1,1,0,1,268.64
13986,8,3035,1,0,1,0,0.0
13987,2,4488,1,1,0,0,0.0
13988,2,4220,1,1,1,0,0.0
13989,3,4727,1,1,1,0,0.0
13990,7,4319,1,1,0,0,0.0
13991,3,1462,1,1,1,0,0.0
13992,5,5225,1,0,0,0,0.0
13993,6,1687,1,0,0,0,0.0
13994,4,2028,1,0,0,0,0.0
13995,6,1245,1,0,0,0,0.0
13996,1,2681,1,1,0,0,0.0
13997,1,5605,1,0,0,0,0.0
13998,7,3188,1,0,0,0,0.0
13999,7,3849,1,0,1,0,0.0
14000,4,5334,1,1,0,0,0.0
14001,2,4116,1,1,0,0,0.0
14002,6,3633,1,0,1,0,278.9
14003,6,4622,1,1,0,0,0.0
14004,7,4600,1,0,0,1,0.0
14005,6,3231,1,1,1,0,0.0
14006,7,4947,1,1,0,0,0.0
14007,5,1998,1,0,0,0,0.0
14008,3,3297,1,0,0,0,0.0
14009,6,3469,1,0,0,0,0.0
14010,4,2391,1,1,1,0,0.0
14011,8,3146,1,1,0,0,0.0
14012,1,4234,1,1,0,1,0.0
14013,5,1215,1,0,0,1,0.0
14014,2,2498,1,1,0,0,182.84
14015,4,5123,1,1,0,0,0.0
14016,1,2355,1,1,1,0,0.0
14017,3,1151,1,1,0,1,0.0
14018,7,2311,1,1,0,0,0.0
14019,4,4437,1,0,0,0,103.69
14020,3,1278,1,1,1,0,0.0
14021,3,5092,1,1,0,0,0.0
14022,1,5595,1,1,1,1,156.62
14023,1,4012,1,0,0,0,0.0
14024,6,2311,1,1,1,0,0.0
14025,8,4355,1,1,0,0,199.64
14026,2,1760,1,1,1,0,0.0
14027,2,2386,1,1,0,0,393.36
14028,6,3064,1,0,0,0,0.0
14029,8,4381,1,1,1,0,0.0
14030,1,3486,1,1,0,0,0.0
14031,2,5125,1,1,0,0,222.92
14032,8,2860,1,1,0,0,0.0
14033,3,1071,1,1,0,0,0.0
14034,3,2722,1,0,0,0,76.28
14035,7,2034,1,1,0,0,122.37
14036,4,2749,1,1,0,0,210.0
14037,5,1688,1,1,0,0,0.0
14038,1,3762,1,1,0,0,0.0
14039,7,5534,1,1,0,0,0.0
14040,3,4784,1,0,0,0,0.0
14041,7,2129,1,0,0,0,0.0
14042,4,5173,1,1,0,1,0.0
14043,6,5884,1,1,0,1,0.0
14044,7,4716,1,1,1,1,844.16
14045,6,1521,1,1,0,0,0.0
14046,4,2669,1,1,1,1,0.0
14047,1,3218,1,1,0,0,0.0
14048,4,2190,1,0,1,0,0.0
14049,8,1651,1,1,0,1,0.0
14050,8,1434,1,1,1,0,0.0
14051,4,2862,1,1,0,0,0.0
14052,2,2296,1,1,0,1,56.5
14053,1,4489,1,0,0,0,0.0
14054,4,2486,1,1,0,0,0.0
14055,4,1066,1,0,0,0,0.0
14056,8,2771,1,0,0,0,0.0
14057,8,1604,1,1,0,0,126.46
14058,2,3764,1,1,1,0,0.0
14059,1,5511,1,1,1,0,0.0
14060,5,2271,1,1,1,1,0.0
14061,7,1041,1,0,1,0,0.0
14062,8,4718,1,1,1,1,0.0
14063,3,1032,1,1,0,0,0.0
14064,4,4968,1,0,1,1,0.0
14065,7,3180,1,1,0,0,0.0
14066,2,3845,1,1,0,0,0.0
14067,3,1534,1,1,1,0,0.0
14068,8,1264,1,1,0,0,0.0
14069,1,4715,1,0,0,0,76.56
14070,6,3153,1,0,1,0,0.0
14071,1,3868,1,0,0,1,0.0
14072,3,3005,1,1,0,0,0.0
14073,7,1956,1,1,0,0,0.0
14074,5,3275,1,1,0,0,0.0
14075,5,4841,1,1,0,0,0.0
14076,6,4183,1,0,0,0,68.54
14077,5,3425,1,1,1,0,0.0
14078,3,1823,1,0,1,0,0.0
14079,7,2409,1,1,0,0,188.21
14080,2,5350,1,0,0,0,281.08
14081,5,3639,1,1,1,0,0.0
14082,8,5705,1,1,1,0,0.0
14083,6,5944,1,1,1,0,0.0
14084,3,3512,1,1,0,0,0.0
14085,6,2610,1,0,0,0,0.0
14086,4,4880,1,0,0,0,0.0
14087,8,2219,1,1,0,1,0.0
14088,5,4787,1,1,0,1,0.0
14089,6,4926,1,1,1,0,0.0
14090,6,4921,1,0,0,0,0.0
14091,1,5131,1,1,0,0,0.0
14092,5,5411,1,0,1,0,91.65
14093,5,2276,1,1,1,0,0.0
14094,8,5623,1,0,0,0,211.25
14095,8,1681,1,1,1,0,0.0
14096,4,4238,1,0,0,0,245.05
14097,5,4623,1,1,1,0,106.24
14098,1,2105,1,0,1,0,0.0
14099,1,1627,1,1,1,0,56.03
14100,6,4411,1,1,1,0,0.0
14101,8,2528,1,0,0,0,0.0
14102,5,4362,1,1,0,1,115.06
14103,7,3153,1,0,0,0,0.0
14104,4,4531,1,0,0,0,0.0
14105,7,4123,1,1,0,0,0.0
14106,4,1863,1,1,1,0,0.0
14107,4,2348,1,1,0,0,0.0
14108,5,3059,1,1,0,1,0.0
14109,3,4953,1,1,0,0,0.0
14110,4,1187,1,1,0,0,0.0
14111,1,1343,1,0,1,0,0.0
14112,6,2472,1,1,1,0,0.0
14113,6,4933,1,0,0,1,0.0
14114,2,5136,1,0,0,0,0.0
14115,5,3004,1,1,0,0,0.0
14116,7,4447,1,0,0,0,74.19
14117,7,1244,1,1,0,0,0.0
14118,3,1782,1,1,0,0,0.0
14119,7,1216,1,1,1,0,468.9
14120,3,4688,1,0,0,0,0.0
14121,3,1673,1,0,0,1,0.0
14122,8,3108,1,1,0,0,0.0
14123,5,1501,1,0,1,0,0.0
14124,6,5796,1,1,0,0,0.0
14125,2,1007,1,1,0,1,0.0
14126,4,4753,1,1,1,0,0.0
14127,2,3444,1,1,1,1,0.0
14128,5,4993,1,1,0,0,0.0
14129,2,2964,1,1,1,0,0.0
14130,3,5715,1,1,0,0,0.0
14131,1,2762,1,1,0,0,240.3
14132,2,3091,1,0,1,0,0.0
14133,8,5151,1,1,1,0,0.0
14134,5,3873,1,1,1,0,0.0
14135,6,1215,1,1,0,0,0.0
14136,6,3466,1,0,0,1,0.0
14137,8,5285,1,1,0,0,0.0
14138,4,2537,1,1,0,0,419.6
14139,7,2384,1,1,0,0,0.0
14140,7,5855,1,1,0,1,0.0
14141,8,3231,1,1,0,0,0.0
14142,2,5921,1,0,0,0,0.0
14143,3,4571,1,1,0,0,0.0
14144,1,1502,1,1,0,1,0.0
14145,2,4391,1,0,0,0,38.9
14146,2,4355,1,0,0,0,0.0
14147,5,5675,1,1,0,1,29.73
14148,1,5777,1,1,0,0,0.0
14149,8,2716,1,1,1,1,249.71
14150,4,5036,1,0,0,0,120.14
14151,4,2605,1,1,1,0,0.0
14152,2,3762,1,1,1,0,0.0
14153,4,3014,1,1,0,0,0.0
14154,8,3744,1,1,0,0,0.0
14155,7,5352,1,1,0,0,172.93
14156,3,2700,1,1,0,0,0.0
14157,3,1583,1,1,0,0,0.0
14158,2,2418,1,1,1,0,94.93
14159,8,3437,1,1,0,0,0.0
14160,1,4741,1,1,0,0,0.0
14161,6,5699,1,0,0,1,0.0
14162,3,4615,1,1,0,0,0.0
14163,6,2819,1,1,0,0,0.0
14164,2,4824,1,0,0,0,0.0
14165,4,1554,1,1,1,1,0.0
14166,4,4064,1,1,1,0,429.1
14167,6,2853,1,0,0,0,0.0
14168,5,2111,1,0,0,0,0.0
14169,7,3697,1,1,0,0,171.05
14170,1,5849,1,1,0,0,0.0
14171,8,1360,1,1,0,0,117.75
14172,7,2246,1,1,0,0,0.0
14173,3,2981,1,1,0,0,0.0
14174,6,5265,1,0,0,0,0.0
14175,6,1255,1,0,1,0,0.0
14176,4,2213,1,1,0,1,0.0
14177,6,1485,1,1,1,0,261.41
14178,8,5924,1,1,0,0,0.0
14179,1,5618,1,1,0,0,0.0
14180,6,2816,1,0,0,1,0.0
14181,7,3918,1,0,0,0,0.0
14182,5,5565,1,0,1,0,0.0
14183,2,4105,1,1,0,0,0.0
14184,5,4297,1,1,0,0,0.0
14185,6,4412,1,1,0,0,0.0
14186,3,5503,1,1,0,0,0.0
14187,5,3108,1,1,0,0,0.0
14188,7,2198,1,1,0,0,1024.19
14189,1,5255,1,0,0,0,0.0
14190,1,5466,1,0,0,0,0.0
14191,8,2965,1,1,0,0,0.0
14192,3,5283,1,1,0,1,0.0
14193,3,3504,1,1,0,0,0.0
14194,1,3685,1,1,0,1,0.0
14195,2,5231,1,0,0,0,0.0
14196,8,4775,1,0,1,0,0.0
14197,5,1297,1,1,0,0,0.0
14198,5,4701,1,0,1,0,0.0
14199,3,3091,1,1,0,0,0.0
14200,7,3237,1,1,0,1,0.0
14201,4,3107,1,0,1,0,0.0
14202,4,4847,1,0,0,0,0.0
14203,4,3982,1,1,0,0,0.0
14204,3,4997,1,1,0,1,0.0
14205,3,1193,1,0,1,1,0.0
14206,4,4158,1,0,0,0,0.0
14207,8,3275,1,1,1,0,0.0
14208,5,4320,1,0,0,1,0.0
14209,8,2220,1,0,0,0,0.0
14210,4,3306,1,0,0,0,211.14
14211,8,5691,1,0,0,0,0.0
14212,3,3692,1,1,1,1,0.0
14213,4,2610,1,0,0,0,0.0
14214,2,4526,1,1,0,0,0.0
14215,1,5529,1,1,0,0,0.0
14216,6,4529,1,1,0,0,0.0
14217,6,4207,1,1,1,0,0.0
14218,7,2446,1,1,0,0,0.0
14219,7,5939,1,1,1,0,261.68
14220,2,4000,1,1,1,1,0.0
14221,3,1361,1,1,0,0,0.0
14222,4,5051,1,0,0,0,0.0
14223,5,1288,1,1,0,0,0.0
14224,1,1605,1,1,0,0,0.0
14225,2,3867,1,1,0,1,0.0
14226,5,3460,1,0,0,1,196.21
14227,1,3467,1,0,0,0,0.0
14228,4,2850,1,1,1,0,0.0
14229,3,4043,1,1,0,0,0.0
14230,4,2137,1,1,1,0,0.0
14231,4,1905,1,1,1,0,0.0
14232,8,1459,1,0,1,0,0.0
14233,2,3132,1,1,0,0,0.0
14234,2,5814,1,1,0,0,185.31
14235,2,1352,1,1,1,0,0.0
14236,2,1775,1,0,1,0,162.63
14237,5,2831,1,1,1,1,0.0
14238,8,2093,1,1,1,0,0.0
14239,6,2416,1,0,0,0,0.0
14240,3,5786,1,1,0,0,0.0
14241,6,2618,1,1,0,0,0.0
14242,7,2985,1,1,1,0,0.0
14243,4,1852,1,0,0,0,0.0
14244,8,4749,1,0,0,0,0.0
14245,3,3767,1,1,1,0,0.0
14246,8,1564,1,1,0,0,0.0
14247,6,1846,1,1,0,0,0.0
14248,1,4613,1,0,0,0,0.0
14249,8,5303,1,1,0,0,0.0
14250,3,3238,1,1,0,0,0.0
14251,6,1903,1,1,0,0,136.58
14252,3,5252,1,1,0,0,0.0
14253,5,1500,1,1,0,0,0.0
14254,8,4149,1,1,0,0,326.83
14255,1,5763,1,1,0,0,0.0
14256,3,5109,1,1,0,0,0.0
14257,2,4109,1,1,0,1,0.0
14258,7,5834,1,1,0,0,0.0
14259,1,5435,1,1,0,0,0.0
14260,1,5586,1,1,1,0,0.0
14261,3,5648,1,1,1,0,160.86
14262,3,2998,1,1,0,0,0.0
14263,4,1644,1,0,0,0,0.0
14264,3,3950,1,1,0,1,80.41
14265,6,2878,1,1,0,0,0.0
14266,4,2279,1,1,1,0,303.65
14267,5,3608,1,1,1,0,273.29
14268,5,2003,1,1,1,0,0.0
14269,6,5898,1,0,0,0,0.0
14270,3,3600,1,1,1,0,0.0
14271,5,5200,1,0,0,0,0.0
14272,1,2460,1,1,0,1,0.0
14273,8,2168,1,0,0,0,0.0
14274,3,1980,1,0,1,1,0.0
14275,7,1874,1,0,0,0,0.0
14276,3,2717,1,1,1,0,0.0
14277,4,2401,1,0,0,0,0.0
14278,1,3215,1,0,0,0,0.0
14279,2,3493,1,0,1,0,0.0
14280,1,5718,1,1,0,0,0.0
14281,7,3564,1,1,0,0,60.54
14282,4,2867,1,1,0,0,0.0
14283,2,4823,1,1,1,0,59.67
14284,3,5501,1,1,1,1,0.0
14285,3,1391,1,0,0,1,0.0
14286,7,3063,1,0,1,0,150.89
14287,8,3282,1,0,0,0,0.0
14288,2,3380,1,0,0,1,285.24
14289,5,5597,1,1,0,0,0.0
14290,2,5444,1,0,0,0,0.0
14291,4,2510,1,0,0,0,0.0
14292,8,4885,1,0,1,0,0.0
14293,7,4212,1,1,0,0,0.0
14294,2,2767,1,1,0,0,0.0
14295,4,2612,1,0,0,1,0.0
14296,4,3757,1,1,0,0,0.0
14297,3,3773,1,0,1,0,0.0
14298,3,3241,1,0,0,0,0.0
14299,3,5290,1,1,0,0,0.0
14300,2,5320,1,1,0,0,0.0
14301,2,5791,1,1,0,0,0.0
14302,8,4487,1,1,1,0,0.0
14303,1,1374,1,0,0,1,0.0
14304,6,2869,1,1,0,0,52.77
14305,4,3210,1,1,0,0,0.0
14306,2,3115,1,1,0,1,0.0
14307,3,4620,1,1,0,1,0.0
14308,4,4621,1,1,0,0,287.96
14309,4,3648,1,1,0,0,0.0
14310,5,1718,1,1,1,0,158.5
14311,5,1657,1,0,0,0,0.0
14312,4,4447,1,1,0,0,0.0
14313,4,4156,1,1,0,0,0.0
14314,8,3081,1,0,0,0,0.0
14315,6,3400,1,0,0,0,93.28
14316,8,5432,1,1,0,1,0.0
14317,1,5053,1,1,0,0,0.0
14318,3,3973,1,1,0,0,0.0
14319,5,4750,1,1,0,0,0.0
14320,2,1192,1,0,1,0,0.0
14321,6,2862,1,1,0,0,145.95
14322,1,4027,1,0,0,0,0.0
14323,1,2735,1,1,0,0,0.0
14324,3,4452,1,1,0,0,0.0
14325,6,1514,1,1,0,0,130.16
14326,2,3588,1,0,1,0,0.0
14327,5,1916,1,1,0,0,212.76
14328,8,4273,1,1,1,0,102.69
14329,3,3050,1,0,1,0,0.0
14330,4,5793,1,1,1,0,0.0
14331,1,5802,1,0,1,0,0.0
14332,4,4789,1,1,1,0,0.0
14333,5,4360,1,1,0,0,0.0
14334,5,5777,1,1,0,1,0.0
14335,8,2104,1,1,0,0,0.0
14336,4,4269,1,1,1,0,0.0
14337,4,5089,1,0,0,0,282.12
14338,1,5783,1,1,0,0,0.0
14339,8,2588,1,1,0,1,0.0
14340,2,1040,1,0,0,1,184.29
14341,4,1996,1,0,0,0,0.0
14342,3,4514,1,1,0,0,0.0
14343,5,3800,1,0,0,0,0.0
14344,3,4908,1,1,0,1,0.0
14345,5,2843,1,0,0,0,417.64
14346,1,5323,1,0,0,0,0.0
14347,5,1083,1,1,0,0,0.0
14348,7,2425,1,1,0,1,0.0
14349,5,3396,1,0,0,0,0.0
14350,6,3154,1,1,0,1,18.73
14351,1,5394,1,1,0,0,0.0
14352,8,2660,1,1,0,0,0.0
14353,4,1326,1,1,0,0,0.0
14354,4,5471,1,1,1,0,0.0
14355,5,3669,1,0,0,0,159.81
14356,7,5734,1,0,0,0,0.0
14357,2,2550,1,1,0,0,0.0
14358,3,5876,1,1,1,0,0.0
14359,1,5742,1,1,0,0,0.0
14360,1,1363,1,1,1,0,0.0
14361,5,2345,1,0,0,1,214.0
14362,5,4298,1,0,0,0,0.0
14363,3,5325,1,1,0,0,0.0
14364,6,5542,1,1,0,0,0.0
14365,1,4978,1,1,1,0,0.0
14366,8,1226,1,0,0,0,0.0
14367,4,2935,1,1,0,1,67.1
14368,5,2479,1,1,0,0,0.0
14369,7,1771,1,0,0,0,0.0
14370,7,1212,1,0,1,1,0.0
14371,6,5959,1,1,0,0,0.0
14372,1,4672,1,1,1,0,0.0
14373,4,2364,1,1,1,1,0.0
14374,1,4688,1,1,0,0,76.28
14375,6,1766,1,1,1,1,172.44
14376,4,3891,1,1,0,0,260.34
14377,5,4642,1,0,0,1,0.0
14378,6,4416,1,1,1,0,0.0
14379,6,2641,1,1,1,0,0.0
14380,4,5695,1,1,0,0,0.0
14381,8,4745,1,1,0,0,0.0
14382,1,1580,1,1,0,0,171.66
14383,2,5551,1,0,0,0,0.0
14384,2,4653,1,0,1,0,271.88
14385,2,2283,1,1,0,0,0.0
14386,7,4438,1,0,0,1,0.0
14387,6,4833,1,1,0,0,0.0
14388,5,4504,1,1,0,0,0.0
14389,5,2354,1,0,1,0,0.0
14390,1,3332,1,1,0,0,0.0
14391,2,5858,1,1,1,0,0.0
14392,8,2584,1,0,0,0,0.0
14393,3,5901,1,1,0,0,0.0
14394,8,3425,1,0,0,0,262.15
14395,8,3555,1,1,0,0,0.0
14396,7,3840,1,0,0,1,0.0
14397,3,2565,1,0,0,0,0.0
14398,2,2690,1,0,0,0,0.0
14399,7,3955,1,1,1,0,0.0
14400,5,1105,1,1,0,0,0.0
14401,7,4089,1,1,0,0,0.0
14402,5,2524,1,0,0,0,0.0
14403,6,3761,1,1,0,0,0.0
14404,8,5461,1,0,0,0,0.0
14405,3,5200,1,1,1,0,0.0
14406,3,1258,1,1,0,0,0.0
14407,7,5309,1,0,0,0,0.0
14408,5,1763,1,1,0,0,0.0
14409,8,4671,1,1,0,1,0.0
14410,5,2027,1,1,0,0,0.0
14411,4,2939,1,1,0,1,116.19
14412,7,1224,1,0,0,0,0.0
14413,4,2794,1,0,0,0,0.0
14414,3,5526,1,0,0,0,0.0
14415,7,2866,1,1,0,0,57.36
14416,5,3229,1,0,1,0,0.0
14417,2,3836,1,0,0,0,0.0
14418,8,2632,1,1,0,0,0.0
14419,1,1274,1,1,0,1,0.0
14420,1,3032,1,1,0,1,0.0
14421,5,2769,1,1,1,0,0.0
14422,5,1770,1,1,0,0,0.0
14423,3,3375,1,0,1,0,0.0
14424,2,5281,1,1,1,1,0.0
14425,3,2891,1,1,0,0,0.0
14426,6,5016,1,1,1,1,0.0
14427,2,2556,1,1,0,0,0.0
14428,6,4594,1,1,0,0,0.0
14429,3,1760,1,1,1,0,0.0
14430,7,2467,1,0,1,0,0.0
14431,5,1457,1,1,1,1,96.93
14432,8,4289,1,0,0,0,58.83
14433,5,4812,1,1,0,1,0.0
14434,8,4754,1,1,0,0,0.0
14435,3,3370,1,1,0,0,0.0
14436,6,1515,1,0,0,0,0.0
14437,6,4340,1,1,1,0,0.0
14438,3,2474,1,1,0,1,0.0
14439,4,4046,1,0,1,0,0.0
14440,7,1879,1,1,1,0,0.0
14441,1,5934,1,0,1,1,0.0
14442,8,5696,1,1,0,1,0.0
14443,8,5441,1,0,0,0,0.0
14444,4,1792,1,1,0,0,0.0
14445,4,2813,1,1,0,1,0.0
14446,2,1317,1,0,0,0,0.0
14447,7,2137,1,1,0,0,0.0
14448,6,4341,1,1,0,0,0.0
14449,8,3322,1,0,0,0,0.0
14450,2,3964,1,0,0,0,0.0
14451,6,2412,1,1,0,0,102.64
14452,2,3807,1,1,1,1,0.0
14453,8,3701,1,0,0,0,0.0
14454,2,3432,1,1,0,0,0.0
14455,5,3959,1,1,0,1,0.0
14456,7,3782,1,1,0,0,0.0
14457,6,5111,1,1,1,0,0.0
14458,1,3039,1,1,1,0,77.48
14459,8,1475,1,0,0,0,0.0
14460,2,1198,1,1,0,0,0.0
14461,5,5498,1,1,0,0,0.0
14462,4,2195,1,1,0,0,0.0
14463,1,1968,1,1,1,0,0.0
14464,5,3419,1,1,0,1,127.63
14465,4,4890,1,1,0,0,0.0
14466,4,4475,1,1,0,0,0.0
14467,7,4507,1,1,0,0,0.0
14468,8,2393,1,0,0,0,155.07
14469,5,4589,1,0,1,0,0.0
14470,5,3691,1,1,0,0,0.0
14471,6,5838,1,1,1,0,0.0
14472,8,1162,1,1,0,0,0.0
14473,5,4816,1,1,0,0,0.0
14474,5,3901,1,0,1,0,0.0
14475,5,3914,1,1,0,0,0.0
14476,6,5278,1,1,0,0,0.0
14477,6,4409,1,0,0,0,0.0
14478,2,5169,1,0,0,0,0.0
14479,8,2655,1,1,0,0,0.0
14480,3,2417,1,1,1,0,0.0
14481,6,3339,1,1,1,0,0.0
14482,2,5445,1,0,1,1,0.0
14483,7,2708,1,1,0,0,0.0
14484,3,1600,1,1,0,0,0.0
14485,8,5920,1,1,0,0,280.24
14486,6,4125,1,0,0,1,0.0
14487,3,5665,1,0,0,0,0.0
14488,6,2716,1,1,0,0,0.0
14489,6,2315,1,1,0,0,0.0
14490,3,3074,1,1,0,0,0.0
14491,2,4739,1,1,0,0,230.26
14492,5,4307,1,1,0,1,0.0
14493,6,2510,1,0,0,1,0.0
14494,8,5529,1,0,0,0,0.0
14495,1,1755,1,1,0,0,0.0
14496,2,5490,1,1,0,0,0.0
14497,5,2185,1,0,1,0,0.0
14498,7,2965,1,1,1,0,0.0
14499,6,5665,1,1,0,1,0.0
14500,1,2537,1,1,0,0,53.16
14501,8,1374,1,0,0,0,0.0
14502,8,3715,1,1,1,0,0.0
14503,3,3282,1,1,0,1,0.0
14504,6,3172,1,0,0,0,0.0
14505,7,4623,1,1,1,1,0.0
14506,8,5774,1,1,0,0,0.0
14507,2,3706,1,1,0,0,0.0
14508,1,2432,1,0,0,0,0.0
14509,8,4114,1,0,0,0,252.97
14510,8,5039,1,0,0,0,0.0
14511,3,2549,1,1,1,0,0.0
14512,1,5644,1,0,0,0,0.0
14513,4,3527,1,1,1,0,0.0
14514,5,2750,1,1,0,1,302.37
14515,8,1322,1,1,0,0,0.0
14516,5,2975,1,1,0,0,0.0
14517,4,2910,1,1,1,0,0.0
14518,8,3033,1,1,1,0,164.16
14519,6,4846,1,1,0,0,0.0
14520,7,1321,1,1,1,0,0.0
14521,1,1425,1,1,0,1,0.0
14522,3,1243,1,1,0,0,0.0
14523,5,1052,1,1,0,0,0.0
14524,5,4465,1,1,0,0,0.0
14525,5,3254,1,1,0,0,0.0
14526,2,5621,1,1,0,0,0.0
14527,4,3146,1,0,0,0,0.0
14528,8,1376,1,0,0,0,0.0
14529,2,5919,1,1,1,0,0.0
14530,1,2216,1,1,0,0,152.77
14531,1,3746,1,1,0,0,0.0
14532,8,4343,1,0,0,0,0.0
14533,3,2688,1,1,1,0,0.0
14534,8,2778,1,1,0,0,256.97
14535,1,3451,1,1,0,0,0.0
14536,6,1244,1,1,1,0,0.0
14537,5,2825,1,1,0,0,0.0
14538,5,3210,1,1,0,0,0.0
14539,5,5638,1,1,0,0,727.16
14540,5,3785,1,1,0,0,0.0
14541,8,5689,1,1,1,0,116.84
14542,6,3504,1,1,0,0,116.27
14543,6,1390,1,1,0,0,0.0
14544,6,3997,1,1,0,0,0.0
14545,6,5587,1,1,0,0,0.0
14546,7,2766,1,1,1,0,0.0
14547,6,1090,1,1,0,0,0.0
14548,7,2129,1,0,1,1,0.0
14549,5,5406,1,0,0,0,0.0
14550,5,2717,1,1,1,0,0.0
14551,3,4079,1,1,0,1,110.92
14552,6,1765,1,0,0,0,0.0
14553,5,2455,1,0,0,0,0.0
14554,8,5077,1,0,1,0,0.0
14555,2,3474,1,1,1,0,0.0
14556,5,4648,1,0,0,0,0.0
14557,4,4741,1,1,0,0,0.0
14558,6,4794,1,1,0,0,0.0
14559,7,3303,1,1,0,0,0.0
14560,6,2737,1,1,0,0,320.76
14561,2,2557,1,1,1,0,204.93
14562,3,3333,1,0,0,0,0.0
14563,7,1102,1,0,1,1,0.0
14564,5,1156,1,0,1,0,0.0
14565,3,3400,1,1,0,0,0.0
14566,6,5357,1,0,1,0,0.0
14567,1,3060,1,1,1,0,0.0
14568,7,2331,1,1,0,0,0.0
14569,8,2889,1,1,1,0,0.0
14570,6,4639,1,1,1,1,292.84
14571,4,4884,1,0,0,0,0.0
14572,2,1002,1,0,1,0,0.0
14573,6,4463,1,0,0,0,0.0
14574,4,1583,1,1,0,0,0.0
14575,5,3742,1,1,1,1,938.43
14576,3,4929,1,1,1,0,0.0
14577,8,1628,1,0,1,0,133.07
14578,6,1595,1,1,0,0,0.0
14579,7,5510,1,0,0,0,0.0
14580,1,5722,1,1,0,1,82.77
14581,1,1624,1,1,1,1,0.0
14582,6,1098,1,0,0,0,0.0
14583,7,3903,1,1,0,0,0.0
14584,8,4856,1,1,0,0,0.0
14585,3,3436,1,1,0,0,0.0
14586,5,4020,1,1,1,0,0.0
14587,6,2102,1,1,0,1,0.0
14588,7,1614,1,0,1,1,0.0
14589,7,1650,1,1,0,0,0.0
14590,1,3320,1,0,1,0,421.41
14591,5,4820,1,1,1,1,177.97
14592,8,4430,1,0,0,0,0.0
14593,4,1950,1,0,0,0,178.36
14594,3,3120,1,0,0,0,0.0
14595,6,3419,1,0,0,0,0.0
14596,1,1508,1,1,0,0,0.0
14597,8,4556,1,1,0,0,0.0
14598,6,2917,1,0,0,0,0.0
14599,1,1701,1,1,0,0,155.45
14600,1,4548,1,1,1,0,0.0
14601,7,4994,1,1,0,0,0.0
14602,7,2556,1,1,0,1,0.0
14603,3,1988,1,0,0,0,0.0
14604,4,4256,1,0,0,1,0.0
14605,5,5900,1,1,0,0,0.0
14606,4,1072,1,1,0,0,0.0
14607,7,5381,1,1,1,1,0.0
14608,2,1460,1,1,0,0,0.0
14609,7,2137,1,0,0,0,0.0
14610,2,5911,1,0,0,0,0.0
14611,7,1714,1,0,0,0,75.85
14612,3,1018,1,1,1,0,0.0
14613,5,3583,1,1,0,0,301.22
14614,6,5930,1,1,1,0,0.0
14615,4,1369,1,0,1,0,193.05
14616,7,2270,1,1,0,0,0.0
14617,3,5107,1,1,0,0,341.73
14618,7,1414,1,1,0,0,157.49
14619,6,1730,1,0,1,0,135.22
14620,1,5628,1,0,0,0,0.0
14621,5,2984,1,1,0,1,0.0
14622,8,2496,1,1,0,0,0.0
14623,8,3144,1,0,1,0,0.0
14624,6,4862,1,1,1,0,0.0
14625,5,4130,1,1,0,0,0.0
14626,4,3141,1,1,1,0,0.0
14627,7,5779,1,0,1,0,0.0
14628,2,2565,1,0,0,0,0.0
14629,5,1327,1,1,0,0,0.0
14630,1,5213,1,1,1,1,0.0
14631,6,3613,1,1,0,0,0.0
14632,8,5761,1,0,1,0,0.0
14633,3,1066,1,0,0,1,0.0
14634,3,4153,1,0,0,0,171.87
14635,3,5068,1,0,0,0,0.0
14636,3,3599,1,0,0,0,0.0
14637,5,1756,1,0,0,0,0.0
14638,6,1871,1,0,0,0,0.0
14639,2,4147,1,0,0,0,0.0
14640,6,5061,1,0,1,0,0.0
14641,2,1489,1,0,1,0,0.0
14642,3,5836,1,1,0,0,0.0
14643,8,5217,1,1,0,0,0.0
14644,5,4539,1,1,0,0,0.0
14645,8,2959,1,1,1,0,0.0
14646,1,4233,1,1,1,0,0.0
14647,2,1728,1,1,0,0,0.0
14648,2,3104,1,0,0,0,0.0
14649,8,4769,1,0,0,0,0.0
14650,4,3882,1,0,0,0,0.0
14651,8,3554,1,0,0,1,54.49
14652,7,5758,1,1,1,1,0.0
14653,6,2923,1,1,0,1,57.79
14654,2,5441,1,1,0,0,102.19
14655,1,4822,1,1,0,1,267.1
14656,8,3543,1,1,0,0,0.0
14657,7,1788,1,1,0,0,0.0
14658,6,2816,1,0,1,0,0.0
14659,8,4565,1,0,0,0,0.0
14660,3,3814,1,0,1,0,0.0
14661,7,4488,1,0,1,0,0.0
14662,1,2358,1,1,0,0,0.0
14663,5,3401,1,1,0,0,0.0
14664,3,3713,1,1,0,0,190.2
14665,8,3615,1,1,0,0,0.0
14666,4,4762,1,0,0,0,0.0
14667,4,5283,1,1,1,1,0.0
14668,1,5388,1,1,0,0,254.41
14669,6,2341,1,0,0,0,0.0
14670,1,5308,1,0,0,0,0.0
14671,4,5991,1,1,0,0,0.0
14672,5,4119,1,0,1,0,0.0
14673,5,3165,1,0,0,1,0.0
14674,6,4210,1,0,0,0,0.0
14675,4,4543,1,1,1,0,0.0
14676,3,3657,1,1,0,0,0.0
14677,1,5119,1,0,0,0,138.67
14678,4,3857,1,0,1,0,0.0
14679,8,3628,1,1,0,1,209.55
14680,3,3746,1,1,0,1,0.0
14681,5,4616,1,1,0,1,0.0
14682,2,5407,1,1,0,1,0.0
14683,1,5391,1,1,1,0,0.0
14684,6,5131,1,0,0,0,0.0
14685,1,3657,1,0,0,0,0.0
14686,3,2384,1,1,1,0,0.0
14687,2,5785,1,0,0,0,0.0
14688,5,3527,1,1,0,0,0.0
14689,5,1278,1,1,0,0,0.0
14690,2,1875,1,1,0,0,0.0
14691,1,4346,1,1,0,0,0.0
14692,1,1728,1,1,1,0,354.39
14693,5,4080,1,1,0,0,266.36
14694,4,2604,1,1,1,1,0.0
14695,6,5871,1,0,0,0,0.0
14696,6,1467,1,0,0,0,0.0
14697,1,5230,1,1,1,0,0.0
14698,8,2083,1,1,0,0,0.0
14699,8,1665,1,0,0,0,0.0
14700,6,2159,1,1,0,0,0.0
14701,4,5976,1,1,0,0,0.0
14702,6,3894,1,0,1,0,0.0
14703,3,3927,1,0,0,0,198.73
14704,7,5870,1,1,0,0,0.0
14705,4,5129,1,1,0,0,0.0
14706,1,3805,1,1,0,0,86.49
14707,2,2924,1,1,0,1,102.9
14708,2,4970,1,1,0,0,0.0
14709,6,1955,1,0,0,0,0.0
14710,6,4278,1,1,0,0,0.0
14711,2,1622,1,1,0,0,0.0
14712,3,1347,1,1,0,1,0.0
14713,6,1236,1,1,0,1,0.0
14714,6,5292,1,0,0,0,0.0
14715,5,3786,1,1,0,0,0.0
14716,1,2308,1,1,1,0,0.0
14717,7,2950,1,0,1,0,0.0
14718,8,3750,1,1,0,0,0.0
14719,2,4353,1,1,0,0,0.0
14720,6,2356,1,1,0,1,0.0
14721,6,2737,1,1,0,0,0.0
14722,4,5003,1,0,1,0,319.77
14723,4,1818,1,1,1,0,0.0
14724,8,4301,1,0,0,0,0.0
14725,2,5756,1,0,0,0,0.0
14726,7,4122,1,1,0,0,0.0
14727,2,3203,1,1,1,0,0.0
14728,6,4615,1,1,0,0,0.0
14729,3,3201,1,0,0,0,0.0
14730,5,2543,1,1,1,0,213.33
14731,8,2722,1,1,0,0,0.0
14732,7,3632,1,1,1,0,160.77
14733,5,5597,1,1,0,0,0.0
14734,5,1196,1,1,0,0,0.0
14735,7,3748,1,0,1,0,202.32
14736,8,2288,1,1,1,1,0.0
14737,8,5699,1,1,0,0,0.0
14738,4,3945,1,1,1,0,0.0
14739,4,4490,1,0,1,0,0.0
14740,3,1957,1,1,0,0,0.0
14741,3,1909,1,1,0,0,0.0
14742,7,2090,1,0,0,1,31.29
14743,3,1126,1,1,1,1,0.0
14744,6,5367,1,0,0,0,0.0
14745,1,5269,1,1,1,0,0.0
14746,2,1789,1,1,0,1,183.64
14747,6,3967,1,1,0,0,0.0
14748,8,5253,1,1,0,0,0.0
14749,2,4127,1,0,0,1,0.0
14750,8,3142,1,1,0,0,0.0
14751,6,5469,1,1,0,0,0.0
14752,7,1432,1,1,0,0,0.0
14753,6,4417,1,0,0,0,0.0
14754,6,3221,1,1,0,0,24.85
14755,4,1077,1,1,1,0,0.0
14756,5,2666,1,1,1,0,0.0
14757,1,3914,1,1,1,0,0.0
14758,5,2054,1,1,0,0,190.92
14759,1,4716,1,0,1,0,0.0
14760,4,2135,1,0,1,0,0.0
14761,3,3646,1,1,0,1,181.26
14762,8,1570,1,0,0,0,0.0
14763,4,2942,1,1,0,0,0.0
14764,6,2044,1,1,0,0,0.0
14765,3,3925,1,0,0,0,189.94
14766,5,2913,1,0,0,0,0.0
14767,4,2043,1,0,0,0,0.0
14768,2,1531,1,0,1,0,0.0
14769,5,4157,1,1,1,0,0.0
14770,7,1362,1,1,0,1,579.98
14771,1,1762,1,1,0,0,0.0
14772,2,5633,1,0,0,0,0.0
14773,2,1780,1,1,0,1,0.0
14774,8,2158,1,1,1,1,0.0
14775,5,3024,1,0,0,0,0.0
14776,3,2865,1,1,0,0,0.0
14777,8,5244,1,0,0,0,0.0
14778,3,3226,1,0,0,0,0.0
14779,6,1531,1,1,1,0,0.0
14780,7,3207,1,1,0,0,197.59
14781,4,5660,1,1,0,0,0.0
14782,2,2346,1,0,1,0,0.0
14783,8,3571,1,1,0,0,0.0
14784,1,5665,1,1,1,0,0.0
14785,7,2951,1,0,0,0,0.0
14786,4,1533,1,0,1,0,0.0
14787,8,4765,1,1,0,0,0.0
14788,2,1238,1,1,0,0,0.0
14789,6,4867,1,1,0,0,0.0
14790,2,4207,1,1,1,0,0.0
14791,7,1346,1,1,1,0,0.0
14792,1,2802,1,1,1,1,0.0
14793,3,4123,1,0,0,0,0.0
14794,8,4431,1,0,0,1,0.0
14795,8,3380,1,1,0,0,276.49
14796,2,1518,1,0,1,0,0.0
14797,2,1727,1,1,0,0,0.0
14798,5,1465,1,0,1,0,0.0
14799,4,3765,1,1,0,0,0.0
14800,2,2770,1,1,0,0,0.0
14801,5,2793,1,0,0,0,0.0
14802,3,1404,1,0,0,0,0.0
14803,1,4213,1,1,0,0,300.51
14804,3,2206,1,1,0,0,0.0
14805,4,2375,1,0,1,0,0.0
14806,8,3133,1,1,0,1,0.0
14807,7,3186,1,1,1,0,0.0
14808,6,2159,1,1,1,1,818.21
14809,6,2571,1,1,1,0,0.0
14810,7,4737,1,0,0,0,244.42
14811,1,4525,1,0,0,0,0.0
14812,1,5268,1,1,1,0,0.0
14813,5,2017,1,1,0,0,0.0
14814,1,1749,1,1,1,0,390.66
14815,8,2386,1,1,1,0,0.0
14816,7,5613,1,1,0,0,0.0
14817,4,1015,1,1,0,0,0.0
14818,2,4965,1,0,0,0,0.0
14819,2,4506,1,1,0,0,0.0
14820,3,5216,1,0,0,0,0.0
14821,5,3606,1,1,1,0,0.0
14822,1,3240,1,1,1,0,0.0
14823,8,4050,1,0,0,0,190.31
14824,7,3759,1,0,0,0,0.0
14825,4,3922,1,0,0,0,0.0
14826,7,1440,1,1,0,0,0.0
14827,3,3807,1,1,0,1,0.0
14828,8,1520,1,1,1,0,0.0
14829,3,3273,1,1,0,0,0.0
14830,4,1035,1,0,1,0,0.0
14831,6,3161,1,0,0,0,0.0
14832,3,2063,1,1,1,0,0.0
14833,3,4625,1,1,1,0,188.71
14834,5,1229,1,1,0,0,302.52
14835,7,4940,1,0,0,0,0.0
14836,8,1171,1,0,1,0,0.0
14837,2,3846,1,1,0,0,0.0
14838,3,2929,1,1,0,0,0.0
14839,6,2621,1,1,0,0,0.0
14840,5,2608,1,1,0,0,0.0
14841,5,3032,1,1,1,0,0.0
14842,4,2117,1,1,0,0,0.0
14843,2,5208,1,1,1,0,0.0
14844,1,1909,1,1,0,1,194.78
14845,7,4896,1,1,0,0,0.0
14846,7,2732,1,0,0,0,0.0
14847,8,1983,1,1,0,1,0.0
14848,7,1403,1,0,0,0,168.36
14849,3,3814,1,1,0,0,0.0
14850,5,5542,1,1,0,0,0.0
14851,4,2421,1,1,0,0,0.0
14852,6,1507,1,0,0,1,0.0
14853,7,2311,1,1,0,1,0.0
14854,1,1428,1,0,0,0,0.0
14855,6,3578,1,0,0,0,0.0
14856,1,1205,1,1,1,0,0.0
14857,7,3874,1,0,1,1,0.0
14858,5,1479,1,1,0,0,0.0
14859,8,1679,1,1,1,0,0.0
14860,1,4683,1,0,1,0,72.62
14861,8,3839,1,1,1,1,0.0
14862,4,1317,1,1,0,0,195.37
14863,4,3170,1,1,1,0,0.0
14864,5,4667,1,1,1,0,0.0
14865,2,3578,1,1,0,0,0.0
14866,5,2432,1,1,1,0,0.0
14867,1,3618,1,0,0,0,100.14
14868,8,2257,1,1,1,0,0.0
14869,5,3800,1,0,0,0,113.79
14870,8,1153,1,1,0,0,0.0
14871,3,5415,1,0,1,1,0.0
14872,3,5539,1,0,0,0,0.0
14873,2,5489,1,0,0,0,188.2
14874,6,4065,1,0,0,1,0.0
14875,3,1808,1,0,0,0,0.0
14876,6,4254,1,1,1,0,0.0
14877,6,3960,1,1,0,0,0.0
14878,3,2081,1,0,1,0,0.0
14879,4,5657,1,0,1,0,0.0
14880,5,1814,1,1,0,0,0.0
14881,7,5597,1,1,0,0,0.0
14882,7,2429,1,1,0,0,0.0
14883,3,3468,1,1,1,1,0.0
14884,3,5208,1,1,0,1,0.0
14885,1,1318,1,0,0,0,0.0
14886,8,5468,1,1,0,0,0.0
14887,6,5574,1,1,0,0,0.0
14888,8,5091,1,1,0,0,0.0
14889,5,4761,1,1,0,0,101.97
14890,7,5770,1,1,0,0,0.0
14891,6,4614,1,0,0,0,0.0
14892,2,2941,1,1,0,0,0.0
14893,4,2993,1,1,1,0,0.0
14894,4,3233,1,1,0,0,0.0
14895,1,4881,1,0,0,0,0.0
14896,1,4832,1,0,1,0,0.0
14897,4,2165,1,1,1,0,0.0
14898,1,3566,1,1,1,0,0.0
14899,4,3556,1,1,0,1,0.0
14900,5,1539,1,0,0,0,0.0
14901,5,1172,1,0,0,0,186.33
14902,2,3692,1,1,0,0,60.87
14903,6,3363,1,1,1,0,0.0
14904,3,5952,1,0,0,1,0.0
14905,7,2062,1,1,0,0,0.0
14906,7,4591,1,1,0,0,0.0
14907,8,2636,1,0,0,0,0.0
14908,7,2099,1,1,1,0,0.0
14909,7,5282,1,1,0,0,0.0
14910,3,1754,1,1,1,0,0.0
14911,1,3125,1,0,0,0,832.22
14912,2,4111,1,1,1,0,50.09
14913,2,1293,1,1,0,0,238.38
14914,5,1062,1,0,0,0,0.0
14915,1,5840,1,0,0,0,0.0
14916,6,2821,1,0,0,0,0.0
14917,7,1015,1,1,0,0,0.0
14918,4,4474,1,1,1,0,0.0
14919,6,2355,1,1,1,0,0.0
14920,6,1843,1,1,1,0,149.74
14921,4,3688,1,1,0,0,0.0
14922,7,1260,1,1,0,0,0.0
14923,6,4754,1,1,1,0,0.0
14924,3,5503,1,1,0,0,0.0
14925,7,1566,1,1,0,0,0.0
14926,8,4105,1,1,0,0,0.0
14927,6,3157,1,1,0,0,229.52
14928,5,2066,1,1,0,0,0.0
14929,6,2160,1,1,1,0,0.0
14930,5,4266,1,1,0,0,0.0
14931,7,4442,1,0,0,0,0.0
14932,3,2877,1,1,1,0,208.43
14933,6,5906,1,1,0,0,581.34
14934,2,3004,1,0,0,0,0.0
14935,4,2193,1,1,0,0,0.0
14936,1,2308,1,0,0,0,365.01
14937,5,1233,1,1,0,0,0.0
14938,5,5286,1,0,0,0,0.0
14939,2,1261,1,1,0,0,0.0
14940,8,4027,1,1,0,1,0.0
14941,1,2673,1,1,1,0,344.29
14942,3,1395,1,0,0,0,0.0
14943,3,3228,1,1,1,0,0.0
14944,1,5637,1,1,1,0,0.0
14945,4,5547,1,0,0,0,0.0
14946,3,5928,1,1,1,0,0.0
14947,7,5698,1,1,0,1,0.0
14948,2,3449,1,1,0,0,119.03
14949,2,5977,1,1,1,0,389.54
14950,5,4171,1,1,0,1,306.18
14951,5,2512,1,1,1,0,0.0
14952,1,4963,1,1,0,0,0.0
14953,5,1418,1,1,0,0,0.0
14954,5,5796,1,1,0,0,0.0
14955,7,2982,1,1,0,0,0.0
14956,5,4163,1,0,0,0,0.0
14957,7,5649,1,1,0,0,89.23
14958,8,1276,1,0,0,0,0.0
14959,2,2593,1,1,0,0,0.0
14960,4,2248,1,0,0,0,0.0
14961,4,5962,1,1,0,1,0.0
14962,3,4321,1,1,0,0,0.0
14963,6,3582,1,0,0,0,0.0
14964,1,4946,1,1,0,1,0.0
14965,7,1579,1,1,1,1,0.0
14966,2,2040,1,1,0,0,0.0
14967,4,2126,1,0,0,0,0.0
14968,5,5247,1,1,0,0,0.0
14969,5,4312,1,1,0,1,0.0
14970,8,3832,1,0,0,0,61.06
14971,4,5457,1,1,0,0,233.08
14972,3,4870,1,0,0,0,0.0
14973,2,5040,1,1,1,0,0.0
14974,5,1841,1,0,0,0,141.19
14975,8,1164,1,0,0,0,0.0
14976,2,1631,1,0,0,0,0.0
14977,5,5600,1,0,0,0,0.0
14978,4,3348,1,1,1,1,0.0
14979,1,4244,1,0,1,0,0.0
14980,8,5727,1,1,1,0,0.0
14981,6,4483,1,1,1,0,0.0
14982,5,4815,1,0,1,0,0.0
14983,4,5964,1,0,1,0,136.27
14984,1,1941,1,0,1,0,0.0
14985,8,5287,1,0,0,0,0.0
14986,2,1601,1,0,1,0,0.0
14987,1,3032,1,0,0,1,0.0
14988,1,1721,1,0,0,0,168.64
14989,8,4357,1,1,0,0,0.0
14990,8,3126,1,0,1,0,129.23
14991,3,1171,1,1,0,0,0.0
14992,4,5839,1,0,0,0,0.0
14993,7,5216,1,1,1,0,0.0
14994,4,1855,1,1,0,0,0.0
14995,3,4770,1,1,1,0,0.0
14996,6,5565,1,1,1,0,0.0
14997,5,2433,1,0,0,0,0.0
14998,7,3334,1,1,0,0,0.0
14999,1,4961,1,1,0,0,237.75
15000,4,1835,1,1,1,0,120.69
